,ts,label
0,0.75944947,0.0
1,0.7680646,0.0
2,0.76715343,0.0
3,0.77251301,0.0
4,0.76943957,0.0
5,0.78236986,0.0
6,0.76540902,0.0
7,0.76306123,0.0
8,0.77389793,0.0
9,0.70701782,0.0
10,0.73368477,0.0
11,0.48021835,0.0
12,0.24296001,0.0
13,0.08775711,0.0
14,-0.080770513,0.0
15,-0.20214595,0.0
16,-0.28785483,0.0
17,-0.3960509,0.0
18,-0.50306355,0.0
19,-0.61925026,0.0
20,-0.70268942,0.0
21,-0.77055912,0.0
22,-0.81971416,0.0
23,-0.8624403,0.0
24,-0.90700627,0.0
25,-0.92058647,0.0
26,-0.94714536,0.0
27,-0.95044016,0.0
28,-1.0124403,0.0
29,-1.0185538,0.0
30,-0.8129835,0.0
31,-0.51070657,0.0
32,-0.24581485,0.0
33,0.0040032239,0.0
34,0.13640216,0.0
35,0.20331967,0.0
36,0.27914879,0.0
37,0.34904927,0.0
38,0.48248558,0.0
39,0.53197897,0.0
40,0.52085737,0.0
41,0.55611482,0.0
42,0.57863926,0.0
43,0.62632197,0.0
44,0.64259081,0.0
45,0.62778386,0.0
46,0.60763295,0.0
47,0.62125808,0.0
48,0.63260251,0.0
49,0.66507647,0.0
50,0.67069612,0.0
51,0.67095002,0.0
52,0.67488528,0.0
53,0.73601951,0.0
54,0.70437784,0.0
55,0.7309328,0.0
56,0.78076055,0.0
57,0.7842684,0.0
58,0.7786582,0.0
59,0.74779232,0.0
60,0.74575726,0.0
61,0.74559331,0.0
62,0.77011824,0.0
63,0.78285641,0.0
64,0.73457217,0.0
65,0.74775733,0.0
66,0.7833102,0.0
67,0.78281969,0.0
68,0.73569459,0.0
69,0.74188324,0.0
70,0.78223038,0.0
71,0.81573167,0.0
72,0.81016136,0.0
73,0.81492818,0.0
74,0.80149711,0.0
75,0.81729836,0.0
76,0.79844712,0.0
77,0.79086458,0.0
78,0.79770845,0.0
79,0.77871629,0.0
80,0.75726336,0.0
81,0.74148739,0.0
82,0.75608757,0.0
83,0.74727484,0.0
84,0.7313052,0.0
85,0.74165428,0.0
86,0.72687003,0.0
87,0.77901583,0.0
88,0.77754206,0.0
89,0.74520927,0.0
90,0.7379025,0.0
91,0.78707413,0.0
92,0.77021974,0.0
93,0.79439836,0.0
94,0.77372823,0.0
95,0.76469802,0.0
96,0.78501415,0.0
97,0.81765183,0.0
98,0.81075985,0.0
99,0.82663208,0.0
100,0.82372199,0.0
101,0.81153342,0.0
102,0.79483955,0.0
103,0.78265381,0.0
104,0.74489787,0.0
105,0.78020974,0.0
106,0.76069849,0.0
107,0.76714641,0.0
108,0.79089305,0.0
109,0.74164163,0.0
110,0.44978152,0.0
111,0.28148552,0.0
112,0.097667833,0.0
113,-0.055840272,0.0
114,-0.1673181,0.0
115,-0.23543751,0.0
116,-0.31842281,0.0
117,-0.43836566,0.0
118,-0.51479958,0.0
119,-0.54579604,0.0
120,-0.5904565,0.0
121,-0.65225754,0.0
122,-0.67766194,0.0
123,-0.7125678,0.0
124,-0.7605618,0.0
125,-0.77610311,0.0
126,-0.81175944,0.0
127,-0.8226461,0.0
128,-0.73995029,0.0
129,-0.47451179,0.0
130,-0.19358807,0.0
131,-0.023122357,0.0
132,0.1854399,0.0
133,0.31697717,0.0
134,0.45021288,0.0
135,0.57510801,0.0
136,0.60909754,0.0
137,0.70658031,0.0
138,0.72825882,0.0
139,0.76755264,0.0
140,0.78115752,0.0
141,0.78619114,0.0
142,0.80432407,0.0
143,0.81750926,0.0
144,0.82782273,0.0
145,0.82857288,0.0
146,0.82602519,0.0
147,0.8352198,0.0
148,0.86847393,0.0
149,0.83351844,0.0
150,0.8283599,0.0
151,0.83626961,0.0
152,0.81412074,0.0
153,0.82590963,0.0
154,0.80861895,0.0
155,0.83190472,0.0
156,0.84864992,0.0
157,0.85500698,0.0
158,0.82713298,0.0
159,0.81686335,0.0
160,0.80668318,0.0
161,0.81064214,0.0
162,0.80555185,0.0
163,0.83955063,0.0
164,0.88203857,0.0
165,0.87213604,0.0
166,0.88587392,0.0
167,0.84532932,0.0
168,0.87800829,0.0
169,0.91917012,0.0
170,0.87134371,0.0
171,0.87313895,0.0
172,0.8633496,0.0
173,0.83564893,0.0
174,0.86452867,0.0
175,0.8528132,0.0
176,0.83417677,0.0
177,0.83190908,0.0
178,0.85004826,0.0
179,0.85442652,0.0
180,0.85056925,0.0
181,0.84027358,0.0
182,0.82623925,0.0
183,0.82346193,0.0
184,0.83919123,0.0
185,0.84656687,0.0
186,0.80865897,0.0
187,0.8260997,0.0
188,0.79924809,0.0
189,0.80241301,0.0
190,0.78618768,0.0
191,0.79341484,0.0
192,0.82888283,0.0
193,0.83903869,0.0
194,0.82626104,0.0
195,0.82459697,0.0
196,0.81974443,0.0
197,0.82198261,0.0
198,0.79789654,0.0
199,0.77829964,0.0
200,0.80177329,0.0
201,0.76935974,0.0
202,0.76438833,0.0
203,0.77374827,0.0
204,0.79718915,0.0
205,0.76695782,0.0
206,0.77672046,0.0
207,0.72643864,0.0
208,0.48704757,0.0
209,0.27578656,0.0
210,0.080172936,0.0
211,-0.050896646,0.0
212,-0.17447449,0.0
213,-0.31664561,0.0
214,-0.41532497,0.0
215,-0.54082236,0.0
216,-0.60136066,0.0
217,-0.70540027,0.0
218,-0.7711082,0.0
219,-0.8321496,0.0
220,-0.89493262,0.0
221,-0.91068736,0.0
222,-0.98572519,0.0
223,-1.0195607,0.0
224,-1.0355405,0.0
225,-1.0474751,0.0
226,-1.028716,0.0
227,-0.77042277,0.0
228,-0.4922867,0.0
229,-0.24486045,0.0
230,-0.043426382,0.0
231,0.11108834,0.0
232,0.19793346,0.0
233,0.33006111,0.0
234,0.40082869,0.0
235,0.48931948,0.0
236,0.5021074,0.0
237,0.55718786,0.0
238,0.59659785,0.0
239,0.62009979,0.0
240,0.65247911,0.0
241,0.66705577,0.0
242,0.65200946,0.0
243,0.6464029,0.0
244,0.64225431,0.0
245,0.64679393,0.0
246,0.62568395,0.0
247,0.63058498,0.0
248,0.64104084,0.0
249,0.69747055,0.0
250,0.71365321,0.0
251,0.71096969,0.0
252,0.74876463,0.0
253,0.70879929,0.0
254,0.71338376,0.0
255,0.69622955,0.0
256,0.74235873,0.0
257,0.70733423,0.0
258,0.72028541,0.0
259,0.76586919,0.0
260,0.76700275,0.0
261,0.80017113,0.0
262,0.79481471,0.0
263,0.79906997,0.0
264,0.77976717,0.0
265,0.78929322,0.0
266,0.83919717,0.0
267,0.82143586,0.0
268,0.84033322,0.0
269,0.86048145,0.0
270,0.84691032,0.0
271,0.87089129,0.0
272,0.8744435,0.0
273,0.85520532,0.0
274,0.82795612,0.0
275,0.81510035,0.0
276,0.83135151,0.0
277,0.80223795,0.0
278,0.78506916,0.0
279,0.80804098,0.0
280,0.82612667,0.0
281,0.81795276,0.0
282,0.81569794,0.0
283,0.82485896,0.0
284,0.80540715,0.0
285,0.82205942,0.0
286,0.8207792,0.0
287,0.8223162,0.0
288,0.798749,0.0
289,0.7973841,0.0
290,0.81311453,0.0
291,0.81443198,0.0
292,0.83407512,0.0
293,0.85497449,0.0
294,0.84791135,0.0
295,0.86888094,0.0
296,0.89591519,0.0
297,0.90451456,0.0
298,0.88653894,0.0
299,0.87794539,0.0
300,0.82194324,0.0
301,0.80718139,0.0
302,0.81240807,0.0
303,0.78924279,0.0
304,0.79575739,0.0
305,0.79022417,0.0
306,0.73206799,0.0
307,0.4211256,0.0
308,0.20227639,0.0
309,0.061040088,0.0
310,-0.10758693,0.0
311,-0.23607738,0.0
312,-0.35366104,0.0
313,-0.43321673,0.0
314,-0.51636686,0.0
315,-0.5848961,0.0
316,-0.66222133,0.0
317,-0.71848665,0.0
318,-0.78803541,0.0
319,-0.84235208,0.0
320,-0.87460755,0.0
321,-0.92359898,0.0
322,-0.97210171,0.0
323,-1.0017293,0.0
324,-1.0196144,0.0
325,-0.8742958,0.0
326,-0.58163698,0.0
327,-0.32737682,0.0
328,-0.12234819,0.0
329,-0.0010156591,0.0
330,0.093308762,0.0
331,0.2181665,0.0
332,0.33596715,0.0
333,0.44508304,0.0
334,0.51660396,0.0
335,0.57498284,0.0
336,0.58717034,0.0
337,0.59513327,0.0
338,0.62899639,0.0
339,0.67278819,0.0
340,0.6724972,0.0
341,0.6543301,0.0
342,0.6533066,0.0
343,0.64042321,0.0
344,0.648057,0.0
345,0.67822878,0.0
346,0.65434115,0.0
347,0.62477568,0.0
348,0.62367768,0.0
349,0.64751198,0.0
350,0.64309984,0.0
351,0.66408777,0.0
352,0.703967,0.0
353,0.68490239,0.0
354,0.69960969,0.0
355,0.70844891,0.0
356,0.69782742,0.0
357,0.71507253,0.0
358,0.68571435,0.0
359,0.69657404,0.0
360,0.7167871,0.0
361,0.73139578,0.0
362,0.70369042,0.0
363,0.73146465,0.0
364,0.73465867,0.0
365,0.69595354,0.0
366,0.69199548,0.0
367,0.71038494,0.0
368,0.67299607,0.0
369,0.67440245,0.0
370,0.67977684,0.0
371,0.68569386,0.0
372,0.67083627,0.0
373,0.64613049,0.0
374,0.6752034,0.0
375,0.66678331,0.0
376,0.61738159,0.0
377,0.6568046,0.0
378,0.64401233,0.0
379,0.6235988,0.0
380,0.63401149,0.0
381,0.64950706,0.0
382,0.64364475,0.0
383,0.62311131,0.0
384,0.64258955,0.0
385,0.58834327,0.0
386,0.56925236,0.0
387,0.58703713,0.0
388,0.53069085,0.0
389,0.52143298,0.0
390,0.51481408,0.0
391,0.52056422,0.0
392,0.5270522,0.0
393,0.55160045,0.0
394,0.55165316,0.0
395,0.56044114,0.0
396,0.50083111,0.0
397,0.50030745,0.0
398,0.48567502,0.0
399,0.51178288,0.0
400,0.52957655,0.0
401,0.51287331,0.0
402,0.49814354,0.0
403,0.4728615,0.0
404,0.45734887,0.0
405,0.20832597,0.0
406,0.044286573,0.0
407,-0.12437627,0.0
408,-0.28812149,0.0
409,-0.40422706,0.0
410,-0.51524817,0.0
411,-0.61904662,0.0
412,-0.70628217,0.0
413,-0.75930534,0.0
414,-0.8519863,0.0
415,-0.89589033,0.0
416,-0.88676524,0.0
417,-0.9508819,0.0
418,-0.98981452,0.0
419,-1.0393865,0.0
420,-1.0873472,0.0
421,-1.0914507,0.0
422,-1.0880638,0.0
423,-1.1277658,0.0
424,-0.85749485,0.0
425,-0.5522641,0.0
426,-0.33787728,0.0
427,-0.092834572,0.0
428,0.046849779,0.0
429,0.13864765,0.0
430,0.26817407,0.0
431,0.33242814,0.0
432,0.46664877,0.0
433,0.49122742,0.0
434,0.51194588,0.0
435,0.55066457,0.0
436,0.56487416,0.0
437,0.60670896,0.0
438,0.60346028,0.0
439,0.63566959,0.0
440,0.62754584,0.0
441,0.64181895,0.0
442,0.6212678,0.0
443,0.64926934,0.0
444,0.61455667,0.0
445,0.64270409,0.0
446,0.6518448,0.0
447,0.67588477,0.0
448,0.65814697,0.0
449,0.67292088,0.0
450,0.67536733,0.0
451,0.68795321,0.0
452,0.70339233,0.0
453,0.70529727,0.0
454,0.74769042,0.0
455,0.73369569,0.0
456,0.74165233,0.0
457,0.75475404,0.0
458,0.74902178,0.0
459,0.74831831,0.0
460,0.75545121,0.0
461,0.75943331,0.0
462,0.79876871,0.0
463,0.79357251,0.0
464,0.77412969,0.0
465,0.79762712,0.0
466,0.78714683,0.0
467,0.80268548,0.0
468,0.78546689,0.0
469,0.7716572,0.0
470,0.78252553,0.0
471,0.81997568,0.0
472,0.80071733,0.0
473,0.83036995,0.0
474,0.82251588,0.0
475,0.85304873,0.0
476,0.89429772,0.0
477,0.89850043,0.0
478,0.90324615,0.0
479,0.92089912,0.0
480,0.89126913,0.0
481,0.89192602,0.0
482,0.8837582,0.0
483,0.85801553,0.0
484,0.83525439,0.0
485,0.82929378,0.0
486,0.81903906,0.0
487,0.80901078,0.0
488,0.83244201,0.0
489,0.82553657,0.0
490,0.84187908,0.0
491,0.85535112,0.0
492,0.85782039,0.0
493,0.87114466,0.0
494,0.89768102,0.0
495,0.89105286,0.0
496,0.87587137,0.0
497,0.83504561,0.0
498,0.85867445,0.0
499,0.85168868,0.0
500,0.82296008,0.0
501,0.80733641,0.0
502,0.82041395,0.0
503,0.71932824,0.0
504,0.40394647,0.0
505,0.18722053,0.0
506,0.061021591,0.0
507,-0.056952144,0.0
508,-0.20423371,0.0
509,-0.31658712,0.0
510,-0.40695993,0.0
511,-0.47610751,0.0
512,-0.54535979,0.0
513,-0.64866257,0.0
514,-0.71339821,0.0
515,-0.75823902,0.0
516,-0.81922921,0.0
517,-0.85379126,0.0
518,-0.86509244,0.0
519,-0.92623844,0.0
520,-0.94814534,0.0
521,-0.93626708,0.0
522,-0.7995809,0.0
523,-0.4927009,0.0
524,-0.22738927,0.0
525,-0.0029114046,0.0
526,0.17648025,0.0
527,0.23758244,0.0
528,0.31677775,0.0
529,0.39716323,0.0
530,0.50475185,0.0
531,0.53707056,0.0
532,0.59885159,0.0
533,0.60550368,0.0
534,0.63926012,0.0
535,0.65892404,0.0
536,0.67722906,0.0
537,0.67994421,0.0
538,0.72940171,0.0
539,0.72779953,0.0
540,0.71534278,0.0
541,0.71132567,0.0
542,0.73753483,0.0
543,0.75090068,0.0
544,0.73940314,0.0
545,0.7298884,0.0
546,0.72837603,0.0
547,0.74984875,0.0
548,0.77241846,0.0
549,0.78883611,0.0
550,0.81153933,0.0
551,0.81139137,0.0
552,0.80057455,0.0
553,0.81232771,0.0
554,0.77315442,0.0
555,0.78088717,0.0
556,0.80865959,0.0
557,0.80868232,0.0
558,0.79627152,0.0
559,0.80303061,0.0
560,0.77864107,0.0
561,0.81831312,0.0
562,0.78696905,0.0
563,0.81990935,0.0
564,0.82755947,0.0
565,0.84375034,0.0
566,0.84197365,0.0
567,0.82043018,0.0
568,0.80932371,0.0
569,0.79831542,0.0
570,0.81747679,0.0
571,0.81436979,0.0
572,0.80989041,0.0
573,0.82301101,0.0
574,0.78401444,0.0
575,0.78955264,0.0
576,0.7505971,0.0
577,0.745625,0.0
578,0.75854664,0.0
579,0.73169971,0.0
580,0.72582656,0.0
581,0.71400962,0.0
582,0.73332563,0.0
583,0.72338304,0.0
584,0.73088395,0.0
585,0.73194463,0.0
586,0.71920208,0.0
587,0.68906224,0.0
588,0.70024881,0.0
589,0.67229206,0.0
590,0.6536243,0.0
591,0.6347778,0.0
592,0.64846393,0.0
593,0.65192967,0.0
594,0.65825186,0.0
595,0.6396165,0.0
596,0.6262906,0.0
597,0.61009941,0.0
598,0.56244613,0.0
599,0.55536803,0.0
600,0.53304441,0.0
601,0.53109446,0.0
602,0.26718282,0.0
603,0.065373477,0.0
604,-0.091041163,0.0
605,-0.26752521,0.0
606,-0.39925992,0.0
607,-0.52798433,0.0
608,-0.61366562,0.0
609,-0.70046863,0.0
610,-0.76589769,0.0
611,-0.83712976,0.0
612,-0.88926685,0.0
613,-0.93522887,0.0
614,-0.99359951,0.0
615,-1.0446648,0.0
616,-1.0744008,0.0
617,-1.1148206,0.0
618,-1.160759,0.0
619,-1.1416638,0.0
620,-1.171315,0.0
621,-0.87030598,0.0
622,-0.58066186,0.0
623,-0.37438503,0.0
624,-0.16941718,0.0
625,-0.054732643,0.0
626,0.0698478,0.0
627,0.16976954,0.0
628,0.21336633,0.0
629,0.3213452,0.0
630,0.38407419,0.0
631,0.42558984,0.0
632,0.45915089,0.0
633,0.4885994,0.0
634,0.51981209,0.0
635,0.55828948,0.0
636,0.60143973,0.0
637,0.62132618,0.0
638,0.63337903,0.0
639,0.65651102,0.0
640,0.64524645,0.0
641,0.71417008,0.0
642,0.73545079,0.0
643,0.77061732,0.0
644,0.73330929,0.0
645,0.72586948,0.0
646,0.77250278,0.0
647,0.79851192,0.0
648,0.80323601,0.0
649,0.85078664,0.0
650,0.84496425,0.0
651,0.86591915,0.0
652,0.83910697,0.0
653,0.85196011,0.0
654,0.85466795,0.0
655,0.85477379,0.0
656,0.89435701,0.0
657,0.86809367,0.0
658,0.90470475,0.0
659,0.8768064,0.0
660,0.87668541,0.0
661,0.87059462,0.0
662,0.8866062,0.0
663,0.88446715,0.0
664,0.86784689,0.0
665,0.84863316,0.0
666,0.89048519,0.0
667,0.86992566,0.0
668,0.87206352,0.0
669,0.8733133,0.0
670,0.85087972,0.0
671,0.83378625,0.0
672,0.84451346,0.0
673,0.81323738,0.0
674,0.83695828,0.0
675,0.84797601,0.0
676,0.82950762,0.0
677,0.82971043,0.0
678,0.81424215,0.0
679,0.86854563,0.0
680,0.81229569,0.0
681,0.81622253,0.0
682,0.76628772,0.0
683,0.77123315,0.0
684,0.77702162,0.0
685,0.73108305,0.0
686,0.71224916,0.0
687,0.70628197,0.0
688,0.67544943,0.0
689,0.72736339,0.0
690,0.6989026,0.0
691,0.70549903,0.0
692,0.70241055,0.0
693,0.65799223,0.0
694,0.65174739,0.0
695,0.63493441,0.0
696,0.64844005,0.0
697,0.6618203,0.0
698,0.62213206,0.0
699,0.61364631,0.0
700,0.42673016,0.0
701,0.18561284,0.0
702,-0.022282698,0.0
703,-0.14632165,0.0
704,-0.31240726,0.0
705,-0.41815522,0.0
706,-0.51854074,0.0
707,-0.61439325,0.0
708,-0.69188912,0.0
709,-0.79065883,0.0
710,-0.83938271,0.0
711,-0.88967587,0.0
712,-0.93657855,0.0
713,-0.96345651,0.0
714,-0.98667791,0.0
715,-0.98434047,0.0
716,-1.004759,0.0
717,-1.051551,0.0
718,-1.056584,0.0
719,-0.88632064,0.0
720,-0.6165816,0.0
721,-0.36669605,0.0
722,-0.11755425,0.0
723,0.076765163,0.0
724,0.13328156,0.0
725,0.27061522,0.0
726,0.31483095,0.0
727,0.40519682,0.0
728,0.45067931,0.0
729,0.50401085,0.0
730,0.52770862,0.0
731,0.58236744,0.0
732,0.62135155,0.0
733,0.64098571,0.0
734,0.6503977,0.0
735,0.68337926,0.0
736,0.69642204,0.0
737,0.7024103,0.0
738,0.7070142,0.0
739,0.71797227,0.0
740,0.72755598,0.0
741,0.7278758,0.0
742,0.73390848,0.0
743,0.73254181,0.0
744,0.7262205,0.0
745,0.76576373,0.0
746,0.74801749,0.0
747,0.73290421,0.0
748,0.74482232,0.0
749,0.73090598,0.0
750,0.72889014,0.0
751,0.76783818,0.0
752,0.79239624,0.0
753,0.78064978,0.0
754,0.79026579,0.0
755,0.79003997,0.0
756,0.75772114,0.0
757,0.76378544,0.0
758,0.78645857,0.0
759,0.80302988,0.0
760,0.80813984,0.0
761,0.80397095,0.0
762,0.80130904,0.0
763,0.79860243,0.0
764,0.77815905,0.0
765,0.76099436,0.0
766,0.74530486,0.0
767,0.74127514,0.0
768,0.75918098,0.0
769,0.75005947,0.0
770,0.74932479,0.0
771,0.75775934,0.0
772,0.78847568,0.0
773,0.7822177,0.0
774,0.77729509,0.0
775,0.77981512,0.0
776,0.78263241,0.0
777,0.78180731,0.0
778,0.76365824,0.0
779,0.74902821,0.0
780,0.73420957,0.0
781,0.72917483,0.0
782,0.71381053,0.0
783,0.68265238,0.0
784,0.65542318,0.0
785,0.64979831,0.0
786,0.64401787,0.0
787,0.64053932,0.0
788,0.66284467,0.0
789,0.66469278,0.0
790,0.63449909,0.0
791,0.62489074,0.0
792,0.62104924,0.0
793,0.62658946,0.0
794,0.61951288,0.0
795,0.64952452,0.0
796,0.61051628,0.0
797,0.60429392,0.0
798,0.55331305,0.0
799,0.24840182,0.0
800,0.069536194,0.0
801,-0.075142772,0.0
802,-0.224733,0.0
803,-0.38963245,0.0
804,-0.48474898,0.0
805,-0.58733618,0.0
806,-0.63461287,0.0
807,-0.71481258,0.0
808,-0.78167138,0.0
809,-0.81596801,0.0
810,-0.83150825,0.0
811,-0.89350581,0.0
812,-0.96565981,0.0
813,-0.95298381,0.0
814,-0.97051624,0.0
815,-0.98299886,0.0
816,-1.0173648,0.0
817,-1.0298958,0.0
818,-0.72237928,0.0
819,-0.44960963,0.0
820,-0.23280131,0.0
821,-0.099015517,0.0
822,0.029524604,0.0
823,0.14093315,0.0
824,0.28930622,0.0
825,0.36050778,0.0
826,0.47852147,0.0
827,0.51384432,0.0
828,0.55463506,0.0
829,0.57709304,0.0
830,0.60396266,0.0
831,0.61873842,0.0
832,0.61145215,0.0
833,0.64018624,0.0
834,0.66175581,0.0
835,0.66042684,0.0
836,0.66370237,0.0
837,0.68345038,0.0
838,0.64809017,0.0
839,0.66680905,0.0
840,0.67536592,0.0
841,0.70767808,0.0
842,0.70040177,0.0
843,0.68892552,0.0
844,0.68902417,0.0
845,0.67344672,0.0
846,0.69586115,0.0
847,0.71394614,0.0
848,0.712526,0.0
849,0.74529173,0.0
850,0.75091167,0.0
851,0.74833105,0.0
852,0.79412852,0.0
853,0.75936488,0.0
854,0.81682528,0.0
855,0.83280313,0.0
856,0.83171779,0.0
857,0.80029904,0.0
858,0.82010677,0.0
859,0.84042605,0.0
860,0.81339068,0.0
861,0.80408304,0.0
862,0.80325676,0.0
863,0.81825276,0.0
864,0.77607913,0.0
865,0.75930662,0.0
866,0.76671068,0.0
867,0.76746576,0.0
868,0.75737729,0.0
869,0.73695654,0.0
870,0.74991614,0.0
871,0.7612555,0.0
872,0.76416967,0.0
873,0.79816125,0.0
874,0.79453694,0.0
875,0.7471526,0.0
876,0.7561589,0.0
877,0.76606107,0.0
878,0.74031528,0.0
879,0.71399741,0.0
880,0.73263965,0.0
881,0.75544979,0.0
882,0.73311008,0.0
883,0.7731537,0.0
884,0.77690677,0.0
885,0.74642489,0.0
886,0.76538846,0.0
887,0.77723464,0.0
888,0.80473135,0.0
889,0.84262932,0.0
890,0.8201353,0.0
891,0.84696096,0.0
892,0.84361824,0.0
893,0.83659657,0.0
894,0.81921135,0.0
895,0.82044831,0.0
896,0.80849514,0.0
897,0.61448608,0.0
898,0.35505568,0.0
899,0.20614754,0.0
900,0.023037009,0.0
901,-0.12530998,0.0
902,-0.23613143,0.0
903,-0.33347954,0.0
904,-0.42866815,0.0
905,-0.50680857,0.0
906,-0.55988545,0.0
907,-0.64268545,0.0
908,-0.72458096,0.0
909,-0.77648285,0.0
910,-0.84093778,0.0
911,-0.88727718,0.0
912,-0.94895195,0.0
913,-0.95121915,0.0
914,-0.97089606,0.0
915,-0.96861759,0.0
916,-0.80735451,0.0
917,-0.51974868,0.0
918,-0.27490077,0.0
919,-0.040094024,0.0
920,0.08452512,0.0
921,0.22238261,0.0
922,0.36633626,0.0
923,0.43243518,0.0
924,0.52211273,0.0
925,0.57275438,0.0
926,0.62095317,0.0
927,0.645789,0.0
928,0.66198073,0.0
929,0.68934638,0.0
930,0.71456325,0.0
931,0.72443223,0.0
932,0.71862041,0.0
933,0.73215556,0.0
934,0.72959021,0.0
935,0.73959439,0.0
936,0.72239761,0.0
937,0.72217396,0.0
938,0.70958086,0.0
939,0.68938999,0.0
940,0.69503229,0.0
941,0.64132875,0.0
942,0.65834978,0.0
943,0.64770925,0.0
944,0.62016351,0.0
945,0.66470599,0.0
946,0.66307195,0.0
947,0.66082372,0.0
948,0.64981288,0.0
949,0.64903069,0.0
950,0.62020137,0.0
951,0.66688051,0.0
952,0.62796212,0.0
953,0.63337608,0.0
954,0.64015525,0.0
955,0.62939569,0.0
956,0.65754256,0.0
957,0.62289538,0.0
958,0.60303538,0.0
959,0.62847681,0.0
960,0.63283007,0.0
961,0.66688812,0.0
962,0.68583127,0.0
963,0.66650068,0.0
964,0.67258387,0.0
965,0.67088643,0.0
966,0.67792057,0.0
967,0.6862532,0.0
968,0.68310233,0.0
969,0.69532442,0.0
970,0.65562892,0.0
971,0.66013546,0.0
972,0.66268329,0.0
973,0.63230499,0.0
974,0.64311695,0.0
975,0.65086255,0.0
976,0.62159602,0.0
977,0.64800949,0.0
978,0.63969378,0.0
979,0.64217727,0.0
980,0.63242439,0.0
981,0.62147325,0.0
982,0.6466489,0.0
983,0.62287902,0.0
984,0.62211268,0.0
985,0.61087898,0.0
986,0.60667929,0.0
987,0.62874913,0.0
988,0.6307744,0.0
989,0.63851016,0.0
990,0.67574642,0.0
991,0.66988639,0.0
992,0.70067786,0.0
993,0.67447648,0.0
994,0.64714911,0.0
995,0.63317297,0.0
996,0.3253703,0.0
997,0.18309494,0.0
998,0.0085567356,0.0
999,-0.13190775,0.0
1000,-0.22332398,0.0
1001,-0.31711851,0.0
1002,-0.43924939,0.0
1003,-0.48119816,0.0
1004,-0.56539786,0.0
1005,-0.62151288,0.0
1006,-0.6925498,0.0
1007,-0.74640279,0.0
1008,-0.72026734,0.0
1009,-0.74070711,0.0
1010,-0.80101782,0.0
1011,-0.80427764,0.0
1012,-0.87871541,0.0
1013,-0.89923811,0.0
1014,-0.81445708,0.0
1015,-0.55812012,0.0
1016,-0.27701336,0.0
1017,-0.067959185,0.0
1018,0.15143906,0.0
1019,0.22386882,0.0
1020,0.38878738,0.0
1021,0.49701963,0.0
1022,0.54757936,0.0
1023,0.62696621,0.0
1024,0.67783183,0.0
1025,0.71720517,0.0
1026,0.74493858,0.0
1027,0.77854821,0.0
1028,0.77393793,0.0
1029,0.77677185,0.0
1030,0.80989146,0.0
1031,0.83989129,0.0
1032,0.85029393,0.0
1033,0.86893277,0.0
1034,0.86069654,0.0
1035,0.86631704,0.0
1036,0.85674111,0.0
1037,0.84838099,0.0
1038,0.82129355,0.0
1039,0.81585702,0.0
1040,0.81162972,0.0
1041,0.793614,0.0
1042,0.80879209,0.0
1043,0.79540928,0.0
1044,0.8288316,0.0
1045,0.870065,0.0
1046,0.82744953,0.0
1047,0.86088057,0.0
1048,0.83446699,0.0
1049,0.8780863,0.0
1050,0.84566358,0.0
1051,0.8360879,0.0
1052,0.87029985,0.0
1053,0.83731122,0.0
1054,0.80487854,0.0
1055,0.83095261,0.0
1056,0.84416713,0.0
1057,0.83477747,0.0
1058,0.82412697,0.0
1059,0.79285707,0.0
1060,0.77562956,0.0
1061,0.77186004,0.0
1062,0.73254377,0.0
1063,0.76602274,0.0
1064,0.76023188,0.0
1065,0.78978041,0.0
1066,0.77531683,0.0
1067,0.81973709,0.0
1068,0.7865282,0.0
1069,0.75304864,0.0
1070,0.7749921,0.0
1071,0.78784241,0.0
1072,0.77312738,0.0
1073,0.79179514,0.0
1074,0.76470788,0.0
1075,0.76670708,0.0
1076,0.78412981,0.0
1077,0.78082015,0.0
1078,0.78563269,0.0
1079,0.77188209,0.0
1080,0.78552933,0.0
1081,0.76272953,0.0
1082,0.72953325,0.0
1083,0.68911563,0.0
1084,0.71933068,0.0
1085,0.72129794,0.0
1086,0.71805359,0.0
1087,0.75785344,0.0
1088,0.75923673,0.0
1089,0.76569292,0.0
1090,0.76959092,0.0
1091,0.79796359,0.0
1092,0.83322156,0.0
1093,0.78285925,0.0
1094,0.59838366,0.0
1095,0.31226825,0.0
1096,0.13658195,0.0
1097,-0.039284328,0.0
1098,-0.160397,0.0
1099,-0.29998117,0.0
1100,-0.39756049,0.0
1101,-0.4794941,0.0
1102,-0.58497508,0.0
1103,-0.66879367,0.0
1104,-0.71153515,0.0
1105,-0.72660186,0.0
1106,-0.81816109,0.0
1107,-0.90392114,0.0
1108,-0.92768646,0.0
1109,-0.95421897,0.0
1110,-0.96733581,0.0
1111,-0.96513837,0.0
1112,-0.95612232,0.0
1113,-0.75287948,0.0
1114,-0.48260409,0.0
1115,-0.24260065,0.0
1116,-0.033445036,0.0
1117,0.083300847,0.0
1118,0.1944683,0.0
1119,0.32838654,0.0
1120,0.43128472,0.0
1121,0.51693068,0.0
1122,0.52927646,0.0
1123,0.57794394,0.0
1124,0.6126199,0.0
1125,0.68280592,0.0
1126,0.68798524,0.0
1127,0.69794946,0.0
1128,0.72695381,0.0
1129,0.73766004,0.0
1130,0.75517301,0.0
1131,0.76605253,0.0
1132,0.78820927,0.0
1133,0.78527743,0.0
1134,0.80821587,0.0
1135,0.79353318,0.0
1136,0.81044436,0.0
1137,0.82001129,0.0
1138,0.83838642,0.0
1139,0.84146566,0.0
1140,0.84507482,0.0
1141,0.85430434,0.0
1142,0.8558951,0.0
1143,0.81850036,0.0
1144,0.82497861,0.0
1145,0.86716967,0.0
1146,0.87529936,0.0
1147,0.86075344,0.0
1148,0.87900656,0.0
1149,0.86887006,0.0
1150,0.89571449,0.0
1151,0.88784302,0.0
1152,0.91407937,0.0
1153,0.97028588,0.0
1154,0.97246969,0.0
1155,0.94738228,0.0
1156,0.94748876,0.0
1157,0.97465431,0.0
1158,0.96541875,0.0
1159,0.96751146,0.0
1160,0.93830621,0.0
1161,0.91078654,0.0
1162,0.90645278,0.0
1163,0.90191546,0.0
1164,0.90386326,0.0
1165,0.89998934,0.0
1166,0.90212466,0.0
1167,0.89286814,0.0
1168,0.90684685,0.0
1169,0.8726643,0.0
1170,0.86518767,0.0
1171,0.81172903,0.0
1172,0.81846681,0.0
1173,0.84108396,0.0
1174,0.7875263,0.0
1175,0.79863518,0.0
1176,0.79164826,0.0
1177,0.78402423,0.0
1178,0.7768758,0.0
1179,0.76138608,0.0
1180,0.71799526,0.0
1181,0.70512889,0.0
1182,0.70773877,0.0
1183,0.71269986,0.0
1184,0.69124288,0.0
1185,0.71259548,0.0
1186,0.70724266,0.0
1187,0.7166689,0.0
1188,0.70459309,0.0
1189,0.64781088,0.0
1190,0.64999605,0.0
1191,0.62104128,0.0
1192,0.50196585,0.0
1193,0.26942519,0.0
1194,0.10872642,0.0
1195,-0.061496568,0.0
1196,-0.22331001,0.0
1197,-0.35126597,0.0
1198,-0.46111766,0.0
1199,-0.55918767,0.0
1200,-0.61151708,0.0
1201,-0.70310606,0.0
1202,-0.77146579,0.0
1203,-0.79086245,0.0
1204,-0.87023166,0.0
1205,-0.94048045,0.0
1206,-0.96702244,0.0
1207,-1.0191688,0.0
1208,-1.0568861,0.0
1209,-1.0379357,0.0
1210,-1.0502985,0.0
1211,-0.91427615,0.0
1212,-0.65559304,0.0
1213,-0.36233124,0.0
1214,-0.12178683,0.0
1215,0.030385626,0.0
1216,0.16509135,0.0
1217,0.22485477,0.0
1218,0.36234127,0.0
1219,0.40331323,0.0
1220,0.49572804,0.0
1221,0.52188216,0.0
1222,0.59157335,0.0
1223,0.61849338,0.0
1224,0.62926305,0.0
1225,0.68593147,0.0
1226,0.7041715,0.0
1227,0.72886097,0.0
1228,0.73873581,0.0
1229,0.74513633,0.0
1230,0.76010203,0.0
1231,0.78235668,0.0
1232,0.80179503,0.0
1233,0.81515969,0.0
1234,0.80111916,0.0
1235,0.79273151,0.0
1236,0.81066776,0.0
1237,0.80557176,0.0
1238,0.79567698,0.0
1239,0.81253756,0.0
1240,0.83268376,0.0
1241,0.82641874,0.0
1242,0.83093714,0.0
1243,0.82730423,0.0
1244,0.84353968,0.0
1245,0.81094469,0.0
1246,0.81069425,0.0
1247,0.82439202,0.0
1248,0.81579261,0.0
1249,0.84768326,0.0
1250,0.83688226,0.0
1251,0.82604694,0.0
1252,0.86380609,0.0
1253,0.85475346,0.0
1254,0.86335578,0.0
1255,0.8645094,0.0
1256,0.8324167,0.0
1257,0.84654292,0.0
1258,0.84880844,0.0
1259,0.8925005,0.0
1260,0.84693632,0.0
1261,0.85647683,0.0
1262,0.82589036,0.0
1263,0.82145532,0.0
1264,0.79184711,0.0
1265,0.77408259,0.0
1266,0.77099087,0.0
1267,0.81282369,0.0
1268,0.79449516,0.0
1269,0.78664126,0.0
1270,0.77244627,0.0
1271,0.80748133,0.0
1272,0.78655785,0.0
1273,0.74793669,0.0
1274,0.75698166,0.0
1275,0.76411445,0.0
1276,0.73718188,0.0
1277,0.74041955,0.0
1278,0.70074878,0.0
1279,0.72545374,0.0
1280,0.73853471,0.0
1281,0.71331178,0.0
1282,0.69998834,0.0
1283,0.70924,0.0
1284,0.71852284,0.0
1285,0.70798644,0.0
1286,0.78281952,0.0
1287,0.72148762,0.0
1288,0.71997187,0.0
1289,0.70662334,0.0
1290,0.68483236,0.0
1291,0.41256131,0.0
1292,0.19243971,0.0
1293,0.025222705,0.0
1294,-0.12096853,0.0
1295,-0.22681574,0.0
1296,-0.32433888,0.0
1297,-0.42149708,0.0
1298,-0.49198991,0.0
1299,-0.54153091,0.0
1300,-0.62773297,0.0
1301,-0.70023112,0.0
1302,-0.76352757,0.0
1303,-0.7940692,0.0
1304,-0.87170381,0.0
1305,-0.92527023,0.0
1306,-0.96762505,0.0
1307,-0.96285943,0.0
1308,-1.0004932,0.0
1309,-1.0119437,0.0
1310,-0.81197392,0.0
1311,-0.48146267,0.0
1312,-0.23055119,0.0
1313,-0.0090732232,0.0
1314,0.17566165,0.0
1315,0.24447077,0.0
1316,0.39438895,0.0
1317,0.47257627,0.0
1318,0.5768272,0.0
1319,0.65913832,0.0
1320,0.69922755,0.0
1321,0.75716842,0.0
1322,0.75594369,0.0
1323,0.79758306,0.0
1324,0.78349693,0.0
1325,0.81245418,0.0
1326,0.80527075,0.0
1327,0.83480585,0.0
1328,0.83033393,0.0
1329,0.82494405,0.0
1330,0.82227514,0.0
1331,0.82586615,0.0
1332,0.84295459,0.0
1333,0.8676064,0.0
1334,0.83600729,0.0
1335,0.86289243,0.0
1336,0.86257677,0.0
1337,0.83691584,0.0
1338,0.82906525,0.0
1339,0.83852943,0.0
1340,0.83426145,0.0
1341,0.83937291,0.0
1342,0.87266414,0.0
1343,0.88532649,0.0
1344,0.87525485,0.0
1345,0.9063398,0.0
1346,0.88718876,0.0
1347,0.89619326,0.0
1348,0.91630354,0.0
1349,0.93415607,0.0
1350,0.93001955,0.0
1351,0.91258334,0.0
1352,0.89539226,0.0
1353,0.89548624,0.0
1354,0.90692516,0.0
1355,0.92310711,0.0
1356,0.91543301,0.0
1357,0.92279747,0.0
1358,0.8766935,0.0
1359,0.88488766,0.0
1360,0.89638972,0.0
1361,0.86510417,0.0
1362,0.85333489,0.0
1363,0.84071491,0.0
1364,0.83165746,0.0
1365,0.82816161,0.0
1366,0.85905802,0.0
1367,0.82352929,0.0
1368,0.85064459,0.0
1369,0.81674297,0.0
1370,0.8155482,0.0
1371,0.79731183,0.0
1372,0.78870006,0.0
1373,0.75576848,0.0
1374,0.77515441,0.0
1375,0.74915279,0.0
1376,0.74499792,0.0
1377,0.7433387,0.0
1378,0.73743803,0.0
1379,0.74162288,0.0
1380,0.71614137,0.0
1381,0.7322684,0.0
1382,0.72368315,0.0
1383,0.7369535,0.0
1384,0.69592464,0.0
1385,0.70866471,0.0
1386,0.67408632,0.0
1387,0.70632699,0.0
1388,0.67972003,0.0
1389,0.6134191,0.0
1390,0.31608584,0.0
1391,0.17112877,0.0
1392,-0.023509592,0.0
1393,-0.18877051,0.0
1394,-0.30685696,0.0
1395,-0.39888119,0.0
1396,-0.48772528,0.0
1397,-0.60236678,0.0
1398,-0.66016511,0.0
1399,-0.71438551,0.0
1400,-0.80850783,0.0
1401,-0.85255514,0.0
1402,-0.85479875,0.0
1403,-0.89955624,0.0
1404,-0.95383446,0.0
1405,-0.9768116,0.0
1406,-1.0126131,0.0
1407,-1.0106663,0.0
1408,-0.88045549,0.0
1409,-0.55224519,0.0
1410,-0.24797219,0.0
1411,-0.021913477,0.0
1412,0.18259792,0.0
1413,0.25658906,0.0
1414,0.39041023,0.0
1415,0.44695058,0.0
1416,0.52985495,0.0
1417,0.59772066,0.0
1418,0.63006735,0.0
1419,0.67472094,0.0
1420,0.6822057,0.0
1421,0.71655664,0.0
1422,0.72333966,0.0
1423,0.72304364,0.0
1424,0.72878495,0.0
1425,0.72688984,0.0
1426,0.77778285,0.0
1427,0.74636253,0.0
1428,0.77630803,0.0
1429,0.79631786,0.0
1430,0.80255514,0.0
1431,0.80643246,0.0
1432,0.80605052,0.0
1433,0.80437316,0.0
1434,0.80765381,0.0
1435,0.80048503,0.0
1436,0.79717413,0.0
1437,0.83448175,0.0
1438,0.82653067,0.0
1439,0.83833436,0.0
1440,0.8448975,0.0
1441,0.83930282,0.0
1442,0.83636001,0.0
1443,0.82539893,0.0
1444,0.83646538,0.0
1445,0.83009011,0.0
1446,0.87871942,0.0
1447,0.86703403,0.0
1448,0.88802965,0.0
1449,0.8867068,0.0
1450,0.85788357,0.0
1451,0.85657036,0.0
1452,0.85316143,0.0
1453,0.84130233,0.0
1454,0.83469013,0.0
1455,0.83303584,0.0
1456,0.82325428,0.0
1457,0.79271377,0.0
1458,0.78309108,0.0
1459,0.75745187,0.0
1460,0.72904138,0.0
1461,0.73537461,0.0
1462,0.72070761,0.0
1463,0.73432242,0.0
1464,0.75589471,0.0
1465,0.76166572,0.0
1466,0.7252726,0.0
1467,0.72699183,0.0
1468,0.75103683,0.0
1469,0.70607212,0.0
1470,0.73212204,0.0
1471,0.71336284,0.0
1472,0.74081953,0.0
1473,0.72369402,0.0
1474,0.68823577,0.0
1475,0.70526,0.0
1476,0.71293307,0.0
1477,0.70722028,0.0
1478,0.71021802,0.0
1479,0.71571085,0.0
1480,0.69473224,0.0
1481,0.66347325,0.0
1482,0.72020061,0.0
1483,0.70260116,0.0
1484,0.69588165,0.0
1485,0.69835281,0.0
1486,0.71216236,0.0
1487,0.68882174,0.0
1488,0.4088927,0.0
1489,0.26533916,0.0
1490,0.064430672,0.0
1491,-0.060384359,0.0
1492,-0.18046581,0.0
1493,-0.27618336,0.0
1494,-0.37295951,0.0
1495,-0.46250131,0.0
1496,-0.55052455,0.0
1497,-0.63174839,0.0
1498,-0.68082638,0.0
1499,-0.74483384,0.0
1500,-0.78818768,0.0
1501,-0.82858337,0.0
1502,-0.86423609,0.0
1503,-0.86353233,0.0
1504,-0.90879828,0.0
1505,-0.91469868,0.0
1506,-0.86208089,0.0
1507,-0.6476129,0.0
1508,-0.34407836,0.0
1509,-0.10203116,0.0
1510,0.097926679,0.0
1511,0.22179119,0.0
1512,0.36527409,0.0
1513,0.45517631,0.0
1514,0.50120839,0.0
1515,0.57927512,0.0
1516,0.65299089,0.0
1517,0.69298489,0.0
1518,0.70952236,0.0
1519,0.7122048,0.0
1520,0.80562492,0.0
1521,0.82966902,0.0
1522,0.81803328,0.0
1523,0.84777136,0.0
1524,0.82926397,0.0
1525,0.86045466,0.0
1526,0.84946313,0.0
1527,0.88897955,0.0
1528,0.89215073,0.0
1529,0.90273074,0.0
1530,0.92590363,0.0
1531,0.90955401,0.0
1532,0.93864817,0.0
1533,0.94638578,0.0
1534,0.91952595,0.0
1535,0.94160803,0.0
1536,0.95008728,0.0
1537,0.96812368,0.0
1538,0.9575264,0.0
1539,0.93495454,0.0
1540,0.91924482,0.0
1541,0.94297296,0.0
1542,0.95313268,0.0
1543,0.94766233,0.0
1544,0.90568866,0.0
1545,0.90572807,0.0
1546,0.92557242,0.0
1547,0.93922643,0.0
1548,0.93280738,0.0
1549,0.93453105,0.0
1550,0.92106222,0.0
1551,0.93181783,0.0
1552,0.90087144,0.0
1553,0.91277654,0.0
1554,0.89631195,0.0
1555,0.89803023,0.0
1556,0.91007632,0.0
1557,0.89893912,0.0
1558,0.89265778,0.0
1559,0.91215481,0.0
1560,0.90354244,0.0
1561,0.92570674,0.0
1562,0.88372997,0.0
1563,0.87648075,0.0
1564,0.85559309,0.0
1565,0.85310429,0.0
1566,0.84242367,0.0
1567,0.82729454,0.0
1568,0.81713323,0.0
1569,0.82324182,0.0
1570,0.82459726,0.0
1571,0.7766048,0.0
1572,0.80108155,0.0
1573,0.81096856,0.0
1574,0.76481655,0.0
1575,0.76208791,0.0
1576,0.7671184,0.0
1577,0.73533252,0.0
1578,0.75542308,0.0
1579,0.72598376,0.0
1580,0.68352787,0.0
1581,0.65725835,0.0
1582,0.65831121,0.0
1583,0.6614395,0.0
1584,0.63662366,0.0
1585,0.64538905,0.0
1586,0.48829177,0.0
1587,0.24250987,0.0
1588,0.045894524,0.0
1589,-0.13037514,0.0
1590,-0.26549113,0.0
1591,-0.3864702,0.0
1592,-0.50523335,0.0
1593,-0.63781508,0.0
1594,-0.69042969,0.0
1595,-0.72848675,0.0
1596,-0.75732571,0.0
1597,-0.83291852,0.0
1598,-0.91716862,0.0
1599,-0.95551731,0.0
1600,-0.96886763,0.0
1601,-0.97787683,0.0
1602,-1.0269021,0.0
1603,-1.0019588,0.0
1604,-1.0170335,0.0
1605,-0.86688751,0.0
1606,-0.58206688,0.0
1607,-0.33067475,0.0
1608,-0.11765813,0.0
1609,-0.031853179,0.0
1610,0.1036826,0.0
1611,0.23920318,0.0
1612,0.30809302,0.0
1613,0.42661339,0.0
1614,0.48822625,0.0
1615,0.54533266,0.0
1616,0.58259271,0.0
1617,0.589359,0.0
1618,0.63044363,0.0
1619,0.65289266,0.0
1620,0.67041744,0.0
1621,0.67631499,0.0
1622,0.69488588,0.0
1623,0.67658966,0.0
1624,0.66276585,0.0
1625,0.67873657,0.0
1626,0.68184678,0.0
1627,0.67850486,0.0
1628,0.69699141,0.0
1629,0.68188742,0.0
1630,0.68411838,0.0
1631,0.71310514,0.0
1632,0.69482884,0.0
1633,0.69946258,0.0
1634,0.71998162,0.0
1635,0.75402476,0.0
1636,0.7311314,0.0
1637,0.72519872,0.0
1638,0.72051772,0.0
1639,0.74299655,0.0
1640,0.73818165,0.0
1641,0.77036854,0.0
1642,0.73780888,0.0
1643,0.77678352,0.0
1644,0.81217148,0.0
1645,0.82376813,0.0
1646,0.83016915,0.0
1647,0.85237285,0.0
1648,0.85870759,0.0
1649,0.86653749,0.0
1650,0.86892246,0.0
1651,0.88106605,0.0
1652,0.8653821,0.0
1653,0.81670448,0.0
1654,0.79318288,0.0
1655,0.79976119,0.0
1656,0.77631998,0.0
1657,0.80120947,0.0
1658,0.77109039,0.0
1659,0.79776887,0.0
1660,0.81715329,0.0
1661,0.82320823,0.0
1662,0.80949071,0.0
1663,0.85706248,0.0
1664,0.88954131,0.0
1665,0.84907508,0.0
1666,0.87710688,0.0
1667,0.86674653,0.0
1668,0.86676413,0.0
1669,0.8420479,0.0
1670,0.81804615,0.0
1671,0.84813805,0.0
1672,0.82591098,0.0
1673,0.85320978,0.0
1674,0.83435528,0.0
1675,0.83137194,0.0
1676,0.82682895,0.0
1677,0.85525521,0.0
1678,0.86534102,0.0
1679,0.85485215,0.0
1680,0.85208614,0.0
1681,0.86399427,0.0
1682,0.8729418,0.0
1683,0.88282906,0.0
1684,0.8650022,0.0
1685,0.71801737,0.0
1686,0.37670673,0.0
1687,0.25065551,0.0
1688,0.10241377,0.0
1689,-0.029056115,0.0
1690,-0.12249068,0.0
1691,-0.22969411,0.0
1692,-0.30811856,0.0
1693,-0.35247585,0.0
1694,-0.42199758,0.0
1695,-0.50984768,0.0
1696,-0.57038105,0.0
1697,-0.63500142,0.0
1698,-0.69549734,0.0
1699,-0.69693414,0.0
1700,-0.75083872,0.0
1701,-0.78046298,0.0
1702,-0.81067961,0.0
1703,-0.82367431,0.0
1704,-0.53318069,0.0
1705,-0.23235007,0.0
1706,0.058924194,0.0
1707,0.21620114,0.0
1708,0.41154769,0.0
1709,0.48304321,0.0
1710,0.56334528,0.0
1711,0.63952433,0.0
1712,0.73762014,0.0
1713,0.7844645,0.0
1714,0.77601664,0.0
1715,0.7898448,0.0
1716,0.7910223,0.0
1717,0.78233145,0.0
1718,0.77654409,0.0
1719,0.80230779,0.0
1720,0.81880185,0.0
1721,0.84157296,0.0
1722,0.88555597,0.0
1723,0.85462032,0.0
1724,0.83458609,0.0
1725,0.85960408,0.0
1726,0.86284485,0.0
1727,0.89176434,0.0
1728,0.85461526,0.0
1729,0.84816471,0.0
1730,0.84100266,0.0
1731,0.88761668,0.0
1732,0.89054804,0.0
1733,0.88748575,0.0
1734,0.90467988,0.0
1735,0.91418158,0.0
1736,0.91048519,0.0
1737,0.91957679,0.0
1738,0.91060021,0.0
1739,0.91764406,0.0
1740,0.92969132,0.0
1741,0.94809046,0.0
1742,0.99497326,0.0
1743,0.96492808,0.0
1744,0.95836311,0.0
1745,0.93502016,0.0
1746,0.94823352,0.0
1747,0.91987546,0.0
1748,0.90543276,0.0
1749,0.89931402,0.0
1750,0.84544705,0.0
1751,0.85421907,0.0
1752,0.86304873,0.0
1753,0.88799463,0.0
1754,0.89815689,0.0
1755,0.89187803,0.0
1756,0.87650845,0.0
1757,0.87747313,0.0
1758,0.88482018,0.0
1759,0.84377014,0.0
1760,0.87279895,0.0
1761,0.86943688,0.0
1762,0.8508163,0.0
1763,0.88883176,0.0
1764,0.83546655,0.0
1765,0.86197668,0.0
1766,0.86080187,0.0
1767,0.84750534,0.0
1768,0.84772891,0.0
1769,0.8269227,0.0
1770,0.80921199,0.0
1771,0.79211762,0.0
1772,0.78666691,0.0
1773,0.76317262,0.0
1774,0.78889228,0.0
1775,0.78311785,0.0
1776,0.76888727,0.0
1777,0.76347362,0.0
1778,0.74141979,0.0
1779,0.77189232,0.0
1780,0.77490022,0.0
1781,0.76792259,0.0
1782,0.64231695,0.0
1783,0.31919868,0.0
1784,0.13504677,0.0
1785,-0.014635238,0.0
1786,-0.19237452,0.0
1787,-0.33868035,0.0
1788,-0.42193907,0.0
1789,-0.53906357,0.0
1790,-0.62072842,0.0
1791,-0.72574715,0.0
1792,-0.80524817,0.0
1793,-0.88418685,0.0
1794,-0.92539295,0.0
1795,-0.9686336,0.0
1796,-0.98541306,0.0
1797,-1.0051649,0.0
1798,-1.0296359,0.0
1799,-1.0550326,0.0
1800,-0.72725298,0.0
1801,-0.42674263,0.0
1802,-0.16528879,0.0
1803,0.035806618,0.0
1804,0.20441901,0.0
1805,0.32181191,0.0
1806,0.48687295,0.0
1807,0.53561546,0.0
1808,0.55167559,0.0
1809,0.59328104,0.0
1810,0.62332379,0.0
1811,0.65811625,0.0
1812,0.69622001,0.0
1813,0.69391045,0.0
1814,0.68983588,0.0
1815,0.72662411,0.0
1816,0.72802295,0.0
1817,0.72533167,0.0
1818,0.77020207,0.0
1819,0.74350125,0.0
1820,0.81338036,0.0
1821,0.82550118,0.0
1822,0.83699941,0.0
1823,0.81803076,0.0
1824,0.78505681,0.0
1825,0.78811896,0.0
1826,0.78604883,0.0
1827,0.78481219,0.0
1828,0.78643436,0.0
1829,0.77368688,0.0
1830,0.7804776,0.0
1831,0.77306913,0.0
1832,0.77416677,0.0
1833,0.78663975,0.0
1834,0.78894401,0.0
1835,0.79484399,0.0
1836,0.78001946,0.0
1837,0.83154425,0.0
1838,0.83127563,0.0
1839,0.84900063,0.0
1840,0.84709346,0.0
1841,0.85850661,0.0
1842,0.86011672,0.0
1843,0.88066873,0.0
1844,0.87219674,0.0
1845,0.87758722,0.0
1846,0.83288653,0.0
1847,0.83684434,0.0
1848,0.86709204,0.0
1849,0.8489458,0.0
1850,0.87189584,0.0
1851,0.91591696,0.0
1852,0.90713293,0.0
1853,0.91974384,0.0
1854,0.92618403,0.0
1855,0.9046506,0.0
1856,0.87777857,0.0
1857,0.88046157,0.0
1858,0.9048893,0.0
1859,0.90447887,0.0
1860,0.90228979,0.0
1861,0.91352762,0.0
1862,0.87926025,0.0
1863,0.88223845,0.0
1864,0.88413567,0.0
1865,0.9018478,0.0
1866,0.88832332,0.0
1867,0.90417806,0.0
1868,0.87379564,0.0
1869,0.84571688,0.0
1870,0.85294852,0.0
1871,0.84435747,0.0
1872,0.87034503,0.0
1873,0.85022702,0.0
1874,0.86690328,0.0
1875,0.88404951,0.0
1876,0.89387287,0.0
1877,0.86581435,0.0
1878,0.82863653,0.0
1879,0.60450973,0.0
1880,0.31035867,0.0
1881,0.1178331,0.0
1882,-0.046241006,0.0
1883,-0.19022975,0.0
1884,-0.30917378,0.0
1885,-0.40221187,0.0
1886,-0.50405032,0.0
1887,-0.5928206,0.0
1888,-0.67151981,0.0
1889,-0.74018822,0.0
1890,-0.79984006,0.0
1891,-0.89319897,0.0
1892,-0.91758996,0.0
1893,-0.9152974,0.0
1894,-0.9637304,0.0
1895,-0.98347154,0.0
1896,-1.0021439,0.0
1897,-0.9297893,0.0
1898,-0.62619726,0.0
1899,-0.32215424,0.0
1900,-0.030247637,0.0
1901,0.15880521,0.0
1902,0.29430986,0.0
1903,0.47747539,0.0
1904,0.56298288,0.0
1905,0.62775425,0.0
1906,0.71883888,0.0
1907,0.77784921,0.0
1908,0.83470085,0.0
1909,0.85687484,0.0
1910,0.86981395,0.0
1911,0.91612608,0.0
1912,0.89196537,0.0
1913,0.90644928,0.0
1914,0.92126916,0.0
1915,0.93116772,0.0
1916,0.93932346,0.0
1917,0.92949667,0.0
1918,0.92150665,0.0
1919,0.9222816,0.0
1920,0.94091751,0.0
1921,0.95027087,0.0
1922,0.92646671,0.0
1923,0.92070536,0.0
1924,0.92613766,0.0
1925,0.94506408,0.0
1926,0.93393122,0.0
1927,0.95930602,0.0
1928,0.97123663,0.0
1929,0.97562327,0.0
1930,0.97311273,0.0
1931,0.97584523,0.0
1932,1.008944,0.0
1933,1.0549704,0.0
1934,1.031055,0.0
1935,1.0444148,0.0
1936,1.0239174,0.0
1937,1.0446359,0.0
1938,1.0526711,0.0
1939,1.034927,0.0
1940,1.0522543,0.0
1941,1.0814795,0.0
1942,1.0704536,0.0
1943,1.0567266,0.0
1944,1.0361888,0.0
1945,1.0096057,0.0
1946,1.0261105,0.0
1947,1.0416614,0.0
1948,1.0292356,0.0
1949,1.0439053,0.0
1950,1.0233053,0.0
1951,0.99224924,0.0
1952,0.98485818,0.0
1953,1.003798,0.0
1954,0.97848927,0.0
1955,0.98932285,0.0
1956,1.000345,0.0
1957,0.93073235,0.0
1958,0.89190821,0.0
1959,0.86912403,0.0
1960,0.86640164,0.0
1961,0.87843367,0.0
1962,0.88592242,0.0
1963,0.87232729,0.0
1964,0.912952,0.0
1965,0.88115206,0.0
1966,0.8597175,0.0
1967,0.84979611,0.0
1968,0.83871939,0.0
1969,0.87242945,0.0
1970,0.85764608,0.0
1971,0.84180069,0.0
1972,0.86418662,0.0
1973,0.84577384,0.0
1974,0.83389042,0.0
1975,0.82826474,0.0
1976,0.78521867,0.0
1977,0.61114348,0.0
1978,0.26399135,0.0
1979,0.080013104,0.0
1980,-0.076974899,0.0
1981,-0.22605784,0.0
1982,-0.32955227,0.0
1983,-0.38970743,0.0
1984,-0.53494596,0.0
1985,-0.63294608,0.0
1986,-0.68962805,0.0
1987,-0.74046494,0.0
1988,-0.83782499,0.0
1989,-0.88852823,0.0
1990,-0.9290123,0.0
1991,-0.96229957,0.0
1992,-0.9824394,0.0
1993,-0.99232233,0.0
1994,-1.0217113,0.0
1995,-0.99169082,0.0
1996,-0.7896169,0.0
1997,-0.49274547,0.0
1998,-0.21854163,0.0
1999,0.0065427254,0.0
2000,0.18138753,0.0
2001,0.31717534,0.0
2002,0.48338491,0.0
2003,0.58265198,0.0
2004,0.6231251,0.0
2005,0.71120007,0.0
2006,0.77698297,0.0
2007,0.76599968,0.0
2008,0.80363683,0.0
2009,0.84353784,0.0
2010,0.87724073,0.0
2011,0.9020214,0.0
2012,0.87528229,0.0
2013,0.86690314,0.0
2014,0.92456462,0.0
2015,0.89885824,0.0
2016,0.95271881,0.0
2017,0.95396046,0.0
2018,0.97132441,0.0
2019,0.97623736,0.0
2020,0.96227855,0.0
2021,0.96487758,0.0
2022,0.95432762,0.0
2023,0.94289371,0.0
2024,0.96850701,0.0
2025,0.97183914,0.0
2026,0.96210219,0.0
2027,0.99760999,0.0
2028,1.0018919,0.0
2029,1.0069137,0.0
2030,0.99596326,0.0
2031,0.97613358,0.0
2032,0.98254711,0.0
2033,0.97097003,0.0
2034,0.95560326,0.0
2035,0.95906868,0.0
2036,0.97447369,0.0
2037,0.95195317,0.0
2038,0.9645924,0.0
2039,0.99197457,0.0
2040,0.99525782,0.0
2041,0.99368791,0.0
2042,1.0198303,0.0
2043,1.0140599,0.0
2044,0.9899814,0.0
2045,1.0053149,0.0
2046,0.96592557,0.0
2047,0.95024416,0.0
2048,0.94018013,0.0
2049,0.91354206,0.0
2050,0.92974192,0.0
2051,0.90995344,0.0
2052,0.89646624,0.0
2053,0.89612461,0.0
2054,0.83872963,0.0
2055,0.82183542,0.0
2056,0.80127548,0.0
2057,0.78378189,0.0
2058,0.80434028,0.0
2059,0.7831216,0.0
2060,0.77567017,0.0
2061,0.76879768,0.0
2062,0.74060011,0.0
2063,0.75433955,0.0
2064,0.76521381,0.0
2065,0.76663214,0.0
2066,0.7287922,0.0
2067,0.71137532,0.0
2068,0.70410538,0.0
2069,0.73568929,0.0
2070,0.70207701,0.0
2071,0.71539317,0.0
2072,0.73756601,0.0
2073,0.69754155,0.0
2074,0.67755367,0.0
2075,0.54769808,0.0
2076,0.20858021,0.0
2077,0.011895746,0.0
2078,-0.16705331,0.0
2079,-0.2977865,0.0
2080,-0.40687956,0.0
2081,-0.49840034,0.0
2082,-0.57363415,0.0
2083,-0.62998541,0.0
2084,-0.70576671,0.0
2085,-0.76283893,0.0
2086,-0.81408525,0.0
2087,-0.87521664,0.0
2088,-0.89611046,0.0
2089,-0.89946293,0.0
2090,-0.94798077,0.0
2091,-0.96423074,0.0
2092,-1.0131262,0.0
2093,-1.0331573,0.0
2094,-0.89381325,0.0
2095,-0.59161605,0.0
2096,-0.29306186,0.0
2097,-0.028371561,0.0
2098,0.16072766,0.0
2099,0.31713659,0.0
2100,0.4747553,0.0
2101,0.511956,0.0
2102,0.58228578,0.0
2103,0.61683269,0.0
2104,0.66142585,0.0
2105,0.72185386,0.0
2106,0.76371981,0.0
2107,0.77154316,0.0
2108,0.78944425,0.0
2109,0.81276612,0.0
2110,0.7844499,0.0
2111,0.79172149,0.0
2112,0.81371776,0.0
2113,0.83186082,0.0
2114,0.83524944,0.0
2115,0.79844866,0.0
2116,0.82199895,0.0
2117,0.83518514,0.0
2118,0.81594278,0.0
2119,0.80892793,0.0
2120,0.78847543,0.0
2121,0.79872432,0.0
2122,0.78035923,0.0
2123,0.80604275,0.0
2124,0.80308462,0.0
2125,0.80805963,0.0
2126,0.79735534,0.0
2127,0.7908129,0.0
2128,0.79157163,0.0
2129,0.81403331,0.0
2130,0.82796707,0.0
2131,0.80843704,0.0
2132,0.78188522,0.0
2133,0.75858671,0.0
2134,0.74621925,0.0
2135,0.7294024,0.0
2136,0.72476875,0.0
2137,0.71964022,0.0
2138,0.71910888,0.0
2139,0.7036813,0.0
2140,0.69751993,0.0
2141,0.68803446,0.0
2142,0.66686574,0.0
2143,0.66417327,0.0
2144,0.65590463,0.0
2145,0.66063217,0.0
2146,0.67519999,0.0
2147,0.69094385,0.0
2148,0.70648857,0.0
2149,0.72197215,0.0
2150,0.73489027,0.0
2151,0.74839405,0.0
2152,0.7514079,0.0
2153,0.74131138,0.0
2154,0.77380054,0.0
2155,0.78875373,0.0
2156,0.76855401,0.0
2157,0.77013825,0.0
2158,0.78828481,0.0
2159,0.79505549,0.0
2160,0.77319522,0.0
2161,0.80087651,0.0
2162,0.79877411,0.0
2163,0.8297649,0.0
2164,0.8482657,0.0
2165,0.86727267,0.0
2166,0.86112394,0.0
2167,0.87273194,0.0
2168,0.87379002,0.0
2169,0.86450726,0.0
2170,0.87728367,0.0
2171,0.89664546,0.0
2172,0.90449895,0.0
2173,0.89384902,0.0
2174,0.66213118,0.0
2175,0.35343542,0.0
2176,0.19171601,0.0
2177,0.073472893,0.0
2178,-0.059224221,0.0
2179,-0.16712331,0.0
2180,-0.25311582,0.0
2181,-0.32734541,0.0
2182,-0.40896225,0.0
2183,-0.44899715,0.0
2184,-0.49350612,0.0
2185,-0.53249566,0.0
2186,-0.55829945,0.0
2187,-0.60268432,0.0
2188,-0.61957741,0.0
2189,-0.67061023,0.0
2190,-0.68662894,0.0
2191,-0.71248187,0.0
2192,-0.70136668,0.0
2193,-0.34548284,0.0
2194,-0.065924352,0.0
2195,0.19320425,0.0
2196,0.38044897,0.0
2197,0.53705441,0.0
2198,0.701713,0.0
2199,0.82315603,0.0
2200,0.8775797,0.0
2201,0.93334756,0.0
2202,1.0098429,0.0
2203,1.0062556,0.0
2204,1.0508058,0.0
2205,1.0390292,0.0
2206,1.0287906,0.0
2207,1.0264671,0.0
2208,1.0514747,0.0
2209,1.0652344,0.0
2210,1.0825348,0.0
2211,1.0906492,0.0
2212,1.0813449,0.0
2213,1.1451136,0.0
2214,1.0989554,0.0
2215,1.1209436,0.0
2216,1.1196816,0.0
2217,1.1141063,0.0
2218,1.0891123,0.0
2219,1.0942073,0.0
2220,1.1182824,0.0
2221,1.1095153,0.0
2222,1.091189,0.0
2223,1.0875341,0.0
2224,1.0696668,0.0
2225,1.0693828,0.0
2226,1.0689471,0.0
2227,1.0227847,0.0
2228,1.0337722,0.0
2229,1.0554092,0.0
2230,1.0209678,0.0
2231,1.0146133,0.0
2232,1.0043782,0.0
2233,1.0028975,0.0
2234,0.99397587,0.0
2235,1.0434035,0.0
2236,1.0129353,0.0
2237,1.0320122,0.0
2238,1.0043064,0.0
2239,0.99133506,0.0
2240,1.0018137,0.0
2241,1.0035876,0.0
2242,0.98804026,0.0
2243,1.0059863,0.0
2244,0.96368773,0.0
2245,0.99573231,0.0
2246,1.0223082,0.0
2247,1.0182495,0.0
2248,0.98825644,0.0
2249,0.97665818,0.0
2250,0.97482055,0.0
2251,0.94344261,0.0
2252,0.95972253,0.0
2253,0.96497111,0.0
2254,0.98894972,0.0
2255,0.99370766,0.0
2256,1.0079282,0.0
2257,1.0195379,0.0
2258,1.0219701,0.0
2259,1.0149846,0.0
2260,1.0600123,0.0
2261,1.0162003,0.0
2262,0.99008143,0.0
2263,1.0103567,0.0
2264,0.9757071,0.0
2265,0.99730085,0.0
2266,0.98307164,0.0
2267,0.98353852,0.0
2268,0.95153006,0.0
2269,0.97170525,0.0
2270,0.95213454,0.0
2271,0.95632676,0.0
2272,0.76556195,0.0
2273,0.46243008,0.0
2274,0.26883526,0.0
2275,0.12224295,0.0
2276,-0.012546638,0.0
2277,-0.11506388,0.0
2278,-0.24090005,0.0
2279,-0.32654242,0.0
2280,-0.43490268,0.0
2281,-0.46852902,0.0
2282,-0.53510253,0.0
2283,-0.56978447,0.0
2284,-0.59695245,0.0
2285,-0.61162107,0.0
2286,-0.64997358,0.0
2287,-0.69380273,0.0
2288,-0.71617056,0.0
2289,-0.77157153,0.0
2290,-0.76660337,0.0
2291,-0.56632268,0.0
2292,-0.24816577,0.0
2293,0.074578798,0.0
2294,0.26845274,0.0
2295,0.47328901,0.0
2296,0.60260449,0.0
2297,0.76797496,0.0
2298,0.8520084,0.0
2299,0.93112311,0.0
2300,0.9631734,0.0
2301,1.0012206,0.0
2302,1.0222519,0.0
2303,1.0682219,0.0
2304,1.0569405,0.0
2305,1.0444495,0.0
2306,1.03285,0.0
2307,1.026202,0.0
2308,1.024541,0.0
2309,1.0577371,0.0
2310,1.0552737,0.0
2311,1.0682811,0.0
2312,1.0854779,0.0
2313,1.0529597,0.0
2314,1.0356525,0.0
2315,1.0609977,0.0
2316,1.0572778,0.0
2317,1.0127386,0.0
2318,1.0306634,0.0
2319,1.0730773,0.0
2320,1.060067,0.0
2321,1.0767685,0.0
2322,1.0909498,0.0
2323,1.0968613,0.0
2324,1.0912512,0.0
2325,1.0839268,0.0
2326,1.0462744,0.0
2327,1.0557009,0.0
2328,1.0499065,0.0
2329,1.0840617,0.0
2330,1.1240784,0.0
2331,1.1042449,0.0
2332,1.0837601,0.0
2333,1.0972137,0.0
2334,1.1237803,0.0
2335,1.1060946,0.0
2336,1.0571771,0.0
2337,1.0533971,0.0
2338,1.0526314,0.0
2339,1.0384638,0.0
2340,1.0631969,0.0
2341,1.0411257,0.0
2342,1.0239766,0.0
2343,1.0250947,0.0
2344,0.99697508,0.0
2345,1.0095412,0.0
2346,1.0169954,0.0
2347,1.0375295,0.0
2348,1.0145829,0.0
2349,1.0323197,0.0
2350,1.0157032,0.0
2351,0.98672848,0.0
2352,0.97631651,0.0
2353,0.98379176,0.0
2354,0.96645639,0.0
2355,1.0025086,0.0
2356,0.96921643,0.0
2357,0.97353069,0.0
2358,0.98482401,0.0
2359,0.99631699,0.0
2360,0.97053816,0.0
2361,0.98755235,0.0
2362,1.0117604,0.0
2363,0.98570063,0.0
2364,1.011939,0.0
2365,1.0343621,0.0
2366,1.0030185,0.0
2367,1.0123899,0.0
2368,1.028521,0.0
2369,1.0262691,0.0
2370,0.95967905,0.0
2371,0.71582977,0.0
2372,0.40762139,0.0
2373,0.25068596,0.0
2374,0.094655123,0.0
2375,-0.046770611,0.0
2376,-0.15458269,0.0
2377,-0.22859439,0.0
2378,-0.33012971,0.0
2379,-0.41289188,0.0
2380,-0.48188839,0.0
2381,-0.59510612,0.0
2382,-0.61485924,0.0
2383,-0.68260903,0.0
2384,-0.72670695,0.0
2385,-0.7414899,0.0
2386,-0.75163794,0.0
2387,-0.77204371,0.0
2388,-0.79442588,0.0
2389,-0.74688268,0.0
2390,-0.42069354,0.0
2391,-0.12879589,0.0
2392,0.1527584,0.0
2393,0.37825985,0.0
2394,0.49879273,0.0
2395,0.66673522,0.0
2396,0.74177643,0.0
2397,0.81888475,0.0
2398,0.88168709,0.0
2399,0.89511795,0.0
2400,0.93199889,0.0
2401,0.94617279,0.0
2402,0.9789925,0.0
2403,0.99434708,0.0
2404,1.019766,0.0
2405,1.0148902,0.0
2406,1.0329248,0.0
2407,1.0154259,0.0
2408,1.0262791,0.0
2409,1.0154478,0.0
2410,1.0095021,0.0
2411,0.97257468,0.0
2412,0.96816243,0.0
2413,0.97507354,0.0
2414,0.96814188,0.0
2415,0.95770137,0.0
2416,0.98731288,0.0
2417,0.9861432,0.0
2418,0.99070476,0.0
2419,0.99933305,0.0
2420,1.0052405,0.0
2421,0.98764966,0.0
2422,0.9842174,0.0
2423,0.98252926,0.0
2424,0.96021299,0.0
2425,1.0023186,0.0
2426,1.0276186,0.0
2427,1.0200471,0.0
2428,1.0244153,0.0
2429,1.0026569,0.0
2430,1.0237839,0.0
2431,1.045255,0.0
2432,1.0272366,0.0
2433,1.0135259,0.0
2434,1.0011497,0.0
2435,1.0222938,0.0
2436,1.0180446,0.0
2437,1.0137438,0.0
2438,0.99139839,0.0
2439,1.0203297,0.0
2440,1.0306193,0.0
2441,1.0563798,0.0
2442,1.0141627,0.0
2443,1.0048678,0.0
2444,1.0059041,0.0
2445,1.0057459,0.0
2446,1.0446549,0.0
2447,1.0391509,0.0
2448,1.0144885,0.0
2449,1.0052667,0.0
2450,1.004568,0.0
2451,1.0462721,0.0
2452,1.0278422,0.0
2453,1.0668242,0.0
2454,1.0711159,0.0
2455,1.1072054,0.0
2456,1.0953878,0.0
2457,1.0903596,0.0
2458,1.0897156,0.0
2459,1.0761108,0.0
2460,1.0764288,0.0
2461,1.0949074,0.0
2462,1.1236424,0.0
2463,1.1271512,0.0
2464,1.0852831,0.0
2465,1.0815477,0.0
2466,1.0744666,0.0
2467,1.0693744,0.0
2468,1.0653654,0.0
2469,0.8660366,0.0
2470,0.48511877,0.0
2471,0.3171546,0.0
2472,0.14603513,0.0
2473,0.010679744,0.0
2474,-0.088147896,0.0
2475,-0.22778182,0.0
2476,-0.30534372,0.0
2477,-0.40245767,0.0
2478,-0.47410012,0.0
2479,-0.54878335,0.0
2480,-0.56917399,0.0
2481,-0.60191627,0.0
2482,-0.65355227,0.0
2483,-0.65544118,0.0
2484,-0.6824348,0.0
2485,-0.72257754,0.0
2486,-0.73744061,0.0
2487,-0.76246017,0.0
2488,-0.55618592,0.0
2489,-0.2115067,0.0
2490,0.062071396,0.0
2491,0.26252346,0.0
2492,0.41938881,0.0
2493,0.55516874,0.0
2494,0.66807424,0.0
2495,0.75140555,0.0
2496,0.80576662,0.0
2497,0.85997448,0.0
2498,0.87573387,0.0
2499,0.893588,0.0
2500,0.94701407,0.0
2501,0.96193044,0.0
2502,0.96850796,0.0
2503,0.99643733,0.0
2504,0.96786381,0.0
2505,0.95623783,0.0
2506,0.94715411,0.0
2507,0.94236663,0.0
2508,0.93012538,0.0
2509,0.96587093,0.0
2510,0.96812413,0.0
2511,0.99259939,0.0
2512,0.94390924,0.0
2513,0.9504543,0.0
2514,0.94924997,0.0
2515,0.97076889,0.0
2516,0.96379741,0.0
2517,0.99299879,0.0
2518,0.97418959,0.0
2519,0.98436462,0.0
2520,0.99562028,0.0
2521,1.0315257,0.0
2522,1.0474463,0.0
2523,1.0082095,0.0
2524,1.0430219,0.0
2525,0.98071838,0.0
2526,0.98577155,0.0
2527,0.96881498,0.0
2528,0.9469776,0.0
2529,0.9297507,0.0
2530,0.9515403,0.0
2531,0.95181518,0.0
2532,0.93276845,0.0
2533,0.92348269,0.0
2534,0.9328706,0.0
2535,0.91545252,0.0
2536,0.91184994,0.0
2537,0.90397865,0.0
2538,0.93333429,0.0
2539,0.93235566,0.0
2540,0.94858155,0.0
2541,0.91443806,0.0
2542,0.93416571,0.0
2543,0.91508431,0.0
2544,0.94779188,0.0
2545,0.99703942,0.0
2546,0.97327098,0.0
2547,0.95765406,0.0
2548,0.94389861,0.0
2549,0.94507401,0.0
2550,0.95357425,0.0
2551,0.93360745,0.0
2552,0.93793543,0.0
2553,0.91234689,0.0
2554,0.90682185,0.0
2555,0.89423682,0.0
2556,0.87907104,0.0
2557,0.90064819,0.0
2558,0.90654053,0.0
2559,0.90429818,0.0
2560,0.89129213,0.0
2561,0.86504424,0.0
2562,0.88406703,0.0
2563,0.90575025,0.0
2564,0.91425233,0.0
2565,0.9208876,0.0
2566,0.78620218,0.0
2567,0.55180639,0.0
2568,0.24762351,0.0
2569,0.062945113,0.0
2570,-0.1046661,0.0
2571,-0.21615369,0.0
2572,-0.33550724,0.0
2573,-0.4588613,0.0
2574,-0.50798423,0.0
2575,-0.59239001,0.0
2576,-0.63437367,0.0
2577,-0.6685106,0.0
2578,-0.73440304,0.0
2579,-0.77505698,0.0
2580,-0.7901318,0.0
2581,-0.82547111,0.0
2582,-0.86127842,0.0
2583,-0.88413723,0.0
2584,-0.88478182,0.0
2585,-0.80810473,0.0
2586,-0.478647,0.0
2587,-0.19613988,0.0
2588,0.043585788,0.0
2589,0.22882054,0.0
2590,0.37279359,0.0
2591,0.53350085,0.0
2592,0.63319375,0.0
2593,0.68252922,0.0
2594,0.75998392,0.0
2595,0.78970548,0.0
2596,0.81229551,0.0
2597,0.85659738,0.0
2598,0.8859581,0.0
2599,0.89090492,0.0
2600,0.87220644,0.0
2601,0.89417917,0.0
2602,0.92484874,0.0
2603,0.90170067,0.0
2604,0.90365112,0.0
2605,0.93512308,0.0
2606,0.90591436,0.0
2607,0.93030683,0.0
2608,0.89492531,0.0
2609,0.91868794,0.0
2610,0.90215863,0.0
2611,0.90254936,0.0
2612,0.92190461,0.0
2613,0.90887429,0.0
2614,0.88492922,0.0
2615,0.85610005,0.0
2616,0.86275894,0.0
2617,0.89962907,0.0
2618,0.9076401,0.0
2619,0.90569199,0.0
2620,0.92149815,0.0
2621,0.9770129,0.0
2622,0.93408197,0.0
2623,0.93708241,0.0
2624,0.94335058,0.0
2625,0.93983499,0.0
2626,0.92156075,0.0
2627,0.92977072,0.0
2628,0.95321616,0.0
2629,0.94485593,0.0
2630,0.95139659,0.0
2631,0.96183941,0.0
2632,0.96476184,0.0
2633,0.97537947,0.0
2634,0.95837044,0.0
2635,0.98140965,0.0
2636,0.94267518,0.0
2637,0.96840282,0.0
2638,0.95347798,0.0
2639,0.94158982,0.0
2640,0.9466269,0.0
2641,0.9238999,0.0
2642,0.94424913,0.0
2643,0.92283043,0.0
2644,0.90905331,0.0
2645,0.90004468,0.0
2646,0.90034528,0.0
2647,0.90995641,0.0
2648,0.90287998,0.0
2649,0.91422694,0.0
2650,0.90441356,0.0
2651,0.92127017,0.0
2652,0.90274139,0.0
2653,0.89740342,0.0
2654,0.90287743,0.0
2655,0.92650686,0.0
2656,0.94594267,0.0
2657,0.93267323,0.0
2658,0.91805031,0.0
2659,0.93523653,0.0
2660,0.95756025,0.0
2661,0.949041,0.0
2662,0.94981598,0.0
2663,0.90208032,0.0
2664,0.88379317,0.0
2665,0.70277736,0.0
2666,0.37184448,0.0
2667,0.18044396,0.0
2668,-0.0065477802,0.0
2669,-0.12463235,0.0
2670,-0.24245046,0.0
2671,-0.31833058,0.0
2672,-0.4229217,0.0
2673,-0.48784018,0.0
2674,-0.56519509,0.0
2675,-0.622298,0.0
2676,-0.67723243,0.0
2677,-0.703228,0.0
2678,-0.74834157,0.0
2679,-0.81436616,0.0
2680,-0.84023362,0.0
2681,-0.87305954,0.0
2682,-0.91087912,0.0
2683,-0.91105096,0.0
2684,-0.68814592,0.0
2685,-0.36245907,0.0
2686,-0.098153933,0.0
2687,0.13205627,0.0
2688,0.27710974,0.0
2689,0.4286118,0.0
2690,0.57062176,0.0
2691,0.6457779,0.0
2692,0.70949586,0.0
2693,0.75190946,0.0
2694,0.79134494,0.0
2695,0.81907159,0.0
2696,0.83900275,0.0
2697,0.85174135,0.0
2698,0.81820803,0.0
2699,0.80695073,0.0
2700,0.80138914,0.0
2701,0.79585935,0.0
2702,0.81057361,0.0
2703,0.8143131,0.0
2704,0.84367735,0.0
2705,0.82468559,0.0
2706,0.79670429,0.0
2707,0.82351919,0.0
2708,0.82784607,0.0
2709,0.82189017,0.0
2710,0.82537759,0.0
2711,0.80309722,0.0
2712,0.80735661,0.0
2713,0.82195671,0.0
2714,0.83800988,0.0
2715,0.83665839,0.0
2716,0.82898048,0.0
2717,0.84312267,0.0
2718,0.84332055,0.0
2719,0.86879703,0.0
2720,0.89477158,0.0
2721,0.89491696,0.0
2722,0.87326494,0.0
2723,0.83983216,0.0
2724,0.84145397,0.0
2725,0.85265886,0.0
2726,0.84103228,0.0
2727,0.86904,0.0
2728,0.8594886,0.0
2729,0.85067736,0.0
2730,0.79933555,0.0
2731,0.80265759,0.0
2732,0.77623922,0.0
2733,0.78078007,0.0
2734,0.74705345,0.0
2735,0.7629564,0.0
2736,0.76619397,0.0
2737,0.70254162,0.0
2738,0.73115803,0.0
2739,0.70084453,0.0
2740,0.71442558,0.0
2741,0.71478709,0.0
2742,0.71838487,0.0
2743,0.73490446,0.0
2744,0.75764379,0.0
2745,0.77955731,0.0
2746,0.74111587,0.0
2747,0.71203688,0.0
2748,0.73984299,0.0
2749,0.77895854,0.0
2750,0.77163716,0.0
2751,0.77442007,0.0
2752,0.81106594,0.0
2753,0.77887744,0.0
2754,0.79833687,0.0
2755,0.83108755,0.0
2756,0.77646226,0.0
2757,0.80611944,0.0
2758,0.78124151,0.0
2759,0.76817455,0.0
2760,0.78213801,0.0
2761,0.76892894,0.0
2762,0.78504957,0.0
2763,0.68028642,0.0
2764,0.43843353,0.0
2765,0.099732875,0.0
2766,-0.064461974,0.0
2767,-0.17486335,0.0
2768,-0.30910512,0.0
2769,-0.40382206,0.0
2770,-0.50052529,0.0
2771,-0.60804819,0.0
2772,-0.66514866,0.0
2773,-0.73509435,0.0
2774,-0.781553,0.0
2775,-0.83082304,0.0
2776,-0.85985517,0.0
2777,-0.90893563,0.0
2778,-0.92203024,0.0
2779,-0.9475921,0.0
2780,-0.95251415,0.0
2781,-0.97618639,0.0
2782,-0.88091763,0.0
2783,-0.53154693,0.0
2784,-0.25636245,0.0
2785,0.024726157,0.0
2786,0.20911949,0.0
2787,0.39988638,0.0
2788,0.57657376,0.0
2789,0.65398398,0.0
2790,0.73365849,0.0
2791,0.77970233,0.0
2792,0.80975037,0.0
2793,0.83294413,0.0
2794,0.86014924,0.0
2795,0.8541121,0.0
2796,0.85417987,0.0
2797,0.89464905,0.0
2798,0.91605666,0.0
2799,0.88352129,0.0
2800,0.87095003,0.0
2801,0.87703934,0.0
2802,0.91175833,0.0
2803,0.91564614,0.0
2804,0.91231952,0.0
2805,0.89918141,0.0
2806,0.88479497,0.0
2807,0.89862812,0.0
2808,0.89185967,0.0
2809,0.9446683,0.0
2810,0.93896723,0.0
2811,0.95296039,0.0
2812,0.98002609,0.0
2813,0.95195575,0.0
2814,0.96097269,0.0
2815,0.99687221,0.0
2816,0.9868273,0.0
2817,1.0138307,0.0
2818,1.0076536,0.0
2819,0.98825353,0.0
2820,0.97458383,0.0
2821,1.0091462,0.0
2822,0.97885928,0.0
2823,1.0047328,0.0
2824,1.0118037,0.0
2825,1.0141125,0.0
2826,1.0251737,0.0
2827,1.0240917,0.0
2828,1.020396,0.0
2829,0.99263518,0.0
2830,0.98327815,0.0
2831,0.98084576,0.0
2832,0.98092617,0.0
2833,0.97611957,0.0
2834,1.0017958,0.0
2835,0.98364264,0.0
2836,0.95932654,0.0
2837,0.96931725,0.0
2838,0.94333839,0.0
2839,0.93307761,0.0
2840,0.92957726,0.0
2841,0.9397665,0.0
2842,0.94084813,0.0
2843,0.90756536,0.0
2844,0.92667626,0.0
2845,0.88668703,0.0
2846,0.88237089,0.0
2847,0.89397152,0.0
2848,0.90417321,0.0
2849,0.91278113,0.0
2850,0.93694295,0.0
2851,0.9367773,0.0
2852,0.93951797,0.0
2853,0.90982227,0.0
2854,0.93830089,0.0
2855,0.90718816,0.0
2856,0.93000929,0.0
2857,0.88064745,0.0
2858,0.88415116,0.0
2859,0.88195223,0.0
2860,0.84566941,0.0
2861,0.81758722,0.0
2862,0.61804728,0.0
2863,0.29239287,0.0
2864,0.11922313,0.0
2865,-0.04319884,0.0
2866,-0.19599619,0.0
2867,-0.29105365,0.0
2868,-0.39800722,0.0
2869,-0.49590238,0.0
2870,-0.56219873,0.0
2871,-0.62269801,0.0
2872,-0.66995472,0.0
2873,-0.70470595,0.0
2874,-0.76750993,0.0
2875,-0.83254416,0.0
2876,-0.84116099,0.0
2877,-0.87830538,0.0
2878,-0.92453273,0.0
2879,-0.93593038,0.0
2880,-0.95556505,0.0
2881,-0.69197074,0.0
2882,-0.35003394,0.0
2883,-0.063186227,0.0
2884,0.15701312,0.0
2885,0.31244804,0.0
2886,0.45080661,0.0
2887,0.59224137,0.0
2888,0.67267979,0.0
2889,0.71890542,0.0
2890,0.78761094,0.0
2891,0.80443437,0.0
2892,0.81472301,0.0
2893,0.83755872,0.0
2894,0.88470428,0.0
2895,0.91718615,0.0
2896,0.95410431,0.0
2897,0.91307801,0.0
2898,0.92107169,0.0
2899,0.95107635,0.0
2900,0.90249048,0.0
2901,0.88380402,0.0
2902,0.89160993,0.0
2903,0.90997096,0.0
2904,0.91368512,0.0
2905,0.92115897,0.0
2906,0.91720366,0.0
2907,0.91601902,0.0
2908,0.93089611,0.0
2909,0.93863932,0.0
2910,0.94100418,0.0
2911,0.96098281,0.0
2912,0.95812456,0.0
2913,0.98762983,0.0
2914,0.96454606,0.0
2915,0.97622287,0.0
2916,0.97147486,0.0
2917,1.0044692,0.0
2918,0.99107023,0.0
2919,1.0097081,0.0
2920,1.0149207,0.0
2921,1.0155438,0.0
2922,1.0143054,0.0
2923,0.97604841,0.0
2924,0.96331058,0.0
2925,0.94065901,0.0
2926,0.95783125,0.0
2927,0.93238969,0.0
2928,0.92234958,0.0
2929,0.91469255,0.0
2930,0.92013758,0.0
2931,0.95423709,0.0
2932,0.9610989,0.0
2933,0.9809661,0.0
2934,0.94216715,0.0
2935,0.92773184,0.0
2936,0.9436874,0.0
2937,0.93242388,0.0
2938,0.94068741,0.0
2939,0.95456675,0.0
2940,0.95144926,0.0
2941,0.95639925,0.0
2942,0.93196676,0.0
2943,0.93001307,0.0
2944,0.93430275,0.0
2945,0.95761083,0.0
2946,0.93491774,0.0
2947,0.91703932,0.0
2948,0.94353374,0.0
2949,0.9412558,0.0
2950,0.93056206,0.0
2951,0.93505755,0.0
2952,0.9716425,0.0
2953,0.92265253,0.0
2954,0.89835982,0.0
2955,0.88776923,0.0
2956,0.88557967,0.0
2957,0.88646919,0.0
2958,0.89848935,0.0
2959,0.8786932,0.0
2960,0.78401611,0.0
2961,0.56195105,0.0
2962,0.24081655,0.0
2963,0.090484212,0.0
2964,-0.079521367,0.0
2965,-0.21272738,0.0
2966,-0.28194926,0.0
2967,-0.40034466,0.0
2968,-0.45502533,0.0
2969,-0.53522314,0.0
2970,-0.62042712,0.0
2971,-0.64188182,0.0
2972,-0.72185403,0.0
2973,-0.77091599,0.0
2974,-0.80956276,0.0
2975,-0.84011708,0.0
2976,-0.85551564,0.0
2977,-0.88156145,0.0
2978,-0.88693087,0.0
2979,-0.75236783,0.0
2980,-0.41659642,0.0
2981,-0.14471721,0.0
2982,0.099214041,0.0
2983,0.26882304,0.0
2984,0.41002493,0.0
2985,0.5823411,0.0
2986,0.67204676,0.0
2987,0.73458685,0.0
2988,0.79292478,0.0
2989,0.81835875,0.0
2990,0.84124758,0.0
2991,0.87806711,0.0
2992,0.88173556,0.0
2993,0.90634549,0.0
2994,0.91218501,0.0
2995,0.9674806,0.0
2996,0.95894429,0.0
2997,0.95773158,0.0
2998,0.95831938,0.0
2999,0.94257461,0.0
3000,0.96660584,0.0
3001,0.95114389,0.0
3002,0.97804949,0.0
3003,0.99874391,0.0
3004,1.0458785,0.0
3005,1.0559358,0.0
3006,1.0628818,0.0
3007,1.0409553,0.0
3008,1.0599181,0.0
3009,1.0489697,0.0
3010,1.0241749,0.0
3011,1.0472409,0.0
3012,1.0229862,0.0
3013,1.033382,0.0
3014,1.0458994,0.0
3015,1.0474655,0.0
3016,1.0778866,0.0
3017,1.0993321,0.0
3018,1.1094478,0.0
3019,1.085358,0.0
3020,1.0948839,0.0
3021,1.0863459,0.0
3022,1.0713638,0.0
3023,1.0897273,0.0
3024,1.1054564,0.0
3025,1.1191346,0.0
3026,1.1201727,0.0
3027,1.0852983,0.0
3028,1.1014701,0.0
3029,1.0741877,0.0
3030,1.0835742,0.0
3031,1.0719982,0.0
3032,1.0509269,0.0
3033,1.0708789,0.0
3034,1.0361836,0.0
3035,1.0616226,0.0
3036,1.0722226,0.0
3037,1.1128854,0.0
3038,1.1331135,0.0
3039,1.1034701,0.0
3040,1.1084242,0.0
3041,1.0800636,0.0
3042,1.0776865,0.0
3043,1.1160129,0.0
3044,1.0888709,0.0
3045,1.0795212,0.0
3046,1.0646267,0.0
3047,1.0471426,0.0
3048,1.0934785,0.0
3049,1.0902465,0.0
3050,1.0855496,0.0
3051,1.080865,0.0
3052,1.0456811,0.0
3053,1.0515851,0.0
3054,1.0626331,0.0
3055,1.0432955,0.0
3056,1.0311853,0.0
3057,1.0115161,0.0
3058,0.99632081,0.0
3059,0.77852897,0.0
3060,0.47299506,0.0
3061,0.29195801,0.0
3062,0.16149378,0.0
3063,0.016339034,0.0
3064,-0.12343937,0.0
3065,-0.24484022,0.0
3066,-0.33678836,0.0
3067,-0.44708656,0.0
3068,-0.53649241,0.0
3069,-0.59133733,0.0
3070,-0.64116484,0.0
3071,-0.71101387,0.0
3072,-0.74939916,0.0
3073,-0.80330929,0.0
3074,-0.82092881,0.0
3075,-0.8687417,0.0
3076,-0.91998693,0.0
3077,-0.90318187,0.0
3078,-0.61905956,0.0
3079,-0.31872111,0.0
3080,-0.038290392,0.0
3081,0.16295012,0.0
3082,0.30690704,0.0
3083,0.45638709,0.0
3084,0.60855404,0.0
3085,0.69120455,0.0
3086,0.718461,0.0
3087,0.77499159,0.0
3088,0.79547579,0.0
3089,0.79903187,0.0
3090,0.82931814,0.0
3091,0.83110269,0.0
3092,0.86757814,0.0
3093,0.87225631,0.0
3094,0.89223869,0.0
3095,0.88323602,0.0
3096,0.88146402,0.0
3097,0.86968113,0.0
3098,0.87521886,0.0
3099,0.86917561,0.0
3100,0.89521211,0.0
3101,0.8752985,0.0
3102,0.88823149,0.0
3103,0.89223694,0.0
3104,0.90818197,0.0
3105,0.89245677,0.0
3106,0.90170044,0.0
3107,0.894021,0.0
3108,0.88397542,0.0
3109,0.86840271,0.0
3110,0.86832167,0.0
3111,0.84397609,0.0
3112,0.86245412,0.0
3113,0.86785961,0.0
3114,0.93059716,0.0
3115,0.93506838,0.0
3116,0.94149211,0.0
3117,0.93897809,0.0
3118,0.95856477,0.0
3119,0.9779834,0.0
3120,0.94654688,0.0
3121,0.94141624,0.0
3122,0.9290627,0.0
3123,0.93544022,0.0
3124,0.91480567,0.0
3125,0.87187818,0.0
3126,0.87260225,0.0
3127,0.94357787,0.0
3128,0.90302858,0.0
3129,0.95363223,0.0
3130,0.94081825,0.0
3131,0.94001598,0.0
3132,0.94983124,0.0
3133,0.95689569,0.0
3134,0.98249912,0.0
3135,0.95382634,0.0
3136,0.93783783,0.0
3137,0.9327415,0.0
3138,0.91993049,0.0
3139,0.90893497,0.0
3140,0.89975498,0.0
3141,0.90634438,0.0
3142,0.91328854,0.0
3143,0.92036861,0.0
3144,0.92346276,0.0
3145,0.8781592,0.0
3146,0.88698983,0.0
3147,0.8900248,0.0
3148,0.90371083,0.0
3149,0.92294956,0.0
3150,0.9077805,0.0
3151,0.89313403,0.0
3152,0.91598999,0.0
3153,0.90825039,0.0
3154,0.93139642,0.0
3155,0.91270466,0.0
3156,0.87529873,0.0
3157,0.75610842,0.0
3158,0.53857658,0.0
3159,0.22669222,0.0
3160,0.060961209,0.0
3161,-0.061618247,0.0
3162,-0.18729667,0.0
3163,-0.32699221,0.0
3164,-0.40123765,0.0
3165,-0.51725088,0.0
3166,-0.57434013,0.0
3167,-0.66026213,0.0
3168,-0.73990787,0.0
3169,-0.79332798,0.0
3170,-0.8391736,0.0
3171,-0.9167226,0.0
3172,-0.92627074,0.0
3173,-0.97056769,0.0
3174,-0.96204991,0.0
3175,-0.97105936,0.0
3176,-0.92939642,0.0
3177,-0.6044742,0.0
3178,-0.38586703,0.0
3179,-0.14039735,0.0
3180,-0.012193396,0.0
3181,0.10450073,0.0
3182,0.25984628,0.0
3183,0.33022008,0.0
3184,0.425092,0.0
3185,0.49151433,0.0
3186,0.54691343,0.0
3187,0.58775044,0.0
3188,0.61944255,0.0
3189,0.63138566,0.0
3190,0.66621206,0.0
3191,0.70509193,0.0
3192,0.70197587,0.0
3193,0.69406342,0.0
3194,0.69765735,0.0
3195,0.7134586,0.0
3196,0.71010825,0.0
3197,0.732463,0.0
3198,0.74254608,0.0
3199,0.7472876,0.0
3200,0.75085609,0.0
3201,0.79468178,0.0
3202,0.78973053,0.0
3203,0.76606691,0.0
3204,0.74941608,0.0
3205,0.77536108,0.0
3206,0.77032135,0.0
3207,0.76841185,0.0
3208,0.78805491,0.0
3209,0.76808074,0.0
3210,0.75288032,0.0
3211,0.72972601,0.0
3212,0.72694391,0.0
3213,0.73814504,0.0
3214,0.76361719,0.0
3215,0.7530069,0.0
3216,0.74446214,0.0
3217,0.73134869,0.0
3218,0.71175534,0.0
3219,0.7212736,0.0
3220,0.74857372,0.0
3221,0.73705135,0.0
3222,0.76514231,0.0
3223,0.74755751,0.0
3224,0.76005923,0.0
3225,0.73056265,0.0
3226,0.75230223,0.0
3227,0.75142624,0.0
3228,0.72099073,0.0
3229,0.744443,0.0
3230,0.75850283,0.0
3231,0.78958946,0.0
3232,0.79136061,0.0
3233,0.78310407,0.0
3234,0.75023648,0.0
3235,0.78472852,0.0
3236,0.76524961,0.0
3237,0.73790872,0.0
3238,0.73263366,0.0
3239,0.7351894,0.0
3240,0.75009869,0.0
3241,0.7169432,0.0
3242,0.68762507,0.0
3243,0.70161538,0.0
3244,0.71663315,0.0
3245,0.70943473,0.0
3246,0.74527,0.0
3247,0.76458175,0.0
3248,0.70703931,0.0
3249,0.7010048,0.0
3250,0.72104139,0.0
3251,0.7010706,0.0
3252,0.6356891,0.0
3253,0.65400087,0.0
3254,0.66147745,0.0
3255,0.66773156,0.0
3256,0.33277333,0.0
3257,0.15335281,0.0
3258,-0.035778783,0.0
3259,-0.093646547,0.0
3260,-0.19936008,0.0
3261,-0.30754981,0.0
3262,-0.40582721,0.0
3263,-0.47623914,0.0
3264,-0.53783244,0.0
3265,-0.62727348,0.0
3266,-0.65833637,0.0
3267,-0.72672267,0.0
3268,-0.7700812,0.0
3269,-0.80753139,0.0
3270,-0.83561149,0.0
3271,-0.85734362,0.0
3272,-0.90996836,0.0
3273,-0.91397615,0.0
3274,-0.95345889,0.0
3275,-0.60950923,0.0
3276,-0.35009746,0.0
3277,-0.13228878,0.0
3278,0.054996302,0.0
3279,0.21930787,0.0
3280,0.29795764,0.0
3281,0.38311454,0.0
3282,0.46832229,0.0
3283,0.5538989,0.0
3284,0.60667572,0.0
3285,0.66082603,0.0
3286,0.65868746,0.0
3287,0.69722813,0.0
3288,0.7267509,0.0
3289,0.74682829,0.0
3290,0.73773231,0.0
3291,0.74180354,0.0
3292,0.72906023,0.0
3293,0.77747389,0.0
3294,0.76011184,0.0
3295,0.75030751,0.0
3296,0.73690268,0.0
3297,0.76568555,0.0
3298,0.73295935,0.0
3299,0.75189532,0.0
3300,0.73982425,0.0
3301,0.72918269,0.0
3302,0.75667064,0.0
3303,0.76762548,0.0
3304,0.76981797,0.0
3305,0.81750984,0.0
3306,0.81481558,0.0
3307,0.79254699,0.0
3308,0.77536093,0.0
3309,0.77833618,0.0
3310,0.78471814,0.0
3311,0.79606514,0.0
3312,0.82136748,0.0
3313,0.83399675,0.0
3314,0.83610687,0.0
3315,0.79265096,0.0
3316,0.83081804,0.0
3317,0.76965139,0.0
3318,0.77545505,0.0
3319,0.77033923,0.0
3320,0.76965566,0.0
3321,0.75131156,0.0
3322,0.72742473,0.0
3323,0.75070157,0.0
3324,0.70850582,0.0
3325,0.72357901,0.0
3326,0.71546278,0.0
3327,0.71942455,0.0
3328,0.71020087,0.0
3329,0.69781822,0.0
3330,0.70355117,0.0
3331,0.70582924,0.0
3332,0.67887337,0.0
3333,0.69155938,0.0
3334,0.66722614,0.0
3335,0.67933168,0.0
3336,0.67308097,0.0
3337,0.67002653,0.0
3338,0.66447352,0.0
3339,0.66058025,0.0
3340,0.64645984,0.0
3341,0.65340804,0.0
3342,0.66690414,0.0
3343,0.64327921,0.0
3344,0.62949627,0.0
3345,0.65444663,0.0
3346,0.66782273,0.0
3347,0.65253117,0.0
3348,0.61410618,0.0
3349,0.60130097,0.0
3350,0.64679571,0.0
3351,0.65223942,0.0
3352,0.62296795,0.0
3353,0.60783132,0.0
3354,0.40974929,0.0
3355,0.1607487,0.0
3356,-0.0064622306,0.0
3357,-0.18800104,0.0
3358,-0.30659322,0.0
3359,-0.41887071,0.0
3360,-0.49679478,0.0
3361,-0.5789293,0.0
3362,-0.70176625,0.0
3363,-0.78771362,0.0
3364,-0.8268372,0.0
3365,-0.86143292,0.0
3366,-0.89712247,0.0
3367,-0.95186594,0.0
3368,-0.95752905,0.0
3369,-0.99260995,0.0
3370,-0.98178953,0.0
3371,-1.0154588,0.0
3372,-0.98863511,0.0
3373,-0.73175764,0.0
3374,-0.44707606,0.0
3375,-0.21102642,0.0
3376,0.04406839,0.0
3377,0.18854729,0.0
3378,0.3262911,0.0
3379,0.38031195,0.0
3380,0.49628128,0.0
3381,0.58669744,0.0
3382,0.63944543,0.0
3383,0.68001317,0.0
3384,0.70668778,0.0
3385,0.77258794,0.0
3386,0.80617971,0.0
3387,0.8055167,0.0
3388,0.81367192,0.0
3389,0.84838261,0.0
3390,0.86442933,0.0
3391,0.88560929,0.0
3392,0.91382714,0.0
3393,0.92066983,0.0
3394,0.95541226,0.0
3395,0.92204302,0.0
3396,0.89144801,0.0
3397,0.88707463,0.0
3398,0.94218359,0.0
3399,0.9608296,0.0
3400,0.95700435,0.0
3401,0.94222262,0.0
3402,0.95450647,0.0
3403,0.94403566,0.0
3404,0.97840665,0.0
3405,0.97047952,0.0
3406,0.96997628,0.0
3407,0.97903028,0.0
3408,1.017862,0.0
3409,1.0124244,0.0
3410,0.99517895,0.0
3411,1.0101477,0.0
3412,0.9895996,0.0
3413,1.0205276,0.0
3414,1.0046783,0.0
3415,0.94836132,0.0
3416,0.95147956,0.0
3417,0.95103982,0.0
3418,0.94305614,0.0
3419,0.93379991,0.0
3420,0.90720619,0.0
3421,0.90872041,0.0
3422,0.9081959,0.0
3423,0.87697638,0.0
3424,0.85703019,0.0
3425,0.85632184,0.0
3426,0.86270184,0.0
3427,0.85574369,0.0
3428,0.88436435,0.0
3429,0.86425541,0.0
3430,0.89398939,0.0
3431,0.82488701,0.0
3432,0.85817232,0.0
3433,0.84153047,0.0
3434,0.82002397,0.0
3435,0.83883361,0.0
3436,0.77664965,0.0
3437,0.74584799,0.0
3438,0.75239478,0.0
3439,0.79149796,0.0
3440,0.75150208,0.0
3441,0.74665555,0.0
3442,0.74204804,0.0
3443,0.74083255,0.0
3444,0.75811453,0.0
3445,0.75180942,0.0
3446,0.75149759,0.0
3447,0.74767212,0.0
3448,0.7985773,0.0
3449,0.77252991,0.0
3450,0.73601315,0.0
3451,0.75876529,0.0
3452,0.63685818,0.0
3453,0.41411442,0.0
3454,0.21519711,0.0
3455,0.013466025,0.0
3456,-0.14646352,0.0
3457,-0.26171955,0.0
3458,-0.40285685,0.0
3459,-0.52967529,0.0
3460,-0.62636748,0.0
3461,-0.66970653,0.0
3462,-0.72037429,0.0
3463,-0.78355934,0.0
3464,-0.86300719,0.0
3465,-0.89273845,0.0
3466,-0.89770808,0.0
3467,-0.91845094,0.0
3468,-0.96771791,0.0
3469,-1.0051245,0.0
3470,-0.97680553,0.0
3471,-0.91633548,0.0
3472,-0.65190063,0.0
3473,-0.37348397,0.0
3474,-0.15241193,0.0
3475,0.081789903,0.0
3476,0.21529026,0.0
3477,0.25491625,0.0
3478,0.32167571,0.0
3479,0.38512939,0.0
3480,0.52087222,0.0
3481,0.5343041,0.0
3482,0.57744767,0.0
3483,0.56792755,0.0
3484,0.57935466,0.0
3485,0.60674578,0.0
3486,0.6252825,0.0
3487,0.63132789,0.0
3488,0.62393655,0.0
3489,0.63161889,0.0
3490,0.64119198,0.0
3491,0.65080727,0.0
3492,0.6670723,0.0
3493,0.69466517,0.0
3494,0.69966144,0.0
3495,0.70901758,0.0
3496,0.72284865,0.0
3497,0.73273303,0.0
3498,0.7394611,0.0
3499,0.7248807,0.0
3500,0.72542845,0.0
3501,0.7188211,0.0
3502,0.72932065,0.0
3503,0.73386396,0.0
3504,0.6997052,0.0
3505,0.71714451,0.0
3506,0.75954383,0.0
3507,0.76442325,0.0
3508,0.8210053,0.0
3509,0.78827112,0.0
3510,0.78237724,0.0
3511,0.80174249,0.0
3512,0.80360583,0.0
3513,0.78813641,0.0
3514,0.7936584,0.0
3515,0.78887421,0.0
3516,0.79483729,0.0
3517,0.79228653,0.0
3518,0.77932693,0.0
3519,0.77805504,0.0
3520,0.77855568,0.0
3521,0.74416269,0.0
3522,0.76756169,0.0
3523,0.77163392,0.0
3524,0.78667789,0.0
3525,0.82741137,0.0
3526,0.83257445,0.0
3527,0.81377327,0.0
3528,0.81803059,0.0
3529,0.82383647,0.0
3530,0.83279698,0.0
3531,0.77789842,0.0
3532,0.78323099,0.0
3533,0.75453741,0.0
3534,0.76404223,0.0
3535,0.79055966,0.0
3536,0.77763362,0.0
3537,0.78098292,0.0
3538,0.80889691,0.0
3539,0.79691265,0.0
3540,0.8068096,0.0
3541,0.78998273,0.0
3542,0.77092799,0.0
3543,0.7567031,0.0
3544,0.74517201,0.0
3545,0.72574342,0.0
3546,0.71110178,0.0
3547,0.71408985,0.0
3548,0.69911561,0.0
3549,0.68435205,0.0
3550,0.67360208,0.0
3551,0.44678968,0.0
3552,0.20678466,0.0
3553,0.027979159,0.0
3554,-0.10989998,0.0
3555,-0.20142101,0.0
3556,-0.33793752,0.0
3557,-0.4345874,0.0
3558,-0.52842169,0.0
3559,-0.61440417,0.0
3560,-0.67859438,0.0
3561,-0.73952201,0.0
3562,-0.81448053,0.0
3563,-0.86732382,0.0
3564,-0.91393311,0.0
3565,-0.95107812,0.0
3566,-0.98513787,0.0
3567,-1.0223597,0.0
3568,-1.0613031,0.0
3569,-1.0564205,0.0
3570,-0.84354365,0.0
3571,-0.54129505,0.0
3572,-0.31747183,0.0
3573,-0.12515928,0.0
3574,0.031311886,0.0
3575,0.16941025,0.0
3576,0.19898236,0.0
3577,0.29451257,0.0
3578,0.38114638,0.0
3579,0.40473422,0.0
3580,0.41673706,0.0
3581,0.4581178,0.0
3582,0.50931651,0.0
3583,0.55622218,0.0
3584,0.58282199,0.0
3585,0.5943609,0.0
3586,0.61051649,0.0
3587,0.59235775,0.0
3588,0.58827404,0.0
3589,0.58682419,0.0
3590,0.60588233,0.0
3591,0.61073661,0.0
3592,0.63547788,0.0
3593,0.63986112,0.0
3594,0.64525879,0.0
3595,0.66483563,0.0
3596,0.64927131,0.0
3597,0.67673452,0.0
3598,0.66909424,0.0
3599,0.68827191,0.0
3600,0.70099537,0.0
3601,0.69441013,0.0
3602,0.7025425,0.0
3603,0.73570469,0.0
3604,0.77033483,0.0
3605,0.76264105,0.0
3606,0.74028942,0.0
3607,0.75495739,0.0
3608,0.73220828,0.0
3609,0.72459319,0.0
3610,0.7217036,0.0
3611,0.73798522,0.0
3612,0.77091052,0.0
3613,0.76778377,0.0
3614,0.76593488,0.0
3615,0.79444835,0.0
3616,0.77737639,0.0
3617,0.80818256,0.0
3618,0.81081063,0.0
3619,0.80514899,0.0
3620,0.82982258,0.0
3621,0.82778812,0.0
3622,0.81192581,0.0
3623,0.82516179,0.0
3624,0.84420867,0.0
3625,0.85103553,0.0
3626,0.87181883,0.0
3627,0.87237743,0.0
3628,0.86225429,0.0
3629,0.87021322,0.0
3630,0.87483099,0.0
3631,0.87286769,0.0
3632,0.89010941,0.0
3633,0.88578792,0.0
3634,0.88512636,0.0
3635,0.83404004,0.0
3636,0.8493252,0.0
3637,0.85220768,0.0
3638,0.87194541,0.0
3639,0.85803457,0.0
3640,0.85445427,0.0
3641,0.83258427,0.0
3642,0.82131618,0.0
3643,0.80650825,0.0
3644,0.83656008,0.0
3645,0.8146329,0.0
3646,0.80215093,0.0
3647,0.79497884,0.0
3648,0.77540016,0.0
3649,0.64548003,0.0
3650,0.38647631,0.0
3651,0.20416373,0.0
3652,0.049427871,0.0
3653,-0.078814867,0.0
3654,-0.24278417,0.0
3655,-0.34233594,0.0
3656,-0.46596626,0.0
3657,-0.51669205,0.0
3658,-0.58045194,0.0
3659,-0.60531047,0.0
3660,-0.68044556,0.0
3661,-0.7317881,0.0
3662,-0.73204676,0.0
3663,-0.7672087,0.0
3664,-0.80078374,0.0
3665,-0.84903049,0.0
3666,-0.86605282,0.0
3667,-0.89557299,0.0
3668,-0.79936836,0.0
3669,-0.5451029,0.0
3670,-0.26748162,0.0
3671,-0.064120223,0.0
3672,0.13975885,0.0
3673,0.27861278,0.0
3674,0.34680183,0.0
3675,0.42461242,0.0
3676,0.48841254,0.0
3677,0.52202663,0.0
3678,0.62282944,0.0
3679,0.65624306,0.0
3680,0.69591213,0.0
3681,0.70570949,0.0
3682,0.7366669,0.0
3683,0.76412234,0.0
3684,0.75426429,0.0
3685,0.75464203,0.0
3686,0.75387637,0.0
3687,0.72391457,0.0
3688,0.75518716,0.0
3689,0.77843409,0.0
3690,0.81532429,0.0
3691,0.81492706,0.0
3692,0.8029393,0.0
3693,0.79883909,0.0
3694,0.80721225,0.0
3695,0.7844617,0.0
3696,0.80107907,0.0
3697,0.80523509,0.0
3698,0.77433698,0.0
3699,0.80248506,0.0
3700,0.77652233,0.0
3701,0.77433034,0.0
3702,0.77283306,0.0
3703,0.81090648,0.0
3704,0.81689048,0.0
3705,0.81979104,0.0
3706,0.80786939,0.0
3707,0.82750684,0.0
3708,0.80257401,0.0
3709,0.81629205,0.0
3710,0.80017123,0.0
3711,0.82653785,0.0
3712,0.8112034,0.0
3713,0.80201104,0.0
3714,0.8369452,0.0
3715,0.85063566,0.0
3716,0.83188366,0.0
3717,0.83831084,0.0
3718,0.79727461,0.0
3719,0.7806246,0.0
3720,0.78852435,0.0
3721,0.77748195,0.0
3722,0.8040351,0.0
3723,0.80038649,0.0
3724,0.7909203,0.0
3725,0.79792431,0.0
3726,0.79000724,0.0
3727,0.80470914,0.0
3728,0.83480032,0.0
3729,0.84122649,0.0
3730,0.81846633,0.0
3731,0.77571206,0.0
3732,0.79107884,0.0
3733,0.7510645,0.0
3734,0.73898939,0.0
3735,0.75172092,0.0
3736,0.75856829,0.0
3737,0.77316218,0.0
3738,0.76514992,0.0
3739,0.7584043,0.0
3740,0.74878058,0.0
3741,0.7169751,0.0
3742,0.70474689,0.0
3743,0.72397668,0.0
3744,0.74509092,0.0
3745,0.73578944,0.0
3746,0.75381761,0.0
3747,0.7165196,0.0
3748,0.49240827,0.0
3749,0.27537217,0.0
3750,0.10615289,0.0
3751,-0.0056064645,0.0
3752,-0.14930664,0.0
3753,-0.24448039,0.0
3754,-0.35435203,0.0
3755,-0.47827953,0.0
3756,-0.533193,0.0
3757,-0.59387593,0.0
3758,-0.68757463,0.0
3759,-0.71177723,0.0
3760,-0.74778941,0.0
3761,-0.78678788,0.0
3762,-0.84542691,0.0
3763,-0.86714392,0.0
3764,-0.9107509,0.0
3765,-0.95100008,0.0
3766,-0.96438515,0.0
3767,-0.68873008,0.0
3768,-0.48485746,0.0
3769,-0.23461351,0.0
3770,-0.016519314,0.0
3771,0.091791319,0.0
3772,0.20288364,0.0
3773,0.32787744,0.0
3774,0.37207472,0.0
3775,0.48198611,0.0
3776,0.5283006,0.0
3777,0.56339841,0.0
3778,0.59485487,0.0
3779,0.61387594,0.0
3780,0.65674148,0.0
3781,0.64021944,0.0
3782,0.67206123,0.0
3783,0.70326397,0.0
3784,0.76133849,0.0
3785,0.73077777,0.0
3786,0.75127525,0.0
3787,0.786154,0.0
3788,0.73583343,0.0
3789,0.77857327,0.0
3790,0.77219621,0.0
3791,0.75818542,0.0
3792,0.76746,0.0
3793,0.81046022,0.0
3794,0.79126347,0.0
3795,0.82883737,0.0
3796,0.82086107,0.0
3797,0.81860679,0.0
3798,0.8263553,0.0
3799,0.81172843,0.0
3800,0.82754232,0.0
3801,0.82714372,0.0
3802,0.82240421,0.0
3803,0.79022726,0.0
3804,0.80444007,0.0
3805,0.79922616,0.0
3806,0.81468366,0.0
3807,0.80223766,0.0
3808,0.81269027,0.0
3809,0.82907071,0.0
3810,0.81022203,0.0
3811,0.81700234,0.0
3812,0.79859453,0.0
3813,0.81121643,0.0
3814,0.78452473,0.0
3815,0.787463,0.0
3816,0.78157665,0.0
3817,0.75378061,0.0
3818,0.780196,0.0
3819,0.78240433,0.0
3820,0.79149337,0.0
3821,0.78128411,0.0
3822,0.79077817,0.0
3823,0.84855137,0.0
3824,0.84023316,0.0
3825,0.83924532,0.0
3826,0.84575938,0.0
3827,0.80495927,0.0
3828,0.79063516,0.0
3829,0.7811122,0.0
3830,0.77271139,0.0
3831,0.77630318,0.0
3832,0.76269379,0.0
3833,0.78084709,0.0
3834,0.76249038,0.0
3835,0.75013053,0.0
3836,0.74847421,0.0
3837,0.76426853,0.0
3838,0.72929231,0.0
3839,0.75582441,0.0
3840,0.75142208,0.0
3841,0.74132483,0.0
3842,0.74206462,0.0
3843,0.76265543,0.0
3844,0.70054806,0.0
3845,0.71330289,0.0
3846,0.55702515,0.0
3847,0.31386627,0.0
3848,0.10293355,0.0
3849,-0.048349229,0.0
3850,-0.19211532,0.0
3851,-0.3138177,0.0
3852,-0.42719108,0.0
3853,-0.52553722,0.0
3854,-0.58310298,0.0
3855,-0.64512601,0.0
3856,-0.72772447,0.0
3857,-0.80337906,0.0
3858,-0.85894586,0.0
3859,-0.89791794,0.0
3860,-0.93722429,0.0
3861,-0.95979476,0.0
3862,-0.98124611,0.0
3863,-1.0161728,0.0
3864,-1.0215027,0.0
3865,-0.91223307,0.0
3866,-0.55353427,0.0
3867,-0.3524368,0.0
3868,-0.082952916,0.0
3869,0.11222741,0.0
3870,0.2404393,0.0
3871,0.36017876,0.0
3872,0.42167692,0.0
3873,0.49643602,0.0
3874,0.5380387,0.0
3875,0.57446735,0.0
3876,0.62524751,0.0
3877,0.64136702,0.0
3878,0.70401608,0.0
3879,0.75990275,0.0
3880,0.72084595,0.0
3881,0.73173121,0.0
3882,0.76100893,0.0
3883,0.77752011,0.0
3884,0.75294808,0.0
3885,0.78586873,0.0
3886,0.78944012,0.0
3887,0.82537616,0.0
3888,0.83285968,0.0
3889,0.81737553,0.0
3890,0.80840341,0.0
3891,0.80575091,0.0
3892,0.82452965,0.0
3893,0.81350044,0.0
3894,0.82361768,0.0
3895,0.79156897,0.0
3896,0.7907782,0.0
3897,0.77015867,0.0
3898,0.75866452,0.0
3899,0.7712965,0.0
3900,0.79066753,0.0
3901,0.80301569,0.0
3902,0.80135583,0.0
3903,0.80823408,0.0
3904,0.82217168,0.0
3905,0.83082434,0.0
3906,0.84120942,0.0
3907,0.80403433,0.0
3908,0.83761455,0.0
3909,0.83996757,0.0
3910,0.82944575,0.0
3911,0.82865927,0.0
3912,0.83427292,0.0
3913,0.83837983,0.0
3914,0.82058518,0.0
3915,0.77962647,0.0
3916,0.75475487,0.0
3917,0.74727297,0.0
3918,0.7876171,0.0
3919,0.7571453,0.0
3920,0.74394465,0.0
3921,0.75929233,0.0
3922,0.73924392,0.0
3923,0.71354068,0.0
3924,0.70049243,0.0
3925,0.70711456,0.0
3926,0.71230501,0.0
3927,0.71219038,0.0
3928,0.72119415,0.0
3929,0.7015345,0.0
3930,0.68603365,0.0
3931,0.6765743,0.0
3932,0.66345099,0.0
3933,0.65580976,0.0
3934,0.64236284,0.0
3935,0.68110994,0.0
3936,0.65420074,0.0
3937,0.62741672,0.0
3938,0.61324089,0.0
3939,0.63365651,0.0
3940,0.67085655,0.0
3941,0.66690377,0.0
3942,0.65445283,0.0
3943,0.63384094,0.0
3944,0.62215626,0.0
3945,0.41211886,0.0
3946,0.21295168,0.0
3947,0.027615136,0.0
3948,-0.12369435,0.0
3949,-0.23891233,0.0
3950,-0.37007794,0.0
3951,-0.48813538,0.0
3952,-0.59997109,0.0
3953,-0.65535931,0.0
3954,-0.71225144,0.0
3955,-0.76638402,0.0
3956,-0.83597494,0.0
3957,-0.86239479,0.0
3958,-0.88286639,0.0
3959,-0.93806192,0.0
3960,-0.92462592,0.0
3961,-0.94585696,0.0
3962,-0.95176892,0.0
3963,-0.9574576,0.0
3964,-0.64178399,0.0
3965,-0.44830484,0.0
3966,-0.20050116,0.0
3967,-0.037286679,0.0
3968,0.19085134,0.0
3969,0.31019722,0.0
3970,0.35399753,0.0
3971,0.42729831,0.0
3972,0.53782646,0.0
3973,0.56696825,0.0
3974,0.64461592,0.0
3975,0.65289609,0.0
3976,0.70313793,0.0
3977,0.70020076,0.0
3978,0.71144427,0.0
3979,0.6755704,0.0
3980,0.71846396,0.0
3981,0.75123131,0.0
3982,0.76591976,0.0
3983,0.80038423,0.0
3984,0.78819862,0.0
3985,0.79808409,0.0
3986,0.78497575,0.0
3987,0.77445247,0.0
3988,0.78844096,0.0
3989,0.78901735,0.0
3990,0.79881303,0.0
3991,0.77224201,0.0
3992,0.7735489,0.0
3993,0.80105188,0.0
3994,0.82247803,0.0
3995,0.83915494,0.0
3996,0.83618958,0.0
3997,0.80163099,0.0
3998,0.79588167,0.0
3999,0.82322235,0.0
4000,0.83438915,0.0
4001,0.85217309,0.0
4002,0.87525626,0.0
4003,0.90568683,0.0
4004,0.88127643,0.0
4005,0.87993304,0.0
4006,0.88841179,0.0
4007,0.89110021,0.0
4008,0.87399958,0.0
4009,0.85745467,0.0
4010,0.88768558,0.0
4011,0.85974566,0.0
4012,0.84127269,0.0
4013,0.82309581,0.0
4014,0.8396515,0.0
4015,0.86520677,0.0
4016,0.85424148,0.0
4017,0.88990097,0.0
4018,0.88192013,0.0
4019,0.87938605,0.0
4020,0.87772919,0.0
4021,0.90147332,0.0
4022,0.8953003,0.0
4023,0.85863469,0.0
4024,0.86827289,0.0
4025,0.86410699,0.0
4026,0.88896269,0.0
4027,0.82455602,0.0
4028,0.85471587,0.0
4029,0.81893058,0.0
4030,0.85309529,0.0
4031,0.82919242,0.0
4032,0.81864797,0.0
4033,0.81866168,0.0
4034,0.78116008,0.0
4035,0.81145164,0.0
4036,0.82172241,0.0
4037,0.80614254,0.0
4038,0.85733718,0.0
4039,0.81974299,0.0
4040,0.81630314,0.0
4041,0.79719059,0.0
4042,0.8144295,0.0
4043,0.67219281,0.0
4044,0.44155764,0.0
4045,0.28079115,0.0
4046,0.12945577,0.0
4047,0.019480265,0.0
4048,-0.07993344,0.0
4049,-0.18275762,0.0
4050,-0.28475469,0.0
4051,-0.38343952,0.0
4052,-0.45443152,0.0
4053,-0.51965658,0.0
4054,-0.58203802,0.0
4055,-0.59907464,0.0
4056,-0.6338229,0.0
4057,-0.71152712,0.0
4058,-0.73678334,0.0
4059,-0.7867189,0.0
4060,-0.82231064,0.0
4061,-0.8350428,0.0
4062,-0.70221583,0.0
4063,-0.38765336,0.0
4064,-0.11959504,0.0
4065,0.034587876,0.0
4066,0.19346387,0.0
4067,0.30603153,0.0
4068,0.40759494,0.0
4069,0.46378118,0.0
4070,0.5511979,0.0
4071,0.59118684,0.0
4072,0.6124543,0.0
4073,0.63232927,0.0
4074,0.64615021,0.0
4075,0.64679695,0.0
4076,0.65624601,0.0
4077,0.63372176,0.0
4078,0.63871572,0.0
4079,0.65335446,0.0
4080,0.67684006,0.0
4081,0.6756012,0.0
4082,0.67594799,0.0
4083,0.68293529,0.0
4084,0.6955425,0.0
4085,0.73438124,0.0
4086,0.73722456,0.0
4087,0.71765694,0.0
4088,0.72564414,0.0
4089,0.71013119,0.0
4090,0.71508077,0.0
4091,0.70518025,0.0
4092,0.69830966,0.0
4093,0.70874844,0.0
4094,0.72261358,0.0
4095,0.68859344,0.0
4096,0.66551132,0.0
4097,0.66497322,0.0
4098,0.65319676,0.0
4099,0.6535147,0.0
4100,0.62693837,0.0
4101,0.66843701,0.0
4102,0.6705061,0.0
4103,0.68975055,0.0
4104,0.68680448,0.0
4105,0.67767868,0.0
4106,0.67904598,0.0
4107,0.6746914,0.0
4108,0.67250889,0.0
4109,0.66447005,0.0
4110,0.67626407,0.0
4111,0.68974829,0.0
4112,0.70645773,0.0
4113,0.71737696,0.0
4114,0.68035893,0.0
4115,0.71798949,0.0
4116,0.71723035,0.0
4117,0.69995516,0.0
4118,0.69739755,0.0
4119,0.7171194,0.0
4120,0.76022498,0.0
4121,0.75499101,0.0
4122,0.7945746,0.0
4123,0.79388279,0.0
4124,0.82696309,0.0
4125,0.85535712,0.0
4126,0.85651616,0.0
4127,0.83103254,0.0
4128,0.83465536,0.0
4129,0.89863365,0.0
4130,0.8727044,0.0
4131,0.88389373,0.0
4132,0.88495365,0.0
4133,0.8853621,0.0
4134,0.8909858,0.0
4135,0.8621322,0.0
4136,0.8517305,0.0
4137,0.88538755,0.0
4138,0.83288851,0.0
4139,0.83236363,0.0
4140,0.847617,0.0
4141,0.79260504,0.0
4142,0.54392146,0.0
4143,0.32136369,0.0
4144,0.14225811,0.0
4145,-0.025701059,0.0
4146,-0.14919886,0.0
4147,-0.23463536,0.0
4148,-0.36927044,0.0
4149,-0.46390624,0.0
4150,-0.56256934,0.0
4151,-0.61643094,0.0
4152,-0.68183238,0.0
4153,-0.76139581,0.0
4154,-0.83555228,0.0
4155,-0.87332157,0.0
4156,-0.90735007,0.0
4157,-0.91920219,0.0
4158,-0.94088691,0.0
4159,-0.96555941,0.0
4160,-0.96649536,0.0
4161,-0.61131282,0.0
4162,-0.39049183,0.0
4163,-0.17377386,0.0
4164,0.03713967,0.0
4165,0.18076713,0.0
4166,0.2640315,0.0
4167,0.29947505,0.0
4168,0.4242265,0.0
4169,0.50427979,0.0
4170,0.51603563,0.0
4171,0.51122267,0.0
4172,0.55536245,0.0
4173,0.55070399,0.0
4174,0.54152652,0.0
4175,0.53792498,0.0
4176,0.57325042,0.0
4177,0.57629916,0.0
4178,0.61354292,0.0
4179,0.62789615,0.0
4180,0.61039753,0.0
4181,0.60407793,0.0
4182,0.5813731,0.0
4183,0.59372418,0.0
4184,0.5930064,0.0
4185,0.59109107,0.0
4186,0.59479318,0.0
4187,0.60672532,0.0
4188,0.59488211,0.0
4189,0.62143406,0.0
4190,0.6501857,0.0
4191,0.643652,0.0
4192,0.66998892,0.0
4193,0.65977553,0.0
4194,0.71286229,0.0
4195,0.70562489,0.0
4196,0.70363402,0.0
4197,0.70404245,0.0
4198,0.74936188,0.0
4199,0.78993867,0.0
4200,0.84132136,0.0
4201,0.84020676,0.0
4202,0.85145562,0.0
4203,0.83137273,0.0
4204,0.88510055,0.0
4205,0.88002435,0.0
4206,0.9029413,0.0
4207,0.88125094,0.0
4208,0.87911963,0.0
4209,0.90693634,0.0
4210,0.89626923,0.0
4211,0.91189088,0.0
4212,0.8578834,0.0
4213,0.87877843,0.0
4214,0.8775642,0.0
4215,0.84837189,0.0
4216,0.86558536,0.0
4217,0.91308382,0.0
4218,0.93481516,0.0
4219,0.9034604,0.0
4220,0.89859715,0.0
4221,0.87112957,0.0
4222,0.87253039,0.0
4223,0.8689202,0.0
4224,0.83858233,0.0
4225,0.83290263,0.0
4226,0.84131971,0.0
4227,0.82817996,0.0
4228,0.83245608,0.0
4229,0.82372833,0.0
4230,0.82317881,0.0
4231,0.81909028,0.0
4232,0.83547962,0.0
4233,0.84708811,0.0
4234,0.84811102,0.0
4235,0.82265354,0.0
4236,0.84311648,0.0
4237,0.80018646,0.0
4238,0.78887378,0.0
4239,0.75892958,0.0
4240,0.61858816,0.0
4241,0.3633137,0.0
4242,0.22300866,0.0
4243,0.059069891,0.0
4244,-0.081772173,0.0
4245,-0.17312166,0.0
4246,-0.27545899,0.0
4247,-0.35942772,0.0
4248,-0.46354338,0.0
4249,-0.54813343,0.0
4250,-0.65075197,0.0
4251,-0.72287054,0.0
4252,-0.79265501,0.0
4253,-0.85120931,0.0
4254,-0.87915108,0.0
4255,-0.9198872,0.0
4256,-0.95257887,0.0
4257,-0.98310631,0.0
4258,-0.98230201,0.0
4259,-0.84377899,0.0
4260,-0.58545845,0.0
4261,-0.3179647,0.0
4262,-0.10013695,0.0
4263,0.11101002,0.0
4264,0.17816697,0.0
4265,0.30317178,0.0
4266,0.3606454,0.0
4267,0.47432394,0.0
4268,0.51752367,0.0
4269,0.53169915,0.0
4270,0.57789815,0.0
4271,0.60503057,0.0
4272,0.64611612,0.0
4273,0.70627976,0.0
4274,0.75806948,0.0
4275,0.74297423,0.0
4276,0.75316484,0.0
4277,0.73629812,0.0
4278,0.74211753,0.0
4279,0.73462234,0.0
4280,0.74705007,0.0
4281,0.74916471,0.0
4282,0.75914451,0.0
4283,0.76706019,0.0
4284,0.75895664,0.0
4285,0.77010486,0.0
4286,0.80887646,0.0
4287,0.82256835,0.0
4288,0.82994861,0.0
4289,0.84436645,0.0
4290,0.86275195,0.0
4291,0.84981661,0.0
4292,0.84760074,0.0
4293,0.81574487,0.0
4294,0.82616277,0.0
4295,0.80567205,0.0
4296,0.77442057,0.0
4297,0.78421766,0.0
4298,0.77547398,0.0
4299,0.79219499,0.0
4300,0.79566482,0.0
4301,0.79206775,0.0
4302,0.82878803,0.0
4303,0.82103566,0.0
4304,0.8206971,0.0
4305,0.81217661,0.0
4306,0.80516793,0.0
4307,0.82798963,0.0
4308,0.84305609,0.0
4309,0.81745169,0.0
4310,0.80200177,0.0
4311,0.81078515,0.0
4312,0.8159629,0.0
4313,0.85307604,0.0
4314,0.83658256,0.0
4315,0.87203896,0.0
4316,0.87513123,0.0
4317,0.86063432,0.0
4318,0.85246779,0.0
4319,0.83356274,0.0
4320,0.85213037,0.0
4321,0.82012257,0.0
4322,0.85253803,0.0
4323,0.82203225,0.0
4324,0.81324968,0.0
4325,0.77146042,0.0
4326,0.76999396,0.0
4327,0.77092989,0.0
4328,0.75333647,0.0
4329,0.74222194,0.0
4330,0.75358502,0.0
4331,0.74948787,0.0
4332,0.76459032,0.0
4333,0.7487982,0.0
4334,0.73050389,0.0
4335,0.7413895,0.0
4336,0.75685471,0.0
4337,0.70610088,0.0
4338,0.6143345,0.0
4339,0.41564481,0.0
4340,0.18864903,0.0
4341,0.029797201,0.0
4342,-0.077160463,0.0
4343,-0.18624611,0.0
4344,-0.29685142,0.0
4345,-0.3704865,0.0
4346,-0.45554382,0.0
4347,-0.52124569,0.0
4348,-0.56596531,0.0
4349,-0.64944911,0.0
4350,-0.71514908,0.0
4351,-0.76663792,0.0
4352,-0.81811594,0.0
4353,-0.8410786,0.0
4354,-0.86381127,0.0
4355,-0.8967411,0.0
4356,-0.91170432,0.0
4357,-0.94025771,0.0
4358,-0.55567249,0.0
4359,-0.35039249,0.0
4360,-0.13821901,0.0
4361,0.066459369,0.0
4362,0.22447723,0.0
4363,0.2829365,0.0
4364,0.36750237,0.0
4365,0.4303481,0.0
4366,0.5331516,0.0
4367,0.57766861,0.0
4368,0.61058095,0.0
4369,0.63636774,0.0
4370,0.6602073,0.0
4371,0.68112252,0.0
4372,0.72110493,0.0
4373,0.71517543,0.0
4374,0.72994018,0.0
4375,0.73220726,0.0
4376,0.76040529,0.0
4377,0.76284582,0.0
4378,0.77624223,0.0
4379,0.77921751,0.0
4380,0.76417478,0.0
4381,0.7516807,0.0
4382,0.76046052,0.0
4383,0.77043272,0.0
4384,0.79768164,0.0
4385,0.79759475,0.0
4386,0.79224936,0.0
4387,0.80016682,0.0
4388,0.8083178,0.0
4389,0.81188576,0.0
4390,0.82041049,0.0
4391,0.83373883,0.0
4392,0.84287553,0.0
4393,0.81627271,0.0
4394,0.82194405,0.0
4395,0.84517408,0.0
4396,0.83803782,0.0
4397,0.83197505,0.0
4398,0.82884695,0.0
4399,0.83387008,0.0
4400,0.80841613,0.0
4401,0.82074761,0.0
4402,0.83006406,0.0
4403,0.85791512,0.0
4404,0.83106125,0.0
4405,0.83044886,0.0
4406,0.83437233,0.0
4407,0.84146976,0.0
4408,0.88836565,0.0
4409,0.86663314,0.0
4410,0.87435468,0.0
4411,0.87744105,0.0
4412,0.87144348,0.0
4413,0.86980952,0.0
4414,0.85740372,0.0
4415,0.84079196,0.0
4416,0.84313603,0.0
4417,0.81718886,0.0
4418,0.81539489,0.0
4419,0.81043762,0.0
4420,0.83134354,0.0
4421,0.82919488,0.0
4422,0.82041877,0.0
4423,0.82605165,0.0
4424,0.81790238,0.0
4425,0.83789119,0.0
4426,0.82400767,0.0
4427,0.84898288,0.0
4428,0.83673399,0.0
4429,0.84259866,0.0
4430,0.86257912,0.0
4431,0.87241205,0.0
4432,0.90129338,0.0
4433,0.8923397,0.0
4434,0.90891331,0.0
4435,0.87447916,0.0
4436,0.84720495,0.0
4437,0.65063252,0.0
4438,0.39759107,0.0
4439,0.21094447,0.0
4440,0.050986417,0.0
4441,-0.078856052,0.0
4442,-0.18739624,0.0
4443,-0.29675611,0.0
4444,-0.39520527,0.0
4445,-0.43864606,0.0
4446,-0.53680335,0.0
4447,-0.59084687,0.0
4448,-0.65752943,0.0
4449,-0.69360692,0.0
4450,-0.75507307,0.0
4451,-0.75038047,0.0
4452,-0.7850839,0.0
4453,-0.85567804,0.0
4454,-0.8950211,0.0
4455,-0.89584998,0.0
4456,-0.66273201,0.0
4457,-0.45571038,0.0
4458,-0.1791072,0.0
4459,-0.0068631374,0.0
4460,0.17971881,0.0
4461,0.31225431,0.0
4462,0.36621598,0.0
4463,0.49251605,0.0
4464,0.55577326,0.0
4465,0.63493135,0.0
4466,0.6662316,0.0
4467,0.67532131,0.0
4468,0.71069047,0.0
4469,0.74340698,0.0
4470,0.76139859,0.0
4471,0.75377565,0.0
4472,0.75154006,0.0
4473,0.76690276,0.0
4474,0.77124655,0.0
4475,0.7821036,0.0
4476,0.78491447,0.0
4477,0.78819051,0.0
4478,0.77243578,0.0
4479,0.79099242,0.0
4480,0.80427377,0.0
4481,0.77708544,0.0
4482,0.78126036,0.0
4483,0.78957419,0.0
4484,0.76861282,0.0
4485,0.7566151,0.0
4486,0.77963544,0.0
4487,0.7812263,0.0
4488,0.7974357,0.0
4489,0.80699754,0.0
4490,0.84139248,0.0
4491,0.86993163,0.0
4492,0.83994049,0.0
4493,0.83528108,0.0
4494,0.87916436,0.0
4495,0.90997813,0.0
4496,0.86337286,0.0
4497,0.87929219,0.0
4498,0.88182416,0.0
4499,0.90213507,0.0
4500,0.88365383,0.0
4501,0.89835972,0.0
4502,0.85892082,0.0
4503,0.86573571,0.0
4504,0.87722093,0.0
4505,0.87500485,0.0
4506,0.85446966,0.0
4507,0.84554133,0.0
4508,0.88609718,0.0
4509,0.86456648,0.0
4510,0.8777476,0.0
4511,0.8531021,0.0
4512,0.88119848,0.0
4513,0.84666217,0.0
4514,0.84915476,0.0
4515,0.8500358,0.0
4516,0.85235949,0.0
4517,0.87127602,0.0
4518,0.89947132,0.0
4519,0.86974511,0.0
4520,0.84561086,0.0
4521,0.84450405,0.0
4522,0.81104488,0.0
4523,0.80519651,0.0
4524,0.80885097,0.0
4525,0.7978621,0.0
4526,0.80576295,0.0
4527,0.78475509,0.0
4528,0.78484209,0.0
4529,0.79447825,0.0
4530,0.78419694,0.0
4531,0.77257704,0.0
4532,0.78904315,0.0
4533,0.77353883,0.0
4534,0.76529911,0.0
4535,0.67880268,0.0
4536,0.44197942,0.0
4537,0.25441798,0.0
4538,0.10301559,0.0
4539,-0.06745766,0.0
4540,-0.20726018,0.0
4541,-0.34975055,0.0
4542,-0.45662987,0.0
4543,-0.5199018,0.0
4544,-0.62922835,0.0
4545,-0.70259684,0.0
4546,-0.75942191,0.0
4547,-0.81547495,0.0
4548,-0.84608745,0.0
4549,-0.88993375,0.0
4550,-0.95315077,0.0
4551,-0.94236005,0.0
4552,-0.95588776,0.0
4553,-0.97100033,0.0
4554,-0.98734509,0.0
4555,-0.64800482,0.0
4556,-0.41608461,0.0
4557,-0.18231886,0.0
4558,0.024022377,0.0
4559,0.18802822,0.0
4560,0.30991523,0.0
4561,0.35322494,0.0
4562,0.44352219,0.0
4563,0.52873778,0.0
4564,0.59976176,0.0
4565,0.63722813,0.0
4566,0.65951831,0.0
4567,0.66504446,0.0
4568,0.69422582,0.0
4569,0.65812395,0.0
4570,0.70407759,0.0
4571,0.69405172,0.0
4572,0.71401516,0.0
4573,0.74072347,0.0
4574,0.75192865,0.0
4575,0.74990044,0.0
4576,0.74400112,0.0
4577,0.77250415,0.0
4578,0.75439431,0.0
4579,0.74498944,0.0
4580,0.72315772,0.0
4581,0.70307085,0.0
4582,0.73316106,0.0
4583,0.71687985,0.0
4584,0.74864546,0.0
4585,0.73377809,0.0
4586,0.70539926,0.0
4587,0.68814132,0.0
4588,0.7033695,0.0
4589,0.74615943,0.0
4590,0.75535366,0.0
4591,0.78008174,0.0
4592,0.76501944,0.0
4593,0.78838985,0.0
4594,0.77067405,0.0
4595,0.80269247,0.0
4596,0.79710968,0.0
4597,0.78861467,0.0
4598,0.79947369,0.0
4599,0.77212173,0.0
4600,0.79630384,0.0
4601,0.7503077,0.0
4602,0.75300327,0.0
4603,0.75779263,0.0
4604,0.7442986,0.0
4605,0.74686334,0.0
4606,0.70901512,0.0
4607,0.73336068,0.0
4608,0.73649765,0.0
4609,0.72567528,0.0
4610,0.72014554,0.0
4611,0.73390487,0.0
4612,0.72799987,0.0
4613,0.71855699,0.0
4614,0.72593046,0.0
4615,0.71837402,0.0
4616,0.74725686,0.0
4617,0.73144772,0.0
4618,0.72950843,0.0
4619,0.74370656,0.0
4620,0.76409632,0.0
4621,0.7395288,0.0
4622,0.72002118,0.0
4623,0.73980569,0.0
4624,0.74703781,0.0
4625,0.76178994,0.0
4626,0.78662702,0.0
4627,0.79083092,0.0
4628,0.78688347,0.0
4629,0.76472624,0.0
4630,0.763213,0.0
4631,0.7580563,0.0
4632,0.77023973,0.0
4633,0.76773662,0.0
4634,0.56851003,0.0
4635,0.30518086,0.0
4636,0.15782252,0.0
4637,0.005424812,0.0
4638,-0.11829762,0.0
4639,-0.26022978,0.0
4640,-0.33953063,0.0
4641,-0.450579,0.0
4642,-0.50950628,0.0
4643,-0.56088216,0.0
4644,-0.61601727,0.0
4645,-0.67140269,0.0
4646,-0.72329193,0.0
4647,-0.77117915,0.0
4648,-0.81810087,0.0
4649,-0.86450114,0.0
4650,-0.84756939,0.0
4651,-0.90105379,0.0
4652,-0.90041453,0.0
4653,-0.7109635,0.0
4654,-0.45356195,0.0
4655,-0.18290905,0.0
4656,0.078506402,0.0
4657,0.27712317,0.0
4658,0.42110987,0.0
4659,0.44015122,0.0
4660,0.57124783,0.0
4661,0.63818046,0.0
4662,0.67346446,0.0
4663,0.72413647,0.0
4664,0.75371705,0.0
4665,0.73910334,0.0
4666,0.76629051,0.0
4667,0.77990877,0.0
4668,0.77932813,0.0
4669,0.78828949,0.0
4670,0.81934842,0.0
4671,0.79273027,0.0
4672,0.82063305,0.0
4673,0.8165919,0.0
4674,0.79072477,0.0
4675,0.80798521,0.0
4676,0.75485091,0.0
4677,0.76270058,0.0
4678,0.79210122,0.0
4679,0.8028595,0.0
4680,0.82111622,0.0
4681,0.83256281,0.0
4682,0.80582767,0.0
4683,0.80451412,0.0
4684,0.80519523,0.0
4685,0.78165134,0.0
4686,0.81418718,0.0
4687,0.83004201,0.0
4688,0.85101222,0.0
4689,0.82580682,0.0
4690,0.83990625,0.0
4691,0.85124933,0.0
4692,0.84733961,0.0
4693,0.8103746,0.0
4694,0.80026671,0.0
4695,0.80647559,0.0
4696,0.79248129,0.0
4697,0.79687333,0.0
4698,0.75536825,0.0
4699,0.7624476,0.0
4700,0.77373777,0.0
4701,0.73381965,0.0
4702,0.75919369,0.0
4703,0.80266757,0.0
4704,0.76805764,0.0
4705,0.78645023,0.0
4706,0.76575395,0.0
4707,0.74010832,0.0
4708,0.748938,0.0
4709,0.74584307,0.0
4710,0.73649106,0.0
4711,0.69945429,0.0
4712,0.64827518,0.0
4713,0.66261,0.0
4714,0.62741145,0.0
4715,0.62695507,0.0
4716,0.62971514,0.0
4717,0.64029612,0.0
4718,0.64746495,0.0
4719,0.64797575,0.0
4720,0.62588146,0.0
4721,0.60266442,0.0
4722,0.60263894,0.0
4723,0.61070841,0.0
4724,0.60395796,0.0
4725,0.64065441,0.0
4726,0.58924827,0.0
4727,0.59921483,0.0
4728,0.60355538,0.0
4729,0.61750802,0.0
4730,0.56889727,0.0
4731,0.54774605,0.0
4732,0.42447587,0.0
4733,0.2281969,0.0
4734,0.017091026,0.0
4735,-0.1460306,0.0
4736,-0.27194288,0.0
4737,-0.4193655,0.0
4738,-0.52459769,0.0
4739,-0.62130792,0.0
4740,-0.70337544,0.0
4741,-0.785871,0.0
4742,-0.85675209,0.0
4743,-0.95492102,0.0
4744,-0.96218398,0.0
4745,-1.0208835,0.0
4746,-1.0508803,0.0
4747,-1.070163,0.0
4748,-1.1149501,0.0
4749,-1.1323881,0.0
4750,-1.1482466,0.0
4751,-1.0512955,0.0
4752,-0.78606329,0.0
4753,-0.52981125,0.0
4754,-0.28568621,0.0
4755,-0.068101336,0.0
4756,0.10114999,0.0
4757,0.17216378,0.0
4758,0.26831195,0.0
4759,0.31266221,0.0
4760,0.40249508,0.0
4761,0.4321785,0.0
4762,0.50639156,0.0
4763,0.54815423,0.0
4764,0.59469141,0.0
4765,0.59795846,0.0
4766,0.62334098,0.0
4767,0.64611755,0.0
4768,0.61048609,0.0
4769,0.61326072,0.0
4770,0.60563442,0.0
4771,0.61466671,0.0
4772,0.64188611,0.0
4773,0.66175202,0.0
4774,0.65426055,0.0
4775,0.65391027,0.0
4776,0.66221397,0.0
4777,0.67036248,0.0
4778,0.65443189,0.0
4779,0.64682022,0.0
4780,0.65460876,0.0
4781,0.64288841,0.0
4782,0.65305569,0.0
4783,0.67665309,0.0
4784,0.68517638,0.0
4785,0.72895711,0.0
4786,0.70343028,0.0
4787,0.71935652,0.0
4788,0.71653098,0.0
4789,0.73422228,0.0
4790,0.74478198,0.0
4791,0.73145883,0.0
4792,0.77495195,0.0
4793,0.79699836,0.0
4794,0.80195269,0.0
4795,0.79495777,0.0
4796,0.77301897,0.0
4797,0.76592837,0.0
4798,0.77470493,0.0
4799,0.76940265,0.0
4800,0.76247333,0.0
4801,0.78470325,0.0
4802,0.75277962,0.0
4803,0.75617556,0.0
4804,0.75480688,0.0
4805,0.76007212,0.0
4806,0.75169012,0.0
4807,0.74236721,0.0
4808,0.73468969,0.0
4809,0.73141744,0.0
4810,0.76796071,0.0
4811,0.74302003,0.0
4812,0.74831873,0.0
4813,0.75966919,0.0
4814,0.75745075,0.0
4815,0.74193049,0.0
4816,0.74705854,0.0
4817,0.75614754,0.0
4818,0.75045562,0.0
4819,0.75944525,0.0
4820,0.74829459,0.0
4821,0.76648495,0.0
4822,0.74181162,0.0
4823,0.71466544,0.0
4824,0.70505925,0.0
4825,0.69052944,0.0
4826,0.70847618,0.0
4827,0.68044724,0.0
4828,0.66500279,0.0
4829,0.67226215,0.0
4830,0.45036081,0.0
4831,0.21707459,0.0
4832,0.057064068,0.0
4833,-0.10472206,0.0
4834,-0.25844295,0.0
4835,-0.36335979,0.0
4836,-0.45460699,0.0
4837,-0.53374414,0.0
4838,-0.60822208,0.0
4839,-0.7335067,0.0
4840,-0.79526461,0.0
4841,-0.84851024,0.0
4842,-0.88637163,0.0
4843,-0.94522218,0.0
4844,-1.0297678,0.0
4845,-1.0549614,0.0
4846,-1.0821392,0.0
4847,-1.1208007,0.0
4848,-1.1194927,0.0
4849,-0.89275365,0.0
4850,-0.61346143,0.0
4851,-0.35937237,0.0
4852,-0.17010891,0.0
4853,0.0068466384,0.0
4854,0.1242892,0.0
4855,0.1886369,0.0
4856,0.25767457,0.0
4857,0.35139803,0.0
4858,0.4107549,0.0
4859,0.46394192,0.0
4860,0.4881765,0.0
4861,0.50708175,0.0
4862,0.52372784,0.0
4863,0.5703263,0.0
4864,0.57707354,0.0
4865,0.59038928,0.0
4866,0.57840925,0.0
4867,0.62388276,0.0
4868,0.59402404,0.0
4869,0.60185972,0.0
4870,0.64074413,0.0
4871,0.64734631,0.0
4872,0.64503224,0.0
4873,0.64266482,0.0
4874,0.65754282,0.0
4875,0.66908395,0.0
4876,0.6598722,0.0
4877,0.69960902,0.0
4878,0.71608246,0.0
4879,0.73338639,0.0
4880,0.69835252,0.0
4881,0.70365478,0.0
4882,0.70276246,0.0
4883,0.73495707,0.0
4884,0.74650762,0.0
4885,0.73988531,0.0
4886,0.76839228,0.0
4887,0.76673972,0.0
4888,0.78154458,0.0
4889,0.79351341,0.0
4890,0.80216946,0.0
4891,0.79718923,0.0
4892,0.81294184,0.0
4893,0.85877022,0.0
4894,0.84477926,0.0
4895,0.86809139,0.0
4896,0.88179741,0.0
4897,0.87638135,0.0
4898,0.86798534,0.0
4899,0.86175809,0.0
4900,0.86191503,0.0
4901,0.87840225,0.0
4902,0.84503538,0.0
4903,0.83770035,0.0
4904,0.80948314,0.0
4905,0.8430131,0.0
4906,0.82906031,0.0
4907,0.80364342,0.0
4908,0.79083434,0.0
4909,0.79944922,0.0
4910,0.76710941,0.0
4911,0.78208234,0.0
4912,0.75962616,0.0
4913,0.74898386,0.0
4914,0.73522868,0.0
4915,0.73507453,0.0
4916,0.70167757,0.0
4917,0.7090009,0.0
4918,0.68563456,0.0
4919,0.69469407,0.0
4920,0.72638151,0.0
4921,0.70455078,0.0
4922,0.71049449,0.0
4923,0.69930143,0.0
4924,0.71440111,0.0
4925,0.72934276,0.0
4926,0.70547672,0.0
4927,0.73098958,0.0
4928,0.60617283,0.0
4929,0.3357936,0.0
4930,0.15356545,0.0
4931,0.010276167,0.0
4932,-0.13271002,0.0
4933,-0.25050115,0.0
4934,-0.37658299,0.0
4935,-0.44746704,0.0
4936,-0.54110634,0.0
4937,-0.64902081,0.0
4938,-0.72971091,0.0
4939,-0.77761265,0.0
4940,-0.82295457,0.0
4941,-0.88185469,0.0
4942,-0.88632817,0.0
4943,-0.95474027,0.0
4944,-0.99977276,0.0
4945,-1.033507,0.0
4946,-1.0649417,0.0
4947,-0.9625225,0.0
4948,-0.66261602,0.0
4949,-0.38888665,0.0
4950,-0.14604531,0.0
4951,0.079213012,0.0
4952,0.14678496,0.0
4953,0.2467102,0.0
4954,0.33978007,0.0
4955,0.41716435,0.0
4956,0.47862923,0.0
4957,0.53127752,0.0
4958,0.54833404,0.0
4959,0.57695169,0.0
4960,0.57187452,0.0
4961,0.61898071,0.0
4962,0.60073606,0.0
4963,0.63402711,0.0
4964,0.65283325,0.0
4965,0.64423308,0.0
4966,0.65378152,0.0
4967,0.67623524,0.0
4968,0.67651443,0.0
4969,0.66589463,0.0
4970,0.67366115,0.0
4971,0.65862343,0.0
4972,0.66905891,0.0
4973,0.6598283,0.0
4974,0.66712756,0.0
4975,0.66093265,0.0
4976,0.655467,0.0
4977,0.63770095,0.0
4978,0.61567194,0.0
4979,0.61949152,0.0
4980,0.66152718,0.0
4981,0.65073638,0.0
4982,0.66937417,0.0
4983,0.65895317,0.0
4984,0.66407233,0.0
4985,0.69602894,0.0
4986,0.68690275,0.0
4987,0.72033901,0.0
4988,0.72346087,0.0
4989,0.73979986,0.0
4990,0.73018408,0.0
4991,0.74160233,0.0
4992,0.75514458,0.0
4993,0.73155183,0.0
4994,0.74746222,0.0
4995,0.72457296,0.0
4996,0.77074271,0.0
4997,0.7668515,0.0
4998,0.72698441,0.0
4999,0.67639502,0.0
5000,0.66370905,0.0
5001,0.63889121,0.0
5002,0.65111869,0.0
5003,0.64483788,0.0
5004,0.6734507,0.0
5005,0.6942322,0.0
5006,0.68167058,0.0
5007,0.71994164,0.0
5008,0.66778267,0.0
5009,0.67693719,0.0
5010,0.70375906,0.0
5011,0.71218543,0.0
5012,0.70133552,0.0
5013,0.74602746,0.0
5014,0.73665224,0.0
5015,0.7270852,0.0
5016,0.76086765,0.0
5017,0.77016807,0.0
5018,0.76790081,0.0
5019,0.77527676,0.0
5020,0.80663684,0.0
5021,0.77251695,0.0
5022,0.77018539,0.0
5023,0.77518581,0.0
5024,0.76335045,0.0
5025,0.7557618,0.0
5026,0.69074473,0.0
5027,0.44292697,0.0
5028,0.23801838,0.0
5029,0.052942846,0.0
5030,-0.11016976,0.0
5031,-0.23559857,0.0
5032,-0.31711105,0.0
5033,-0.41890923,0.0
5034,-0.51342806,0.0
5035,-0.61285758,0.0
5036,-0.69047789,0.0
5037,-0.75015939,0.0
5038,-0.78308128,0.0
5039,-0.83864519,0.0
5040,-0.91999095,0.0
5041,-0.91127296,0.0
5042,-0.93787143,0.0
5043,-0.98238643,0.0
5044,-1.0090481,0.0
5045,-1.0320044,0.0
5046,-0.73846724,0.0
5047,-0.5033142,0.0
5048,-0.22101255,0.0
5049,-0.029175327,0.0
5050,0.19165516,0.0
5051,0.26220337,0.0
5052,0.38971357,0.0
5053,0.46310483,0.0
5054,0.54973273,0.0
5055,0.5647433,0.0
5056,0.62609552,0.0
5057,0.68683988,0.0
5058,0.70599334,0.0
5059,0.75232209,0.0
5060,0.785011,0.0
5061,0.76788272,0.0
5062,0.76696753,0.0
5063,0.80096576,0.0
5064,0.78870632,0.0
5065,0.76998176,0.0
5066,0.77178142,0.0
5067,0.76037747,0.0
5068,0.73963032,0.0
5069,0.76263331,0.0
5070,0.75880376,0.0
5071,0.77130369,0.0
5072,0.793241,0.0
5073,0.8177684,0.0
5074,0.80738237,0.0
5075,0.86426308,0.0
5076,0.86637359,0.0
5077,0.88078462,0.0
5078,0.8792491,0.0
5079,0.90863555,0.0
5080,0.89503424,0.0
5081,0.90533882,0.0
5082,0.91822728,0.0
5083,0.88440273,0.0
5084,0.91025777,0.0
5085,0.9110256,0.0
5086,0.90344516,0.0
5087,0.90729715,0.0
5088,0.91415035,0.0
5089,0.87520181,0.0
5090,0.90642286,0.0
5091,0.91915983,0.0
5092,0.91104736,0.0
5093,0.86794828,0.0
5094,0.90878789,0.0
5095,0.87999417,0.0
5096,0.91126455,0.0
5097,0.89372661,0.0
5098,0.89148445,0.0
5099,0.87781858,0.0
5100,0.88829614,0.0
5101,0.8878765,0.0
5102,0.87756945,0.0
5103,0.91338167,0.0
5104,0.90724627,0.0
5105,0.9195779,0.0
5106,0.90373299,0.0
5107,0.9222076,0.0
5108,0.8904996,0.0
5109,0.89509663,0.0
5110,0.88256561,0.0
5111,0.84048476,0.0
5112,0.85278466,0.0
5113,0.85475821,0.0
5114,0.82927841,0.0
5115,0.82121886,0.0
5116,0.82672058,0.0
5117,0.80921413,0.0
5118,0.81263659,0.0
5119,0.81954799,0.0
5120,0.78634373,0.0
5121,0.7622,0.0
5122,0.76606645,0.0
5123,0.76691291,0.0
5124,0.73523093,0.0
5125,0.56051003,0.0
5126,0.29451683,0.0
5127,0.11785513,0.0
5128,-0.050974747,0.0
5129,-0.19687818,0.0
5130,-0.33624732,0.0
5131,-0.43282822,0.0
5132,-0.53898667,0.0
5133,-0.62093841,0.0
5134,-0.69025087,0.0
5135,-0.74346452,0.0
5136,-0.80517959,0.0
5137,-0.83604072,0.0
5138,-0.91110006,0.0
5139,-0.92981003,0.0
5140,-0.94142176,0.0
5141,-1.0009856,0.0
5142,-0.99490747,0.0
5143,-1.0116946,0.0
5144,-0.92822423,0.0
5145,-0.6376718,0.0
5146,-0.39014676,0.0
5147,-0.17149042,0.0
5148,0.0028233112,0.0
5149,0.15174887,0.0
5150,0.23698369,0.0
5151,0.25917275,0.0
5152,0.37325312,0.0
5153,0.43117808,0.0
5154,0.48572418,0.0
5155,0.47743831,0.0
5156,0.50896021,0.0
5157,0.5280305,0.0
5158,0.55208528,0.0
5159,0.58211271,0.0
5160,0.6503337,0.0
5161,0.65670377,0.0
5162,0.66752997,0.0
5163,0.67721177,0.0
5164,0.66508555,0.0
5165,0.66904538,0.0
5166,0.69449955,0.0
5167,0.69329161,0.0
5168,0.72713184,0.0
5169,0.70886363,0.0
5170,0.75664382,0.0
5171,0.72330249,0.0
5172,0.749819,0.0
5173,0.7702068,0.0
5174,0.76675752,0.0
5175,0.74982806,0.0
5176,0.7857257,0.0
5177,0.75205946,0.0
5178,0.7599111,0.0
5179,0.77619429,0.0
5180,0.76453018,0.0
5181,0.76979602,0.0
5182,0.7788295,0.0
5183,0.82841667,0.0
5184,0.86694134,0.0
5185,0.83776436,0.0
5186,0.82278964,0.0
5187,0.81973276,0.0
5188,0.84216718,0.0
5189,0.85272277,0.0
5190,0.79340858,0.0
5191,0.78578126,0.0
5192,0.79280511,0.0
5193,0.78045962,0.0
5194,0.75872916,0.0
5195,0.76304197,0.0
5196,0.76574235,0.0
5197,0.76633207,0.0
5198,0.77214193,0.0
5199,0.72627518,0.0
5200,0.73398966,0.0
5201,0.70776672,0.0
5202,0.73439457,0.0
5203,0.75877679,0.0
5204,0.74740743,0.0
5205,0.76345122,0.0
5206,0.76281321,0.0
5207,0.75624514,0.0
5208,0.76627013,0.0
5209,0.72256671,0.0
5210,0.71495032,0.0
5211,0.72282438,0.0
5212,0.70732329,0.0
5213,0.6912549,0.0
5214,0.69279172,0.0
5215,0.67253282,0.0
5216,0.67095931,0.0
5217,0.63413034,0.0
5218,0.64493976,0.0
5219,0.64455768,0.0
5220,0.638766,0.0
5221,0.65599009,0.0
5222,0.64898489,0.0
5223,0.61744368,0.0
5224,0.3079429,0.0
5225,0.11593725,0.0
5226,-0.04713831,0.0
5227,-0.21045313,0.0
5228,-0.31697457,0.0
5229,-0.44655027,0.0
5230,-0.5470624,0.0
5231,-0.61772322,0.0
5232,-0.67561406,0.0
5233,-0.73248243,0.0
5234,-0.83819319,0.0
5235,-0.88337171,0.0
5236,-0.90532928,0.0
5237,-0.94519612,0.0
5238,-0.99487327,0.0
5239,-1.0124051,0.0
5240,-1.0499518,0.0
5241,-1.081213,0.0
5242,-1.1062988,0.0
5243,-0.84019526,0.0
5244,-0.54439664,0.0
5245,-0.29219519,0.0
5246,-0.059729743,0.0
5247,0.095637934,0.0
5248,0.25614612,0.0
5249,0.34007286,0.0
5250,0.44805194,0.0
5251,0.5717119,0.0
5252,0.58993814,0.0
5253,0.61741419,0.0
5254,0.64982187,0.0
5255,0.65915158,0.0
5256,0.66904194,0.0
5257,0.66959085,0.0
5258,0.69753013,0.0
5259,0.65207973,0.0
5260,0.65777207,0.0
5261,0.66794273,0.0
5262,0.65575935,0.0
5263,0.67184388,0.0
5264,0.68180057,0.0
5265,0.68219092,0.0
5266,0.72892983,0.0
5267,0.71726009,0.0
5268,0.7607992,0.0
5269,0.74391458,0.0
5270,0.70825153,0.0
5271,0.71017232,0.0
5272,0.7217795,0.0
5273,0.69811835,0.0
5274,0.7280742,0.0
5275,0.71473503,0.0
5276,0.68689779,0.0
5277,0.68975328,0.0
5278,0.70310096,0.0
5279,0.71542225,0.0
5280,0.70162528,0.0
5281,0.70495094,0.0
5282,0.7139159,0.0
5283,0.7409615,0.0
5284,0.73652022,0.0
5285,0.73548901,0.0
5286,0.74263499,0.0
5287,0.70629963,0.0
5288,0.696096,0.0
5289,0.68804185,0.0
5290,0.69919363,0.0
5291,0.72351403,0.0
5292,0.70536412,0.0
5293,0.69382485,0.0
5294,0.68867019,0.0
5295,0.68543361,0.0
5296,0.68289966,0.0
5297,0.67266105,0.0
5298,0.64841813,0.0
5299,0.64013386,0.0
5300,0.64227639,0.0
5301,0.63930353,0.0
5302,0.62344371,0.0
5303,0.63356331,0.0
5304,0.64635335,0.0
5305,0.66483523,0.0
5306,0.65485664,0.0
5307,0.63506281,0.0
5308,0.64279935,0.0
5309,0.63089029,0.0
5310,0.66704738,0.0
5311,0.69452117,0.0
5312,0.66608396,0.0
5313,0.64967613,0.0
5314,0.63903156,0.0
5315,0.66561481,0.0
5316,0.64755837,0.0
5317,0.61598788,0.0
5318,0.58952439,0.0
5319,0.58561398,0.0
5320,0.59611308,0.0
5321,0.61471881,0.0
5322,0.47924953,0.0
5323,0.1877838,0.0
5324,0.0026349512,0.0
5325,-0.15596258,0.0
5326,-0.30723998,0.0
5327,-0.40292621,0.0
5328,-0.46730281,0.0
5329,-0.56540647,0.0
5330,-0.62477524,0.0
5331,-0.69314266,0.0
5332,-0.75239115,0.0
5333,-0.82660356,0.0
5334,-0.869458,0.0
5335,-0.87853389,0.0
5336,-0.94059608,0.0
5337,-0.94192222,0.0
5338,-0.95658166,0.0
5339,-0.98604739,0.0
5340,-0.96985302,0.0
5341,-0.828732,0.0
5342,-0.53789767,0.0
5343,-0.2666479,0.0
5344,-0.011146719,0.0
5345,0.13641553,0.0
5346,0.2697942,0.0
5347,0.28205769,0.0
5348,0.36610896,0.0
5349,0.49050622,0.0
5350,0.50761468,0.0
5351,0.54860332,0.0
5352,0.60476911,0.0
5353,0.61677772,0.0
5354,0.6257916,0.0
5355,0.64556534,0.0
5356,0.63309539,0.0
5357,0.65488605,0.0
5358,0.63531829,0.0
5359,0.62302137,0.0
5360,0.63869857,0.0
5361,0.63873368,0.0
5362,0.63695409,0.0
5363,0.65951617,0.0
5364,0.67102891,0.0
5365,0.69456432,0.0
5366,0.66368565,0.0
5367,0.69358995,0.0
5368,0.73793489,0.0
5369,0.7235523,0.0
5370,0.7416827,0.0
5371,0.70504877,0.0
5372,0.71454095,0.0
5373,0.68617178,0.0
5374,0.71515119,0.0
5375,0.74299245,0.0
5376,0.72023687,0.0
5377,0.75495346,0.0
5378,0.74919406,0.0
5379,0.74804571,0.0
5380,0.75792446,0.0
5381,0.71361761,0.0
5382,0.73853325,0.0
5383,0.73859085,0.0
5384,0.74853166,0.0
5385,0.71769767,0.0
5386,0.6648557,0.0
5387,0.69605707,0.0
5388,0.63005065,0.0
5389,0.60719248,0.0
5390,0.59704048,0.0
5391,0.60137381,0.0
5392,0.63030001,0.0
5393,0.62535777,0.0
5394,0.61731854,0.0
5395,0.60020667,0.0
5396,0.62185568,0.0
5397,0.64287298,0.0
5398,0.65973152,0.0
5399,0.66144976,0.0
5400,0.63214127,0.0
5401,0.66308406,0.0
5402,0.63343326,0.0
5403,0.63919648,0.0
5404,0.66109321,0.0
5405,0.65444141,0.0
5406,0.70006806,0.0
5407,0.68198304,0.0
5408,0.6870987,0.0
5409,0.68741756,0.0
5410,0.71136214,0.0
5411,0.71244402,0.0
5412,0.70989626,0.0
5413,0.69408542,0.0
5414,0.69659228,0.0
5415,0.68541166,0.0
5416,0.72078697,0.0
5417,0.73770638,0.0
5418,0.72541718,0.0
5419,0.72853421,0.0
5420,0.68060496,0.0
5421,0.38466548,0.0
5422,0.22500101,0.0
5423,0.059694803,0.0
5424,-0.094041533,0.0
5425,-0.222565,0.0
5426,-0.33178392,0.0
5427,-0.44354862,0.0
5428,-0.52966106,0.0
5429,-0.61255704,0.0
5430,-0.6890125,0.0
5431,-0.76903037,0.0
5432,-0.81640974,0.0
5433,-0.85056302,0.0
5434,-0.91985668,0.0
5435,-0.93468253,0.0
5436,-0.93974432,0.0
5437,-0.96936537,0.0
5438,-0.98304998,0.0
5439,-0.95459509,0.0
5440,-0.66220608,0.0
5441,-0.37794991,0.0
5442,-0.15427784,0.0
5443,0.059492483,0.0
5444,0.20711196,0.0
5445,0.25981874,0.0
5446,0.37497636,0.0
5447,0.40713454,0.0
5448,0.51842996,0.0
5449,0.53000394,0.0
5450,0.58534225,0.0
5451,0.63730324,0.0
5452,0.6479496,0.0
5453,0.68413854,0.0
5454,0.68862717,0.0
5455,0.69404011,0.0
5456,0.66245237,0.0
5457,0.65605837,0.0
5458,0.64488546,0.0
5459,0.66272855,0.0
5460,0.65393858,0.0
5461,0.65290572,0.0
5462,0.66904283,0.0
5463,0.65293656,0.0
5464,0.67641867,0.0
5465,0.67557869,0.0
5466,0.67533903,0.0
5467,0.65393058,0.0
5468,0.64634477,0.0
5469,0.6406822,0.0
5470,0.66022495,0.0
5471,0.6791725,0.0
5472,0.68955879,0.0
5473,0.65352677,0.0
5474,0.66526039,0.0
5475,0.68819349,0.0
5476,0.69926743,0.0
5477,0.68767668,0.0
5478,0.69973649,0.0
5479,0.71889087,0.0
5480,0.68550439,0.0
5481,0.73511654,0.0
5482,0.74076836,0.0
5483,0.74678872,0.0
5484,0.75751125,0.0
5485,0.76417516,0.0
5486,0.73467174,0.0
5487,0.72512512,0.0
5488,0.76766945,0.0
5489,0.78575075,0.0
5490,0.77005604,0.0
5491,0.75361748,0.0
5492,0.762239,0.0
5493,0.7544476,0.0
5494,0.73881142,0.0
5495,0.74369678,0.0
5496,0.73736932,0.0
5497,0.74563662,0.0
5498,0.8023994,0.0
5499,0.79466152,0.0
5500,0.80571988,0.0
5501,0.84274212,0.0
5502,0.79195264,0.0
5503,0.78971221,0.0
5504,0.79165307,0.0
5505,0.79118198,0.0
5506,0.77504698,0.0
5507,0.82125098,0.0
5508,0.79519472,0.0
5509,0.81470677,0.0
5510,0.83633654,0.0
5511,0.8148942,0.0
5512,0.81684341,0.0
5513,0.8110431,0.0
5514,0.81502569,0.0
5515,0.83006847,0.0
5516,0.81971107,0.0
5517,0.84762723,0.0
5518,0.81734817,0.0
5519,0.63650845,0.0
5520,0.40706066,0.0
5521,0.2114735,0.0
5522,0.068390535,0.0
5523,-0.071698672,0.0
5524,-0.14254817,0.0
5525,-0.21329235,0.0
5526,-0.29557464,0.0
5527,-0.3668856,0.0
5528,-0.4331234,0.0
5529,-0.50554008,0.0
5530,-0.51219187,0.0
5531,-0.55430299,0.0
5532,-0.61916905,0.0
5533,-0.61930188,0.0
5534,-0.70166171,0.0
5535,-0.71559815,0.0
5536,-0.74485453,0.0
5537,-0.75045397,0.0
5538,-0.62128293,0.0
5539,-0.34705846,0.0
5540,-0.11781134,0.0
5541,0.089551306,0.0
5542,0.29394616,0.0
5543,0.41675601,0.0
5544,0.46277085,0.0
5545,0.54343853,0.0
5546,0.6422046,0.0
5547,0.69741393,0.0
5548,0.73061866,0.0
5549,0.7276866,0.0
5550,0.74812512,0.0
5551,0.74584464,0.0
5552,0.77837272,0.0
5553,0.76013438,0.0
5554,0.75225099,0.0
5555,0.77987738,0.0
5556,0.76149619,0.0
5557,0.82222459,0.0
5558,0.7980356,0.0
5559,0.77419908,0.0
5560,0.76585762,0.0
5561,0.78770189,0.0
5562,0.7679504,0.0
5563,0.77950297,0.0
5564,0.75790241,0.0
5565,0.76820132,0.0
5566,0.76642977,0.0
5567,0.75924313,0.0
5568,0.75046308,0.0
5569,0.74211315,0.0
5570,0.74815877,0.0
5571,0.76072905,0.0
5572,0.77720485,0.0
5573,0.77956886,0.0
5574,0.71909179,0.0
5575,0.72528288,0.0
5576,0.68864914,0.0
5577,0.6907564,0.0
5578,0.68025898,0.0
5579,0.69673523,0.0
5580,0.73140613,0.0
5581,0.718749,0.0
5582,0.70360222,0.0
5583,0.72792597,0.0
5584,0.70288966,0.0
5585,0.73269841,0.0
5586,0.73073068,0.0
5587,0.72372517,0.0
5588,0.73003867,0.0
5589,0.73649799,0.0
5590,0.74858566,0.0
5591,0.7001424,0.0
5592,0.71369004,0.0
5593,0.71597109,0.0
5594,0.72339491,0.0
5595,0.7185576,0.0
5596,0.71861384,0.0
5597,0.72330282,0.0
5598,0.71554682,0.0
5599,0.72412835,0.0
5600,0.71627257,0.0
5601,0.69126416,0.0
5602,0.70711221,0.0
5603,0.66972395,0.0
5604,0.70336042,0.0
5605,0.69870853,0.0
5606,0.69831022,0.0
5607,0.70135579,0.0
5608,0.64765603,0.0
5609,0.66850167,0.0
5610,0.68924923,0.0
5611,0.7043356,0.0
5612,0.71835708,0.0
5613,0.70374392,0.0
5614,0.68170701,0.0
5615,0.69406061,0.0
5616,0.68619163,0.0
5617,0.57641334,0.0
5618,0.33724981,0.0
5619,0.14081822,0.0
5620,-0.0043494672,0.0
5621,-0.12603953,0.0
5622,-0.26591622,0.0
5623,-0.38532931,0.0
5624,-0.47051831,0.0
5625,-0.50785407,0.0
5626,-0.57477406,0.0
5627,-0.63147536,0.0
5628,-0.66947812,0.0
5629,-0.70987986,0.0
5630,-0.8043222,0.0
5631,-0.87312659,0.0
5632,-0.90913932,0.0
5633,-0.955981,0.0
5634,-0.99489397,0.0
5635,-1.002135,0.0
5636,-0.90549875,0.0
5637,-0.62448269,0.0
5638,-0.40649807,0.0
5639,-0.19543747,0.0
5640,-0.031255321,0.0
5641,0.14351009,0.0
5642,0.29313577,0.0
5643,0.39931427,0.0
5644,0.49533299,0.0
5645,0.60222929,0.0
5646,0.65771268,0.0
5647,0.70047628,0.0
5648,0.71581539,0.0
5649,0.75123488,0.0
5650,0.77070975,0.0
5651,0.74698248,0.0
5652,0.78749366,0.0
5653,0.79675617,0.0
5654,0.78950238,0.0
5655,0.80675576,0.0
5656,0.81440831,0.0
5657,0.85234175,0.0
5658,0.88896269,0.0
5659,0.87571293,0.0
5660,0.85849935,0.0
5661,0.83882187,0.0
5662,0.84728617,0.0
5663,0.87352353,0.0
5664,0.86700796,0.0
5665,0.87173785,0.0
5666,0.83954969,0.0
5667,0.86605025,0.0
5668,0.87518696,0.0
5669,0.88214792,0.0
5670,0.89500278,0.0
5671,0.9083128,0.0
5672,0.87090468,0.0
5673,0.86983315,0.0
5674,0.89913555,0.0
5675,0.8828768,0.0
5676,0.88497827,0.0
5677,0.86313035,0.0
5678,0.88906685,0.0
5679,0.87681789,0.0
5680,0.88460878,0.0
5681,0.87976822,0.0
5682,0.90906148,0.0
5683,0.91952245,0.0
5684,0.91268203,0.0
5685,0.93842568,0.0
5686,0.90433715,0.0
5687,0.88032618,0.0
5688,0.87079786,0.0
5689,0.83647717,0.0
5690,0.85599732,0.0
5691,0.85248642,0.0
5692,0.8801296,0.0
5693,0.86684739,0.0
5694,0.87838078,0.0
5695,0.82178139,0.0
5696,0.81801384,0.0
5697,0.78140509,0.0
5698,0.78644081,0.0
5699,0.78275592,0.0
5700,0.7724884,0.0
5701,0.75625916,0.0
5702,0.79611642,0.0
5703,0.77096274,0.0
5704,0.76689448,0.0
5705,0.75661125,0.0
5706,0.75367377,0.0
5707,0.74864978,0.0
5708,0.72757868,0.0
5709,0.71697575,0.0
5710,0.73223551,0.0
5711,0.74904969,0.0
5712,0.77123772,0.0
5713,0.71346322,0.0
5714,0.68974648,0.0
5715,0.67792082,0.0
5716,0.50737702,0.0
5717,0.29777233,0.0
5718,0.084126237,0.0
5719,-0.070545079,0.0
5720,-0.19484145,0.0
5721,-0.31342905,0.0
5722,-0.38792083,0.0
5723,-0.4542467,0.0
5724,-0.52781302,0.0
5725,-0.61692369,0.0
5726,-0.68084521,0.0
5727,-0.71770255,0.0
5728,-0.77560175,0.0
5729,-0.80673828,0.0
5730,-0.84069608,0.0
5731,-0.89993008,0.0
5732,-0.91499703,0.0
5733,-0.9650644,0.0
5734,-1.0243532,0.0
5735,-0.76690796,0.0
5736,-0.55987656,0.0
5737,-0.25558179,0.0
5738,-0.057311888,0.0
5739,0.11085714,0.0
5740,0.21169102,0.0
5741,0.28016776,0.0
5742,0.32955359,0.0
5743,0.41478261,0.0
5744,0.45776867,0.0
5745,0.52490198,0.0
5746,0.5579855,0.0
5747,0.59744883,0.0
5748,0.65076269,0.0
5749,0.65896915,0.0
5750,0.63405087,0.0
5751,0.65825881,0.0
5752,0.67355332,0.0
5753,0.68075709,0.0
5754,0.700743,0.0
5755,0.70895551,0.0
5756,0.71402541,0.0
5757,0.69247844,0.0
5758,0.70904471,0.0
5759,0.7309206,0.0
5760,0.69496985,0.0
5761,0.70882373,0.0
5762,0.71744637,0.0
5763,0.77706675,0.0
5764,0.78909347,0.0
5765,0.79677103,0.0
5766,0.7796604,0.0
5767,0.76872901,0.0
5768,0.79051477,0.0
5769,0.76605773,0.0
5770,0.80566466,0.0
5771,0.79696288,0.0
5772,0.77758229,0.0
5773,0.76420952,0.0
5774,0.74754592,0.0
5775,0.79151491,0.0
5776,0.78016646,0.0
5777,0.78910532,0.0
5778,0.76538555,0.0
5779,0.76862214,0.0
5780,0.77631676,0.0
5781,0.75153386,0.0
5782,0.76939287,0.0
5783,0.79171608,0.0
5784,0.7624507,0.0
5785,0.78318499,0.0
5786,0.77124636,1.0
5787,0.7478834,1.0
5788,0.72241862,1.0
5789,0.7330762,1.0
5790,0.75287861,1.0
5791,0.77468788,1.0
5792,0.75945312,1.0
5793,0.78644314,1.0
5794,0.76088149,1.0
5795,0.75945786,1.0
5796,0.7583209,1.0
5797,0.7352416,1.0
5798,0.74924252,1.0
5799,0.73912384,1.0
5800,0.72982109,1.0
5801,0.74724923,1.0
5802,0.75761769,1.0
5803,0.74820951,1.0
5804,0.75867592,1.0
5805,0.73733473,1.0
5806,0.73624284,1.0
5807,0.73776037,1.0
5808,0.74271737,1.0
5809,0.71319576,1.0
5810,0.73599371,1.0
5811,0.72459579,1.0
5812,0.72991611,1.0
5813,0.68381807,1.0
5814,0.5618837,1.0
5815,0.3289872,1.0
5816,0.11638916,1.0
5817,-0.024358617,1.0
5818,-0.11930693,1.0
5819,-0.2759936,1.0
5820,-0.37572181,1.0
5821,-0.46295221,1.0
5822,-0.53072467,1.0
5823,-0.60502006,1.0
5824,-0.67445766,1.0
5825,-0.74765702,1.0
5826,-0.80954488,1.0
5827,-0.85323698,1.0
5828,-0.87591815,1.0
5829,-0.9081594,1.0
5830,-0.94521476,1.0
5831,-0.97957037,1.0
5832,-1.0184365,1.0
5833,-0.92470392,1.0
5834,-0.61428429,1.0
5835,0.69328183,1.0
5836,0.68987289,1.0
5837,0.75709803,1.0
5838,0.75705643,1.0
5839,0.77331523,1.0
5840,0.77615201,1.0
5841,0.77714029,1.0
5842,0.77971079,1.0
5843,0.80018949,1.0
5844,0.81747796,1.0
5845,0.80047218,1.0
5846,0.80347267,1.0
5847,0.78514823,1.0
5848,0.79102295,1.0
5849,0.79907263,1.0
5850,0.79000208,1.0
5851,0.79755861,1.0
5852,0.78652478,1.0
5853,0.81945524,1.0
5854,0.80356203,1.0
5855,0.80048505,1.0
5856,0.80278986,1.0
5857,0.77616104,1.0
5858,0.80239538,1.0
5859,0.82014769,1.0
5860,0.81458096,1.0
5861,0.81601841,1.0
5862,0.81048203,1.0
5863,0.79235541,1.0
5864,0.8128311,1.0
5865,0.80432349,1.0
5866,0.80546556,1.0
5867,0.81668751,1.0
5868,0.76469972,1.0
5869,0.76796361,1.0
5870,0.75079833,1.0
5871,0.77029398,1.0
5872,0.76248808,1.0
5873,0.75944679,1.0
5874,0.78175044,1.0
5875,0.79037157,1.0
5876,0.78853636,1.0
5877,0.8052511,1.0
5878,0.80158271,1.0
5879,0.80691241,1.0
5880,0.81889271,1.0
5881,0.79142856,1.0
5882,0.82615641,1.0
5883,0.85078547,1.0
5884,0.81192137,0.0
5885,0.81722311,0.0
5886,0.82335558,0.0
5887,0.84595112,0.0
5888,0.81567891,0.0
5889,0.78911001,0.0
5890,0.78294393,0.0
5891,0.79822628,0.0
5892,0.80007541,0.0
5893,0.80519498,0.0
5894,0.59434692,0.0
5895,0.38393501,0.0
5896,0.22554501,0.0
5897,0.056726964,0.0
5898,-0.073575732,0.0
5899,-0.15838401,0.0
5900,-0.25573004,0.0
5901,-0.33207491,0.0
5902,-0.40057226,0.0
5903,-0.43831799,0.0
5904,-0.53776285,0.0
5905,-0.57062778,0.0
5906,-0.65533138,0.0
5907,-0.6941796,0.0
5908,-0.73676207,0.0
5909,-0.75219131,0.0
5910,-0.77709348,0.0
5911,-0.79181503,0.0
5912,-0.83708086,0.0
5913,-0.62684434,0.0
5914,-0.36146882,0.0
5915,-0.080966894,0.0
5916,0.14874619,0.0
5917,0.30722017,0.0
5918,0.38404231,0.0
5919,0.52327337,0.0
5920,0.62722139,0.0
5921,0.72247864,0.0
5922,0.75586551,0.0
5923,0.79192531,0.0
5924,0.83204318,0.0
5925,0.86887186,0.0
5926,0.86990959,0.0
5927,0.89652727,0.0
5928,0.89815258,0.0
5929,0.85133362,0.0
5930,0.85678067,0.0
5931,0.85655637,0.0
5932,0.87581502,0.0
5933,0.88810418,0.0
5934,0.88658513,0.0
5935,0.91083874,0.0
5936,0.93311219,0.0
5937,0.9129101,0.0
5938,0.86903836,0.0
5939,0.8701302,0.0
5940,0.86933571,0.0
5941,0.86826193,0.0
5942,0.86901671,0.0
5943,0.87152401,0.0
5944,0.88126092,0.0
5945,0.88703072,0.0
5946,0.87976816,0.0
5947,0.85910165,0.0
5948,0.88149279,0.0
5949,0.89366919,0.0
5950,0.87529962,0.0
5951,0.8815815,0.0
5952,0.89775841,0.0
5953,0.89263276,0.0
5954,0.87715431,0.0
5955,0.88368994,0.0
5956,0.89327905,0.0
5957,0.91083254,0.0
5958,0.9230494,0.0
5959,0.90337863,0.0
5960,0.91526521,0.0
5961,0.91649851,0.0
5962,0.90248297,0.0
5963,0.90291254,0.0
5964,0.90778071,0.0
5965,0.91785236,0.0
5966,0.91998372,0.0
5967,0.87579517,0.0
5968,0.88364073,0.0
5969,0.89242459,0.0
5970,0.86696208,0.0
5971,0.8808676,0.0
5972,0.87088392,0.0
5973,0.86528717,0.0
5974,0.85632012,0.0
5975,0.86083341,0.0
5976,0.82445236,0.0
5977,0.82172356,0.0
5978,0.82540376,0.0
5979,0.83462248,0.0
5980,0.84903766,0.0
5981,0.84387359,0.0
5982,0.83509107,0.0
5983,0.81575728,0.0
5984,0.81492379,0.0
5985,0.83219545,0.0
5986,0.79552325,0.0
5987,0.79006152,0.0
5988,0.76571417,0.0
5989,0.80037758,0.0
5990,0.80485075,0.0
5991,0.82067037,0.0
5992,0.69567628,0.0
5993,0.46407193,0.0
5994,0.27207489,0.0
5995,0.1212063,0.0
5996,-0.042252387,0.0
5997,-0.15711714,0.0
5998,-0.27272413,0.0
5999,-0.35749393,0.0
6000,-0.44873317,0.0
6001,-0.50836135,0.0
6002,-0.5584136,0.0
6003,-0.60298963,0.0
6004,-0.67256012,0.0
6005,-0.70977016,0.0
6006,-0.75710309,0.0
6007,-0.80207678,0.0
6008,-0.84004304,0.0
6009,-0.91283721,0.0
6010,-0.93716146,0.0
6011,-0.84417248,0.0
6012,-0.61005371,0.0
6013,-0.34240018,0.0
6014,-0.074259456,0.0
6015,0.092512723,0.0
6016,0.18962641,0.0
6017,0.32657601,0.0
6018,0.43137859,0.0
6019,0.50718995,0.0
6020,0.62077187,0.0
6021,0.67956394,0.0
6022,0.69827008,0.0
6023,0.71131847,0.0
6024,0.73309639,0.0
6025,0.74487894,0.0
6026,0.75476336,0.0
6027,0.77457596,0.0
6028,0.76636609,0.0
6029,0.76999015,0.0
6030,0.78709185,0.0
6031,0.80316427,0.0
6032,0.82613806,0.0
6033,0.81984761,0.0
6034,0.85896544,0.0
6035,0.85131582,0.0
6036,0.82884818,0.0
6037,0.82895135,0.0
6038,0.8460647,0.0
6039,0.86581418,0.0
6040,0.83475173,0.0
6041,0.84057267,0.0
6042,0.85887988,0.0
6043,0.85076391,0.0
6044,0.82445379,0.0
6045,0.80351317,0.0
6046,0.79824202,0.0
6047,0.81717081,0.0
6048,0.82712347,0.0
6049,0.84726583,0.0
6050,0.83771159,0.0
6051,0.82450092,0.0
6052,0.84317943,0.0
6053,0.83566123,0.0
6054,0.81123232,0.0
6055,0.78557009,0.0
6056,0.78042927,0.0
6057,0.77861647,0.0
6058,0.80220032,0.0
6059,0.81014808,0.0
6060,0.82909734,0.0
6061,0.82454848,0.0
6062,0.7978674,0.0
6063,0.80459755,0.0
6064,0.82543766,0.0
6065,0.78589513,0.0
6066,0.82020706,0.0
6067,0.80998614,0.0
6068,0.7752767,0.0
6069,0.75330432,0.0
6070,0.7373121,0.0
6071,0.73195311,0.0
6072,0.75501871,0.0
6073,0.72083817,0.0
6074,0.72161499,0.0
6075,0.71729252,0.0
6076,0.71533729,0.0
6077,0.70361865,0.0
6078,0.69123109,0.0
6079,0.6997224,0.0
6080,0.70606676,0.0
6081,0.68797341,0.0
6082,0.70267072,0.0
6083,0.69842996,0.0
6084,0.72328136,0.0
6085,0.68095218,0.0
6086,0.67441679,0.0
6087,0.66361912,0.0
6088,0.65367604,0.0
6089,0.67819891,0.0
6090,0.66536811,0.0
6091,0.38799918,0.0
6092,0.18697947,0.0
6093,0.014039597,0.0
6094,-0.1425313,0.0
6095,-0.27538652,0.0
6096,-0.38077284,0.0
6097,-0.49288628,0.0
6098,-0.59639334,0.0
6099,-0.68025796,0.0
6100,-0.73299146,0.0
6101,-0.82429669,0.0
6102,-0.89345901,0.0
6103,-0.94987603,0.0
6104,-1.0097993,0.0
6105,-1.0237354,0.0
6106,-1.0600396,0.0
6107,-1.0828228,0.0
6108,-1.0978719,0.0
6109,-1.0989646,0.0
6110,-0.89023425,0.0
6111,-0.61339794,0.0
6112,-0.36532953,0.0
6113,-0.086297726,0.0
6114,0.065113115,0.0
6115,0.13773423,0.0
6116,0.27288163,0.0
6117,0.2728086,0.0
6118,0.41170834,0.0
6119,0.45059576,0.0
6120,0.50772955,0.0
6121,0.56999329,0.0
6122,0.57851606,0.0
6123,0.58830898,0.0
6124,0.64040823,0.0
6125,0.66504045,0.0
6126,0.72559871,0.0
6127,0.71086641,0.0
6128,0.76044777,0.0
6129,0.75888767,0.0
6130,0.72390508,0.0
6131,0.73622582,0.0
6132,0.76563377,0.0
6133,0.78286635,0.0
6134,0.75538438,0.0
6135,0.74664491,0.0
6136,0.74183234,0.0
6137,0.72068176,0.0
6138,0.77789484,0.0
6139,0.77333783,0.0
6140,0.75757613,0.0
6141,0.77558437,0.0
6142,0.78168161,0.0
6143,0.8079675,0.0
6144,0.82716674,0.0
6145,0.84767201,0.0
6146,0.88200309,0.0
6147,0.89424001,0.0
6148,0.87468518,0.0
6149,0.89093314,0.0
6150,0.93674761,0.0
6151,0.91493141,0.0
6152,0.91808577,0.0
6153,0.90086518,0.0
6154,0.90041483,0.0
6155,0.92878489,0.0
6156,0.90035939,0.0
6157,0.92889322,0.0
6158,0.92306356,0.0
6159,0.88745453,0.0
6160,0.8960026,0.0
6161,0.90660409,0.0
6162,0.94046352,0.0
6163,0.9264934,0.0
6164,0.92091454,0.0
6165,0.93268812,0.0
6166,0.92449528,0.0
6167,0.92633807,0.0
6168,0.94063476,0.0
6169,0.92499237,0.0
6170,0.93740379,0.0
6171,0.9377116,0.0
6172,0.92724444,0.0
6173,0.89185189,0.0
6174,0.88042856,0.0
6175,0.8546967,0.0
6176,0.83715888,0.0
6177,0.82353703,0.0
6178,0.80614316,0.0
6179,0.78440623,0.0
6180,0.77750756,0.0
6181,0.80228254,0.0
6182,0.78569251,0.0
6183,0.76742738,0.0
6184,0.76158819,0.0
6185,0.77364021,0.0
6186,0.78719171,0.0
6187,0.77849768,0.0
6188,0.77335281,0.0
6189,0.59737602,0.0
6190,0.35309049,0.0
6191,0.16408083,0.0
6192,0.012641149,0.0
6193,-0.10028942,0.0
6194,-0.25438339,0.0
6195,-0.35730202,0.0
6196,-0.44601471,0.0
6197,-0.52638235,0.0
6198,-0.61876714,0.0
6199,-0.6989594,0.0
6200,-0.75621905,0.0
6201,-0.82259328,0.0
6202,-0.86588992,0.0
6203,-0.91050987,0.0
6204,-0.9296343,0.0
6205,-0.94890497,0.0
6206,-0.98672879,0.0
6207,-0.99840372,0.0
6208,-0.90549207,0.0
6209,-0.60719935,0.0
6210,-0.31515802,0.0
6211,-0.09140371,0.0
6212,0.11198123,0.0
6213,0.21190904,0.0
6214,0.30915302,0.0
6215,0.38713019,0.0
6216,0.44525153,0.0
6217,0.50626995,0.0
6218,0.5447173,0.0
6219,0.58836281,0.0
6220,0.61595431,0.0
6221,0.63926733,0.0
6222,0.68622511,0.0
6223,0.68285622,0.0
6224,0.7054896,0.0
6225,0.70640515,0.0
6226,0.73664074,0.0
6227,0.74824267,0.0
6228,0.76263394,0.0
6229,0.77346266,0.0
6230,0.76371537,0.0
6231,0.79969373,0.0
6232,0.80919628,0.0
6233,0.81960082,0.0
6234,0.79982564,0.0
6235,0.79314187,0.0
6236,0.77512677,0.0
6237,0.76976724,0.0
6238,0.77602992,0.0
6239,0.80502448,0.0
6240,0.81586037,0.0
6241,0.84597738,0.0
6242,0.83562554,0.0
6243,0.82479429,0.0
6244,0.8289375,0.0
6245,0.84065259,0.0
6246,0.80493053,0.0
6247,0.78820754,0.0
6248,0.78323087,0.0
6249,0.80159819,0.0
6250,0.85958544,0.0
6251,0.83789418,0.0
6252,0.82505098,0.0
6253,0.84436385,0.0
6254,0.829937,0.0
6255,0.81772921,0.0
6256,0.81695814,0.0
6257,0.82494396,0.0
6258,0.82391351,0.0
6259,0.80017025,0.0
6260,0.77618232,0.0
6261,0.77823207,0.0
6262,0.78909434,0.0
6263,0.72171715,0.0
6264,0.74867537,0.0
6265,0.74675098,0.0
6266,0.72703264,0.0
6267,0.76841037,0.0
6268,0.76727642,0.0
6269,0.7428069,0.0
6270,0.74125414,0.0
6271,0.72695855,0.0
6272,0.6999307,0.0
6273,0.70684491,0.0
6274,0.71115506,0.0
6275,0.69300519,0.0
6276,0.68800227,0.0
6277,0.70602862,0.0
6278,0.69263536,0.0
6279,0.67408672,0.0
6280,0.69968393,0.0
6281,0.67398759,0.0
6282,0.65953643,0.0
6283,0.65138341,0.0
6284,0.64543065,0.0
6285,0.64892,0.0
6286,0.67949426,0.0
6287,0.68796517,0.0
6288,0.39222517,0.0
6289,0.21978098,0.0
6290,0.035899534,0.0
6291,-0.1104798,0.0
6292,-0.23567953,0.0
6293,-0.3303945,0.0
6294,-0.46635931,0.0
6295,-0.54827202,0.0
6296,-0.61174344,0.0
6297,-0.66299105,0.0
6298,-0.71670671,0.0
6299,-0.76258166,0.0
6300,-0.80190775,0.0
6301,-0.85259657,0.0
6302,-0.87391643,0.0
6303,-0.90397008,0.0
6304,-0.90357472,0.0
6305,-0.93990862,0.0
6306,-0.90186507,0.0
6307,-0.63573788,0.0
6308,-0.41215851,0.0
6309,-0.18096135,0.0
6310,0.062675094,0.0
6311,0.23040196,0.0
6312,0.32869261,0.0
6313,0.38453834,0.0
6314,0.48836666,0.0
6315,0.5927143,0.0
6316,0.60606433,0.0
6317,0.66798653,0.0
6318,0.65812409,0.0
6319,0.68462985,0.0
6320,0.75702124,0.0
6321,0.76220749,0.0
6322,0.76779514,0.0
6323,0.78823013,0.0
6324,0.79652851,0.0
6325,0.78030115,0.0
6326,0.7941137,0.0
6327,0.84131178,0.0
6328,0.85369501,0.0
6329,0.87632165,0.0
6330,0.89936072,0.0
6331,0.83964956,0.0
6332,0.8519584,0.0
6333,0.86864146,0.0
6334,0.87468339,0.0
6335,0.8691993,0.0
6336,0.90111569,0.0
6337,0.88290039,0.0
6338,0.88221101,0.0
6339,0.85945662,0.0
6340,0.82873815,0.0
6341,0.82435625,0.0
6342,0.82272755,0.0
6343,0.84668214,0.0
6344,0.85822703,0.0
6345,0.90031817,0.0
6346,0.90707084,0.0
6347,0.88784392,0.0
6348,0.87413979,0.0
6349,0.85447161,0.0
6350,0.84215005,0.0
6351,0.85508908,0.0
6352,0.83102457,0.0
6353,0.83766027,0.0
6354,0.81365555,0.0
6355,0.82149717,0.0
6356,0.79730314,0.0
6357,0.77204587,0.0
6358,0.81980539,0.0
6359,0.82787492,0.0
6360,0.82073675,0.0
6361,0.82220501,0.0
6362,0.83809513,0.0
6363,0.84905862,0.0
6364,0.84044294,0.0
6365,0.82592856,0.0
6366,0.80099439,0.0
6367,0.80579358,0.0
6368,0.81159351,0.0
6369,0.79420255,0.0
6370,0.80600812,0.0
6371,0.7696192,0.0
6372,0.7662154,0.0
6373,0.79919407,0.0
6374,0.77318308,0.0
6375,0.74668218,0.0
6376,0.7582567,0.0
6377,0.77453234,0.0
6378,0.75446451,0.0
6379,0.74359433,0.0
6380,0.74172652,0.0
6381,0.71972637,0.0
6382,0.75939918,0.0
6383,0.76871492,0.0
6384,0.7569159,0.0
6385,0.70061615,0.0
6386,0.57049307,0.0
6387,0.29720638,0.0
6388,0.13078856,0.0
6389,-0.032502486,0.0
6390,-0.16385566,0.0
6391,-0.26888473,0.0
6392,-0.36147792,0.0
6393,-0.45087516,0.0
6394,-0.53462704,0.0
6395,-0.6405653,0.0
6396,-0.69070209,0.0
6397,-0.77714194,0.0
6398,-0.80805705,0.0
6399,-0.8775314,0.0
6400,-0.90129187,0.0
6401,-0.94341148,0.0
6402,-0.97079511,0.0
6403,-1.0014407,0.0
6404,-1.0219763,0.0
6405,-0.88604982,0.0
6406,-0.58640276,0.0
6407,-0.28900809,0.0
6408,-0.029486729,0.0
6409,0.11176431,0.0
6410,0.23684049,0.0
6411,0.34898681,0.0
6412,0.38325444,0.0
6413,0.47437675,0.0
6414,0.55623484,0.0
6415,0.61627402,0.0
6416,0.65701557,0.0
6417,0.69599437,0.0
6418,0.72083063,0.0
6419,0.77048839,0.0
6420,0.78778647,0.0
6421,0.80090366,0.0
6422,0.80561881,0.0
6423,0.80448639,0.0
6424,0.85133836,0.0
6425,0.85010334,0.0
6426,0.8761975,0.0
6427,0.87470243,0.0
6428,0.87666655,0.0
6429,0.85977439,0.0
6430,0.8506775,0.0
6431,0.86421055,0.0
6432,0.88893801,0.0
6433,0.8495308,0.0
6434,0.83661005,0.0
6435,0.8273665,0.0
6436,0.86269751,0.0
6437,0.8806107,0.0
6438,0.86930958,0.0
6439,0.85189667,0.0
6440,0.86578857,0.0
6441,0.88486201,0.0
6442,0.89110916,0.0
6443,0.90227175,0.0
6444,0.90089582,0.0
6445,0.94236736,0.0
6446,0.90142974,0.0
6447,0.89135326,0.0
6448,0.90645227,0.0
6449,0.90286269,0.0
6450,0.91286212,0.0
6451,0.93612076,0.0
6452,0.92056926,0.0
6453,0.93475585,0.0
6454,0.94048423,0.0
6455,0.92410342,0.0
6456,0.8820375,0.0
6457,0.87057916,0.0
6458,0.81526537,0.0
6459,0.83307309,0.0
6460,0.83717706,0.0
6461,0.83235883,0.0
6462,0.85978114,0.0
6463,0.83957848,0.0
6464,0.81499539,0.0
6465,0.77341865,0.0
6466,0.76091431,0.0
6467,0.76013259,0.0
6468,0.78016549,0.0
6469,0.7653563,0.0
6470,0.74268602,0.0
6471,0.71642791,0.0
6472,0.69879055,0.0
6473,0.7042092,0.0
6474,0.71773563,0.0
6475,0.69912378,0.0
6476,0.72597784,0.0
6477,0.70076032,0.0
6478,0.71911551,0.0
6479,0.67262855,0.0
6480,0.67677164,0.0
6481,0.67851618,0.0
6482,0.66971262,0.0
6483,0.62476292,0.0
6484,0.59212036,0.0
6485,0.28545302,0.0
6486,0.10897317,0.0
6487,-0.10260424,0.0
6488,-0.25963498,0.0
6489,-0.3751263,0.0
6490,-0.45991274,0.0
6491,-0.56689521,0.0
6492,-0.67205789,0.0
6493,-0.77761557,0.0
6494,-0.82579382,0.0
6495,-0.8694528,0.0
6496,-0.92886562,0.0
6497,-0.94152679,0.0
6498,-0.95570266,0.0
6499,-1.0114992,0.0
6500,-0.99735789,0.0
6501,-1.0411566,0.0
6502,-1.0667071,0.0
6503,-1.0682705,0.0
6504,-0.74109467,0.0
6505,-0.52721305,0.0
6506,-0.26452835,0.0
6507,-0.027367735,0.0
6508,0.080295177,0.0
6509,0.22187058,0.0
6510,0.36011779,0.0
6511,0.43892917,0.0
6512,0.50830518,0.0
6513,0.5212324,0.0
6514,0.56022778,0.0
6515,0.5992305,0.0
6516,0.63882944,0.0
6517,0.64941699,0.0
6518,0.65907456,0.0
6519,0.69231283,0.0
6520,0.7485635,0.0
6521,0.73457851,0.0
6522,0.746956,0.0
6523,0.75630585,0.0
6524,0.76969591,0.0
6525,0.79034107,0.0
6526,0.76302769,0.0
6527,0.75325143,0.0
6528,0.73688616,0.0
6529,0.76117633,0.0
6530,0.77509196,0.0
6531,0.77158958,0.0
6532,0.77049109,0.0
6533,0.79213522,0.0
6534,0.82654202,0.0
6535,0.8646219,0.0
6536,0.88922741,0.0
6537,0.87408761,0.0
6538,0.91574167,0.0
6539,0.93240913,0.0
6540,0.90987135,0.0
6541,0.91585266,0.0
6542,0.88179429,0.0
6543,0.8953407,0.0
6544,0.92514695,0.0
6545,0.89522685,0.0
6546,0.89479207,0.0
6547,0.91113694,0.0
6548,0.89611564,0.0
6549,0.8768648,0.0
6550,0.87446157,0.0
6551,0.87360874,0.0
6552,0.87316842,0.0
6553,0.88841622,0.0
6554,0.91365575,0.0
6555,0.92677946,0.0
6556,0.94595021,0.0
6557,0.93054738,0.0
6558,0.91558201,0.0
6559,0.9062143,0.0
6560,0.88606939,0.0
6561,0.89003073,0.0
6562,0.86989844,0.0
6563,0.89279962,0.0
6564,0.8872429,0.0
6565,0.90314416,0.0
6566,0.90073635,0.0
6567,0.91345438,0.0
6568,0.90430444,0.0
6569,0.92243744,0.0
6570,0.89654075,0.0
6571,0.86229536,0.0
6572,0.86344987,0.0
6573,0.89982219,0.0
6574,0.89228507,0.0
6575,0.89117774,0.0
6576,0.88443417,0.0
6577,0.92826969,0.0
6578,0.91740257,0.0
6579,0.90748828,0.0
6580,0.89462285,0.0
6581,0.881968,0.0
6582,0.89031261,0.0
6583,0.72099945,0.0
6584,0.4534073,0.0
6585,0.28881541,0.0
6586,0.089948315,0.0
6587,-0.043723908,0.0
6588,-0.12862549,0.0
6589,-0.23290768,0.0
6590,-0.33420194,0.0
6591,-0.39941504,0.0
6592,-0.48768742,0.0
6593,-0.56511998,0.0
6594,-0.60120838,0.0
6595,-0.58765302,0.0
6596,-0.61677679,0.0
6597,-0.69027708,0.0
6598,-0.7057016,0.0
6599,-0.70919404,0.0
6600,-0.73884921,0.0
6601,-0.75986618,0.0
6602,-0.61827212,0.0
6603,-0.32963038,0.0
6604,-0.079508677,0.0
6605,0.13634417,0.0
6606,0.29656644,0.0
6607,0.35113661,0.0
6608,0.46332773,0.0
6609,0.53873064,0.0
6610,0.66535723,0.0
6611,0.72521792,0.0
6612,0.76554275,0.0
6613,0.78438423,0.0
6614,0.81234247,0.0
6615,0.814556,0.0
6616,0.7966021,0.0
6617,0.77795759,0.0
6618,0.7876805,0.0
6619,0.78295862,0.0
6620,0.79400251,0.0
6621,0.76282592,0.0
6622,0.76408133,0.0
6623,0.74517067,0.0
6624,0.74090292,0.0
6625,0.72830803,0.0
6626,0.72542115,0.0
6627,0.72332262,0.0
6628,0.71600656,0.0
6629,0.73775515,0.0
6630,0.76987429,0.0
6631,0.77765083,0.0
6632,0.79104543,0.0
6633,0.79811435,0.0
6634,0.81017336,0.0
6635,0.80935036,0.0
6636,0.74208302,0.0
6637,0.76254575,0.0
6638,0.78847357,0.0
6639,0.77595255,0.0
6640,0.77171558,0.0
6641,0.82536831,0.0
6642,0.83363645,0.0
6643,0.84338251,0.0
6644,0.90259594,0.0
6645,0.8866639,0.0
6646,0.8703022,0.0
6647,0.85996716,0.0
6648,0.85385004,0.0
6649,0.82869827,0.0
6650,0.8409588,0.0
6651,0.82857206,0.0
6652,0.81306828,0.0
6653,0.81141416,0.0
6654,0.78273402,0.0
6655,0.78281885,0.0
6656,0.76905783,0.0
6657,0.80472772,0.0
6658,0.81602133,0.0
6659,0.80850653,0.0
6660,0.80111649,0.0
6661,0.82964377,0.0
6662,0.79647891,0.0
6663,0.79041521,0.0
6664,0.81796073,0.0
6665,0.77433073,0.0
6666,0.78386545,0.0
6667,0.83245946,0.0
6668,0.83991218,0.0
6669,0.81158988,0.0
6670,0.80638244,0.0
6671,0.82925376,0.0
6672,0.85005096,0.0
6673,0.8244603,0.0
6674,0.85841028,0.0
6675,0.84357489,0.0
6676,0.88041671,0.0
6677,0.87622318,0.0
6678,0.87668768,0.0
6679,0.82526691,0.0
6680,0.82535089,0.0
6681,0.69684176,0.0
6682,0.47139991,0.0
6683,0.25910974,0.0
6684,0.11460536,0.0
6685,-0.054873307,0.0
6686,-0.17477556,0.0
6687,-0.26521796,0.0
6688,-0.37767744,0.0
6689,-0.47779401,0.0
6690,-0.55071663,0.0
6691,-0.65445012,0.0
6692,-0.70374379,0.0
6693,-0.75251755,0.0
6694,-0.82353764,0.0
6695,-0.89215831,0.0
6696,-0.91624695,0.0
6697,-0.94689163,0.0
6698,-0.97368384,0.0
6699,-0.977982,0.0
6700,-1.0014655,0.0
6701,-0.69551858,0.0
6702,-0.45763722,0.0
6703,-0.22271658,0.0
6704,-0.02912912,0.0
6705,0.13024037,0.0
6706,0.18141379,0.0
6707,0.27143647,0.0
6708,0.33797481,0.0
6709,0.43804758,0.0
6710,0.45990223,0.0
6711,0.5022237,0.0
6712,0.52126159,0.0
6713,0.56934189,0.0
6714,0.58401873,0.0
6715,0.60316258,0.0
6716,0.64788604,0.0
6717,0.61719262,0.0
6718,0.59593333,0.0
6719,0.63112498,0.0
6720,0.61776328,0.0
6721,0.66143139,0.0
6722,0.62166297,0.0
6723,0.62236825,0.0
6724,0.64721784,0.0
6725,0.62906655,0.0
6726,0.64807933,0.0
6727,0.62322847,0.0
6728,0.63942045,0.0
6729,0.67784885,0.0
6730,0.68545183,0.0
6731,0.6589089,0.0
6732,0.69615451,0.0
6733,0.66853182,0.0
6734,0.65303344,0.0
6735,0.65603981,0.0
6736,0.6666898,0.0
6737,0.65904055,0.0
6738,0.65997536,0.0
6739,0.6536431,0.0
6740,0.6735334,0.0
6741,0.64159311,0.0
6742,0.67377128,0.0
6743,0.66988183,0.0
6744,0.66642926,0.0
6745,0.65367093,0.0
6746,0.67797824,0.0
6747,0.66733273,0.0
6748,0.70829459,0.0
6749,0.6839723,0.0
6750,0.68228553,0.0
6751,0.69153028,0.0
6752,0.71167885,0.0
6753,0.71527882,0.0
6754,0.70886952,0.0
6755,0.74074835,0.0
6756,0.75413222,0.0
6757,0.77746445,0.0
6758,0.80149437,0.0
6759,0.77703564,0.0
6760,0.78037425,0.0
6761,0.7654887,0.0
6762,0.77652143,0.0
6763,0.7707028,0.0
6764,0.77722977,0.0
6765,0.79977106,0.0
6766,0.8084904,0.0
6767,0.830611,0.0
6768,0.8587572,0.0
6769,0.86265047,0.0
6770,0.85347417,0.0
6771,0.85438777,0.0
6772,0.85000408,0.0
6773,0.89244763,0.0
6774,0.8925574,0.0
6775,0.88578749,0.0
6776,0.88613775,0.0
6777,0.88957745,0.0
6778,0.85965199,0.0
6779,0.85691349,0.0
6780,0.64278588,0.0
6781,0.38217473,0.0
6782,0.20796682,0.0
6783,0.05761823,0.0
6784,-0.073104272,0.0
6785,-0.19335187,0.0
6786,-0.28935836,0.0
6787,-0.39795405,0.0
6788,-0.44805658,0.0
6789,-0.49802827,0.0
6790,-0.59113402,0.0
6791,-0.64409003,0.0
6792,-0.67553196,0.0
6793,-0.74653897,0.0
6794,-0.77537111,0.0
6795,-0.82883183,0.0
6796,-0.82936491,0.0
6797,-0.882663,0.0
6798,-0.91886421,0.0
6799,-0.73982291,0.0
6800,-0.5401948,0.0
6801,-0.27648574,0.0
6802,-0.077477607,0.0
6803,0.053179593,0.0
6804,0.18991237,0.0
6805,0.363317,0.0
6806,0.38565137,0.0
6807,0.49989506,0.0
6808,0.53203622,0.0
6809,0.58940088,0.0
6810,0.63084928,0.0
6811,0.68215336,0.0
6812,0.68082354,0.0
6813,0.69405324,0.0
6814,0.71422019,0.0
6815,0.67310444,0.0
6816,0.67364326,0.0
6817,0.68059281,0.0
6818,0.68095624,0.0
6819,0.68346525,0.0
6820,0.73117255,0.0
6821,0.71249906,0.0
6822,0.74222763,0.0
6823,0.72474291,0.0
6824,0.74504962,0.0
6825,0.74168255,0.0
6826,0.77334181,0.0
6827,0.78679693,0.0
6828,0.80384106,0.0
6829,0.80404082,0.0
6830,0.7993359,0.0
6831,0.82015792,0.0
6832,0.82492078,0.0
6833,0.87021767,0.0
6834,0.84586727,0.0
6835,0.87412847,0.0
6836,0.85559898,0.0
6837,0.84203048,0.0
6838,0.86244962,0.0
6839,0.874528,0.0
6840,0.86414629,0.0
6841,0.8857439,0.0
6842,0.89282089,0.0
6843,0.89578971,0.0
6844,0.87489728,0.0
6845,0.85764944,0.0
6846,0.86364048,0.0
6847,0.84372185,0.0
6848,0.85941459,0.0
6849,0.90112358,0.0
6850,0.89257172,0.0
6851,0.91394422,0.0
6852,0.90470518,0.0
6853,0.93964719,0.0
6854,0.93786132,0.0
6855,0.91676592,0.0
6856,0.94942049,0.0
6857,0.92264957,0.0
6858,0.91901787,0.0
6859,0.92545332,0.0
6860,0.92019832,0.0
6861,0.93089788,0.0
6862,0.9125436,0.0
6863,0.93325185,0.0
6864,0.92389303,0.0
6865,0.94293338,0.0
6866,0.94616871,0.0
6867,0.9373153,0.0
6868,0.90884471,0.0
6869,0.89441492,0.0
6870,0.93951462,0.0
6871,0.89309185,0.0
6872,0.86735153,0.0
6873,0.85749935,0.0
6874,0.85611022,0.0
6875,0.88199298,0.0
6876,0.8654966,0.0
6877,0.82646218,0.0
6878,0.70165135,0.0
6879,0.43963604,0.0
6880,0.28558698,0.0
6881,0.092617868,0.0
6882,-0.044929745,0.0
6883,-0.17127739,0.0
6884,-0.27120523,0.0
6885,-0.36041207,0.0
6886,-0.46031296,0.0
6887,-0.54566704,0.0
6888,-0.61822108,0.0
6889,-0.67960569,0.0
6890,-0.73621339,0.0
6891,-0.77637914,0.0
6892,-0.7868088,0.0
6893,-0.83055836,0.0
6894,-0.8416644,0.0
6895,-0.836751,0.0
6896,-0.84933391,0.0
6897,-0.7641186,0.0
6898,-0.41301676,0.0
6899,-0.22911115,0.0
6900,-0.017263838,0.0
6901,0.1931132,0.0
6902,0.32738044,0.0
6903,0.39981863,0.0
6904,0.47294823,0.0
6905,0.55734857,0.0
6906,0.65205549,0.0
6907,0.67771307,0.0
6908,0.70111098,0.0
6909,0.69571579,0.0
6910,0.70965272,0.0
6911,0.76092112,0.0
6912,0.72352777,0.0
6913,0.72640928,0.0
6914,0.7495988,0.0
6915,0.75073259,0.0
6916,0.71954087,0.0
6917,0.71278337,0.0
6918,0.74554647,0.0
6919,0.77589035,0.0
6920,0.78491494,0.0
6921,0.7831525,0.0
6922,0.78391312,0.0
6923,0.79727377,0.0
6924,0.79915363,0.0
6925,0.80487138,0.0
6926,0.76765374,0.0
6927,0.76985939,0.0
6928,0.77683325,0.0
6929,0.81161092,0.0
6930,0.81266086,0.0
6931,0.80302929,0.0
6932,0.79538255,0.0
6933,0.79038736,0.0
6934,0.83115546,0.0
6935,0.84182145,0.0
6936,0.8413627,0.0
6937,0.83509186,0.0
6938,0.89722188,0.0
6939,0.93169934,0.0
6940,0.94783032,0.0
6941,0.97294954,0.0
6942,0.97684574,0.0
6943,0.997765,0.0
6944,1.0029711,0.0
6945,1.0116892,0.0
6946,0.98378175,0.0
6947,0.97209835,0.0
6948,0.95147849,0.0
6949,0.97455357,0.0
6950,0.9498417,0.0
6951,0.95866583,0.0
6952,0.95086632,0.0
6953,0.93674931,0.0
6954,0.96227319,0.0
6955,0.98696418,0.0
6956,0.94771745,0.0
6957,0.94460762,0.0
6958,0.93723462,0.0
6959,0.96136749,0.0
6960,0.99630728,0.0
6961,1.0042004,0.0
6962,0.96510889,0.0
6963,0.96660183,0.0
6964,0.97714367,0.0
6965,0.98292873,0.0
6966,0.98311164,0.0
6967,1.0240726,0.0
6968,1.0123387,0.0
6969,0.96897634,0.0
6970,0.9432333,0.0
6971,0.95316977,0.0
6972,0.92811337,0.0
6973,0.92898407,0.0
6974,0.93753257,0.0
6975,0.91307834,0.0
6976,0.89882269,0.0
6977,0.71362997,0.0
6978,0.4395136,0.0
6979,0.27010126,0.0
6980,0.12207596,0.0
6981,-0.005852923,0.0
6982,-0.11754761,0.0
6983,-0.21601622,0.0
6984,-0.30549832,0.0
6985,-0.40500769,0.0
6986,-0.50111255,0.0
6987,-0.52892301,0.0
6988,-0.61548566,0.0
6989,-0.66547579,0.0
6990,-0.77597499,0.0
6991,-0.82212415,0.0
6992,-0.89579406,0.0
6993,-0.94245344,0.0
6994,-1.0054967,0.0
6995,-1.0162978,0.0
6996,-0.7902148,0.0
6997,-0.55062809,0.0
6998,-0.30856381,0.0
6999,-0.10957111,0.0
7000,0.043554108,0.0
7001,0.12246893,0.0
7002,0.24818825,0.0
7003,0.32592421,0.0
7004,0.45115375,0.0
7005,0.4947077,0.0
7006,0.52488866,0.0
7007,0.55853455,0.0
7008,0.59022616,0.0
7009,0.58310079,0.0
7010,0.59521028,0.0
7011,0.60120759,0.0
7012,0.6178322,0.0
7013,0.66147413,0.0
7014,0.67179606,0.0
7015,0.68364587,0.0
7016,0.68722392,0.0
7017,0.65016352,0.0
7018,0.70000035,0.0
7019,0.67677815,0.0
7020,0.72211832,0.0
7021,0.73733142,0.0
7022,0.72990033,0.0
7023,0.72354807,0.0
7024,0.72408401,0.0
7025,0.73002611,0.0
7026,0.73352163,0.0
7027,0.73090229,0.0
7028,0.74702586,0.0
7029,0.75515467,0.0
7030,0.75411387,0.0
7031,0.77560524,0.0
7032,0.7846355,0.0
7033,0.79225176,0.0
7034,0.81969825,0.0
7035,0.81429656,0.0
7036,0.82988308,0.0
7037,0.84530713,0.0
7038,0.84703179,0.0
7039,0.84986366,0.0
7040,0.87917088,0.0
7041,0.85990019,0.0
7042,0.85897318,0.0
7043,0.88050724,0.0
7044,0.90337261,0.0
7045,0.92078702,0.0
7046,0.91786585,0.0
7047,0.916196,0.0
7048,0.92106258,0.0
7049,0.96006469,0.0
7050,0.90786845,0.0
7051,0.91374824,0.0
7052,0.90127628,0.0
7053,0.93633601,0.0
7054,0.93346953,0.0
7055,0.91170803,0.0
7056,0.91124304,0.0
7057,0.89168701,0.0
7058,0.87060516,0.0
7059,0.88949706,0.0
7060,0.89923974,0.0
7061,0.90024563,0.0
7062,0.8864114,0.0
7063,0.89970243,0.0
7064,0.87436349,0.0
7065,0.86778253,0.0
7066,0.85321498,0.0
7067,0.88267482,0.0
7068,0.87015093,0.0
7069,0.82210283,0.0
7070,0.83162167,0.0
7071,0.81846465,0.0
7072,0.80069606,0.0
7073,0.79733955,0.0
7074,0.77830029,0.0
7075,0.64915326,0.0
7076,0.44150018,0.0
7077,0.22044952,0.0
7078,0.09394091,0.0
7079,-0.065401152,0.0
7080,-0.19214118,0.0
7081,-0.28696047,0.0
7082,-0.39381887,0.0
7083,-0.49957247,0.0
7084,-0.56446251,0.0
7085,-0.66646427,0.0
7086,-0.73484769,0.0
7087,-0.79231505,0.0
7088,-0.81221461,0.0
7089,-0.85934366,0.0
7090,-0.89105612,0.0
7091,-0.92440945,0.0
7092,-0.9574737,0.0
7093,-0.95793275,0.0
7094,-0.90991234,0.0
7095,-0.65077093,0.0
7096,-0.34371212,0.0
7097,-0.12539593,0.0
7098,0.086117784,0.0
7099,0.22605521,0.0
7100,0.34782177,0.0
7101,0.43555483,0.0
7102,0.49621106,0.0
7103,0.59508542,0.0
7104,0.62098091,0.0
7105,0.65044849,0.0
7106,0.67614488,0.0
7107,0.68504449,0.0
7108,0.71889994,0.0
7109,0.73906821,0.0
7110,0.73734146,0.0
7111,0.72232632,0.0
7112,0.72268616,0.0
7113,0.70527352,0.0
7114,0.70488797,0.0
7115,0.69040999,0.0
7116,0.68808932,0.0
7117,0.71995211,0.0
7118,0.73158748,0.0
7119,0.73825607,0.0
7120,0.76707285,0.0
7121,0.75445366,0.0
7122,0.74668173,0.0
7123,0.77042554,0.0
7124,0.78894142,0.0
7125,0.81496567,0.0
7126,0.79420783,0.0
7127,0.79123459,0.0
7128,0.80693675,0.0
7129,0.76378809,0.0
7130,0.76929205,0.0
7131,0.76472578,0.0
7132,0.78235198,0.0
7133,0.76908105,0.0
7134,0.7762381,0.0
7135,0.78572257,0.0
7136,0.81669815,0.0
7137,0.83891493,0.0
7138,0.83045206,0.0
7139,0.80833715,0.0
7140,0.81590654,0.0
7141,0.79640225,0.0
7142,0.81361298,0.0
7143,0.8071925,0.0
7144,0.78104671,0.0
7145,0.78373806,0.0
7146,0.80516784,0.0
7147,0.77179226,0.0
7148,0.74998716,0.0
7149,0.75238969,0.0
7150,0.73873283,0.0
7151,0.7095725,0.0
7152,0.724424,0.0
7153,0.69850447,0.0
7154,0.70544907,0.0
7155,0.71883022,0.0
7156,0.7262121,0.0
7157,0.74473447,0.0
7158,0.75022785,0.0
7159,0.76058344,0.0
7160,0.77321764,0.0
7161,0.75172841,0.0
7162,0.74902955,0.0
7163,0.74907175,0.0
7164,0.75658886,0.0
7165,0.75069819,0.0
7166,0.74112497,0.0
7167,0.75687522,0.0
7168,0.72870597,0.0
7169,0.73204846,0.0
7170,0.73956977,0.0
7171,0.71668234,0.0
7172,0.72922267,0.0
7173,0.71281482,0.0
7174,0.47544437,0.0
7175,0.21336056,0.0
7176,0.057839437,0.0
7177,-0.11230119,0.0
7178,-0.25614235,0.0
7179,-0.35111144,0.0
7180,-0.42414831,0.0
7181,-0.50080847,0.0
7182,-0.56952758,0.0
7183,-0.60499602,0.0
7184,-0.69967911,0.0
7185,-0.74315689,0.0
7186,-0.80275985,0.0
7187,-0.82175151,0.0
7188,-0.88942605,0.0
7189,-0.91282925,0.0
7190,-0.94459345,0.0
7191,-0.97277863,0.0
7192,-0.9794482,0.0
7193,-0.69881262,0.0
7194,-0.47513101,0.0
7195,-0.23091039,0.0
7196,-0.0082578102,0.0
7197,0.14499192,0.0
7198,0.27929396,0.0
7199,0.33449372,0.0
7200,0.3961084,0.0
7201,0.47891589,0.0
7202,0.54819172,0.0
7203,0.59538913,0.0
7204,0.62552821,0.0
7205,0.6381212,0.0
7206,0.64081604,0.0
7207,0.61435186,0.0
7208,0.6078993,0.0
7209,0.63302032,0.0
7210,0.62715076,0.0
7211,0.63740078,0.0
7212,0.66705553,0.0
7213,0.67043221,0.0
7214,0.68065121,0.0
7215,0.70684416,0.0
7216,0.70551647,0.0
7217,0.73573978,0.0
7218,0.72929464,0.0
7219,0.71682666,0.0
7220,0.71386626,0.0
7221,0.74491603,0.0
7222,0.72156534,0.0
7223,0.69829473,0.0
7224,0.70386152,0.0
7225,0.72037373,0.0
7226,0.74731792,0.0
7227,0.75534939,0.0
7228,0.77511745,0.0
7229,0.79230079,0.0
7230,0.75979121,0.0
7231,0.76280743,0.0
7232,0.80815884,0.0
7233,0.79118659,0.0
7234,0.82018606,0.0
7235,0.80333061,0.0
7236,0.82674223,0.0
7237,0.82201661,0.0
7238,0.81118866,0.0
7239,0.80177075,0.0
7240,0.81111668,0.0
7241,0.81314863,0.0
7242,0.79989841,0.0
7243,0.78557132,0.0
7244,0.78276714,0.0
7245,0.76483416,0.0
7246,0.76385112,0.0
7247,0.73992116,0.0
7248,0.73776983,0.0
7249,0.74609718,0.0
7250,0.74689517,0.0
7251,0.75405504,0.0
7252,0.79115256,0.0
7253,0.77401452,0.0
7254,0.7569653,0.0
7255,0.76986102,0.0
7256,0.73932309,0.0
7257,0.72861175,0.0
7258,0.72078399,0.0
7259,0.72709903,0.0
7260,0.72493919,0.0
7261,0.71735867,0.0
7262,0.70643744,0.0
7263,0.68431677,0.0
7264,0.69835975,0.0
7265,0.70001167,0.0
7266,0.69516702,0.0
7267,0.6716634,0.0
7268,0.62074371,0.0
7269,0.60995494,0.0
7270,0.60525613,0.0
7271,0.63819868,0.0
7272,0.46532661,0.0
7273,0.21197467,0.0
7274,0.05262663,0.0
7275,-0.089955783,0.0
7276,-0.25324102,0.0
7277,-0.36627965,0.0
7278,-0.48517568,0.0
7279,-0.58739204,0.0
7280,-0.65293518,0.0
7281,-0.70510405,0.0
7282,-0.77230359,0.0
7283,-0.8393346,0.0
7284,-0.84391552,0.0
7285,-0.91454476,0.0
7286,-0.94988091,0.0
7287,-1.0080842,0.0
7288,-1.0323701,0.0
7289,-1.056605,0.0
7290,-1.113295,0.0
7291,-1.0503389,0.0
7292,-0.70355899,0.0
7293,-0.493477,0.0
7294,-0.25331798,0.0
7295,-0.10682443,0.0
7296,0.10194721,0.0
7297,0.17153795,0.0
7298,0.28464062,0.0
7299,0.35340207,0.0
7300,0.45414613,0.0
7301,0.47734992,0.0
7302,0.53700835,0.0
7303,0.57768422,0.0
7304,0.58417436,0.0
7305,0.59659872,0.0
7306,0.60925438,0.0
7307,0.60017597,0.0
7308,0.6092387,0.0
7309,0.59958331,0.0
7310,0.62506189,0.0
7311,0.62008431,0.0
7312,0.62103569,0.0
7313,0.64273524,0.0
7314,0.64324815,0.0
7315,0.65775613,0.0
7316,0.68660177,0.0
7317,0.67250764,0.0
7318,0.68568621,0.0
7319,0.70475461,0.0
7320,0.71453537,0.0
7321,0.75410027,0.0
7322,0.74412783,0.0
7323,0.73904582,0.0
7324,0.75711997,0.0
7325,0.77267443,0.0
7326,0.78428782,0.0
7327,0.79243943,0.0
7328,0.80485579,0.0
7329,0.81676206,0.0
7330,0.824209,0.0
7331,0.82669125,0.0
7332,0.8297228,0.0
7333,0.85175385,0.0
7334,0.85349579,0.0
7335,0.84464556,0.0
7336,0.79852108,0.0
7337,0.77102532,0.0
7338,0.81486835,0.0
7339,0.78611627,0.0
7340,0.79617589,0.0
7341,0.81233977,0.0
7342,0.80525456,0.0
7343,0.79562057,0.0
7344,0.82843543,0.0
7345,0.80771346,0.0
7346,0.82069476,0.0
7347,0.80375182,0.0
7348,0.81719413,0.0
7349,0.80388985,0.0
7350,0.81258201,0.0
7351,0.81244701,0.0
7352,0.83342474,0.0
7353,0.81639859,0.0
7354,0.81498757,0.0
7355,0.81761209,0.0
7356,0.8212557,0.0
7357,0.82266796,0.0
7358,0.83700285,0.0
7359,0.83742908,0.0
7360,0.85646443,0.0
7361,0.83709385,0.0
7362,0.87186843,0.0
7363,0.85975375,0.0
7364,0.87562787,0.0
7365,0.86369808,0.0
7366,0.86895907,0.0
7367,0.83321786,0.0
7368,0.85149328,0.0
7369,0.83314588,0.0
7370,0.54206854,0.0
7371,0.34782547,0.0
7372,0.14741049,0.0
7373,-0.0075766925,0.0
7374,-0.11996131,0.0
7375,-0.24146052,0.0
7376,-0.33729945,0.0
7377,-0.4047697,0.0
7378,-0.48017671,0.0
7379,-0.55127509,0.0
7380,-0.63021201,0.0
7381,-0.71289859,0.0
7382,-0.76842008,0.0
7383,-0.78780731,0.0
7384,-0.86275318,0.0
7385,-0.90327389,0.0
7386,-0.93260169,0.0
7387,-0.9565063,0.0
7388,-0.88990205,0.0
7389,-0.72087835,0.0
7390,-0.44351171,0.0
7391,-0.19167791,0.0
7392,0.01421698,0.0
7393,0.19585362,0.0
7394,0.32656614,0.0
7395,0.37759165,0.0
7396,0.43758834,0.0
7397,0.53355091,0.0
7398,0.55763523,0.0
7399,0.57085525,0.0
7400,0.6053686,0.0
7401,0.61454894,0.0
7402,0.64464263,0.0
7403,0.64978873,0.0
7404,0.63533979,0.0
7405,0.65128136,0.0
7406,0.66013871,0.0
7407,0.68029099,0.0
7408,0.71312698,0.0
7409,0.70371252,0.0
7410,0.74855797,0.0
7411,0.7312891,0.0
7412,0.72870565,0.0
7413,0.7625929,0.0
7414,0.7292498,0.0
7415,0.74156742,0.0
7416,0.7685383,0.0
7417,0.72874917,0.0
7418,0.7460349,0.0
7419,0.74351567,0.0
7420,0.7545204,0.0
7421,0.77422362,0.0
7422,0.81441178,0.0
7423,0.82137251,0.0
7424,0.85048016,0.0
7425,0.87353459,0.0
7426,0.87034648,0.0
7427,0.86170165,0.0
7428,0.854962,0.0
7429,0.86190966,0.0
7430,0.87754,0.0
7431,0.87652142,0.0
7432,0.89307157,0.0
7433,0.86594568,0.0
7434,0.86315796,0.0
7435,0.87203258,0.0
7436,0.86423326,0.0
7437,0.84342049,0.0
7438,0.85063179,0.0
7439,0.84518263,0.0
7440,0.82800045,0.0
7441,0.84337348,0.0
7442,0.85872505,0.0
7443,0.84414769,0.0
7444,0.83969955,0.0
7445,0.85696169,0.0
7446,0.88997533,0.0
7447,0.89589963,0.0
7448,0.92410865,0.0
7449,0.93640097,0.0
7450,0.9673442,0.0
7451,0.94557005,0.0
7452,0.90512892,0.0
7453,0.90404309,0.0
7454,0.91230139,0.0
7455,0.90358004,0.0
7456,0.88728118,0.0
7457,0.87249287,0.0
7458,0.87466649,0.0
7459,0.84474064,0.0
7460,0.85076772,0.0
7461,0.81564997,0.0
7462,0.79623758,0.0
7463,0.80364461,0.0
7464,0.809802,0.0
7465,0.84133794,0.0
7466,0.80338639,0.0
7467,0.76499787,0.0
7468,0.59676525,0.0
7469,0.36940944,0.0
7470,0.19294033,0.0
7471,0.019951181,0.0
7472,-0.12115754,0.0
7473,-0.24068352,0.0
7474,-0.35474142,0.0
7475,-0.46062377,0.0
7476,-0.55892256,0.0
7477,-0.59934694,0.0
7478,-0.67238084,0.0
7479,-0.74537581,0.0
7480,-0.79968875,0.0
7481,-0.84111654,0.0
7482,-0.88060047,0.0
7483,-0.8716015,0.0
7484,-0.91701824,0.0
7485,-0.93722481,0.0
7486,-0.95048593,0.0
7487,-0.7987534,0.0
7488,-0.53743654,0.0
7489,-0.27598996,0.0
7490,-0.059716147,0.0
7491,0.16766049,0.0
7492,0.21626378,0.0
7493,0.35496036,0.0
7494,0.4554063,0.0
7495,0.5060223,0.0
7496,0.58537109,0.0
7497,0.5877773,0.0
7498,0.60727533,0.0
7499,0.64778571,0.0
7500,0.65810977,0.0
7501,0.66688153,0.0
7502,0.71786029,0.0
7503,0.69941248,0.0
7504,0.7064667,0.0
7505,0.74507809,0.0
7506,0.75021599,0.0
7507,0.7552308,0.0
7508,0.79353494,0.0
7509,0.7791521,0.0
7510,0.84805126,0.0
7511,0.85613278,0.0
7512,0.84798234,0.0
7513,0.84290086,0.0
7514,0.86756423,0.0
7515,0.81622994,0.0
7516,0.81072916,0.0
7517,0.83356732,0.0
7518,0.87518646,0.0
7519,0.89012198,0.0
7520,0.88379609,0.0
7521,0.8972991,0.0
7522,0.90749088,0.0
7523,0.9172786,0.0
7524,0.89965857,0.0
7525,0.93535979,0.0
7526,0.92507915,0.0
7527,0.93080548,0.0
7528,0.89954258,0.0
7529,0.8633238,0.0
7530,0.88039,0.0
7531,0.86126291,0.0
7532,0.83612907,0.0
7533,0.83446083,0.0
7534,0.84840195,0.0
7535,0.86464176,0.0
7536,0.84320715,0.0
7537,0.83824675,0.0
7538,0.87071957,0.0
7539,0.84665578,0.0
7540,0.83814284,0.0
7541,0.83097264,0.0
7542,0.82480494,0.0
7543,0.82293374,0.0
7544,0.84384927,0.0
7545,0.82485453,0.0
7546,0.84441063,0.0
7547,0.84556287,0.0
7548,0.88329166,0.0
7549,0.86539043,0.0
7550,0.87895949,0.0
7551,0.86261491,0.0
7552,0.86632118,0.0
7553,0.86777667,0.0
7554,0.86772827,0.0
7555,0.84216864,0.0
7556,0.84213768,0.0
7557,0.8201508,0.0
7558,0.79397408,0.0
7559,0.75605413,0.0
7560,0.77536633,0.0
7561,0.77927436,0.0
7562,0.74770117,0.0
7563,0.75715257,0.0
7564,0.75583469,0.0
7565,0.73301619,0.0
7566,0.7424423,0.0
7567,0.45716674,0.0
7568,0.24266294,0.0
7569,0.076282048,0.0
7570,-0.057784947,0.0
7571,-0.19668124,0.0
7572,-0.31551325,0.0
7573,-0.41824892,0.0
7574,-0.4777419,0.0
7575,-0.55571254,0.0
7576,-0.64095948,0.0
7577,-0.71913756,0.0
7578,-0.7306587,0.0
7579,-0.77239215,0.0
7580,-0.79429775,0.0
7581,-0.82504979,0.0
7582,-0.825258,0.0
7583,-0.83878194,0.0
7584,-0.86137906,0.0
7585,-0.8902541,0.0
7586,-0.70326369,0.0
7587,-0.31101938,0.0
7588,-0.085539207,0.0
7589,0.10612997,0.0
7590,0.26682967,0.0
7591,0.41286222,0.0
7592,0.48113612,0.0
7593,0.55671031,0.0
7594,0.64792966,0.0
7595,0.68800941,0.0
7596,0.72531792,0.0
7597,0.70655821,0.0
7598,0.74007744,0.0
7599,0.74445366,0.0
7600,0.75571986,0.0
7601,0.75871553,0.0
7602,0.77883641,0.0
7603,0.77816616,0.0
7604,0.78326927,0.0
7605,0.7883975,0.0
7606,0.80864956,0.0
7607,0.83442757,0.0
7608,0.85131107,0.0
7609,0.85070331,0.0
7610,0.87433639,0.0
7611,0.89602637,0.0
7612,0.89523966,0.0
7613,0.89337355,0.0
7614,0.90351124,0.0
7615,0.92832492,0.0
7616,0.91597718,0.0
7617,0.9019563,0.0
7618,0.90663547,0.0
7619,0.90857659,0.0
7620,0.8854604,0.0
7621,0.88143381,0.0
7622,0.88777448,0.0
7623,0.85887711,0.0
7624,0.88674272,0.0
7625,0.85832421,0.0
7626,0.84837128,0.0
7627,0.85980072,0.0
7628,0.89001065,0.0
7629,0.86110518,0.0
7630,0.85576811,0.0
7631,0.84505278,0.0
7632,0.85613414,0.0
7633,0.7971981,0.0
7634,0.7903817,0.0
7635,0.80934744,0.0
7636,0.83165199,0.0
7637,0.83112555,0.0
7638,0.80826643,0.0
7639,0.82373117,0.0
7640,0.82970347,0.0
7641,0.84023423,0.0
7642,0.80367219,0.0
7643,0.81442682,0.0
7644,0.78226507,0.0
7645,0.80811619,0.0
7646,0.77581081,0.0
7647,0.79634462,0.0
7648,0.8393952,0.0
7649,0.79842028,0.0
7650,0.74970002,0.0
7651,0.74525474,0.0
7652,0.73752462,0.0
7653,0.72691068,0.0
7654,0.73815287,0.0
7655,0.74522982,0.0
7656,0.74781997,0.0
7657,0.73371064,0.0
7658,0.73751151,0.0
7659,0.74442103,0.0
7660,0.75347082,0.0
7661,0.72307631,0.0
7662,0.70712343,0.0
7663,0.68370051,0.0
7664,0.50842655,0.0
7665,0.25795081,0.0
7666,0.098553515,0.0
7667,-0.09588649,0.0
7668,-0.22340039,0.0
7669,-0.33987846,0.0
7670,-0.420801,0.0
7671,-0.50707009,0.0
7672,-0.55856999,0.0
7673,-0.63559346,0.0
7674,-0.71100276,0.0
7675,-0.74878543,0.0
7676,-0.81125278,0.0
7677,-0.85469548,0.0
7678,-0.91840198,0.0
7679,-0.9196357,0.0
7680,-0.9543635,0.0
7681,-0.9716487,0.0
7682,-1.0129517,0.0
7683,-0.90134438,0.0
7684,-0.58946383,0.0
7685,-0.32609967,0.0
7686,-0.091517314,0.0
7687,0.095044684,0.0
7688,0.19310953,0.0
7689,0.2900472,0.0
7690,0.37984214,0.0
7691,0.49320491,0.0
7692,0.5246023,0.0
7693,0.5998595,0.0
7694,0.63426999,0.0
7695,0.62953077,0.0
7696,0.65428919,0.0
7697,0.65698287,0.0
7698,0.64888431,0.0
7699,0.63276409,0.0
7700,0.68717564,0.0
7701,0.69810601,0.0
7702,0.72930951,0.0
7703,0.73526091,0.0
7704,0.747693,0.0
7705,0.73398051,0.0
7706,0.7211562,0.0
7707,0.72612573,0.0
7708,0.73615285,0.0
7709,0.70461098,0.0
7710,0.72001416,0.0
7711,0.73544519,0.0
7712,0.73289367,0.0
7713,0.73408469,0.0
7714,0.73965272,0.0
7715,0.729351,0.0
7716,0.72540352,0.0
7717,0.76143409,0.0
7718,0.74635078,0.0
7719,0.73875805,0.0
7720,0.72507797,0.0
7721,0.72901362,0.0
7722,0.73751625,0.0
7723,0.71848821,0.0
7724,0.74748323,0.0
7725,0.77226903,0.0
7726,0.77052136,0.0
7727,0.76588701,0.0
7728,0.73597167,0.0
7729,0.76822446,0.0
7730,0.76042107,0.0
7731,0.78232995,0.0
7732,0.79314251,0.0
7733,0.80090066,0.0
7734,0.82359762,0.0
7735,0.79786317,0.0
7736,0.82958942,0.0
7737,0.81884048,0.0
7738,0.81655166,0.0
7739,0.79030492,0.0
7740,0.79843543,0.0
7741,0.78342198,0.0
7742,0.79743971,0.0
7743,0.79197503,0.0
7744,0.781378,0.0
7745,0.77510081,0.0
7746,0.7925589,0.0
7747,0.76819667,0.0
7748,0.7810003,0.0
7749,0.81133427,0.0
7750,0.81715639,0.0
7751,0.78871537,0.0
7752,0.80263548,0.0
7753,0.77759362,0.0
7754,0.76618304,0.0
7755,0.74538151,0.0
7756,0.73498773,0.0
7757,0.71638503,0.0
7758,0.72584323,0.0
7759,0.73275767,0.0
7760,0.76413837,0.0
7761,0.72941211,0.0
7762,0.61646914,0.0
7763,0.3875812,0.0
7764,0.19259131,0.0
7765,0.061735016,0.0
7766,-0.076970508,0.0
7767,-0.17702558,0.0
7768,-0.29755366,0.0
7769,-0.38661313,0.0
7770,-0.45923439,0.0
7771,-0.50618756,0.0
7772,-0.57173456,0.0
7773,-0.63139998,0.0
7774,-0.69768673,0.0
7775,-0.757727,0.0
7776,-0.777207,0.0
7777,-0.80041572,0.0
7778,-0.82985724,0.0
7779,-0.83747928,0.0
7780,-0.90185567,0.0
7781,-0.90564097,0.0
7782,-0.65297229,0.0
7783,-0.37933272,0.0
7784,-0.12413181,0.0
7785,-0.023668487,0.0
7786,0.21132161,0.0
7787,0.2765239,0.0
7788,0.38594974,0.0
7789,0.44568955,0.0
7790,0.57415169,0.0
7791,0.6003183,0.0
7792,0.63364692,0.0
7793,0.66570484,0.0
7794,0.71574051,0.0
7795,0.72453395,0.0
7796,0.71525006,0.0
7797,0.74679761,0.0
7798,0.76266746,0.0
7799,0.80773256,0.0
7800,0.81498249,0.0
7801,0.80664672,0.0
7802,0.83635795,0.0
7803,0.81643394,0.0
7804,0.84794022,0.0
7805,0.86993902,0.0
7806,0.87858686,0.0
7807,0.87207209,0.0
7808,0.87407598,0.0
7809,0.85463745,0.0
7810,0.85890068,0.0
7811,0.86355235,0.0
7812,0.88702792,0.0
7813,0.86331682,0.0
7814,0.86613709,0.0
7815,0.87875523,0.0
7816,0.88478599,0.0
7817,0.88226241,0.0
7818,0.87292599,0.0
7819,0.86889893,0.0
7820,0.89352058,0.0
7821,0.89850474,0.0
7822,0.89152411,0.0
7823,0.86183515,0.0
7824,0.88543377,0.0
7825,0.87273994,0.0
7826,0.88584999,0.0
7827,0.87095472,0.0
7828,0.88016289,0.0
7829,0.87537424,0.0
7830,0.847831,0.0
7831,0.87162473,0.0
7832,0.89519838,0.0
7833,0.87997322,0.0
7834,0.90410871,0.0
7835,0.90692096,0.0
7836,0.92229635,0.0
7837,0.91669698,0.0
7838,0.8908345,0.0
7839,0.88272492,0.0
7840,0.86379539,0.0
7841,0.85081546,0.0
7842,0.84733813,0.0
7843,0.86722716,0.0
7844,0.83493053,0.0
7845,0.85644913,0.0
7846,0.85450482,0.0
7847,0.86144402,0.0
7848,0.8571096,0.0
7849,0.85148221,0.0
7850,0.84010138,0.0
7851,0.83952158,0.0
7852,0.81055982,0.0
7853,0.83660314,0.0
7854,0.85577225,0.0
7855,0.84287346,0.0
7856,0.82389212,0.0
7857,0.81970265,0.0
7858,0.82508419,0.0
7859,0.81197575,0.0
7860,0.83341779,0.0
7861,0.63757052,0.0
7862,0.41407777,0.0
7863,0.22561013,0.0
7864,0.07005497,0.0
7865,-0.048038902,0.0
7866,-0.15256001,0.0
7867,-0.27736568,0.0
7868,-0.36220763,0.0
7869,-0.46647913,0.0
7870,-0.53294215,0.0
7871,-0.58511523,0.0
7872,-0.60812377,0.0
7873,-0.68794092,0.0
7874,-0.7211662,0.0
7875,-0.75509154,0.0
7876,-0.7870404,0.0
7877,-0.84367244,0.0
7878,-0.83865457,0.0
7879,-0.86810042,0.0
7880,-0.71290334,0.0
7881,-0.40868408,0.0
7882,-0.14380467,0.0
7883,0.043122292,0.0
7884,0.16400211,0.0
7885,0.34361362,0.0
7886,0.40607148,0.0
7887,0.47385699,0.0
