,ts,label
0,66.7038,0.0
1,66.4444,0.0
2,66.21933,0.0
3,65.92178,0.0
4,65.70816,0.0
5,65.23895,0.0
6,64.89563,0.0
7,64.888,0.0
8,64.62097,0.0
9,64.30435,0.0
10,63.91144,0.0
11,63.50326,0.0
12,63.15613,0.0
13,62.50382,0.0
14,62.01553,0.0
15,61.73706,0.0
16,61.36704,0.0
17,60.76813,0.0
18,60.21118,0.0
19,59.79919,0.0
20,59.37958,0.0
21,58.73871,0.0
22,58.27713,0.0
23,57.97577,0.0
24,57.50275,0.0
25,57.01065,0.0
26,56.82755,0.0
27,56.4003,0.0
28,56.31256,0.0
29,55.97687,0.0
30,55.89676,0.0
31,55.73273,0.0
32,55.61829,0.0
33,55.50766,0.0
34,55.41611,0.0
35,55.40085,0.0
36,55.19104,0.0
37,55.20248,0.0
38,55.07278,0.0
39,55.04227,0.0
40,54.98123,0.0
41,54.88968,0.0
42,54.93927,0.0
43,54.75617,0.0
44,54.56924,0.0
45,54.74091,0.0
46,54.68368,0.0
47,54.60739,0.0
48,54.57306,0.0
49,54.4281,0.0
50,54.39758,0.0
51,54.53873,0.0
52,54.15344,0.0
53,54.09241,0.0
54,53.99704,0.0
55,53.87497,0.0
56,53.93219,0.0
57,53.61557,0.0
58,53.69568,0.0
59,53.51257,0.0
60,53.34854,0.0
61,53.35999,0.0
62,53.21884,0.0
63,53.05862,0.0
64,52.91367,0.0
65,52.90985,0.0
66,52.63901,0.0
67,52.54364,0.0
68,52.4559,0.0
69,52.4826,0.0
70,52.23846,0.0
71,52.18124,0.0
72,52.21176,0.0
73,51.87607,0.0
74,51.89133,0.0
75,51.79977,0.0
76,51.47934,0.0
77,51.54419,0.0
78,51.31531,0.0
79,51.42593,0.0
80,51.12839,0.0
81,51.01395,0.0
82,51.06735,0.0
83,50.80032,0.0
84,50.80795,0.0
85,50.67062,0.0
86,50.6134,0.0
87,50.4303,0.0
88,50.30441,0.0
89,50.12894,0.0
90,50.02976,0.0
91,49.9382,0.0
92,49.80087,0.0
93,49.69025,0.0
94,49.30115,0.0
95,49.24011,0.0
96,49.11041,0.0
97,48.95782,0.0
98,48.8205,0.0
99,48.76709,0.0
100,48.80524,0.0
101,48.54584,0.0
102,48.55728,0.0
103,48.3818,0.0
104,48.29788,0.0
105,48.4581,0.0
106,48.42758,0.0
107,48.78235,0.0
108,49.58344,0.0
109,50.33493,0.0
110,51.47552,0.0
111,53.09677,0.0
112,54.75617,0.0
113,56.36978,0.0
114,58.07114,0.0
115,59.82971,0.0
116,61.50436,0.0
117,62.94632,0.0
118,64.24332,0.0
119,65.62424,0.0
120,66.59317,0.0
121,67.45911,0.0
122,68.13812,0.0
123,68.77518,0.0
124,69.33975,0.0
125,69.45419,0.0
126,69.85474,0.0
127,70.20187,0.0
128,70.35446,0.0
129,70.69397,0.0
130,70.7016,0.0
131,70.88089,0.0
132,71.35391,0.0
133,71.3768,0.0
134,71.64383,0.0
135,72.18552,0.0
136,72.49069,0.0
137,73.01331,0.0
138,73.58551,0.0
139,73.9975,0.0
140,74.37134,0.0
141,75.17624,0.0
142,75.67978,0.0
143,76.33591,0.0
144,77.05307,0.0
145,77.82745,0.0
146,78.20129,0.0
147,78.75824,0.0
148,79.42963,0.0
149,79.98276,0.0
150,80.42908,0.0
151,80.70755,0.0
152,80.97458,0.0
153,81.32935,0.0
154,81.45905,0.0
155,81.41708,0.0
156,81.1615,0.0
157,81.19202,0.0
158,81.04706,0.0
159,80.65033,0.0
160,80.13153,0.0
161,79.44488,0.0
162,78.65143,0.0
163,77.66342,0.0
164,76.66016,0.0
165,75.64545,0.0
166,74.31793,0.0
167,73.17734,0.0
168,71.82312,0.0
169,70.81986,0.0
170,70.06454,0.0
171,69.21768,0.0
172,68.95065,0.0
173,68.49289,0.0
174,68.25638,0.0
175,67.89017,0.0
176,67.55447,0.0
177,67.1463,0.0
178,66.93649,0.0
179,66.66565,0.0
180,66.39099,0.0
181,66.23459,0.0
182,66.27655,0.0
183,65.84549,0.0
184,65.8493,0.0
185,65.48309,0.0
186,65.33051,0.0
187,65.10162,0.0
188,64.92233,0.0
189,64.57901,0.0
190,64.17084,0.0
191,63.94958,0.0
192,63.591,0.0
193,63.15994,0.0
194,62.58011,0.0
195,62.12997,0.0
196,61.67984,0.0
197,60.94742,0.0
198,60.64987,0.0
199,60.17303,0.0
200,59.72671,0.0
201,59.27277,0.0
202,58.90274,0.0
203,58.47931,0.0
204,58.18939,0.0
205,57.93381,0.0
206,57.70874,0.0
207,57.77359,0.0
208,57.52182,0.0
209,57.32346,0.0
210,57.30057,0.0
211,57.05261,0.0
212,57.13654,0.0
213,56.91528,0.0
214,57.04117,0.0
215,56.88858,0.0
216,56.88095,0.0
217,56.85425,0.0
218,56.8161,0.0
219,56.69403,0.0
220,56.73599,0.0
221,56.75125,0.0
222,56.54907,0.0
223,56.51093,0.0
224,56.40411,0.0
225,56.33545,0.0
226,56.21338,0.0
227,56.03409,0.0
228,56.1943,0.0
229,55.9082,0.0
230,55.80521,0.0
231,55.54199,0.0
232,55.63736,0.0
233,55.38559,0.0
234,55.33218,0.0
235,55.19867,0.0
236,55.11093,0.0
237,55.1033,0.0
238,54.76379,0.0
239,54.74853,0.0
240,54.60358,0.0
241,54.72946,0.0
242,54.38232,0.0
243,54.30222,0.0
244,54.28696,0.0
245,54.14581,0.0
246,54.05045,0.0
247,53.98941,0.0
248,53.76816,0.0
249,53.64609,0.0
250,53.56979,0.0
251,53.45535,0.0
252,53.32947,0.0
253,53.22647,0.0
254,52.99377,0.0
255,52.80685,0.0
256,52.70767,0.0
257,52.50168,0.0
258,52.38724,0.0
259,52.41013,0.0
260,52.26898,0.0
261,52.16217,0.0
262,52.00195,0.0
263,51.76544,0.0
264,51.66244,0.0
265,51.49841,0.0
266,51.39542,0.0
267,51.3382,0.0
268,50.9758,0.0
269,50.89188,0.0
270,50.66299,0.0
271,50.4303,0.0
272,50.23956,0.0
273,50.15945,0.0
274,49.98016,0.0
275,49.77799,0.0
276,50.0145,0.0
277,49.69406,0.0
278,49.56436,0.0
279,49.65591,0.0
280,49.50714,0.0
281,49.68262,0.0
282,49.73984,0.0
283,50.12894,0.0
284,50.72403,0.0
285,51.71585,0.0
286,52.948,0.0
287,54.43191,0.0
288,56.17142,0.0
289,57.97958,0.0
290,59.80301,0.0
291,61.39755,0.0
292,63.15613,0.0
293,64.71252,0.0
294,66.24985,0.0
295,67.56973,0.0
296,68.5463,0.0
297,69.46182,0.0
298,70.15228,0.0
299,70.68253,0.0
300,71.26617,0.0
301,71.64764,0.0
302,72.04056,0.0
303,72.42584,0.0
304,72.51739,0.0
305,72.63947,0.0
306,72.94464,0.0
307,73.30704,0.0
308,73.45581,0.0
309,73.81058,0.0
310,74.08142,0.0
311,74.30649,0.0
312,74.86343,0.0
313,75.52338,0.0
314,75.82855,0.0
315,76.5419,0.0
316,77.09503,0.0
317,77.70157,0.0
318,78.39966,0.0
319,78.9299,0.0
320,79.58603,0.0
321,80.23453,0.0
322,80.96313,0.0
323,81.54297,0.0
324,82.07321,0.0
325,82.32498,0.0
326,83.09555,0.0
327,83.40836,0.0
328,83.62198,0.0
329,83.69827,0.0
330,84.01871,0.0
331,84.0416,0.0
332,83.91571,0.0
333,83.70972,0.0
334,83.51517,0.0
335,83.09937,0.0
336,82.53097,0.0
337,82.05414,0.0
338,81.15387,0.0
339,80.2803,0.0
340,79.39529,0.0
341,78.36533,0.0
342,76.99966,0.0
343,75.7103,0.0
344,74.27597,0.0
345,73.24219,0.0
346,72.00241,0.0
347,71.15173,0.0
348,70.55283,0.0
349,69.91577,0.0
350,69.57626,0.0
351,69.01932,0.0
352,68.7294,0.0
353,68.24493,0.0
354,67.85583,0.0
355,67.39426,0.0
356,67.18826,0.0
357,67.04712,0.0
358,66.69998,0.0
359,66.51688,0.0
360,66.15067,0.0
361,66.00571,0.0
362,65.68146,0.0
363,65.54794,0.0
364,65.23895,0.0
365,64.87274,0.0
366,64.54468,0.0
367,64.30054,0.0
368,63.87711,0.0
369,63.50326,0.0
370,63.02261,0.0
371,62.45422,0.0
372,62.04987,0.0
373,61.66458,0.0
374,61.06186,0.0
375,60.63461,0.0
376,60.23025,0.0
377,59.71527,0.0
378,59.37195,0.0
379,58.93326,0.0
380,58.67004,0.0
381,58.18176,0.0
382,57.92999,0.0
383,57.8537,0.0
384,57.59049,0.0
385,57.49893,0.0
386,57.41119,0.0
387,57.27005,0.0
388,57.04117,0.0
389,56.92673,0.0
390,57.0221,0.0
391,56.80466,0.0
392,56.82373,0.0
393,56.81992,0.0
394,56.71692,0.0
395,56.79703,0.0
396,56.67877,0.0
397,56.51855,0.0
398,56.61011,0.0
399,56.53,0.0
400,56.52237,0.0
401,56.51855,0.0
402,56.43082,0.0
403,56.34308,0.0
404,56.28204,0.0
405,56.2973,0.0
406,56.1142,0.0
407,55.97687,0.0
408,55.93491,0.0
409,55.86624,0.0
410,55.74799,0.0
411,55.64499,0.0
412,55.43899,0.0
413,55.24826,0.0
414,55.38559,0.0
415,55.0499,0.0
416,55.02319,0.0
417,54.95071,0.0
418,54.72183,0.0
419,54.63409,0.0
420,54.53491,0.0
421,54.5845,0.0
422,54.41666,0.0
423,54.12674,0.0
424,54.19922,0.0
425,53.95126,0.0
426,53.98941,0.0
427,53.90549,0.0
428,53.76816,0.0
429,53.6499,0.0
430,53.44391,0.0
431,53.5965,0.0
432,53.38669,0.0
433,53.07388,0.0
434,52.97089,0.0
435,52.91367,0.0
436,52.82593,0.0
437,52.63138,0.0
438,52.60849,0.0
439,52.46735,0.0
440,52.39105,0.0
441,52.2728,0.0
442,52.00958,0.0
443,51.94473,0.0
444,51.84174,0.0
445,51.65482,0.0
446,51.58234,0.0
447,51.30386,0.0
448,51.00632,0.0
449,50.77743,0.0
450,50.73166,0.0
451,50.55237,0.0
452,50.38071,0.0
453,50.22049,0.0
454,50.43411,0.0
455,50.31586,0.0
456,50.1976,0.0
457,50.29297,0.0
458,50.20523,0.0
459,50.25101,0.0
460,50.75073,0.0
461,51.22757,0.0
462,52.37579,0.0
463,53.51639,0.0
464,55.37796,0.0
465,56.99539,0.0
466,58.87985,0.0
467,60.85968,0.0
468,62.70599,0.0
469,64.46075,0.0
470,66.28799,0.0
471,67.92069,0.0
472,69.26727,0.0
473,70.32013,0.0
474,71.31958,0.0
475,72.01386,0.0
476,72.63947,0.0
477,73.08197,0.0
478,73.46725,0.0
479,73.93646,0.0
480,74.17297,0.0
481,74.49341,0.0
482,74.72611,0.0
483,74.84436,0.0
484,74.9321,0.0
485,75.4776,0.0
486,75.72555,0.0
487,76.11847,0.0
488,76.3588,0.0
489,77.00729,0.0
490,77.65579,0.0
491,78.08685,0.0
492,78.78113,0.0
493,79.18167,0.0
494,79.90646,0.0
495,80.69229,0.0
496,81.40564,0.0
497,81.97784,0.0
498,82.75604,0.0
499,83.35495,0.0
500,84.0683,0.0
501,84.76257,0.0
502,85.21271,0.0
503,85.64758,0.0
504,86.2999,0.0
505,86.54022,0.0
506,86.93695,0.0
507,87.07428,0.0
508,87.20398,0.0
509,87.28409,0.0
510,87.11624,0.0
511,86.8187,0.0
512,86.50208,0.0
513,86.21597,0.0
514,85.50644,0.0
515,84.93805,0.0
516,84.30481,0.0
517,83.2901,0.0
518,82.42416,0.0
519,81.16531,0.0
520,79.99802,0.0
521,78.43399,0.0
522,77.16751,0.0
523,75.87433,0.0
524,74.54681,0.0
525,73.40622,0.0
526,72.46399,0.0
527,71.78116,0.0
528,71.33484,0.0
529,70.89233,0.0
530,70.24002,0.0
531,69.93866,0.0
532,69.561,0.0
533,68.99643,0.0
534,68.47382,0.0
535,68.45474,0.0
536,68.08472,0.0
537,68.06564,0.0
538,67.72995,0.0
539,67.57736,0.0
540,67.32178,0.0
541,67.12341,0.0
542,66.81824,0.0
543,66.58554,0.0
544,66.24985,0.0
545,65.99808,0.0
546,65.80353,0.0
547,65.39154,0.0
548,64.83459,0.0
549,64.41116,0.0
550,64.0068,0.0
551,63.47656,0.0
552,62.97684,0.0
553,62.57629,0.0
554,62.04605,0.0
555,61.74088,0.0
556,61.11145,0.0
557,60.9169,0.0
558,60.54688,0.0
559,60.14633,0.0
560,59.94797,0.0
561,59.65805,0.0
562,59.45587,0.0
563,59.18503,0.0
564,59.09729,0.0
565,58.918,0.0
566,58.7616,0.0
567,58.60901,0.0
568,58.68912,0.0
569,58.3992,0.0
570,58.60519,0.0
571,58.37631,0.0
572,58.27713,0.0
573,58.2962,0.0
574,58.2428,0.0
575,58.15506,0.0
576,58.2161,0.0
577,58.19321,0.0
578,58.07114,0.0
579,57.92236,0.0
580,57.92999,0.0
581,58.05588,0.0
582,57.83463,0.0
583,57.82318,0.0
584,57.72018,0.0
585,57.62863,0.0
586,57.47223,0.0
587,57.35397,0.0
588,57.28531,0.0
589,57.0488,0.0
590,56.85425,0.0
591,56.89621,0.0
592,56.50711,0.0
593,56.4537,0.0
594,56.41937,0.0
595,56.24771,0.0
596,56.1409,0.0
597,55.98068,0.0
598,55.72128,0.0
599,55.67932,0.0
600,55.47333,0.0
601,55.53436,0.0
602,55.28641,0.0
603,55.23682,0.0
604,55.16052,0.0
605,54.75998,0.0
606,54.79813,0.0
607,54.68368,0.0
608,54.43191,0.0
609,54.29459,0.0
610,54.23355,0.0
611,54.00848,0.0
612,53.93219,0.0
613,53.76053,0.0
614,53.70331,0.0
615,53.39432,0.0
616,53.42865,0.0
617,53.38669,0.0
618,53.18832,0.0
619,53.07007,0.0
620,53.03955,0.0
621,52.74582,0.0
622,52.59705,0.0
623,52.57416,0.0
624,52.34909,0.0
625,52.24991,0.0
626,52.01721,0.0
627,51.79596,0.0
628,51.47934,0.0
629,51.44882,0.0
630,51.25809,0.0
631,50.97198,0.0
632,50.9491,0.0
633,50.81558,0.0
634,50.77362,0.0
635,50.70114,0.0
636,50.73166,0.0
637,50.73166,0.0
638,50.66681,0.0
639,51.20468,0.0
640,51.78451,0.0
641,52.69623,0.0
642,54.24118,0.0
643,55.90439,0.0
644,57.8804,0.0
645,59.97848,0.0
646,61.86295,0.0
647,64.04114,0.0
648,65.80734,0.0
649,67.60788,0.0
650,69.3016,0.0
651,70.67871,0.0
652,71.91086,0.0
653,73.00949,0.0
654,73.93265,0.0
655,74.51248,0.0
656,75.09995,0.0
657,75.51193,0.0
658,76.00784,0.0
659,76.25961,0.0
660,76.61056,0.0
661,76.71356,0.0
662,77.01111,0.0
663,77.18658,0.0
664,77.65198,0.0
665,77.95334,0.0
666,78.20892,0.0
667,78.65524,0.0
668,79.1893,0.0
669,79.72336,0.0
670,80.27268,0.0
671,81.02799,0.0
672,81.61926,0.0
673,82.26395,0.0
674,83.02689,0.0
675,83.82797,0.0
676,84.6138,0.0
677,85.20508,0.0
678,85.95276,0.0
679,86.60507,0.0
680,87.2879,0.0
681,87.87918,0.0
682,88.66882,0.0
683,89.07318,0.0
684,89.55383,0.0
685,89.72931,0.0
686,89.9353,0.0
687,89.86664,0.0
688,89.97726,0.0
689,89.80942,0.0
690,89.73312,0.0
691,89.21051,0.0
692,88.92059,0.0
693,88.1691,0.0
694,87.49771,0.0
695,86.82632,0.0
696,85.79254,0.0
697,84.8732,0.0
698,83.81653,0.0
699,82.44324,0.0
700,81.04324,0.0
701,79.39529,0.0
702,78.10211,0.0
703,76.63727,0.0
704,75.45471,0.0
705,74.44763,0.0
706,73.5321,0.0
707,73.00949,0.0
708,72.40677,0.0
709,71.85364,0.0
710,71.3501,0.0
711,70.92667,0.0
712,70.38879,0.0
713,69.98062,0.0
714,69.84329,0.0
715,69.6373,0.0
716,69.44656,0.0
717,69.32831,0.0
718,69.08417,0.0
719,68.9888,0.0
720,68.59207,0.0
721,68.37082,0.0
722,68.32123,0.0
723,67.94739,0.0
724,67.80624,0.0
725,67.46674,0.0
726,66.9632,0.0
727,66.58173,0.0
728,66.20789,0.0
729,65.61279,0.0
730,65.28091,0.0
731,64.52942,0.0
732,64.27383,0.0
733,63.48419,0.0
734,63.01117,0.0
735,62.49237,0.0
736,62.0842,0.0
737,61.60355,0.0
738,61.3327,0.0
739,61.01227,0.0
740,60.71854,0.0
741,60.50873,0.0
742,60.19592,0.0
743,59.95941,0.0
744,59.95941,0.0
745,59.89456,0.0
746,59.76486,0.0
747,59.60083,0.0
748,59.47876,0.0
749,59.52835,0.0
750,59.43298,0.0
751,59.32617,0.0
752,59.27658,0.0
753,59.1507,0.0
754,59.09347,0.0
755,59.08203,0.0
756,58.93707,0.0
757,58.91419,0.0
758,58.62045,0.0
759,58.74252,0.0
760,58.4259,0.0
761,58.38013,0.0
762,58.18176,0.0
763,58.09403,0.0
764,58.0101,0.0
765,57.79266,0.0
766,57.57523,0.0
767,57.43027,0.0
768,57.16324,0.0
769,57.07932,0.0
770,56.80084,0.0
771,56.72073,0.0
772,56.6864,0.0
773,56.39648,0.0
774,56.24008,0.0
775,56.17523,0.0
776,56.04172,0.0
777,55.76324,0.0
778,55.64499,0.0
779,55.51529,0.0
780,55.37415,0.0
781,55.27496,0.0
782,55.03845,0.0
783,55.0499,0.0
784,54.80194,0.0
785,54.60739,0.0
786,54.50058,0.0
787,54.21829,0.0
788,54.27551,0.0
789,53.92456,0.0
790,53.8826,0.0
791,53.69949,0.0
792,53.53165,0.0
793,53.50113,0.0
794,53.22647,0.0
795,53.08533,0.0
796,52.99759,0.0
797,52.92892,0.0
798,52.7153,0.0
799,52.58179,0.0
800,52.33383,0.0
801,52.26135,0.0
802,52.05917,0.0
803,51.83029,0.0
804,51.72348,0.0
805,51.49841,0.0
806,51.30386,0.0
807,51.03684,0.0
808,50.72403,0.0
809,50.56,0.0
810,50.51041,0.0
811,50.37308,0.0
812,50.28915,0.0
813,50.17471,0.0
814,50.11749,0.0
815,50.10223,0.0
816,50.23193,0.0
817,50.21286,0.0
818,50.46845,0.0
819,51.01395,0.0
820,51.94092,0.0
821,53.27606,0.0
822,54.87823,0.0
823,56.59103,0.0
824,58.27331,0.0
825,60.34088,0.0
826,62.08801,0.0
827,63.58719,0.0
828,65.44113,0.0
829,66.8335,0.0
830,68.35938,0.0
831,69.6106,0.0
832,70.69778,0.0
833,71.31576,0.0
834,71.92993,0.0
835,72.8569,0.0
836,73.12012,0.0
837,73.6084,0.0
838,73.85254,0.0
839,74.2569,0.0
840,74.54681,0.0
841,74.71085,0.0
842,74.85199,0.0
843,74.97406,0.0
844,75.29831,0.0
845,75.56534,0.0
846,76.10321,0.0
847,76.58005,0.0
848,76.91574,0.0
849,77.54135,0.0
850,78.19748,0.0
851,78.63236,0.0
852,79.11682,0.0
853,79.83398,0.0
854,80.47867,0.0
855,81.33697,0.0
856,81.75659,0.0
857,82.6416,0.0
858,83.05359,0.0
859,83.72879,0.0
860,84.29336,0.0
861,84.66721,0.0
862,84.9762,0.0
863,85.26611,0.0
864,85.37292,0.0
865,85.51025,0.0
866,85.78491,0.0
867,85.58273,0.0
868,85.46448,0.0
869,85.15167,0.0
870,84.91898,0.0
871,84.35059,0.0
872,83.6525,0.0
873,82.7446,0.0
874,81.88248,0.0
875,80.65414,0.0
876,79.27322,0.0
877,77.90375,0.0
878,76.62582,0.0
879,75.27924,0.0
880,74.24545,0.0
881,73.04764,0.0
882,72.17026,0.0
883,71.74683,0.0
884,71.09451,0.0
885,70.72067,0.0
886,70.09506,0.0
887,69.53049,0.0
888,69.13757,0.0
889,68.51196,0.0
890,68.06946,0.0
891,68.06564,0.0
892,67.80243,0.0
893,67.49344,0.0
894,67.24167,0.0
895,66.81442,0.0
896,66.51306,0.0
897,66.27274,0.0
898,65.93704,0.0
899,65.6395,0.0
900,65.44876,0.0
901,64.95667,0.0
902,64.65149,0.0
903,64.04114,0.0
904,63.591,0.0
905,63.23624,0.0
906,62.74414,0.0
907,62.29782,0.0
908,61.97357,0.0
909,61.40137,0.0
910,60.8635,0.0
911,60.42099,0.0
912,59.87549,0.0
913,59.45587,0.0
914,58.99048,0.0
915,58.72726,0.0
916,58.34961,0.0
917,58.23517,0.0
918,58.05588,0.0
919,57.78503,0.0
920,57.621,0.0
921,57.59049,0.0
922,57.37686,0.0
923,57.27005,0.0
924,57.41501,0.0
925,57.22809,0.0
926,57.18231,0.0
927,57.05643,0.0
928,57.10983,0.0
929,57.09457,0.0
930,56.90384,0.0
931,56.88095,0.0
932,56.93436,0.0
933,56.91528,0.0
934,56.8161,0.0
935,56.69785,0.0
936,56.54526,0.0
937,56.46896,0.0
938,56.35834,0.0
939,56.20575,0.0
940,56.23627,0.0
941,56.02264,0.0
942,56.01883,0.0
943,55.93491,0.0
944,55.68695,0.0
945,55.60303,0.0
946,55.48477,0.0
947,55.50766,0.0
948,55.29785,0.0
949,55.26352,0.0
950,55.22919,0.0
951,55.05753,0.0
952,54.88205,0.0
953,54.78287,0.0
954,54.5044,0.0
955,54.55399,0.0
956,54.3747,0.0
957,54.23737,0.0
958,54.11148,0.0
959,54.23355,0.0
960,53.98178,0.0
961,53.80631,0.0
962,53.76053,0.0
963,53.61557,0.0
964,53.4668,0.0
965,53.35999,0.0
966,53.30658,0.0
967,53.14636,0.0
968,52.99377,0.0
969,52.74582,0.0
970,52.82974,0.0
971,52.68478,0.0
972,52.4826,0.0
973,52.24991,0.0
974,52.35672,0.0
975,52.0134,0.0
976,51.99432,0.0
977,51.90659,0.0
978,51.80359,0.0
979,51.56326,0.0
980,51.64337,0.0
981,51.41067,0.0
982,51.14365,0.0
983,50.96054,0.0
984,50.86136,0.0
985,50.64011,0.0
986,50.354,0.0
987,50.20905,0.0
988,49.97635,0.0
989,49.96872,0.0
990,49.73221,0.0
991,49.70169,0.0
992,49.70932,0.0
993,49.6254,0.0
994,49.41177,0.0
995,49.42322,0.0
996,49.30496,0.0
997,49.4194,0.0
998,49.74747,0.0
999,50.15564,0.0
1000,50.80795,0.0
1001,51.62811,0.0
1002,53.08914,0.0
1003,54.46625,0.0
1004,56.08368,0.0
1005,57.67441,0.0
1006,59.41009,0.0
1007,61.06949,0.0
1008,62.61444,0.0
1009,64.04495,0.0
1010,65.24277,0.0
1011,66.43295,0.0
1012,67.29889,0.0
1013,68.26782,0.0
1014,69.04221,0.0
1015,69.53049,0.0
1016,70.14084,0.0
1017,70.44601,0.0
1018,70.63294,0.0
1019,70.90759,0.0
1020,71.12503,0.0
1021,71.36917,0.0
1022,71.44546,0.0
1023,71.71249,0.0
1024,71.96426,0.0
1025,72.26944,0.0
1026,72.30759,0.0
1027,72.5975,0.0
1028,73.18115,0.0
1029,73.46344,0.0
1030,73.83347,0.0
1031,74.30649,0.0
1032,74.89395,0.0
1033,75.38223,0.0
1034,75.83237,0.0
1035,76.53427,0.0
1036,77.08359,0.0
1037,77.48795,0.0
1038,78.02582,0.0
1039,78.36914,0.0
1040,78.88794,0.0
1041,79.28848,0.0
1042,79.64325,0.0
1043,79.9675,0.0
1044,79.86832,0.0
1045,80.18112,0.0
1046,80.07812,0.0
1047,79.86832,0.0
1048,79.71191,0.0
1049,79.19693,0.0
1050,78.81546,0.0
1051,78.02963,0.0
1052,76.98059,0.0
1053,75.95062,0.0
1054,74.89395,0.0
1055,73.56644,0.0
1056,72.61276,0.0
1057,71.55228,0.0
1058,70.55664,0.0
1059,69.97299,0.0
1060,69.32449,0.0
1061,68.7561,0.0
1062,68.35175,0.0
1063,68.20297,0.0
1064,67.85965,0.0
1065,67.4324,0.0
1066,67.12341,0.0
1067,66.84494,0.0
1068,66.61224,0.0
1069,66.22696,0.0
1070,66.06674,0.0
1071,65.86456,0.0
1072,65.44876,0.0
1073,65.12451,0.0
1074,64.88419,0.0
1075,64.51035,0.0
1076,64.25857,0.0
1077,63.93433,0.0
1078,63.41934,0.0
1079,63.14087,0.0
1080,62.6297,0.0
1081,62.01172,0.0
1082,61.62643,0.0
1083,61.10764,0.0
1084,60.63461,0.0
1085,60.03952,0.0
1086,59.55124,0.0
1087,58.98285,0.0
1088,58.55179,0.0
1089,58.02918,0.0
1090,57.724,0.0
1091,57.16324,0.0
1092,56.94199,0.0
1093,56.69022,0.0
1094,56.35452,0.0
1095,56.12564,0.0
1096,55.91583,0.0
1097,55.70602,0.0
1098,55.6221,0.0
1099,55.43518,0.0
1100,55.40085,0.0
1101,55.27878,0.0
1102,55.20248,0.0
1103,55.08804,0.0
1104,55.12619,0.0
1105,54.89349,0.0
1106,54.85153,0.0
1107,54.95834,0.0
1108,54.81338,0.0
1109,54.62647,0.0
1110,54.55017,0.0
1111,54.72946,0.0
1112,54.57687,0.0
1113,54.59213,0.0
1114,54.51584,0.0
1115,54.46625,0.0
1116,54.18778,0.0
1117,54.16107,0.0
1118,54.19159,0.0
1119,54.07333,0.0
1120,54.039,0.0
1121,53.78342,0.0
1122,53.76816,0.0
1123,53.62701,0.0
1124,53.51639,0.0
1125,53.39813,0.0
1126,53.22266,0.0
1127,53.08151,0.0
1128,53.05481,0.0
1129,52.96707,0.0
1130,53.0777,0.0
1131,52.74963,0.0
1132,52.87552,0.0
1133,52.82593,0.0
1134,52.53601,0.0
1135,52.52075,0.0
1136,52.41775,0.0
1137,52.28805,0.0
1138,52.3529,0.0
1139,52.17361,0.0
1140,52.12784,0.0
1141,52.0668,0.0
1142,51.87607,0.0
1143,51.71585,0.0
1144,51.71204,0.0
1145,51.47934,0.0
1146,51.4946,0.0
1147,51.33057,0.0
1148,51.31912,0.0
1149,51.11313,0.0
1150,51.07117,0.0
1151,50.99106,0.0
1152,50.70877,0.0
1153,50.50659,0.0
1154,50.53711,0.0
1155,50.52185,0.0
1156,50.47989,0.0
1157,50.44937,0.0
1158,50.22049,0.0
1159,49.96109,0.0
1160,50.02594,0.0
1161,49.75891,0.0
1162,49.53766,0.0
1163,49.40033,0.0
1164,49.2363,0.0
1165,49.14856,0.0
1166,49.0036,0.0
1167,48.88153,0.0
1168,48.91586,0.0
1169,48.6908,0.0
1170,48.77853,0.0
1171,48.60306,0.0
1172,48.39325,0.0
1173,48.49625,0.0
1174,48.6412,0.0
1175,48.91586,0.0
1176,49.33929,0.0
1177,50.31586,0.0
1178,51.49078,0.0
1179,53.0777,0.0
1180,54.5845,0.0
1181,56.17142,0.0
1182,57.80029,0.0
1183,59.63898,0.0
1184,61.16104,0.0
1185,62.61063,0.0
1186,64.20136,0.0
1187,65.57465,0.0
1188,66.69617,0.0
1189,67.54303,0.0
1190,68.24493,0.0
1191,68.90488,0.0
1192,69.2215,0.0
1193,69.80896,0.0
1194,70.03784,0.0
1195,70.40405,0.0
1196,70.4956,0.0
1197,70.8313,0.0
1198,71.05255,0.0
1199,71.23184,0.0
1200,71.17844,0.0
1201,71.48361,0.0
1202,71.8689,0.0
1203,72.26181,0.0
1204,72.51739,0.0
1205,73.04764,0.0
1206,73.39477,0.0
1207,73.97461,0.0
1208,74.50485,0.0
1209,74.98169,0.0
1210,75.62637,0.0
1211,76.0994,0.0
1212,76.98059,0.0
1213,77.50702,0.0
1214,78.03726,0.0
1215,78.68576,0.0
1216,79.0329,0.0
1217,79.7615,0.0
1218,80.06668,0.0
1219,80.46722,0.0
1220,80.86395,0.0
1221,81.15005,0.0
1222,81.03561,0.0
1223,81.00128,0.0
1224,81.00128,0.0
1225,80.85632,0.0
1226,80.73807,0.0
1227,80.03235,0.0
1228,79.63562,0.0
1229,79.04816,0.0
1230,78.25851,0.0
1231,77.4231,0.0
1232,76.40076,0.0
1233,75.16479,0.0
1234,74.00131,0.0
1235,72.66998,0.0
1236,71.6095,0.0
1237,70.59097,0.0
1238,69.81659,0.0
1239,69.06128,0.0
1240,68.71796,0.0
1241,68.12286,0.0
1242,67.72995,0.0
1243,67.31415,0.0
1244,66.99371,0.0
1245,66.57791,0.0
1246,66.35666,0.0
1247,65.95993,0.0
1248,65.73105,0.0
1249,65.28854,0.0
1250,65.46402,0.0
1251,64.92233,0.0
1252,64.70871,0.0
1253,64.32343,0.0
1254,64.30435,0.0
1255,64.07928,0.0
1256,63.67874,0.0
1257,63.31634,0.0
1258,62.9921,0.0
1259,62.50763,0.0
1260,62.2139,0.0
1261,61.70273,0.0
1262,61.26785,0.0
1263,60.74905,0.0
1264,60.29892,0.0
1265,59.5932,0.0
1266,59.26514,0.0
1267,58.84552,0.0
1268,58.31146,0.0
1269,58.08258,0.0
1270,57.55997,0.0
1271,57.34253,0.0
1272,56.95725,0.0
1273,56.60629,0.0
1274,56.46515,0.0
1275,56.2439,0.0
1276,56.20193,0.0
1277,55.93872,0.0
1278,56.03409,0.0
1279,55.87769,0.0
1280,55.93491,0.0
1281,55.8815,0.0
1282,55.71365,0.0
1283,55.74799,0.0
1284,55.71365,0.0
1285,55.58777,0.0
1286,55.67551,0.0
1287,55.68695,0.0
1288,55.74036,0.0
1289,55.83954,0.0
1290,55.64117,0.0
1291,55.67551,0.0
1292,55.62592,0.0
1293,55.55725,0.0
1294,55.60684,0.0
1295,55.49622,0.0
1296,55.67169,0.0
1297,55.30167,0.0
1298,55.30167,0.0
1299,55.19104,0.0
1300,55.12619,0.0
1301,54.99268,0.0
1302,55.11856,0.0
1303,54.98505,0.0
1304,54.75998,0.0
1305,54.74472,0.0
1306,54.62265,0.0
1307,54.74853,0.0
1308,54.6608,0.0
1309,54.5578,0.0
1310,54.24881,0.0
1311,54.39758,0.0
1312,54.1954,0.0
1313,54.08478,0.0
1314,53.96271,0.0
1315,53.91693,0.0
1316,53.82156,0.0
1317,53.65753,0.0
1318,53.49731,0.0
1319,53.51639,0.0
1320,53.41339,0.0
1321,53.25699,0.0
1322,53.09296,0.0
1323,53.07007,0.0
1324,53.00903,0.0
1325,52.66953,0.0
1326,52.64664,0.0
1327,52.57797,0.0
1328,52.50549,0.0
1329,52.20795,0.0
1330,52.1431,0.0
1331,52.17743,0.0
1332,51.92184,0.0
1333,51.75018,0.0
1334,51.70059,0.0
1335,51.51367,0.0
1336,51.44119,0.0
1337,51.2352,0.0
1338,51.13983,0.0
1339,50.84228,0.0
1340,50.65537,0.0
1341,50.46845,0.0
1342,50.1709,0.0
1343,50.12894,0.0
1344,49.90387,0.0
1345,50.0679,0.0
1346,49.99924,0.0
1347,49.91531,0.0
1348,49.64066,0.0
1349,49.63684,0.0
1350,49.54147,0.0
1351,49.92294,0.0
1352,50.15183,0.0
1353,50.70496,0.0
1354,51.57089,0.0
1355,52.8717,0.0
1356,54.22592,0.0
1357,55.92346,0.0
1358,57.52564,0.0
1359,59.3338,0.0
1360,61.0733,0.0
1361,62.69455,0.0
1362,64.30817,0.0
1363,65.64713,0.0
1364,66.98227,0.0
1365,67.96265,0.0
1366,68.88199,0.0
1367,69.66019,0.0
1368,70.18662,0.0
1369,70.83511,0.0
1370,71.01059,0.0
1371,71.54465,0.0
1372,72.03293,0.0
1373,72.00241,0.0
1374,72.32666,0.0
1375,72.51358,0.0
1376,72.68143,0.0
1377,72.84164,0.0
1378,73.20404,0.0
1379,73.39477,0.0
1380,73.55881,0.0
1381,74.11957,0.0
1382,74.43619,0.0
1383,75.02747,0.0
1384,75.54627,0.0
1385,76.18332,0.0
1386,76.68304,0.0
1387,77.2934,0.0
1388,77.8122,0.0
1389,78.44162,0.0
1390,79.10156,0.0
1391,79.74243,0.0
1392,80.30701,0.0
1393,80.88303,0.0
1394,81.43234,0.0
1395,81.51245,0.0
1396,82.1228,0.0
1397,82.29828,0.0
1398,82.55005,0.0
1399,82.69119,0.0
1400,82.67975,0.0
1401,82.63779,0.0
1402,82.35169,0.0
1403,82.13043,0.0
1404,81.72226,0.0
1405,81.2912,0.0
1406,80.67703,0.0
1407,79.88357,0.0
1408,78.89938,0.0
1409,77.79312,0.0
1410,76.54572,0.0
1411,75.53863,0.0
1412,74.00894,0.0
1413,72.84164,0.0
1414,71.77353,0.0
1415,70.9343,0.0
1416,70.19806,0.0
1417,69.6106,0.0
1418,69.18335,0.0
1419,68.66836,0.0
1420,68.32123,0.0
1421,67.98553,0.0
1422,67.68036,0.0
1423,67.40189,0.0
1424,67.22641,0.0
1425,66.8602,0.0
1426,66.62369,0.0
1427,66.31088,0.0
1428,65.97137,0.0
1429,65.78827,0.0
1430,65.46402,0.0
1431,65.35721,0.0
1432,64.83841,0.0
1433,64.63623,0.0
1434,64.22806,0.0
1435,63.91907,0.0
1436,63.62534,0.0
1437,63.09128,0.0
1438,62.75177,0.0
1439,62.09183,0.0
1440,61.69128,0.0
1441,61.16486,0.0
1442,60.55069,0.0
1443,60.15778,0.0
1444,59.7496,0.0
1445,59.24225,0.0
1446,58.90655,0.0
1447,58.58612,0.0
1448,58.21991,0.0
1449,57.92999,0.0
1450,57.73163,0.0
1451,57.4379,0.0
1452,57.10983,0.0
1453,57.00302,0.0
1454,56.84662,0.0
1455,56.72836,0.0
1456,56.59485,0.0
1457,56.46896,0.0
1458,56.48422,0.0
1459,56.32782,0.0
1460,56.40793,0.0
1461,56.20193,0.0
1462,56.08749,0.0
1463,56.03027,0.0
1464,55.85861,0.0
1465,55.80139,0.0
1466,55.97305,0.0
1467,55.88913,0.0
1468,55.82046,0.0
1469,55.8548,0.0
1470,55.88531,0.0
1471,55.71365,0.0
1472,55.56107,0.0
1473,55.48859,0.0
1474,55.41611,0.0
1475,55.33981,0.0
1476,55.1796,0.0
1477,55.14526,0.0
1478,54.95453,0.0
1479,54.8439,0.0
1480,54.72946,0.0
1481,54.45862,0.0
1482,54.47006,0.0
1483,54.37088,0.0
1484,54.24118,0.0
1485,54.17252,0.0
1486,53.98178,0.0
1487,53.92838,0.0
1488,53.95126,0.0
1489,53.82156,0.0
1490,53.79105,0.0
1491,53.54309,0.0
1492,53.45154,0.0
1493,53.30658,0.0
1494,53.38669,0.0
1495,53.15399,0.0
1496,53.03574,0.0
1497,52.88315,0.0
1498,52.61993,0.0
1499,52.6619,0.0
1500,52.50931,0.0
1501,52.38342,0.0
1502,52.36435,0.0
1503,52.13165,0.0
1504,51.93329,0.0
1505,51.92566,0.0
1506,51.8837,0.0
1507,51.6243,0.0
1508,51.75018,0.0
1509,51.46408,0.0
1510,51.47171,0.0
1511,51.27335,0.0
1512,51.17416,0.0
1513,51.06354,0.0
1514,50.96817,0.0
1515,50.83466,0.0
1516,50.6134,0.0
1517,50.57907,0.0
1518,50.12894,0.0
1519,49.99161,0.0
1520,49.93057,0.0
1521,49.83521,0.0
1522,49.74747,0.0
1523,49.65591,0.0
1524,49.68262,0.0
1525,49.59488,0.0
1526,49.64447,0.0
1527,49.74365,0.0
1528,49.83521,0.0
1529,50.03738,0.0
1530,50.73929,0.0
1531,51.8074,0.0
1532,53.1311,0.0
1533,54.65698,0.0
1534,56.38504,0.0
1535,58.47931,0.0
1536,60.1654,0.0
1537,62.10709,0.0
1538,63.95721,0.0
1539,65.69672,0.0
1540,67.3027,0.0
1541,68.68362,0.0
1542,69.83185,0.0
1543,70.76263,0.0
1544,71.53702,0.0
1545,72.2847,0.0
1546,72.70431,0.0
1547,73.05527,0.0
1548,73.52066,0.0
1549,73.86398,0.0
1550,73.91739,0.0
1551,74.14627,0.0
1552,74.51248,0.0
1553,74.56207,0.0
1554,74.98932,0.0
1555,75.17242,0.0
1556,75.54245,0.0
1557,76.01929,0.0
1558,76.51901,0.0
1559,77.1637,0.0
1560,77.7626,0.0
1561,78.2547,0.0
1562,79.09393,0.0
1563,79.57458,0.0
1564,80.40237,0.0
1565,81.10809,0.0
1566,81.71845,0.0
1567,82.40509,0.0
1568,83.17947,0.0
1569,83.83942,0.0
1570,84.69009,0.0
1571,85.07538,0.0
1572,85.64377,0.0
1573,86.14731,0.0
1574,86.47156,0.0
1575,86.75003,0.0
1576,86.98273,0.0
1577,87.11243,0.0
1578,87.21542,0.0
1579,87.07428,0.0
1580,86.83014,0.0
1581,86.55167,0.0
1582,86.31134,0.0
1583,85.91843,0.0
1584,85.16693,0.0
1585,84.57947,0.0
1586,83.5495,0.0
1587,82.60727,0.0
1588,81.63071,0.0
1589,80.19638,0.0
1590,79.04053,0.0
1591,77.59857,0.0
1592,76.0994,0.0
1593,74.84817,0.0
1594,73.84109,0.0
1595,72.71957,0.0
1596,71.97952,0.0
1597,71.41495,0.0
1598,70.87326,0.0
1599,70.4956,0.0
1600,69.91196,0.0
1601,69.61441,0.0
1602,69.13757,0.0
1603,68.77518,0.0
1604,68.52722,0.0
1605,68.14957,0.0
1606,68.06946,0.0
1607,67.7948,0.0
1608,67.55447,0.0
1609,67.19971,0.0
1610,67.16537,0.0
1611,66.8602,0.0
1612,66.60461,0.0
1613,66.32996,0.0
1614,66.1087,0.0
1615,65.6395,0.0
1616,65.30762,0.0
1617,64.888,0.0
1618,64.45694,0.0
1619,64.07166,0.0
1620,63.49182,0.0
1621,63.1485,0.0
1622,62.87765,0.0
1623,62.3436,0.0
1624,61.88583,0.0
1625,61.42807,0.0
1626,60.92835,0.0
1627,60.56976,0.0
1628,60.40192,0.0
1629,60.03952,0.0
1630,59.69238,0.0
1631,59.65424,0.0
1632,59.16977,0.0
1633,59.35669,0.0
1634,59.22699,0.0
1635,59.06677,0.0
1636,58.88748,0.0
1637,58.83408,0.0
1638,58.78448,0.0
1639,58.79211,0.0
1640,58.70438,0.0
1641,58.57468,0.0
1642,58.32672,0.0
1643,58.3992,0.0
1644,58.38776,0.0
1645,58.26569,0.0
1646,58.23517,0.0
1647,58.24661,0.0
1648,58.11691,0.0
1649,58.13599,0.0
1650,58.10165,0.0
1651,57.9834,0.0
1652,57.827,0.0
1653,57.62863,0.0
1654,57.67059,0.0
1655,57.57141,0.0
1656,57.32346,0.0
1657,57.21283,0.0
1658,57.05643,0.0
1659,56.86951,0.0
1660,56.74744,0.0
1661,56.60629,0.0
1662,56.56433,0.0
1663,56.32782,0.0
1664,56.1676,0.0
1665,56.13708,0.0
1666,55.99594,0.0
1667,55.86243,0.0
1668,55.69076,0.0
1669,55.66788,0.0
1670,55.6221,0.0
1671,55.34744,0.0
1672,55.27496,0.0
1673,55.14526,0.0
1674,54.96979,0.0
1675,54.74472,0.0
1676,54.83627,0.0
1677,54.62265,0.0
1678,54.48532,0.0
1679,54.27933,0.0
1680,54.07715,0.0
1681,53.91312,0.0
1682,53.84827,0.0
1683,53.86353,0.0
1684,53.75671,0.0
1685,53.45917,0.0
1686,53.51257,0.0
1687,53.16544,0.0
1688,53.1044,0.0
1689,53.01666,0.0
1690,52.86026,0.0
1691,52.78397,0.0
1692,52.52457,0.0
1693,52.38724,0.0
1694,52.23465,0.0
1695,52.00195,0.0
1696,51.83792,0.0
1697,51.72729,0.0
1698,51.29623,0.0
1699,51.16653,0.0
1700,51.08261,0.0
1701,50.86899,0.0
1702,50.75455,0.0
1703,50.62485,0.0
1704,50.60959,0.0
1705,50.43793,0.0
1706,50.39597,0.0
1707,50.38452,0.0
1708,50.49133,0.0
1709,50.78507,0.0
1710,51.41449,0.0
1711,52.23846,0.0
1712,53.84064,0.0
1713,55.33218,0.0
1714,57.33109,0.0
1715,59.55887,0.0
1716,61.40137,0.0
1717,63.36975,0.0
1718,65.26566,0.0
1719,67.27982,0.0
1720,69.03076,0.0
1721,70.38116,0.0
1722,71.64002,0.0
1723,72.79587,0.0
1724,73.6084,0.0
1725,74.16534,0.0
1726,74.64218,0.0
1727,75.16098,0.0
1728,75.56534,0.0
1729,75.9964,0.0
1730,76.2825,0.0
1731,76.51901,0.0
1732,76.52283,0.0
1733,77.04163,0.0
1734,77.36969,0.0
1735,77.47269,0.0
1736,77.88086,0.0
1737,78.36914,0.0
1738,78.92227,0.0
1739,79.34189,0.0
1740,79.98276,0.0
1741,80.50156,0.0
1742,81.41327,0.0
1743,81.95496,0.0
1744,82.66067,0.0
1745,83.59909,0.0
1746,84.20181,0.0
1747,84.93042,0.0
1748,85.52933,0.0
1749,86.38,0.0
1750,87.04376,0.0
1751,87.43668,0.0
1752,88.32169,0.0
1753,88.69553,0.0
1754,88.99689,0.0
1755,89.45847,0.0
1756,89.80179,0.0
1757,89.79797,0.0
1758,89.74075,0.0
1759,89.74838,0.0
1760,89.52331,0.0
1761,89.08463,0.0
1762,88.75656,0.0
1763,88.21106,0.0
1764,87.70752,0.0
1765,86.81107,0.0
1766,86.11679,0.0
1767,85.08682,0.0
1768,83.90427,0.0
1769,82.47757,0.0
1770,81.23779,0.0
1771,79.92554,0.0
1772,78.01056,0.0
1773,76.71738,0.0
1774,75.47379,0.0
1775,74.52774,0.0
1776,73.55881,0.0
1777,72.86072,0.0
1778,72.07489,0.0
1779,71.65909,0.0
1780,71.16699,0.0
1781,70.46509,0.0
1782,70.07599,0.0
1783,69.97299,0.0
1784,69.45419,0.0
1785,69.37408,0.0
1786,69.19861,0.0
1787,69.00787,0.0
1788,68.92014,0.0
1789,68.75992,0.0
1790,68.63022,0.0
1791,68.27164,0.0
1792,68.27927,0.0
1793,68.10761,0.0
1794,67.73377,0.0
1795,67.48199,0.0
1796,67.12341,0.0
1797,66.72669,0.0
1798,66.35284,0.0
1799,65.9256,0.0
1800,65.31525,0.0
1801,64.95667,0.0
1802,64.46457,0.0
1803,63.9534,0.0
1804,63.50708,0.0
1805,62.98447,0.0
1806,62.5267,0.0
1807,62.05368,0.0
1808,61.76758,0.0
1809,61.42426,0.0
1810,61.18774,0.0
1811,60.78339,0.0
1812,60.65369,0.0
1813,60.215,0.0
1814,60.12344,0.0
1815,59.99374,0.0
1816,59.88312,0.0
1817,59.66568,0.0
1818,59.78775,0.0
1819,59.84497,0.0
1820,59.84497,0.0
1821,59.60083,0.0
1822,59.66186,0.0
1823,59.58939,0.0
1824,59.61227,0.0
1825,59.37958,0.0
1826,59.38339,0.0
1827,59.42154,0.0
1828,59.32999,0.0
1829,59.21936,0.0
1830,59.14307,0.0
1831,58.90274,0.0
1832,58.91419,0.0
1833,58.68912,0.0
1834,58.64334,0.0
1835,58.40302,0.0
1836,58.30002,0.0
1837,58.25424,0.0
1838,57.84988,0.0
1839,57.79266,0.0
1840,57.63245,0.0
1841,57.46841,0.0
1842,57.26624,0.0
1843,57.06787,0.0
1844,56.92673,0.0
1845,56.78177,0.0
1846,56.61392,0.0
1847,56.62155,0.0
1848,56.35834,0.0
1849,56.13327,0.0
1850,56.30112,0.0
1851,56.07986,0.0
1852,55.82809,0.0
1853,55.61066,0.0
1854,55.5954,0.0
1855,55.3627,0.0
1856,55.05371,0.0
1857,55.11856,0.0
1858,54.73328,0.0
1859,54.47769,0.0
1860,54.56162,0.0
1861,54.22211,0.0
1862,53.87497,0.0
1863,53.74527,0.0
1864,53.71094,0.0
1865,53.4935,0.0
1866,53.29132,0.0
1867,53.08151,0.0
1868,52.89459,0.0
1869,52.66571,0.0
1870,52.63138,0.0
1871,52.43683,0.0
1872,52.36053,0.0
1873,51.93329,0.0
1874,51.84555,0.0
1875,51.67389,0.0
1876,51.44119,0.0
1877,51.28097,0.0
1878,51.03302,0.0
1879,50.62866,0.0
1880,50.50278,0.0
1881,50.43411,0.0
1882,50.33493,0.0
1883,50.24719,0.0
1884,50.21286,0.0
1885,50.17853,0.0
1886,50.21286,0.0
1887,50.29297,0.0
1888,50.31586,0.0
1889,50.57144,0.0
1890,51.19324,0.0
1891,52.36435,0.0
1892,53.44009,0.0
1893,55.27878,0.0
1894,57.07932,0.0
1895,59.09347,0.0
1896,60.83679,0.0
1897,62.69073,0.0
1898,64.35776,0.0
1899,66.22696,0.0
1900,67.69943,0.0
1901,69.11468,0.0
1902,70.31632,0.0
1903,71.3501,0.0
1904,72.02911,0.0
1905,72.81113,0.0
1906,73.26889,0.0
1907,73.72284,0.0
1908,74.0509,0.0
1909,74.38278,0.0
1910,74.8024,0.0
1911,75.03128,0.0
1912,75.32883,0.0
1913,75.63019,0.0
1914,75.82092,0.0
1915,76.06125,0.0
1916,76.62582,0.0
1917,76.96533,0.0
1918,77.28958,0.0
1919,77.79694,0.0
1920,78.25088,0.0
1921,78.91846,0.0
1922,79.59747,0.0
1923,80.31464,0.0
1924,80.83725,0.0
1925,81.59256,0.0
1926,82.18384,0.0
1927,82.97729,0.0
1928,83.64487,0.0
1929,84.23614,0.0
1930,84.93042,0.0
1931,85.35004,0.0
1932,85.89935,0.0
1933,86.36856,0.0
1934,86.62415,0.0
1935,86.84921,0.0
1936,86.98273,0.0
1937,86.91406,0.0
1938,86.86447,0.0
1939,86.77292,0.0
1940,86.45248,0.0
1941,86.03668,0.0
1942,85.5217,0.0
1943,84.86176,0.0
1944,84.22852,0.0
1945,83.35495,0.0
1946,82.01599,0.0
1947,80.91736,0.0
1948,79.7348,0.0
1949,78.20892,0.0
1950,76.84708,0.0
1951,75.38223,0.0
1952,74.26071,0.0
1953,73.47488,0.0
1954,72.78061,0.0
1955,71.92993,0.0
1956,71.24329,0.0
1957,70.81604,0.0
1958,70.26291,0.0
1959,69.67163,0.0
1960,69.37027,0.0
1961,68.89343,0.0
1962,68.51196,0.0
1963,68.01987,0.0
1964,67.87109,0.0
1965,67.74521,0.0
1966,67.27219,0.0
1967,66.98227,0.0
1968,66.65039,0.0
1969,66.61224,0.0
1970,66.20789,0.0
1971,65.74631,0.0
1972,65.62805,0.0
1973,65.18936,0.0
1974,64.991,0.0
1975,64.32724,0.0
1976,63.88473,0.0
1977,63.42316,0.0
1978,62.95013,0.0
1979,62.52289,0.0
1980,62.06513,0.0
1981,61.49674,0.0
1982,61.08856,0.0
1983,60.52399,0.0
1984,60.09674,0.0
1985,59.71909,0.0
1986,59.4902,0.0
1987,59.13162,0.0
1988,58.78448,0.0
1989,58.57849,0.0
1990,58.17032,0.0
1991,58.10165,0.0
1992,57.97195,0.0
1993,57.79266,0.0
1994,57.76596,0.0
1995,57.87659,0.0
1996,57.65152,0.0
1997,57.70874,0.0
1998,57.57904,0.0
1999,57.47986,0.0
2000,57.64389,0.0
2001,57.51419,0.0
2002,57.48367,0.0
2003,57.38449,0.0
2004,57.34253,0.0
2005,57.2319,0.0
2006,57.26624,0.0
2007,57.15179,0.0
2008,57.05643,0.0
2009,56.8924,0.0
2010,56.70929,0.0
2011,56.56433,0.0
2012,56.43463,0.0
2013,56.41174,0.0
2014,56.27441,0.0
2015,56.09512,0.0
2016,55.83572,0.0
2017,55.69839,0.0
2018,55.69839,0.0
2019,55.60303,0.0
2020,55.51147,0.0
2021,55.43518,0.0
2022,55.27115,0.0
2023,55.15289,0.0
2024,55.02319,0.0
2025,54.96216,0.0
2026,54.70657,0.0
2027,54.82483,0.0
2028,54.74472,0.0
2029,54.39377,0.0
2030,54.32892,0.0
2031,54.21066,0.0
2032,53.96271,0.0
2033,54.08478,0.0
2034,53.87116,0.0
2035,53.81012,0.0
2036,53.54691,0.0
2037,53.33328,0.0
2038,53.16162,0.0
2039,53.0777,0.0
2040,52.92892,0.0
2041,52.84882,0.0
2042,52.70004,0.0
2043,52.64282,0.0
2044,52.33002,0.0
2045,52.41013,0.0
2046,52.29187,0.0
2047,52.20032,0.0
2048,52.07825,0.0
2049,51.95618,0.0
2050,51.67389,0.0
2051,51.68152,0.0
2052,51.47934,0.0
2053,51.34201,0.0
2054,51.07117,0.0
2055,50.75836,0.0
2056,50.74692,0.0
2057,50.59815,0.0
2058,50.33493,0.0
2059,50.20905,0.0
2060,50.20905,0.0
2061,50.08316,0.0
2062,50.01831,0.0
2063,49.90387,0.0
2064,49.97635,0.0
2065,49.7818,0.0
2066,49.54147,0.0
2067,49.52622,0.0
2068,49.66354,0.0
2069,49.88861,0.0
2070,50.48752,0.0
2071,50.9758,0.0
2072,52.05154,0.0
2073,53.21884,0.0
2074,54.8439,0.0
2075,56.22482,0.0
2076,57.91473,0.0
2077,59.75342,0.0
2078,61.04279,0.0
2079,62.72125,0.0
2080,63.98773,0.0
2081,65.26947,0.0
2082,66.6008,0.0
2083,67.53921,0.0
2084,68.28308,0.0
2085,68.94302,0.0
2086,69.60297,0.0
2087,70.0531,0.0
2088,70.25528,0.0
2089,70.755,0.0
2090,70.97626,0.0
2091,71.23566,0.0
2092,71.52176,0.0
2093,71.71249,0.0
2094,71.94138,0.0
2095,71.97571,0.0
2096,72.16263,0.0
2097,72.49832,0.0
2098,72.86072,0.0
2099,73.30704,0.0
2100,73.68088,0.0
2101,74.2569,0.0
2102,74.69177,0.0
2103,75.03891,0.0
2104,75.48904,0.0
2105,76.06888,0.0
2106,76.42364,0.0
2107,76.97678,0.0
2108,77.57187,0.0
2109,77.83508,0.0
2110,78.46832,0.0
2111,78.97568,0.0
2112,79.23889,0.0
2113,79.24271,0.0
2114,79.65088,0.0
2115,79.72336,0.0
2116,79.82636,0.0
2117,79.85687,0.0
2118,79.54407,0.0
2119,79.26559,0.0
2120,78.8002,0.0
2121,78.10211,0.0
2122,77.46887,0.0
2123,76.37405,0.0
2124,75.50812,0.0
2125,74.17297,0.0
2126,73.0629,0.0
2127,71.87653,0.0
2128,70.85037,0.0
2129,70.10651,0.0
2130,69.42749,0.0
2131,68.75229,0.0
2132,68.55774,0.0
2133,68.24493,0.0
2134,67.78336,0.0
2135,67.58118,0.0
2136,67.17682,0.0
2137,67.07001,0.0
2138,66.91361,0.0
2139,66.6008,0.0
2140,66.30325,0.0
2141,65.91797,0.0
2142,65.71579,0.0
2143,65.46021,0.0
2144,65.14359,0.0
2145,64.89945,0.0
2146,64.54849,0.0
2147,64.30817,0.0
2148,63.71689,0.0
2149,63.46512,0.0
2150,63.02643,0.0
2151,62.49237,0.0
2152,62.00409,0.0
2153,61.56158,0.0
2154,60.97412,0.0
2155,60.55069,0.0
2156,59.91363,0.0
2157,59.29565,0.0
2158,58.90274,0.0
2159,58.39539,0.0
2160,57.83844,0.0
2161,57.42645,0.0
2162,57.21664,0.0
2163,56.62537,0.0
2164,56.45752,0.0
2165,56.12183,0.0
2166,55.75561,0.0
2167,55.59921,0.0
2168,55.41611,0.0
2169,55.44281,0.0
2170,55.33981,0.0
2171,55.233,0.0
2172,55.11856,0.0
2173,55.09186,0.0
2174,54.9736,0.0
2175,54.99649,0.0
2176,54.84009,0.0
2177,54.7142,0.0
2178,54.85535,0.0
2179,54.76761,0.0
2180,54.68368,0.0
2181,54.61883,0.0
2182,54.52347,0.0
2183,54.51202,0.0
2184,54.4281,0.0
2185,54.41284,0.0
2186,54.35944,0.0
2187,54.142,0.0
2188,54.17633,0.0
2189,54.11148,0.0
2190,53.93601,0.0
2191,53.77197,0.0
2192,53.83682,0.0
2193,53.71094,0.0
2194,53.52402,0.0
2195,53.35617,0.0
2196,53.32184,0.0
2197,53.16162,0.0
2198,52.94418,0.0
2199,53.051,0.0
2200,52.85645,0.0
2201,52.81448,0.0
2202,52.52075,0.0
2203,52.51694,0.0
2204,52.45972,0.0
2205,52.44827,0.0
2206,52.34528,0.0
2207,52.26517,0.0
2208,52.09732,0.0
2209,51.96762,0.0
2210,52.05917,0.0
2211,51.79977,0.0
2212,51.79977,0.0
2213,51.89133,0.0
2214,51.56326,0.0
2215,51.54419,0.0
2216,51.4183,0.0
2217,51.18942,0.0
2218,51.18942,0.0
2219,51.19705,0.0
2220,51.1055,0.0
2221,50.8461,0.0
2222,50.88425,0.0
2223,50.80414,0.0
2224,50.79269,0.0
2225,50.67825,0.0
2226,50.41122,0.0
2227,50.25101,0.0
2228,50.15183,0.0
2229,50.00687,0.0
2230,49.87335,0.0
2231,49.55673,0.0
2232,49.42703,0.0
2233,49.32404,0.0
2234,49.13712,0.0
2235,49.21341,0.0
2236,48.94638,0.0
2237,48.95782,0.0
2238,48.89679,0.0
2239,48.88153,0.0
2240,48.80524,0.0
2241,48.94257,0.0
2242,48.9769,0.0
2243,48.98453,0.0
2244,49.24393,0.0
2245,49.89243,0.0
2246,50.78888,0.0
2247,52.11258,0.0
2248,53.6232,0.0
2249,55.13,0.0
2250,56.88477,0.0
2251,58.6319,0.0
2252,60.13489,0.0
2253,61.9812,0.0
2254,63.41171,0.0
2255,64.84222,0.0
2256,66.08963,0.0
2257,67.08145,0.0
2258,68.08853,0.0
2259,68.85529,0.0
2260,69.36264,0.0
2261,69.83566,0.0
2262,70.26291,0.0
2263,70.53375,0.0
2264,70.89233,0.0
2265,71.18225,0.0
2266,71.15173,0.0
2267,71.52939,0.0
2268,71.68961,0.0
2269,71.9223,0.0
2270,72.2084,0.0
2271,72.3114,0.0
2272,72.76154,0.0
2273,73.0896,0.0
2274,73.53592,0.0
2275,73.84872,0.0
2276,74.49341,0.0
2277,74.84436,0.0
2278,75.55771,0.0
2279,76.11465,0.0
2280,76.68686,0.0
2281,77.15225,0.0
2282,77.93045,0.0
2283,78.4378,0.0
2284,78.91464,0.0
2285,79.40292,0.0
2286,79.8111,0.0
2287,80.24216,0.0
2288,80.55878,0.0
2289,80.73807,0.0
2290,80.89829,0.0
2291,81.09665,0.0
2292,81.13098,0.0
2293,80.78766,0.0
2294,80.71899,0.0
2295,80.31845,0.0
2296,79.84161,0.0
2297,79.23889,0.0
2298,78.68958,0.0
2299,77.53372,0.0
2300,76.46561,0.0
2301,75.46616,0.0
2302,74.15009,0.0
2303,73.04001,0.0
2304,71.78116,0.0
2305,70.73212,0.0
2306,69.71741,0.0
2307,68.95447,0.0
2308,68.53485,0.0
2309,68.06183,0.0
2310,67.69562,0.0
2311,67.25311,0.0
2312,66.90216,0.0
2313,66.50925,0.0
2314,66.15448,0.0
2315,65.87601,0.0
2316,65.55939,0.0
2317,65.31906,0.0
2318,65.05585,0.0
2319,64.83841,0.0
2320,64.54086,0.0
2321,64.11362,0.0
2322,63.89618,0.0
2323,63.6673,0.0
2324,63.38501,0.0
2325,63.11798,0.0
2326,62.69455,0.0
2327,62.29019,0.0
2328,61.89346,0.0
2329,61.4624,0.0
2330,61.01608,0.0
2331,60.48203,0.0
2332,60.02426,0.0
2333,59.44824,0.0
2334,58.87604,0.0
2335,58.51364,0.0
2336,58.05588,0.0
2337,57.68585,0.0
2338,57.37305,0.0
2339,56.86951,0.0
2340,56.63681,0.0
2341,56.2973,0.0
2342,55.98831,0.0
2343,55.92728,0.0
2344,55.58014,0.0
2345,55.48096,0.0
2346,55.29785,0.0
2347,55.19104,0.0
2348,55.2597,0.0
2349,55.26733,0.0
2350,55.17197,0.0
2351,55.06897,0.0
2352,54.96597,0.0
2353,54.96597,0.0
2354,54.9736,0.0
2355,54.94309,0.0
2356,54.89349,0.0
2357,54.83246,0.0
2358,54.63791,0.0
2359,54.6608,0.0
2360,54.70657,0.0
2361,54.69132,0.0
2362,54.46243,0.0
2363,54.52347,0.0
2364,54.39377,0.0
2365,54.26788,0.0
2366,54.22974,0.0
2367,54.19922,0.0
2368,54.00085,0.0
2369,53.92075,0.0
2370,53.9093,0.0
2371,53.83682,0.0
2372,53.67279,0.0
2373,53.54309,0.0
2374,53.56216,0.0
2375,53.37143,0.0
2376,53.29514,0.0
2377,53.27988,0.0
2378,53.17307,0.0
2379,53.03955,0.0
2380,53.02811,0.0
2381,52.90604,0.0
2382,52.66571,0.0
2383,52.74582,0.0
2384,52.6619,0.0
2385,52.56653,0.0
2386,52.37961,0.0
2387,52.2995,0.0
2388,52.18124,0.0
2389,52.1431,0.0
2390,52.10113,0.0
2391,51.81885,0.0
2392,51.83411,0.0
2393,51.79214,0.0
2394,51.57089,0.0
2395,51.651,0.0
2396,51.47171,0.0
2397,51.25809,0.0
2398,51.34964,0.0
2399,51.2085,0.0
2400,51.17035,0.0
2401,50.97198,0.0
2402,51.01395,0.0
2403,50.98343,0.0
2404,50.70496,0.0
2405,50.6897,0.0
2406,50.39978,0.0
2407,50.22812,0.0
2408,50.1709,0.0
2409,50.13275,0.0
2410,50.04501,0.0
2411,50.02594,0.0
2412,49.93439,0.0
2413,49.93439,0.0
2414,49.81995,0.0
2415,49.78561,0.0
2416,49.70551,0.0
2417,49.75128,0.0
2418,49.8085,0.0
2419,50.11749,0.0
2420,50.85373,0.0
2421,51.76163,0.0
2422,52.68478,0.0
2423,54.36325,0.0
2424,55.81665,0.0
2425,57.60956,0.0
2426,59.24606,0.0
2427,60.87494,0.0
2428,62.58011,0.0
2429,64.01062,0.0
2430,65.56702,0.0
2431,66.70761,0.0
2432,67.78336,0.0
2433,68.67218,0.0
2434,69.44275,0.0
2435,70.08362,0.0
2436,70.66727,0.0
2437,71.10977,0.0
2438,71.38062,0.0
2439,71.87653,0.0
2440,72.06726,0.0
2441,72.24655,0.0
2442,72.62039,0.0
2443,72.60513,0.0
2444,72.9599,0.0
2445,73.12012,0.0
2446,73.63892,0.0
2447,74.01657,0.0
2448,74.44,0.0
2449,74.85199,0.0
2450,75.37842,0.0
2451,75.74463,0.0
2452,76.4389,0.0
2453,76.931,0.0
2454,77.48795,0.0
2455,78.04108,0.0
2456,78.70102,0.0
2457,79.20456,0.0
2458,79.73862,0.0
2459,80.32608,0.0
2460,80.62744,0.0
2461,81.27213,0.0
2462,81.5773,0.0
2463,81.9664,0.0
2464,82.21817,0.0
2465,82.55768,0.0
2466,82.5119,0.0
2467,82.39746,0.0
2468,82.29446,0.0
2469,82.18002,0.0
2470,81.76422,0.0
2471,81.37894,0.0
2472,80.80673,0.0
2473,80.2536,0.0
2474,79.20837,0.0
2475,78.30429,0.0
2476,77.20947,0.0
2477,75.98877,0.0
2478,74.8291,0.0
2479,73.45581,0.0
2480,72.23511,0.0
2481,71.18988,0.0
2482,70.2095,0.0
2483,69.7403,0.0
2484,69.3512,0.0
2485,68.84003,0.0
2486,68.28308,0.0
2487,67.97028,0.0
2488,67.58118,0.0
2489,67.31415,0.0
2490,66.9899,0.0
2491,66.87546,0.0
2492,66.53213,0.0
2493,66.22315,0.0
2494,66.02478,0.0
2495,65.78827,0.0
2496,65.55557,0.0
2497,65.23895,0.0
2498,64.93759,0.0
2499,64.62479,0.0
2500,64.50653,0.0
2501,64.07547,0.0
2502,63.61389,0.0
2503,63.30109,0.0
2504,62.75559,0.0
2505,62.27112,0.0
2506,61.78284,0.0
2507,61.43951,0.0
2508,60.95886,0.0
2509,60.47058,0.0
2510,60.06241,0.0
2511,59.52835,0.0
2512,59.1774,0.0
2513,58.58612,0.0
2514,58.34198,0.0
2515,58.0368,0.0
2516,57.73544,0.0
2517,57.32346,0.0
2518,57.25479,0.0
2519,57.01828,0.0
2520,56.9191,0.0
2521,56.70929,0.0
2522,56.51474,0.0
2523,56.37741,0.0
2524,56.26678,0.0
2525,56.09512,0.0
2526,56.1409,0.0
2527,56.14853,0.0
2528,56.03409,0.0
2529,56.03027,0.0
2530,55.87006,0.0
2531,55.72891,0.0
2532,55.82809,0.0
2533,55.85098,0.0
2534,55.78232,0.0
2535,55.67932,0.0
2536,55.61066,0.0
2537,55.48096,0.0
2538,55.38559,0.0
2539,55.32837,0.0
2540,55.21011,0.0
2541,55.19867,0.0
2542,55.29022,0.0
2543,55.00794,0.0
2544,54.82101,0.0
2545,54.5845,0.0
2546,54.7905,0.0
2547,54.66461,0.0
2548,54.35181,0.0
2549,54.42429,0.0
2550,54.21448,0.0
2551,54.07333,0.0
2552,53.95508,0.0
2553,53.90549,0.0
2554,53.88641,0.0
2555,53.63464,0.0
2556,53.58505,0.0
2557,53.23792,0.0
2558,53.21884,0.0
2559,53.22266,0.0
2560,52.97089,0.0
2561,53.03192,0.0
2562,52.84882,0.0
2563,52.61612,0.0
2564,52.57797,0.0
2565,52.38342,0.0
2566,52.1965,0.0
2567,52.19269,0.0
2568,52.08206,0.0
2569,51.95236,0.0
2570,51.8837,0.0
2571,51.6777,0.0
2572,51.65863,0.0
2573,51.55182,0.0
2574,51.52512,0.0
2575,51.19705,0.0
2576,51.23901,0.0
2577,50.93002,0.0
2578,50.94147,0.0
2579,50.70114,0.0
2580,50.69351,0.0
2581,50.51804,0.0
2582,50.3273,0.0
2583,50.09842,0.0
2584,49.94965,0.0
2585,49.74747,0.0
2586,49.64066,0.0
2587,49.58344,0.0
2588,49.47281,0.0
2589,49.43466,0.0
2590,49.35074,0.0
2591,49.43848,0.0
2592,49.36218,0.0
2593,49.51859,0.0
2594,49.59106,0.0
2595,50.15945,0.0
2596,50.88806,0.0
2597,52.02103,0.0
2598,53.58124,0.0
2599,55.37415,0.0
2600,57.09839,0.0
2601,59.04388,0.0
2602,61.01608,0.0
2603,62.78229,0.0
2604,64.55994,0.0
2605,66.08581,0.0
2606,67.59262,0.0
2607,68.87817,0.0
2608,69.75937,0.0
2609,70.61768,0.0
2610,71.15555,0.0
2611,71.73538,0.0
2612,72.34192,0.0
2613,72.7272,0.0
2614,72.74628,0.0
2615,73.31085,0.0
2616,73.33755,0.0
2617,73.53592,0.0
2618,73.89069,0.0
2619,74.10431,0.0
2620,74.48959,0.0
2621,74.94354,0.0
2622,75.27161,0.0
2623,75.737,0.0
2624,76.24435,0.0
2625,76.84708,0.0
2626,77.38113,0.0
2627,78.0983,0.0
2628,78.67813,0.0
2629,79.36859,0.0
2630,80.36423,0.0
2631,81.04706,0.0
2632,81.66885,0.0
2633,82.34405,0.0
2634,82.98874,0.0
2635,83.77457,0.0
2636,84.36584,0.0
2637,84.8732,0.0
2638,85.35385,0.0
2639,85.89554,0.0
2640,86.15112,0.0
2641,86.34949,0.0
2642,86.50208,0.0
2643,86.43722,0.0
2644,86.55167,0.0
2645,86.38382,0.0
2646,86.15494,0.0
2647,85.79636,0.0
2648,85.33478,0.0
2649,84.8732,0.0
2650,84.13696,0.0
2651,83.38547,0.0
2652,82.36313,0.0
2653,81.25687,0.0
2654,80.01327,0.0
2655,78.8765,0.0
2656,77.43454,0.0
2657,76.19476,0.0
2658,74.90158,0.0
2659,73.76099,0.0
2660,72.66998,0.0
2661,72.04056,0.0
2662,71.4035,0.0
2663,70.86563,0.0
2664,70.52994,0.0
2665,69.96155,0.0
2666,69.60678,0.0
2667,69.36646,0.0
2668,68.89343,0.0
2669,68.59589,0.0
2670,68.07709,0.0
2671,68.10379,0.0
2672,67.7681,0.0
2673,67.64603,0.0
2674,67.32559,0.0
2675,67.26074,0.0
2676,66.92123,0.0
2677,66.60843,0.0
2678,66.42151,0.0
2679,66.02097,0.0
2680,65.70435,0.0
2681,65.3801,0.0
2682,65.05203,0.0
2683,64.6019,0.0
2684,64.07547,0.0
2685,63.49564,0.0
2686,63.15231,0.0
2687,62.69455,0.0
2688,62.16049,0.0
2689,61.82861,0.0
2690,61.30219,0.0
2691,60.90164,0.0
2692,60.48965,0.0
2693,60.23407,0.0
2694,59.87549,0.0
2695,59.62372,0.0
2696,59.45587,0.0
2697,59.39865,0.0
2698,58.98666,0.0
2699,59.08203,0.0
2700,58.76541,0.0
2701,58.66623,0.0
2702,58.71963,0.0
2703,58.66242,0.0
2704,58.5556,0.0
2705,58.45261,0.0
2706,58.27713,0.0
2707,58.43353,0.0
2708,58.2695,0.0
2709,58.23898,0.0
2710,58.18176,0.0
2711,58.18558,0.0
2712,58.1398,0.0
2713,58.20084,0.0
2714,57.9834,0.0
2715,57.74307,0.0
2716,57.92999,0.0
2717,57.8537,0.0
2718,57.71637,0.0
2719,57.38068,0.0
2720,57.39975,0.0
2721,57.20902,0.0
2722,57.14417,0.0
2723,56.94199,0.0
2724,56.64444,0.0
2725,56.67114,0.0
2726,56.5567,0.0
2727,56.3736,0.0
2728,56.23245,0.0
2729,56.07986,0.0
2730,56.04172,0.0
2731,55.81665,0.0
2732,55.77087,0.0
2733,55.60303,0.0
2734,55.59921,0.0
2735,55.4924,0.0
2736,55.39322,0.0
2737,55.03845,0.0
2738,54.96597,0.0
2739,54.92783,0.0
2740,54.87442,0.0
2741,54.65698,0.0
2742,54.52728,0.0
2743,54.36706,0.0
2744,54.16489,0.0
2745,54.08859,0.0
2746,53.87116,0.0
2747,53.74527,0.0
2748,53.7796,0.0
2749,53.66135,0.0
2750,53.40958,0.0
2751,53.45154,0.0
2752,53.35999,0.0
2753,53.05481,0.0
2754,52.82974,0.0
2755,52.81067,0.0
2756,52.62756,0.0
2757,52.57416,0.0
2758,52.24228,0.0
2759,52.20413,0.0
2760,51.81503,0.0
2761,51.6243,0.0
2762,51.60904,0.0
2763,51.15509,0.0
2764,51.33438,0.0
2765,51.06354,0.0
2766,50.93002,0.0
2767,50.71258,0.0
2768,50.78125,0.0
2769,50.72022,0.0
2770,50.66681,0.0
2771,50.73547,0.0
2772,50.93002,0.0
2773,51.42975,0.0
2774,52.38724,0.0
2775,53.65753,0.0
2776,55.32455,0.0
2777,57.0488,0.0
2778,59.17358,0.0
2779,61.15723,0.0
2780,62.95013,0.0
2781,64.98337,0.0
2782,66.74576,0.0
2783,68.56155,0.0
2784,70.1828,0.0
2785,71.55609,0.0
2786,72.3114,0.0
2787,73.18115,0.0
2788,74.06616,0.0
2789,74.45145,0.0
2790,74.90158,0.0
2791,75.46616,0.0
2792,75.65689,0.0
2793,76.04218,0.0
2794,76.25198,0.0
2795,76.4122,0.0
2796,76.63345,0.0
2797,76.91193,0.0
2798,77.14462,0.0
2799,77.55661,0.0
2800,78.08685,0.0
2801,78.54843,0.0
2802,78.94134,0.0
2803,79.66995,0.0
2804,80.30701,0.0
2805,80.97458,0.0
2806,81.45523,0.0
2807,82.30972,0.0
2808,83.06885,0.0
2809,83.77838,0.0
2810,84.38873,0.0
2811,85.14404,0.0
2812,85.89554,0.0
2813,86.64322,0.0
2814,87.20398,0.0
2815,87.72278,0.0
2816,88.39035,0.0
2817,88.6879,0.0
2818,88.75275,0.0
2819,89.27155,0.0
2820,89.46609,0.0
2821,89.43176,0.0
2822,89.39743,0.0
2823,89.16855,0.0
2824,88.85574,0.0
2825,88.40179,0.0
2826,87.80289,0.0
2827,87.11243,0.0
2828,86.5593,0.0
2829,85.8345,0.0
2830,84.73587,0.0
2831,83.51517,0.0
2832,82.34024,0.0
2833,80.94406,0.0
2834,79.55551,0.0
2835,77.99912,0.0
2836,76.6983,0.0
2837,75.31738,0.0
2838,74.48196,0.0
2839,73.51303,0.0
2840,72.95609,0.0
2841,72.34573,0.0
2842,71.87271,0.0
2843,71.25854,0.0
2844,70.68634,0.0
2845,70.41168,0.0
2846,69.9234,0.0
2847,69.51523,0.0
2848,69.35883,0.0
2849,69.18716,0.0
2850,69.03458,0.0
2851,68.67981,0.0
2852,68.55774,0.0
2853,68.3136,0.0
2854,68.14957,0.0
2855,67.93976,0.0
2856,67.78336,0.0
2857,67.36755,0.0
2858,67.02805,0.0
2859,66.84494,0.0
2860,66.47873,0.0
2861,66.06293,0.0
2862,65.60898,0.0
2863,65.23514,0.0
2864,64.74304,0.0
2865,64.28909,0.0
2866,63.69019,0.0
2867,63.16376,0.0
2868,62.90817,0.0
2869,62.46948,0.0
2870,61.96213,0.0
2871,61.57303,0.0
2872,61.24878,0.0
2873,60.74905,0.0
2874,60.56595,0.0
2875,60.52017,0.0
2876,60.31799,0.0
2877,60.13107,0.0
2878,59.91745,0.0
2879,59.87549,0.0
2880,59.74579,0.0
2881,59.7496,0.0
2882,59.53598,0.0
2883,59.57794,0.0
2884,59.5665,0.0
2885,59.41772,0.0
2886,59.36432,0.0
2887,59.4635,0.0
2888,59.34906,0.0
2889,59.37958,0.0
2890,59.23843,0.0
2891,59.30328,0.0
2892,59.18884,0.0
2893,59.07822,0.0
2894,59.11636,0.0
2895,58.9714,0.0
2896,58.77304,0.0
2897,58.81119,0.0
2898,58.55179,0.0
2899,58.5022,0.0
2900,58.20847,0.0
2901,58.10928,0.0
2902,58.05588,0.0
2903,57.89566,0.0
2904,57.67441,0.0
2905,57.55997,0.0
2906,57.46079,0.0
2907,57.31583,0.0
2908,56.99921,0.0
2909,57.02591,0.0
2910,56.73981,0.0
2911,56.5834,0.0
2912,56.5033,0.0
2913,56.43082,0.0
2914,56.32782,0.0
2915,56.11038,0.0
2916,55.89676,0.0
2917,55.84717,0.0
2918,55.63354,0.0
2919,55.54581,0.0
2920,55.39322,0.0
2921,55.09567,0.0
2922,55.00794,0.0
2923,54.74091,0.0
2924,54.67606,0.0
2925,54.65317,0.0
2926,54.58832,0.0
2927,54.27933,0.0
2928,54.36706,0.0
2929,54.13818,0.0
2930,53.95508,0.0
2931,53.98178,0.0
2932,53.63464,0.0
2933,53.55072,0.0
2934,53.27606,0.0
2935,52.99759,0.0
2936,53.03574,0.0
2937,52.64664,0.0
2938,52.31476,0.0
2939,52.03628,0.0
2940,51.9104,0.0
2941,51.64337,0.0
2942,51.39542,0.0
2943,51.13602,0.0
2944,51.2085,0.0
2945,51.30386,0.0
2946,50.99487,0.0
2947,51.16653,0.0
2948,51.09787,0.0
2949,51.20468,0.0
2950,51.6777,0.0
2951,52.22702,0.0
2952,53.2608,0.0
2953,54.82483,0.0
2954,56.78177,0.0
2955,58.68149,0.0
2956,60.64987,0.0
2957,62.45804,0.0
2958,64.23187,0.0
2959,66.07056,0.0
2960,67.73758,0.0
2961,69.29016,0.0
2962,70.55283,0.0
2963,71.90323,0.0
2964,72.82257,0.0
2965,73.50159,0.0
2966,74.11194,0.0
2967,74.75281,0.0
2968,75.11902,0.0
2969,75.56534,0.0
2970,75.73319,0.0
2971,76.08414,0.0
2972,76.3855,0.0
2973,76.44653,0.0
2974,76.64871,0.0
2975,76.96915,0.0
2976,77.31247,0.0
2977,77.60239,0.0
2978,77.98767,0.0
2979,78.52554,0.0
2980,78.84598,0.0
2981,79.39529,0.0
2982,80.02472,0.0
2983,80.52826,0.0
2984,81.27213,0.0
2985,82.05795,0.0
2986,82.74078,0.0
2987,83.43887,0.0
2988,84.28955,0.0
2989,84.85413,0.0
2990,85.46448,0.0
2991,86.36856,0.0
2992,86.82632,0.0
2993,87.07809,0.0
2994,87.71896,0.0
2995,87.97073,0.0
2996,88.19961,0.0
2997,88.30643,0.0
2998,88.49716,0.0
2999,88.2988,0.0
3000,88.01651,0.0
3001,87.79526,0.0
3002,87.2612,0.0
3003,86.89117,0.0
3004,86.23123,0.0
3005,85.55984,0.0
3006,84.54895,0.0
3007,83.4465,0.0
3008,82.24487,0.0
3009,80.97076,0.0
3010,79.5784,0.0
3011,78.18222,0.0
3012,76.81656,0.0
3013,75.64926,0.0
3014,74.43619,0.0
3015,73.45963,0.0
3016,72.59369,0.0
3017,71.90704,0.0
3018,71.23947,0.0
3019,70.71686,0.0
3020,70.31632,0.0
3021,69.84329,0.0
3022,69.40079,0.0
3023,68.91251,0.0
3024,68.55393,0.0
3025,68.39371,0.0
3026,68.09616,0.0
3027,68.00079,0.0
3028,67.65747,0.0
3029,67.37518,0.0
3030,67.20734,0.0
3031,66.95557,0.0
3032,66.48636,0.0
3033,66.35666,0.0
3034,65.99808,0.0
3035,65.59372,0.0
3036,65.2771,0.0
3037,64.96429,0.0
3038,64.4722,0.0
3039,64.03732,0.0
3040,63.65204,0.0
3041,63.03406,0.0
3042,62.58392,0.0
3043,62.10709,0.0
3044,61.8248,0.0
3045,61.25259,0.0
3046,60.75287,0.0
3047,60.48965,0.0
3048,59.92126,0.0
3049,59.38339,0.0
3050,59.42535,0.0
3051,59.1011,0.0
3052,58.99429,0.0
3053,58.6853,0.0
3054,58.46024,0.0
3055,58.43735,0.0
3056,58.47931,0.0
3057,58.26187,0.0
3058,58.13217,0.0
3059,58.1398,0.0
3060,58.15506,0.0
3061,58.1398,0.0
3062,58.14362,0.0
3063,57.97958,0.0
3064,57.9567,0.0
3065,57.84988,0.0
3066,57.92618,0.0
3067,57.76215,0.0
3068,57.80029,0.0
3069,57.5943,0.0
3070,57.70493,0.0
3071,57.38068,0.0
3072,57.12509,0.0
3073,56.96869,0.0
3074,56.98395,0.0
3075,56.78177,0.0
3076,56.77032,0.0
3077,56.51855,0.0
3078,56.48041,0.0
3079,56.23627,0.0
3080,56.27441,0.0
3081,55.98831,0.0
3082,55.91583,0.0
3083,55.76706,0.0
3084,55.66788,0.0
3085,55.63736,0.0
3086,55.58014,0.0
3087,55.37796,0.0
3088,55.41611,0.0
3089,55.16434,0.0
3090,54.8706,0.0
3091,54.72183,0.0
3092,54.66843,0.0
3093,54.43955,0.0
3094,54.29077,0.0
3095,54.12674,0.0
3096,53.8826,0.0
3097,53.84064,0.0
3098,53.58124,0.0
3099,53.61176,0.0
3100,53.37906,0.0
3101,53.2608,0.0
3102,53.15018,0.0
3103,52.99759,0.0
3104,52.89841,0.0
3105,52.83737,0.0
3106,52.5589,0.0
3107,52.47498,0.0
3108,52.22702,0.0
3109,52.28805,0.0
3110,52.18124,0.0
3111,51.87225,0.0
3112,51.71967,0.0
3113,51.68533,0.0
3114,51.28479,0.0
3115,50.98343,0.0
3116,50.86899,0.0
3117,50.68207,0.0
3118,50.61722,0.0
3119,50.57144,0.0
3120,50.4303,0.0
3121,50.37689,0.0
3122,50.36926,0.0
3123,50.00305,0.0
3124,50.1976,0.0
3125,49.97253,0.0
3126,50.23575,0.0
3127,50.32349,0.0
3128,50.78507,0.0
3129,51.5213,0.0
3130,52.7153,0.0
3131,53.80249,0.0
3132,55.34363,0.0
3133,56.90765,0.0
3134,58.5556,0.0
3135,60.28366,0.0
3136,61.75232,0.0
3137,63.45749,0.0
3138,64.9147,0.0
3139,66.23077,0.0
3140,67.48199,0.0
3141,68.69507,0.0
3142,69.4809,0.0
3143,69.93103,0.0
3144,70.53375,0.0
3145,71.064,0.0
3146,71.43402,0.0
3147,71.61331,0.0
3148,72.17789,0.0
3149,72.33429,0.0
3150,72.51358,0.0
3151,72.81876,0.0
3152,72.82257,0.0
3153,72.97897,0.0
3154,73.25363,0.0
3155,73.65036,0.0
3156,73.93646,0.0
3157,74.29123,0.0
3158,74.84817,0.0
3159,75.37079,0.0
3160,75.81711,0.0
3161,76.26724,0.0
3162,76.80893,0.0
3163,77.3201,0.0
3164,77.84653,0.0
3165,78.45688,0.0
3166,78.88794,0.0
3167,79.41437,0.0
3168,79.99802,0.0
3169,80.3566,0.0
3170,80.67322,0.0
3171,81.10428,0.0
3172,81.4209,0.0
3173,81.47049,0.0
3174,81.51627,0.0
3175,81.53534,0.0
3176,81.15387,0.0
3177,81.00891,0.0
3178,80.55878,0.0
3179,79.98276,0.0
3180,79.29611,0.0
3181,78.44925,0.0
3182,77.46124,0.0
3183,76.35117,0.0
3184,75.18005,0.0
3185,73.96698,0.0
3186,72.84164,0.0
3187,71.73538,0.0
3188,71.06781,0.0
3189,70.50705,0.0
3190,69.96918,0.0
3191,69.51141,0.0
3192,69.05746,0.0
3193,68.77518,0.0
3194,68.55774,0.0
3195,68.0542,0.0
3196,67.84058,0.0
3197,67.32941,0.0
3198,67.24167,0.0
3199,66.89835,0.0
3200,66.58173,0.0
3201,66.16592,0.0
3202,66.04385,0.0
3203,65.74249,0.0
3204,65.44113,0.0
3205,65.08255,0.0
3206,64.68964,0.0
3207,64.29291,0.0
3208,63.76648,0.0
3209,63.35449,0.0
3210,62.8624,0.0
3211,62.30164,0.0
3212,61.96976,0.0
3213,61.50436,0.0
3214,60.85968,0.0
3215,60.42099,0.0
3216,59.86404,0.0
3217,59.47113,0.0
3218,58.87604,0.0
3219,58.41065,0.0
3220,57.9567,0.0
3221,57.6973,0.0
3222,57.29294,0.0
3223,56.98395,0.0
3224,56.72836,0.0
3225,56.47659,0.0
3226,56.33926,0.0
3227,56.26678,0.0
3228,56.05316,0.0
3229,56.04935,0.0
3230,55.99594,0.0
3231,55.95398,0.0
3232,55.91965,0.0
3233,55.95779,0.0
3234,55.87387,0.0
3235,55.72128,0.0
3236,55.75561,0.0
3237,55.53436,0.0
3238,55.51529,0.0
3239,55.43137,0.0
3240,55.42755,0.0
3241,55.26733,0.0
3242,55.33218,0.0
3243,55.27115,0.0
3244,55.12237,0.0
3245,55.02319,0.0
3246,55.00794,0.0
3247,54.93927,0.0
3248,54.71039,0.0
3249,54.63791,0.0
3250,54.48914,0.0
3251,54.42429,0.0
3252,54.41284,0.0
3253,54.30985,0.0
3254,54.01611,0.0
3255,53.95508,0.0
3256,53.7529,0.0
3257,53.62701,0.0
3258,53.66516,0.0
3259,53.55072,0.0
3260,53.56598,0.0
3261,53.40195,0.0
3262,53.26843,0.0
3263,53.25699,0.0
3264,53.19214,0.0
3265,52.88696,0.0
3266,52.99377,0.0
3267,52.76489,0.0
3268,52.6619,0.0
3269,52.55508,0.0
3270,52.41013,0.0
3271,52.26135,0.0
3272,52.23083,0.0
3273,52.31094,0.0
3274,51.94855,0.0
3275,52.0401,0.0
3276,51.90659,0.0
3277,51.83792,0.0
3278,51.6777,0.0
3279,51.55945,0.0
3280,51.67007,0.0
3281,51.22757,0.0
3282,51.18942,0.0
3283,51.19705,0.0
3284,51.03302,0.0
3285,50.8728,0.0
3286,50.69351,0.0
3287,50.51041,0.0
3288,50.31967,0.0
3289,50.3006,0.0
3290,50.01068,0.0
3291,49.98398,0.0
3292,49.7551,0.0
3293,49.70169,0.0
3294,49.59106,0.0
3295,49.4957,0.0
3296,49.50333,0.0
3297,49.53766,0.0
3298,49.32022,0.0
3299,49.44229,0.0
3300,49.45374,0.0
3301,49.55292,0.0
3302,50.1709,0.0
3303,50.95673,0.0
3304,51.91803,0.0
3305,53.47061,0.0
3306,54.96216,0.0
3307,56.56815,0.0
3308,58.25424,0.0
3309,59.8259,0.0
3310,61.65314,0.0
3311,63.09509,0.0
3312,64.61716,0.0
3313,65.94467,0.0
3314,67.05856,0.0
3315,67.99316,0.0
3316,68.89343,0.0
3317,69.47708,0.0
3318,69.98825,0.0
3319,70.49942,0.0
3320,70.98389,0.0
3321,71.2204,0.0
3322,71.59042,0.0
3323,71.84219,0.0
3324,71.98715,0.0
3325,72.13211,0.0
3326,72.26944,0.0
3327,72.68906,0.0
3328,72.8035,0.0
3329,73.09723,0.0
3330,73.41385,0.0
3331,73.83347,0.0
3332,74.28741,0.0
3333,74.5163,0.0
3334,75.13046,0.0
3335,75.80566,0.0
3336,76.2825,0.0
3337,76.95007,0.0
3338,77.41547,0.0
3339,77.88086,0.0
3340,78.51028,0.0
3341,79.15497,0.0
3342,79.55551,0.0
3343,80.10483,0.0
3344,80.46722,0.0
3345,80.77621,0.0
3346,81.01654,0.0
3347,81.15768,0.0
3348,81.46286,0.0
3349,81.34842,0.0
3350,81.18439,0.0
3351,81.07758,0.0
3352,80.69229,0.0
3353,80.20782,0.0
3354,79.55551,0.0
3355,78.91083,0.0
3356,77.8656,0.0
3357,76.68686,0.0
3358,75.64163,0.0
3359,74.55063,0.0
3360,73.18115,0.0
3361,72.23892,0.0
3362,71.04111,0.0
3363,70.27435,0.0
3364,69.60678,0.0
3365,69.20242,0.0
3366,68.97354,0.0
3367,68.56918,0.0
3368,68.0542,0.0
3369,67.83676,0.0
3370,67.35992,0.0
3371,67.03949,0.0
3372,66.77246,0.0
3373,66.51306,0.0
3374,66.22315,0.0
3375,65.94849,0.0
3376,65.62805,0.0
3377,65.26947,0.0
3378,65.01389,0.0
3379,64.83078,0.0
3380,64.52942,0.0
3381,64.06021,0.0
3382,63.79318,0.0
3383,63.36212,0.0
3384,63.02643,0.0
3385,62.43515,0.0
3386,61.94305,0.0
3387,61.51962,0.0
3388,60.92072,0.0
3389,60.41336,0.0
3390,59.87167,0.0
3391,59.37958,0.0
3392,58.95615,0.0
3393,58.67386,0.0
3394,58.06351,0.0
3395,57.51801,0.0
3396,57.36923,0.0
3397,57.18613,0.0
3398,56.60629,0.0
3399,56.51855,0.0
3400,56.12183,0.0
3401,56.1409,0.0
3402,56.00738,0.0
3403,55.82428,0.0
3404,55.78232,0.0
3405,55.65643,0.0
3406,55.61447,0.0
3407,55.58014,0.0
3408,55.3627,0.0
3409,55.40848,0.0
3410,55.26352,0.0
3411,55.233,0.0
3412,55.09949,0.0
3413,55.02701,0.0
3414,55.0499,0.0
3415,54.85535,0.0
3416,55.09567,0.0
3417,54.95834,0.0
3418,54.9736,0.0
3419,54.8706,0.0
3420,54.76761,0.0
3421,54.64172,0.0
3422,54.52347,0.0
3423,54.48532,0.0
3424,54.26025,0.0
3425,54.13818,0.0
3426,53.9093,0.0
3427,53.84445,0.0
3428,53.75671,0.0
3429,53.77197,0.0
3430,53.53928,0.0
3431,53.45535,0.0
3432,53.36762,0.0
3433,53.14636,0.0
3434,52.89459,0.0
3435,53.02048,0.0
3436,52.75726,0.0
3437,52.83356,0.0
3438,52.69623,0.0
3439,52.59705,0.0
3440,52.58942,0.0
3441,52.49023,0.0
3442,52.36435,0.0
3443,52.16598,0.0
3444,52.10495,0.0
3445,52.16598,0.0
3446,51.89133,0.0
3447,51.87607,0.0
3448,51.84555,0.0
3449,51.63574,0.0
3450,51.49078,0.0
3451,51.51367,0.0
3452,51.27716,0.0
3453,51.24283,0.0
3454,50.99106,0.0
3455,50.76981,0.0
3456,50.97198,0.0
3457,50.71258,0.0
3458,50.83084,0.0
3459,50.50659,0.0
3460,50.25864,0.0
3461,50.2243,0.0
3462,49.99542,0.0
3463,49.85046,0.0
3464,49.55292,0.0
3465,49.53384,0.0
3466,49.47281,0.0
3467,49.31259,0.0
3468,49.32022,0.0
3469,49.09897,0.0
3470,49.16,0.0
3471,48.99216,0.0
3472,48.81668,0.0
3473,48.83575,0.0
3474,48.75946,0.0
3475,49.08752,0.0
3476,49.32022,0.0
3477,50.05646,0.0
3478,51.13983,0.0
3479,52.38342,0.0
3480,53.71857,0.0
3481,55.3627,0.0
3482,56.95725,0.0
3483,58.72726,0.0
3484,60.41718,0.0
3485,62.03842,0.0
3486,63.54904,0.0
3487,64.78119,0.0
3488,66.03241,0.0
3489,66.90216,0.0
3490,67.92069,0.0
3491,68.37082,0.0
3492,68.94684,0.0
3493,69.56863,0.0
3494,70.07217,0.0
3495,70.40024,0.0
3496,70.87326,0.0
3497,71.15173,0.0
3498,71.41113,0.0
3499,71.57898,0.0
3500,71.7926,0.0
3501,71.91467,0.0
3502,72.30377,0.0
3503,72.57461,0.0
3504,72.98279,0.0
3505,73.5054,0.0
3506,74.00131,0.0
3507,74.45145,0.0
3508,75.07706,0.0
3509,75.66071,0.0
3510,76.37787,0.0
3511,76.96915,0.0
3512,77.66342,0.0
3513,78.35007,0.0
3514,78.95279,0.0
3515,79.75388,0.0
3516,80.40619,0.0
3517,80.89829,0.0
3518,81.4743,0.0
3519,81.86722,0.0
3520,82.1991,0.0
3521,82.62634,0.0
3522,82.91626,0.0
3523,82.83615,0.0
3524,83.09555,0.0
3525,83.25958,0.0
3526,82.97729,0.0
3527,82.7179,0.0
3528,82.3822,0.0
3529,81.82907,0.0
3530,81.24542,0.0
3531,80.31464,0.0
3532,79.41818,0.0
3533,78.46832,0.0
3534,77.11792,0.0
3535,75.85525,0.0
3536,74.76425,0.0
3537,73.57407,0.0
3538,72.64709,0.0
3539,71.95664,0.0
3540,71.36917,0.0
3541,70.81222,0.0
3542,70.46509,0.0
3543,69.91577,0.0
3544,69.57626,0.0
3545,69.28635,0.0
3546,68.95828,0.0
3547,68.61114,0.0
3548,68.24112,0.0
3549,67.96646,0.0
3550,67.80624,0.0
3551,67.32559,0.0
3552,67.15012,0.0
3553,66.90597,0.0
3554,66.60461,0.0
3555,66.27274,0.0
3556,66.02097,0.0
3557,65.60898,0.0
3558,65.32669,0.0
3559,64.60571,0.0
3560,64.33868,0.0
3561,63.8504,0.0
3562,63.37738,0.0
3563,62.90054,0.0
3564,62.36267,0.0
3565,61.84769,0.0
3566,61.35559,0.0
3567,60.85968,0.0
3568,60.4248,0.0
3569,59.8793,0.0
3570,59.47494,0.0
3571,59.12018,0.0
3572,58.90274,0.0
3573,58.26187,0.0
3574,58.2962,0.0
3575,57.87659,0.0
3576,57.67822,0.0
3577,57.60574,0.0
3578,57.52564,0.0
3579,57.40738,0.0
3580,57.21664,0.0
3581,57.28912,0.0
3582,57.09839,0.0
3583,57.16705,0.0
3584,56.87332,0.0
3585,56.94199,0.0
3586,56.85043,0.0
3587,56.70929,0.0
3588,56.66733,0.0
3589,56.54144,0.0
3590,56.633,0.0
3591,56.43463,0.0
3592,56.61011,0.0
3593,56.3736,0.0
3594,56.28204,0.0
3595,56.2973,0.0
3596,56.13708,0.0
3597,56.06079,0.0
3598,55.78613,0.0
3599,55.77469,0.0
3600,55.74417,0.0
3601,55.56107,0.0
3602,55.41611,0.0
3603,55.20248,0.0
3604,55.25589,0.0
3605,54.87442,0.0
3606,54.89349,0.0
3607,54.74853,0.0
3608,54.75617,0.0
3609,54.63409,0.0
3610,54.39758,0.0
3611,54.47006,0.0
3612,54.21066,0.0
3613,54.02756,0.0
3614,54.01993,0.0
3615,53.93601,0.0
3616,53.9093,0.0
3617,53.73001,0.0
3618,53.60794,0.0
3619,53.55835,0.0
3620,53.29132,0.0
3621,53.1044,0.0
3622,52.948,0.0
3623,52.86026,0.0
3624,52.742,0.0
3625,52.7916,0.0
3626,52.63138,0.0
3627,52.50931,0.0
3628,52.41394,0.0
3629,52.02484,0.0
3630,52.0668,0.0
3631,51.94855,0.0
3632,51.96381,0.0
3633,51.79596,0.0
3634,51.63193,0.0
3635,51.46027,0.0
3636,51.34201,0.0
3637,51.27716,0.0
3638,50.95673,0.0
3639,50.78888,0.0
3640,50.68588,0.0
3641,50.50659,0.0
3642,50.22049,0.0
3643,50.2243,0.0
3644,50.25101,0.0
3645,49.9115,0.0
3646,50.05264,0.0
3647,49.98779,1.0
3648,49.72839,1.0
3649,49.87717,1.0
3650,49.92676,1.0
3651,50.13657,1.0
3652,50.92239,1.0
3653,51.55945,1.0
3654,52.87552,1.0
3655,54.2984,1.0
3656,56.00357,1.0
3657,57.78885,1.0
3658,59.71527,1.0
3659,61.5921,1.0
3660,63.41934,1.0
3661,65.05585,1.0
3662,66.73813,1.0
3663,68.0542,1.0
3664,69.22531,1.0
3665,70.19043,1.0
3666,70.96863,1.0
3667,71.6095,1.0
3668,72.052,1.0
3669,72.40677,1.0
3670,72.97897,1.0
3671,73.31085,1.0
3672,73.53973,1.0
3673,73.66943,1.0
3674,73.82584,1.0
3675,74.16916,1.0
3676,74.78333,1.0
3677,75.54817,1.0
3678,76.61629,1.0
3679,77.81029,1.0
3680,79.08821,1.0
3681,80.42526,1.0
3682,81.61545,1.0
3683,82.96776,1.0
3684,84.15985,1.0
3685,84.98764,1.0
3686,85.31761,1.0
3687,85.5999,1.0
3688,85.3672,1.0
3689,84.83505,1.0
3690,83.75168,1.0
3691,82.19528,1.0
3692,80.09338,1.0
3693,77.75879,1.0
3694,75.01411,1.0
3695,72.9847,1.0
3696,71.59424,1.0
3697,70.51849,1.0
3698,69.58389,1.0
3699,68.77327,1.0
3700,68.09807,1.0
3701,67.6136,1.0
3702,67.13676,1.0
3703,66.72859,1.0
3704,66.2632,1.0
3705,65.78445,1.0
3706,64.97574,1.0
3707,64.20326,1.0
3708,63.36784,1.0
3709,62.40463,1.0
3710,61.38611,1.0
3711,60.58884,1.0
3712,59.94606,1.0
3713,59.42917,1.0
3714,59.11255,1.0
3715,58.7368,1.0
3716,58.62999,1.0
3717,58.38394,1.0
3718,58.38013,1.0
3719,58.15506,1.0
3720,58.13599,1.0
3721,57.9834,1.0
3722,57.99484,1.0
3723,57.87277,1.0
3724,57.64008,1.0
3725,57.37495,1.0
3726,57.05452,1.0
3727,56.90002,1.0
3728,56.64444,1.0
3729,56.39839,1.0
3730,56.09894,1.0
3731,55.84907,1.0
3732,55.67551,1.0
3733,55.43709,1.0
3734,55.13382,1.0
3735,54.88968,1.0
3736,54.6093,1.0
3737,54.30222,1.0
3738,54.15535,1.0
3739,53.91312,1.0
3740,53.51448,1.0
3741,53.28751,1.0
3742,52.99568,1.0
3743,52.89459,1.0
3744,52.4025,1.0
3745,52.07062,1.0
3746,51.60904,1.0
3747,51.15318,1.0
3748,51.07498,1.0
3749,50.80414,1.0
3750,50.70114,1.0
3751,50.93384,1.0
3752,51.66626,1.0
3753,53.87115,1.0
3754,57.31964,1.0
3755,61.23352,1.0
3756,65.13977,1.0
3757,68.53867,1.0
3758,71.08307,1.0
3759,72.84546,1.0
3760,74.08905,1.0
3761,75.01411,1.0
3762,75.50812,1.0
3763,75.97733,1.0
3764,76.56288,1.0
3765,77.28958,1.0
3766,78.27187,1.0
3767,79.34952,1.0
3768,80.55496,1.0
3769,81.89583,1.0
3770,83.395,1.0
3771,84.92851,1.0
3772,86.25603,1.0
3773,87.34512,1.0
3774,88.10425,1.0
3775,88.72223,1.0
3776,88.84048,1.0
3777,88.46092,1.0
3778,87.58163,1.0
3779,86.28082,1.0
3780,84.71107,1.0
3781,82.47757,1.0
3782,79.8378,1.0
3783,77.22092,1.0
3784,74.55444,1.0
3785,72.93129,1.0
3786,71.75827,1.0
3787,70.98389,1.0
3788,70.03212,1.0
3789,69.31877,1.0
3790,68.92014,1.0
3791,68.46619,1.0
3792,68.12477,1.0
3793,67.57736,1.0
3794,67.03949,1.0
3795,66.27464,1.0
3796,65.46974,1.0
3797,64.55612,1.0
3798,63.59673,1.0
3799,62.67929,1.0
3800,61.93542,1.0
3801,61.08856,1.0
3802,60.52208,1.0
3803,60.07576,1.0
3804,59.73625,1.0
3805,59.5932,1.0
3806,59.57222,1.0
3807,59.27086,1.0
3808,59.17168,1.0
3809,59.07249,1.0
3810,59.00383,1.0
3811,59.04961,1.0
3812,58.88939,1.0
3813,58.67386,1.0
3814,58.52699,1.0
3815,58.26378,1.0
3816,57.8537,1.0
3817,57.62672,1.0
3818,57.30057,1.0
3819,57.06978,1.0
3820,56.72646,1.0
3821,56.43654,1.0
3822,56.08368,1.0
3823,55.88913,1.0
3824,55.70793,1.0
3825,55.37987,1.0
3826,55.1548,1.0
3827,54.72183,1.0
3828,54.54254,1.0
3829,54.17061,1.0
3830,54.02184,1.0
3831,53.65944,1.0
3832,53.45917,1.0
3833,53.09486,1.0
3834,52.69051,1.0
3835,52.24037,1.0
3836,51.86462,1.0
3837,51.52512,1.0
3838,51.2867,1.0
3839,51.2085,1.0
3840,51.31912,1.0
3841,52.14691,1.0
3842,54.51012,1.0
3843,58.15697,1.0
3844,62.15286,1.0
3845,66.00189,1.0
3846,69.39125,1.0
3847,72.2847,1.0
3848,74.0757,1.0
3849,75.43755,1.0
3850,76.35117,1.0
3851,77.20947,1.0
3852,77.67487,1.0
3853,78.27759,1.0
3854,78.77731,1.0
3855,79.21982,1.0
3856,79.54025,1.0
3857,80.00183,1.0
3858,80.75714,1.0
3859,81.21109,1.0
3860,81.84051,1.0
3861,82.41653,1.0
3862,83.1871,1.0
3863,83.73642,1.0
3864,84.37347,1.0
3865,85.16693,1.0
3866,85.77728,1.0
3867,86.48682,1.0
3868,87.21542,1.0
3869,87.68463,1.0
3870,88.30643,1.0
3871,88.80997,1.0
3872,89.32495,1.0
3873,89.67209,1.0
3874,89.95819,1.0
3875,89.96201,1.0
3876,90.07645,1.0
3877,90.08026,1.0
3878,89.74457,1.0
3879,89.43558,1.0
3880,89.11896,1.0
3881,88.35602,1.0
3882,87.65793,1.0
3883,86.8454,1.0
3884,85.96802,1.0
3885,84.9762,1.0
3886,83.81271,1.0
3887,82.40891,1.0
3888,80.90591,1.0
3889,79.422,1.0
3890,77.89993,1.0
3891,76.6716,1.0
3892,75.32883,1.0
3893,74.2836,1.0
3894,73.32993,1.0
3895,72.70431,1.0
3896,71.86127,1.0
3897,71.35391,1.0
3898,70.78934,1.0
3899,70.27435,1.0
3900,69.90051,1.0
3901,69.38934,1.0
3902,69.07272,1.0
3903,68.77518,1.0
3904,68.52341,1.0
3905,68.34412,1.0
3906,68.27545,1.0
3907,67.95883,1.0
3908,67.68799,1.0
3909,67.46292,1.0
3910,67.28745,1.0
3911,67.07001,1.0
3912,66.78391,1.0
3913,66.52832,1.0
3914,66.24222,1.0
3915,65.88364,1.0
3916,65.52887,1.0
3917,64.98718,1.0
3918,64.56757,1.0
3919,64.20898,1.0
3920,63.63678,1.0
3921,63.15613,1.0
3922,62.5267,1.0
3923,62.11472,1.0
3924,61.5654,1.0
3925,61.21826,1.0
3926,60.8139,1.0
3927,60.32181,1.0
3928,60.15396,1.0
3929,59.93271,1.0
3930,59.62372,1.0
3931,59.37576,1.0
3932,59.3071,1.0
3933,59.13925,1.0
3934,59.09729,1.0
3935,59.03244,1.0
3936,58.99048,1.0
3937,58.9714,1.0
3938,58.92181,1.0
3939,58.85696,1.0
3940,58.75015,1.0
3941,58.84552,1.0
3942,58.54416,1.0
3943,58.59757,1.0
3944,58.58231,1.0
3945,58.51364,1.0
3946,58.28857,1.0
3947,58.13217,1.0
3948,58.17795,1.0
3949,58.09403,1.0
3950,57.9834,1.0
3951,57.86896,1.0
3952,57.71256,1.0
3953,57.59811,1.0
3954,57.47986,1.0
3955,57.42264,1.0
3956,57.10602,1.0
3957,57.02972,1.0
3958,56.90765,1.0
3959,56.78177,1.0
3960,56.60629,1.0
3961,56.54526,1.0
3962,56.4003,1.0
3963,56.09894,1.0
3964,56.04553,1.0
3965,55.99594,1.0
3966,55.79758,1.0
3967,55.66025,1.0
3968,55.45807,1.0
3969,55.42374,1.0
3970,55.17197,1.0
3971,54.9469,1.0
3972,54.75998,1.0
3973,54.66461,1.0
3974,54.39758,1.0
3975,54.44717,1.0
3976,54.2717,1.0
3977,54.0123,1.0
3978,53.76816,1.0
3979,53.50494,1.0
3980,53.45917,1.0
3981,53.41339,1.0
3982,53.21121,1.0
3983,53.01666,1.0
3984,53.08151,1.0
3985,52.98996,1.0
3986,52.71149,1.0
3987,52.73819,1.0
3988,52.4559,1.0
3989,52.2995,1.0
3990,52.1965,1.0
3991,51.87607,1.0
3992,51.70822,1.0
3993,51.51749,1.0
3994,51.32675,1.0
3995,51.15509,1.0
3996,50.84992,1.0
3997,50.8728,1.0
3998,50.6897,1.0
3999,50.57526,1.0
4000,50.46463,1.0
4001,50.39597,1.0
4002,50.40741,1.0
4003,50.35782,0.0
4004,50.33493,0.0
4005,50.47226,0.0
4006,50.92239,0.0
4007,51.57471,0.0
4008,52.73056,0.0
4009,53.98941,0.0
4010,55.50766,0.0
4011,57.12891,0.0
4012,58.7616,0.0
4013,60.60028,0.0
4014,62.32071,0.0
4015,63.90762,0.0
4016,65.57465,0.0
4017,66.95557,0.0
4018,68.30978,0.0
4019,69.2749,0.0
4020,70.04166,0.0
4021,70.89996,0.0
4022,71.33865,0.0
4023,71.89941,0.0
4024,72.43347,0.0
4025,72.78824,0.0
4026,73.09723,0.0
4027,73.31467,0.0
4028,73.6351,0.0
4029,73.80676,0.0
4030,73.97842,0.0
4031,74.34082,0.0
4032,74.62692,0.0
4033,74.86725,0.0
4034,75.23727,0.0
4035,75.57678,0.0
4036,75.9964,0.0
4037,76.72501,0.0
4038,76.97296,0.0
4039,77.53754,0.0
4040,78.18222,0.0
4041,78.79257,0.0
4042,79.46014,0.0
4043,80.02853,0.0
4044,80.67322,0.0
4045,81.21109,0.0
4046,81.69174,0.0
4047,82.13425,0.0
4048,82.49664,0.0
4049,82.93533,0.0
4050,83.14514,0.0
4051,83.26721,0.0
4052,83.53424,0.0
4053,83.48846,0.0
4054,83.47321,0.0
4055,83.3168,0.0
4056,82.82089,0.0
4057,82.54242,0.0
4058,81.92444,0.0
4059,81.10046,0.0
4060,80.24979,0.0
4061,79.20837,0.0
4062,77.96478,0.0
4063,76.59149,0.0
4064,75.46997,0.0
4065,74.1272,0.0
4066,73.23837,0.0
4067,72.17407,0.0
4068,71.6095,0.0
4069,70.95718,0.0
4070,70.50324,0.0
4071,70.01877,0.0
4072,69.83566,0.0
4073,69.22913,0.0
4074,68.73322,0.0
4075,68.29071,0.0
4076,68.10379,0.0
4077,67.74902,0.0
4078,67.31415,0.0
4079,67.07382,0.0
4080,67.00516,0.0
4081,66.58173,0.0
4082,66.41007,0.0
4083,65.99808,0.0
4084,65.76538,0.0
4085,65.38773,0.0
4086,65.0177,0.0
4087,64.67056,0.0
4088,64.17084,0.0
4089,63.78555,0.0
4090,63.36975,0.0
4091,62.87765,0.0
4092,62.2406,0.0
4093,61.75232,0.0
4094,61.35559,0.0
4095,60.7605,0.0
4096,60.24551,0.0
4097,59.6199,0.0
4098,59.29565,0.0
4099,58.96759,0.0
4100,58.51364,0.0
4101,58.22372,0.0
4102,57.92236,0.0
4103,57.71256,0.0
4104,57.50275,0.0
4105,57.32727,0.0
4106,57.07932,0.0
4107,57.12509,0.0
4108,57.04117,0.0
4109,56.82373,0.0
4110,56.70929,0.0
4111,56.78177,0.0
4112,56.81229,0.0
4113,56.65588,0.0
4114,56.67877,0.0
4115,56.68259,0.0
4116,56.56433,0.0
4117,56.44608,0.0
4118,56.5834,0.0
4119,56.36215,0.0
4120,56.41556,0.0
4121,56.29349,0.0
4122,56.18668,0.0
4123,55.99594,0.0
4124,55.94253,0.0
4125,55.89676,0.0
4126,55.73273,0.0
4127,55.61829,0.0
4128,55.55725,0.0
4129,55.35889,0.0
4130,55.32074,0.0
4131,55.11093,0.0
4132,55.01556,0.0
4133,54.89731,0.0
4134,54.95453,0.0
4135,54.56543,0.0
4136,54.52347,0.0
4137,54.41666,0.0
4138,54.44717,0.0
4139,54.42429,0.0
4140,54.26788,0.0
4141,54.245,0.0
4142,54.20685,0.0
4143,53.79486,0.0
4144,53.85208,0.0
4145,53.77197,0.0
4146,53.56598,0.0
4147,53.48206,0.0
4148,53.40958,0.0
4149,53.21884,0.0
4150,53.17688,0.0
4151,52.98615,0.0
4152,52.93274,0.0
4153,52.76871,0.0
4154,52.90222,0.0
4155,52.70386,0.0
4156,52.45209,0.0
4157,52.48642,0.0
4158,52.24228,0.0
4159,52.10495,0.0
4160,52.00577,0.0
4161,51.8837,0.0
4162,51.95618,0.0
4163,51.53274,0.0
4164,51.42593,0.0
4165,51.38016,0.0
4166,51.08643,0.0
4167,50.93765,0.0
4168,50.82321,0.0
4169,50.66681,0.0
4170,50.36926,0.0
4171,50.41885,0.0
4172,50.23193,0.0
4173,50.20523,0.0
4174,50.15183,0.0
4175,49.92294,0.0
4176,49.86191,0.0
4177,49.75128,0.0
4178,49.9115,0.0
4179,49.93057,0.0
4180,50.33493,0.0
4181,50.69351,0.0
4182,51.53656,0.0
4183,52.69241,0.0
4184,53.95508,0.0
4185,55.44281,0.0
4186,57.16705,0.0
4187,58.66242,0.0
4188,60.35233,0.0
4189,62.11853,0.0
4190,63.50708,0.0
4191,64.97192,0.0
4192,66.29562,0.0
4193,67.31796,0.0
4194,68.29834,0.0
4195,69.14139,0.0
4196,69.83566,0.0
4197,70.36972,0.0
4198,70.74738,0.0
4199,71.2738,0.0
4200,71.47598,0.0
4201,71.82694,0.0
4202,71.97571,0.0
4203,72.23129,0.0
4204,72.34955,0.0
4205,72.55936,0.0
4206,72.8302,0.0
4207,73.04382,0.0
4208,73.38333,0.0
4209,73.58551,0.0
4210,74.08524,0.0
4211,74.48196,0.0
4212,74.93591,0.0
4213,75.22965,0.0
4214,75.92011,0.0
4215,76.42746,0.0
4216,77.01874,0.0
4217,77.5528,0.0
4218,78.08685,0.0
4219,78.6438,0.0
4220,79.10156,0.0
4221,79.60892,0.0
4222,79.91028,0.0
4223,80.34515,0.0
4224,80.6694,0.0
4225,80.95169,0.0
4226,81.08521,0.0
4227,80.98602,0.0
4228,81.06613,0.0
4229,80.66177,0.0
4230,80.49774,0.0
4231,80.07812,0.0
4232,79.2923,0.0
4233,78.73917,0.0
4234,77.8122,0.0
4235,76.66397,0.0
4236,75.49667,0.0
4237,74.29886,0.0
4238,72.97897,0.0
4239,71.98334,0.0
4240,71.00296,0.0
4241,70.17899,0.0
4242,69.67545,0.0
4243,69.08035,0.0
4244,68.85147,0.0
4245,68.2106,0.0
4246,68.00461,0.0
4247,67.68036,0.0
4248,67.27982,0.0
4249,67.13486,0.0
4250,66.73813,0.0
4251,66.63895,0.0
4252,66.32614,0.0
4253,65.88364,0.0
4254,65.77683,0.0
4255,65.51743,0.0
4256,65.22751,0.0
4257,64.83841,0.0
4258,64.55231,0.0
4259,64.22424,0.0
4260,63.84277,0.0
4261,63.47275,0.0
4262,63.06839,0.0
4263,62.63733,0.0
4264,62.13379,0.0
4265,61.52344,0.0
4266,60.95886,0.0
4267,60.74142,0.0
4268,60.09293,0.0
4269,59.55124,0.0
4270,59.17358,0.0
4271,58.67386,0.0
4272,58.29239,0.0
4273,57.86896,0.0
4274,57.51801,0.0
4275,57.04117,0.0
4276,56.98013,0.0
4277,56.65207,0.0
4278,56.51855,0.0
4279,56.427,0.0
4280,56.33163,0.0
4281,55.90439,0.0
4282,56.00738,0.0
4283,55.93491,0.0
4284,55.87769,0.0
4285,55.78232,0.0
4286,55.78232,0.0
4287,55.62592,0.0
4288,55.61829,0.0
4289,55.53818,0.0
4290,55.48096,0.0
4291,55.50384,0.0
4292,55.3894,0.0
4293,55.2597,0.0
4294,55.29022,0.0
4295,55.13382,0.0
4296,55.21393,0.0
4297,55.04608,0.0
4298,54.96979,0.0
4299,54.94309,0.0
4300,54.83246,0.0
4301,54.56924,0.0
4302,54.7905,0.0
4303,54.52728,0.0
4304,54.5311,0.0
4305,54.30985,0.0
4306,54.1954,0.0
4307,54.039,0.0
4308,53.98178,0.0
4309,53.93982,0.0
4310,53.81012,0.0
4311,53.67279,0.0
4312,53.52402,0.0
4313,53.34473,0.0
4314,53.34854,0.0
4315,53.12729,0.0
4316,53.24173,0.0
4317,52.99377,0.0
4318,52.91367,0.0
4319,52.80685,0.0
4320,52.71912,0.0
4321,52.66953,0.0
4322,52.30331,0.0
4323,52.28424,0.0
4324,52.18887,0.0
4325,52.07825,0.0
4326,51.99814,0.0
4327,51.81503,0.0
4328,51.81503,0.0
4329,51.66626,0.0
4330,51.65863,0.0
4331,51.37634,0.0
4332,51.35345,0.0
4333,51.28479,0.0
4334,50.9491,0.0
4335,51.06354,0.0
4336,50.79269,0.0
4337,50.75455,0.0
4338,50.59433,0.0
4339,50.47989,0.0
4340,50.23193,0.0
4341,49.89624,0.0
4342,50.03357,0.0
4343,49.79324,0.0
4344,49.55292,0.0
4345,49.52622,0.0
4346,49.51859,0.0
4347,49.27063,0.0
4348,49.32404,0.0
4349,49.20578,0.0
4350,49.0303,0.0
4351,48.99216,0.0
4352,48.98071,0.0
4353,48.95401,0.0
4354,49.44611,0.0
4355,50.0412,0.0
4356,51.08643,0.0
4357,52.23846,0.0
4358,53.68424,0.0
4359,55.3627,0.0
4360,57.02591,0.0
4361,58.75397,0.0
4362,60.58502,0.0
4363,62.09564,0.0
4364,63.71689,0.0
4365,64.97192,0.0
4366,66.24985,0.0
4367,67.1463,0.0
4368,68.27164,0.0
4369,68.82095,0.0
4370,69.37408,0.0
4371,69.90433,0.0
4372,70.35065,0.0
4373,70.65582,0.0
4374,71.00296,0.0
4375,71.28525,0.0
4376,71.33484,0.0
4377,71.61331,0.0
4378,71.81168,0.0
4379,72.14356,0.0
4380,72.51358,0.0
4381,72.59369,0.0
4382,73.07053,0.0
4383,73.44818,0.0
4384,73.84109,0.0
4385,74.50104,0.0
4386,75.03509,0.0
4387,75.47379,0.0
4388,76.16043,0.0
4389,76.75552,0.0
4390,77.45743,0.0
4391,77.8389,0.0
4392,78.45688,0.0
4393,79.26178,0.0
4394,79.77295,0.0
4395,80.39856,0.0
4396,80.9021,0.0
4397,81.2645,0.0
4398,81.69937,0.0
4399,81.87485,0.0
4400,82.08847,0.0
4401,82.28302,0.0
4402,82.15713,0.0
4403,82.14188,0.0
4404,81.95496,0.0
4405,81.63071,0.0
4406,81.24161,0.0
4407,80.71899,0.0
4408,79.96368,0.0
4409,79.14352,0.0
4410,78.13263,0.0
4411,77.12555,0.0
4412,75.77133,0.0
4413,74.49341,0.0
4414,73.41003,0.0
4415,72.34192,0.0
4416,71.55991,0.0
4417,70.61768,0.0
4418,69.90814,0.0
4419,69.37027,0.0
4420,69.00406,0.0
4421,68.75229,0.0
4422,68.4166,0.0
4423,67.97028,0.0
4424,67.52014,0.0
4425,67.39044,0.0
4426,67.26074,0.0
4427,66.91742,0.0
4428,66.66565,0.0
4429,66.57791,0.0
4430,66.39862,0.0
4431,66.25748,0.0
4432,66.11633,0.0
4433,65.78064,0.0
4434,65.60898,0.0
4435,65.35721,0.0
4436,64.97192,0.0
4437,64.62097,0.0
4438,64.17847,0.0
4439,63.74741,0.0
4440,63.50326,0.0
4441,63.04169,0.0
4442,62.45804,0.0
4443,61.85532,0.0
4444,61.40137,0.0
4445,61.03516,0.0
4446,60.48584,0.0
4447,60.04715,0.0
4448,59.72671,0.0
4449,59.26132,0.0
4450,58.83789,0.0
4451,58.77685,0.0
4452,58.47168,0.0
4453,58.18558,0.0
4454,57.91473,0.0
4455,57.94907,0.0
4456,57.84988,0.0
4457,57.70111,0.0
4458,57.83081,0.0
4459,57.53708,0.0
4460,57.43408,0.0
4461,57.39975,0.0
4462,57.34253,0.0
4463,57.23572,0.0
4464,57.31583,0.0
4465,57.26242,0.0
4466,57.18613,0.0
4467,57.31201,0.0
4468,56.97632,0.0
4469,56.98395,0.0
4470,56.91528,0.0
4471,56.95343,0.0
4472,56.85043,0.0
4473,56.70929,0.0
4474,56.67114,0.0
4475,56.53,0.0
4476,56.427,0.0
4477,56.36215,0.0
4478,56.19049,0.0
4479,55.98068,0.0
4480,55.84335,0.0
4481,55.63354,0.0
4482,55.62973,0.0
4483,55.336,0.0
4484,55.25207,0.0
4485,55.25207,0.0
4486,55.06515,0.0
4487,55.09567,0.0
4488,55.00794,0.0
4489,54.80194,0.0
4490,54.66461,0.0
4491,54.55399,0.0
4492,54.62265,0.0
4493,54.47388,0.0
4494,54.34799,0.0
4495,54.32129,0.0
4496,53.93982,0.0
4497,53.84827,0.0
4498,53.7529,0.0
4499,53.63083,0.0
4500,53.59268,0.0
4501,53.39813,0.0
4502,53.11966,0.0
4503,53.06625,0.0
4504,53.06625,0.0
4505,52.83356,0.0
4506,52.71149,0.0
4507,52.42538,0.0
4508,52.56271,0.0
4509,52.35672,0.0
4510,52.31094,0.0
4511,52.10495,0.0
4512,51.89896,0.0
4513,51.63193,0.0
4514,51.61285,0.0
4515,51.16653,0.0
4516,51.12839,0.0
4517,50.80414,0.0
4518,50.70496,0.0
4519,50.49133,0.0
4520,50.43411,0.0
4521,50.39215,0.0
4522,50.07935,0.0
4523,50.22049,0.0
4524,49.98016,0.0
4525,50.09842,0.0
4526,49.87335,0.0
4527,49.99161,0.0
4528,49.99924,0.0
4529,50.37689,0.0
4530,50.8461,0.0
4531,51.71585,0.0
4532,52.98996,0.0
4533,54.36706,0.0
4534,56.07986,0.0
4535,57.83081,0.0
4536,59.57413,0.0
4537,61.46622,0.0
4538,63.12561,0.0
4539,64.77737,0.0
4540,66.41769,0.0
4541,67.63077,0.0
4542,68.84766,0.0
4543,69.67163,0.0
4544,70.52612,0.0
4545,71.07544,0.0
4546,71.73538,0.0
4547,72.155,0.0
4548,72.46018,0.0
4549,72.70813,0.0
4550,73.13156,0.0
4551,73.246,0.0
4552,73.42148,0.0
4553,73.84109,0.0
4554,74.01657,0.0
4555,74.17297,0.0
4556,74.66125,0.0
4557,75.05798,0.0
4558,75.4509,0.0
4559,76.03836,0.0
4560,76.67542,0.0
4561,77.25906,0.0
4562,77.81982,0.0
4563,78.31192,0.0
4564,78.94516,0.0
4565,79.66614,0.0
4566,80.35278,0.0
4567,80.91736,0.0
4568,81.71081,0.0
4569,82.29065,0.0
4570,82.76367,0.0
4571,83.22907,0.0
4572,83.78601,0.0
4573,84.27811,0.0
4574,84.52988,0.0
4575,84.66339,0.0
4576,84.86176,0.0
4577,84.9266,0.0
4578,84.90753,0.0
4579,84.55276,0.0
4580,84.38873,0.0
4581,84.11789,0.0
4582,83.69064,0.0
4583,82.87048,0.0
4584,82.16476,0.0
4585,81.1882,0.0
4586,80.24979,0.0
4587,79.16641,0.0
4588,77.90375,0.0
4589,76.70975,0.0
4590,75.31357,0.0
4591,74.15009,0.0
4592,72.99423,0.0
4593,72.00623,0.0
4594,71.30814,0.0
4595,70.86945,0.0
4596,70.29343,0.0
4597,69.74411,0.0
4598,69.45038,0.0
4599,68.91251,0.0
4600,68.49289,0.0
4601,68.06946,0.0
4602,67.76047,0.0
4603,67.43622,0.0
4604,67.42477,0.0
4605,66.9899,0.0
4606,66.76865,0.0
4607,66.4711,0.0
4608,66.3681,0.0
4609,66.08581,0.0
4610,65.81497,0.0
4611,65.46783,0.0
4612,65.13214,0.0
4613,64.92615,0.0
4614,64.57901,0.0
4615,63.96484,0.0
4616,63.61008,0.0
4617,63.15613,0.0
4618,62.6564,0.0
4619,62.12235,0.0
4620,61.59973,0.0
4621,61.18774,0.0
4622,60.85968,0.0
4623,60.30273,0.0
4624,60.03571,0.0
4625,59.55887,0.0
4626,59.36813,0.0
4627,59.01718,0.0
4628,58.70438,0.0
4629,58.41446,0.0
4630,58.3725,0.0
4631,58.02155,0.0
4632,57.89185,0.0
4633,57.97958,0.0
4634,57.84226,0.0
4635,57.64389,0.0
4636,57.64389,0.0
4637,57.6973,0.0
4638,57.52945,0.0
4639,57.57141,0.0
4640,57.58286,0.0
4641,57.35779,0.0
4642,57.38068,0.0
4643,57.3349,0.0
4644,57.32727,0.0
4645,57.26242,0.0
4646,57.11365,0.0
4647,57.17087,0.0
4648,57.09457,0.0
4649,57.12509,0.0
4650,57.11365,0.0
4651,56.92291,0.0
4652,56.7627,0.0
4653,56.7627,0.0
4654,56.69785,0.0
4655,56.52237,0.0
4656,56.35071,0.0
4657,56.15616,0.0
4658,56.1409,0.0
4659,56.09894,0.0
4660,55.82809,0.0
4661,55.74799,0.0
4662,55.7518,0.0
4663,55.50384,0.0
4664,55.51147,0.0
4665,55.27115,0.0
4666,55.34744,0.0
4667,55.34744,0.0
4668,55.14526,0.0
4669,55.09949,0.0
4670,54.86298,0.0
4671,54.85535,0.0
4672,54.70657,0.0
4673,54.52347,0.0
4674,54.41666,0.0
4675,54.06952,0.0
4676,53.99704,0.0
4677,54.08478,0.0
4678,53.84445,0.0
4679,53.72238,0.0
4680,53.74146,0.0
4681,53.48587,0.0
4682,53.40958,0.0
4683,53.21121,0.0
4684,53.05481,0.0
4685,52.82974,0.0
4686,52.84119,0.0
4687,52.63138,0.0
4688,52.63138,0.0
4689,52.45972,0.0
4690,52.33383,0.0
4691,52.23083,0.0
4692,51.97525,0.0
4693,51.76926,0.0
4694,51.48315,0.0
4695,51.36871,0.0
4696,51.07117,0.0
4697,50.95673,0.0
4698,50.73547,0.0
4699,50.62866,0.0
4700,50.66681,0.0
4701,50.60577,0.0
4702,50.66681,0.0
4703,50.69733,0.0
4704,50.38071,0.0
4705,50.63248,0.0
4706,50.65155,0.0
4707,51.06735,0.0
4708,51.59378,0.0
4709,52.70004,0.0
4710,54.21829,0.0
4711,55.8815,0.0
4712,57.78885,0.0
4713,59.7496,0.0
4714,61.53488,0.0
4715,63.44604,0.0
4716,65.10544,0.0
4717,66.95938,0.0
4718,68.34793,0.0
4719,69.93103,0.0
4720,71.0144,0.0
4721,71.93756,0.0
4722,72.56317,0.0
4723,73.16208,0.0
4724,73.78006,0.0
4725,74.1539,0.0
4726,74.5163,0.0
4727,74.74136,0.0
4728,74.89014,0.0
4729,75.45853,0.0
4730,75.44708,0.0
4731,75.77133,0.0
4732,76.14136,0.0
4733,76.29394,0.0
4734,76.828,0.0
4735,77.14462,0.0
4736,77.72064,0.0
4737,78.14789,0.0
4738,78.79257,0.0
4739,79.34189,0.0
4740,79.96368,0.0
4741,80.76859,0.0
4742,81.40183,0.0
4743,82.18002,0.0
4744,82.73697,0.0
4745,83.69064,0.0
4746,84.28192,0.0
4747,84.90372,0.0
4748,85.61706,0.0
4749,86.0939,0.0
4750,86.70044,0.0
4751,87.04376,0.0
4752,87.4443,0.0
4753,87.59689,0.0
4754,87.85248,0.0
4755,87.81433,0.0
4756,87.74567,0.0
4757,87.58545,0.0
4758,87.2879,0.0
4759,86.92932,0.0
4760,86.46393,0.0
4761,85.83069,0.0
4762,85.14023,0.0
4763,84.34296,0.0
4764,83.52661,0.0
4765,82.21054,0.0
4766,80.94788,0.0
4767,79.78439,0.0
4768,78.20129,0.0
4769,76.79367,0.0
4770,75.40131,0.0
4771,74.29886,0.0
4772,73.41766,0.0
4773,72.71957,0.0
4774,72.04819,0.0
4775,71.53702,0.0
4776,71.01822,0.0
4777,70.5986,0.0
4778,70.04547,0.0
4779,69.49997,0.0
4780,69.31686,0.0
4781,68.93539,0.0
4782,68.61877,0.0
4783,68.33649,0.0
4784,68.1839,0.0
4785,68.07709,0.0
4786,67.8215,0.0
4787,67.65747,0.0
4788,67.35992,0.0
4789,67.14249,0.0
4790,66.85257,0.0
4791,66.57028,0.0
4792,66.20026,0.0
4793,65.85693,0.0
4794,65.48691,0.0
4795,65.07492,0.0
4796,64.59808,0.0
4797,64.04495,0.0
4798,63.61771,0.0
4799,63.07983,0.0
4800,62.6564,0.0
4801,62.08038,0.0
4802,61.78284,0.0
4803,61.29837,0.0
4804,60.96649,0.0
4805,60.61554,0.0
4806,60.5011,0.0
4807,60.09674,0.0
4808,59.95178,0.0
4809,59.57794,0.0
4810,59.39102,0.0
4811,59.52072,0.0
4812,59.32236,0.0
4813,59.18121,0.0
4814,59.25369,0.0
4815,59.12781,0.0
4816,58.98666,0.0
4817,58.96759,0.0
4818,58.82645,0.0
4819,58.89511,0.0
4820,58.7616,0.0
4821,58.77304,0.0
4822,58.7616,0.0
4823,58.60519,0.0
4824,58.49838,0.0
4825,58.43735,0.0
4826,58.39157,0.0
4827,58.28476,0.0
4828,58.51364,0.0
4829,58.10928,0.0
4830,58.2962,0.0
4831,57.9567,0.0
4832,58.04443,0.0
4833,57.7507,0.0
4834,57.67059,0.0
4835,57.53326,0.0
4836,57.44171,0.0
4837,57.31964,0.0
4838,57.02591,0.0
4839,56.87714,0.0
4840,56.69022,0.0
4841,56.52618,0.0
4842,56.51474,0.0
4843,56.324,0.0
4844,56.14471,0.0
4845,56.03409,0.0
4846,55.95779,0.0
4847,55.81665,0.0
4848,55.70984,0.0
4849,55.65262,0.0
4850,55.64117,0.0
4851,55.42374,0.0
4852,55.3627,0.0
4853,55.06897,0.0
4854,55.0499,0.0
4855,54.87823,0.0
4856,54.61502,0.0
4857,54.60739,0.0
4858,54.48914,0.0
4859,54.32892,0.0
4860,54.14963,0.0
4861,53.8559,0.0
4862,53.9093,0.0
4863,53.80249,0.0
4864,53.63846,0.0
4865,53.39813,0.0
4866,53.2074,0.0
4867,53.22266,0.0
4868,53.07388,0.0
4869,53.01285,0.0
4870,52.79922,0.0
4871,52.66571,0.0
4872,52.39105,0.0
4873,52.28424,0.0
4874,51.95999,0.0
4875,51.85318,0.0
4876,51.77689,0.0
4877,51.44882,0.0
4878,51.20468,0.0
4879,51.01395,0.0
4880,51.04446,0.0
4881,51.0292,0.0
4882,50.88425,0.0
4883,50.88425,0.0
4884,50.89188,0.0
4885,50.85373,0.0
4886,50.88425,0.0
4887,51.54037,0.0
4888,52.29568,0.0
4889,53.42865,0.0
4890,55.03082,0.0
4891,57.09457,0.0
4892,58.9714,0.0
4893,60.97794,0.0
4894,63.02261,0.0
4895,64.90707,0.0
4896,66.73431,0.0
4897,68.42423,0.0
4898,70.12176,0.0
4899,71.69342,0.0
4900,72.75391,0.0
4901,73.65417,0.0
4902,74.49341,0.0
4903,74.92828,0.0
4904,75.35171,0.0
4905,75.91629,0.0
4906,76.21002,0.0
4907,76.71356,0.0
4908,76.88141,0.0
4909,77.1904,0.0
4910,77.56424,0.0
4911,77.83508,0.0
4912,78.16696,0.0
4913,78.39966,0.0
4914,78.95279,0.0
4915,79.46396,0.0
4916,79.86832,0.0
4917,80.49774,0.0
4918,81.01654,0.0
4919,81.88248,0.0
4920,82.40509,0.0
4921,83.06122,0.0
4922,83.86993,0.0
4923,84.79691,0.0
4924,85.4187,0.0
4925,85.97565,0.0
4926,86.77292,0.0
4927,87.38708,0.0
4928,88.00507,0.0
4929,88.68408,0.0
4930,89.31351,0.0
4931,89.75601,0.0
4932,89.93149,0.0
4933,90.168,0.0
4934,90.34729,0.0
4935,90.22522,0.0
4936,90.35873,0.0
4937,90.04593,0.0
4938,89.83231,0.0
4939,89.3631,0.0
4940,88.77182,0.0
4941,88.13095,0.0
4942,87.35657,0.0
4943,86.30753,0.0
4944,85.2356,0.0
4945,84.14078,0.0
4946,83.04215,0.0
4947,81.61545,0.0
4948,80.2536,0.0
4949,78.61328,0.0
4950,77.38495,0.0
4951,76.08795,0.0
4952,75.18387,0.0
4953,74.34845,0.0
4954,73.49777,0.0
4955,73.00186,0.0
4956,72.37244,0.0
4957,71.93375,0.0
4958,71.25473,0.0
4959,70.74738,0.0
4960,70.36972,0.0
4961,70.14084,0.0
4962,70.01877,0.0
4963,69.65256,0.0
4964,69.53049,0.0
4965,69.28253,0.0
4966,68.95065,0.0
4967,68.7561,0.0
4968,68.48526,0.0
4969,68.22586,0.0
4970,67.7948,0.0
4971,67.55447,0.0
4972,67.34085,0.0
4973,67.06238,0.0
4974,66.40625,0.0
4975,66.09726,0.0
4976,65.6929,0.0
4977,65.24658,0.0
4978,64.80408,0.0
4979,64.3425,0.0
4980,63.80463,0.0
4981,63.35449,0.0
4982,62.93106,0.0
4983,62.51144,0.0
4984,62.0842,0.0
4985,61.64169,0.0
4986,61.37085,0.0
4987,60.9932,0.0
4988,60.85587,0.0
4989,60.51636,0.0
4990,60.12726,0.0
4991,60.03571,0.0
4992,59.8793,0.0
4993,59.77631,0.0
4994,59.6199,0.0
4995,59.62753,0.0
4996,59.33762,0.0
4997,59.34143,0.0
4998,59.28802,0.0
4999,59.24606,0.0
5000,59.15451,0.0
5001,59.12018,0.0
5002,59.03625,0.0
5003,58.74634,0.0
5004,58.6853,0.0
5005,58.67004,0.0
5006,58.68149,0.0
5007,58.53653,0.0
5008,58.44498,0.0
5009,58.12836,0.0
5010,58.11691,0.0
5011,58.04443,0.0
5012,57.86514,0.0
5013,57.71637,0.0
5014,57.60193,0.0
5015,57.51801,0.0
5016,57.42645,0.0
5017,57.21664,0.0
5018,56.93817,0.0
5019,56.9191,0.0
5020,56.7894,0.0
5021,56.54907,0.0
5022,56.46133,0.0
5023,56.36215,0.0
5024,56.00738,0.0
5025,55.96542,0.0
5026,55.82428,0.0
5027,55.55725,0.0
5028,55.38177,0.0
5029,55.25207,0.0
5030,55.15289,0.0
5031,55.04608,0.0
5032,54.92401,0.0
5033,54.59976,0.0
5034,54.75235,0.0
5035,54.47769,0.0
5036,54.24118,0.0
5037,53.93982,0.0
5038,53.81393,0.0
5039,53.58505,0.0
5040,53.54691,0.0
5041,53.37524,0.0
5042,53.27225,0.0
5043,52.98233,0.0
5044,53.08151,0.0
5045,52.99759,0.0
5046,52.85645,0.0
5047,52.54745,0.0
5048,52.40631,0.0
5049,52.21558,0.0
5050,52.14691,0.0
5051,51.97906,0.0
5052,51.76926,0.0
5053,51.62048,0.0
5054,51.37253,0.0
5055,51.23901,0.0
5056,50.83084,0.0
5057,50.70114,0.0
5058,50.44174,0.0
5059,50.28534,0.0
5060,50.19379,0.0
5061,50.12512,0.0
5062,50.2243,0.0
5063,49.99924,0.0
5064,50.12894,0.0
5065,49.94583,0.0
5066,49.91531,0.0
5067,50.22812,0.0
5068,50.66299,0.0
5069,51.30768,0.0
5070,52.69241,0.0
5071,54.08859,0.0
5072,55.85861,0.0
5073,57.75833,0.0
5074,59.40628,0.0
5075,61.20682,0.0
5076,62.84714,0.0
5077,64.6019,0.0
5078,66.10489,0.0
5079,67.52777,0.0
5080,68.91632,0.0
5081,70.00351,0.0
5082,71.02966,0.0
5083,71.52176,0.0
5084,72.25418,0.0
5085,72.68524,0.0
5086,73.05527,0.0
5087,73.49777,0.0
5088,73.94409,0.0
5089,74.25308,0.0
5090,74.47052,0.0
5091,74.45908,0.0
5092,74.82529,0.0
5093,75.0885,0.0
5094,75.53863,0.0
5095,75.85907,0.0
5096,76.36643,0.0
5097,76.85471,0.0
5098,77.24762,0.0
5099,77.7626,0.0
5100,78.3577,0.0
5101,78.97949,0.0
5102,79.58984,0.0
5103,80.15442,0.0
5104,80.85251,0.0
5105,81.58875,0.0
5106,82.13425,0.0
5107,82.76749,0.0
5108,83.35877,0.0
5109,83.69827,0.0
5110,84.22852,0.0
5111,84.6405,0.0
5112,84.98764,0.0
5113,85.15549,0.0
5114,85.25848,0.0
5115,85.4454,0.0
5116,85.52551,0.0
5117,85.30808,0.0
5118,84.90753,0.0
5119,84.46121,0.0
5120,84.11789,0.0
5121,83.33588,0.0
5122,82.43179,0.0
5123,81.59637,0.0
5124,80.36804,0.0
5125,79.27322,0.0
5126,78.022,0.0
5127,76.67542,0.0
5128,75.20294,0.0
5129,74.06998,0.0
5130,73.28415,0.0
5131,72.53647,0.0
5132,71.78879,0.0
5133,71.23566,0.0
5134,70.86563,0.0
5135,70.26672,0.0
5136,69.67163,0.0
5137,69.12613,0.0
5138,68.66074,0.0
5139,68.33649,0.0
5140,68.11142,0.0
5141,67.76428,0.0
5142,67.5354,0.0
5143,67.35611,0.0
5144,66.84494,0.0
5145,66.66183,0.0
5146,66.36429,0.0
5147,65.92178,0.0
5148,65.6662,0.0
5149,65.52505,0.0
5150,65.09018,0.0
5151,64.64768,0.0
5152,64.35394,0.0
5153,63.75885,0.0
5154,63.24768,0.0
5155,62.60681,0.0
5156,62.20245,0.0
5157,61.74088,0.0
5158,61.14197,0.0
5159,60.79865,0.0
5160,60.37903,0.0
5161,59.96704,0.0
5162,59.46732,0.0
5163,59.10492,0.0
5164,58.76923,0.0
5165,58.47168,0.0
5166,58.12073,0.0
5167,57.99866,0.0
5168,57.6973,0.0
5169,57.621,0.0
5170,57.66678,0.0
5171,57.59811,0.0
5172,57.48367,0.0
5173,57.44171,0.0
5174,57.32727,0.0
5175,57.27005,0.0
5176,57.38068,0.0
5177,57.16705,0.0
5178,57.16705,0.0
5179,57.18613,0.0
5180,57.13272,0.0
5181,56.95343,0.0
5182,56.95725,0.0
5183,56.80466,0.0
5184,56.76651,0.0
5185,56.74744,0.0
5186,56.60248,0.0
5187,56.7131,0.0
5188,56.57578,0.0
5189,56.37741,0.0
5190,56.11038,0.0
5191,56.01501,0.0
5192,55.91583,0.0
5193,55.98068,0.0
5194,55.75943,0.0
5195,55.71365,0.0
5196,55.50766,0.0
5197,55.45425,0.0
5198,55.45044,0.0
5199,55.15289,0.0
5200,55.20248,0.0
5201,55.04227,0.0
5202,54.82864,0.0
5203,54.85916,0.0
5204,54.85153,0.0
5205,54.62265,0.0
5206,54.50821,0.0
5207,54.38614,0.0
5208,54.24118,0.0
5209,54.19159,0.0
5210,54.00085,0.0
5211,53.8559,0.0
5212,53.63464,0.0
5213,53.51639,0.0
5214,53.5202,0.0
5215,53.31802,0.0
5216,53.23029,0.0
5217,52.94037,0.0
5218,53.02048,0.0
5219,52.93274,0.0
5220,52.7916,0.0
5221,52.58179,0.0
5222,52.45209,0.0
5223,52.41775,0.0
5224,52.24991,0.0
5225,52.12021,0.0
5226,51.98669,0.0
5227,51.68915,0.0
5228,51.69678,0.0
5229,51.63574,0.0
5230,51.54419,0.0
5231,51.12839,0.0
5232,51.05209,0.0
5233,50.92621,0.0
5234,50.64011,0.0
5235,50.39597,0.0
5236,50.1976,0.0
5237,50.12512,0.0
5238,50.02976,0.0
5239,49.98779,0.0
5240,49.87717,0.0
5241,49.75128,0.0
5242,49.74365,0.0
5243,49.45374,0.0
5244,49.38126,0.0
5245,49.57581,0.0
5246,49.69406,0.0
5247,49.89624,0.0
5248,50.37308,0.0
5249,51.46408,0.0
5250,52.36816,0.0
5251,53.76434,0.0
5252,55.04608,0.0
5253,56.70166,0.0
5254,58.5022,0.0
5255,60.06622,0.0
5256,61.64932,0.0
5257,63.26675,0.0
5258,64.66293,0.0
5259,65.84549,0.0
5260,66.95175,0.0
5261,67.84439,0.0
5262,68.65311,0.0
5263,69.22913,0.0
5264,69.75555,0.0
5265,70.14084,0.0
5266,70.47272,0.0
5267,70.94955,0.0
5268,71.26617,0.0
5269,71.63238,0.0
5270,71.65146,0.0
5271,71.78497,0.0
5272,72.00623,0.0
5273,72.2847,0.0
5274,72.50977,0.0
5275,72.87598,0.0
5276,73.0629,0.0
5277,73.55881,0.0
5278,74.03946,0.0
5279,74.32938,0.0
5280,74.77951,0.0
5281,75.46616,0.0
5282,75.90866,0.0
5283,76.41983,0.0
5284,77.01492,0.0
5285,77.5032,0.0
5286,78.06015,0.0
5287,78.51791,0.0
5288,79.03671,0.0
5289,79.39911,0.0
5290,79.68903,0.0
5291,79.99802,0.0
5292,80.21164,0.0
5293,80.41,0.0
5294,80.2536,0.0
5295,80.15442,0.0
5296,80.14298,0.0
5297,79.72336,0.0
5298,79.23126,0.0
5299,78.79639,0.0
5300,77.98386,0.0
5301,77.07596,0.0
5302,75.9697,0.0
5303,74.68414,0.0
5304,73.60458,0.0
5305,72.49451,0.0
5306,71.45309,0.0
5307,70.55283,0.0
5308,69.97681,0.0
5309,69.45419,0.0
5310,69.01169,0.0
5311,68.62259,0.0
5312,68.26019,0.0
5313,67.79099,0.0
5314,67.5087,0.0
5315,67.33704,0.0
5316,66.90216,0.0
5317,66.59699,0.0
5318,66.33377,0.0
5319,66.19263,0.0
5320,65.95993,0.0
5321,65.47165,0.0
5322,65.18936,0.0
5323,64.90707,0.0
5324,64.68201,0.0
5325,64.25857,0.0
5326,63.88473,0.0
5327,63.50326,0.0
5328,63.02643,0.0
5329,62.54196,0.0
5330,62.11472,0.0
5331,61.54633,0.0
5332,61.1496,0.0
5333,60.40192,0.0
5334,60.009,0.0
5335,59.53598,0.0
5336,58.97522,0.0
5337,58.48694,0.0
5338,58.09784,0.0
5339,57.81937,0.0
5340,57.45697,0.0
5341,57.13654,0.0
5342,56.69022,0.0
5343,56.48041,0.0
5344,56.21719,0.0
5345,56.06079,0.0
5346,55.79758,0.0
5347,55.66406,0.0
5348,55.4924,0.0
5349,55.47333,0.0
5350,55.68314,0.0
5351,55.43137,0.0
5352,55.31311,0.0
5353,55.27115,0.0
5354,55.39703,0.0
5355,55.1033,0.0
5356,54.92401,0.0
5357,55.06134,0.0
5358,54.87442,0.0
5359,54.77905,0.0
5360,54.79431,0.0
5361,54.75998,0.0
5362,54.90112,0.0
5363,54.72565,0.0
5364,54.57687,0.0
5365,54.51584,0.0
5366,54.51584,0.0
5367,54.42047,0.0
5368,54.22974,0.0
5369,54.16107,0.0
5370,54.20685,0.0
5371,53.84827,0.0
5372,53.78342,0.0
5373,53.7262,0.0
5374,53.78723,0.0
5375,53.48206,0.0
5376,53.47061,0.0
5377,53.29514,0.0
5378,53.31802,0.0
5379,53.11585,0.0
5380,53.03192,0.0
5381,52.88696,0.0
5382,52.94037,0.0
5383,52.81448,0.0
5384,52.6619,0.0
5385,52.65045,0.0
5386,52.53601,0.0
5387,52.44827,0.0
5388,52.3529,0.0
5389,52.29568,0.0
5390,52.10113,0.0
5391,52.02103,0.0
5392,51.99432,0.0
5393,52.03247,0.0
5394,51.7807,0.0
5395,51.64719,0.0
5396,51.548,0.0
5397,51.42593,0.0
5398,51.32294,0.0
5399,51.30768,0.0
5400,51.09405,0.0
5401,51.01395,0.0
5402,50.96054,0.0
5403,50.64774,0.0
5404,50.54855,0.0
5405,50.69733,0.0
5406,50.39978,0.0
5407,50.29297,0.0
5408,50.2739,0.0
5409,49.98016,0.0
5410,49.68262,0.0
5411,49.55292,0.0
5412,49.51859,0.0
5413,49.17145,0.0
5414,49.14856,0.0
5415,49.02649,0.0
5416,49.09897,0.0
5417,48.86627,0.0
5418,48.70605,0.0
5419,48.79761,0.0
5420,48.69461,0.0
5421,48.55347,0.0
5422,48.69461,0.0
5423,48.91586,0.0
5424,49.07608,0.0
5425,49.63303,0.0
5426,50.50278,0.0
5427,51.72348,0.0
5428,53.21884,0.0
5429,54.89349,0.0
5430,56.62155,0.0
5431,58.22372,0.0
5432,59.95178,0.0
5433,61.43189,0.0
5434,63.13324,0.0
5435,64.5256,0.0
5436,65.68909,0.0
5437,66.74957,0.0
5438,67.6918,0.0
5439,68.51196,0.0
5440,68.82858,0.0
5441,69.53049,0.0
5442,69.99206,0.0
5443,70.19424,0.0
5444,70.57571,0.0
5445,70.85419,0.0
5446,70.96863,0.0
5447,71.2471,0.0
5448,71.34247,0.0
5449,71.71631,0.0
5450,71.93375,0.0
5451,72.2084,0.0
5452,72.38769,0.0
5453,72.9332,0.0
5454,73.33755,0.0
5455,73.69995,0.0
5456,74.23019,0.0
5457,74.79858,0.0
5458,75.39368,0.0
5459,76.03073,0.0
5460,76.50375,0.0
5461,77.1637,0.0
5462,77.87704,0.0
5463,78.42255,0.0
5464,79.02527,0.0
5465,79.47922,0.0
5466,80.0972,0.0
5467,80.48248,0.0
5468,80.7457,0.0
5469,81.03943,0.0
5470,81.1348,0.0
5471,81.40564,0.0
5472,81.2645,0.0
5473,81.09283,0.0
5474,81.02799,0.0
5475,80.58167,0.0
5476,80.24597,0.0
5477,79.79584,0.0
5478,79.10538,0.0
5479,78.47214,0.0
5480,77.43835,0.0
5481,76.47324,0.0
5482,75.15717,0.0
5483,73.96317,0.0
5484,72.87216,0.0
5485,71.67053,0.0
5486,70.67108,0.0
5487,69.65637,0.0
5488,69.22531,0.0
5489,68.65311,0.0
5490,68.27164,0.0
5491,67.68417,0.0
5492,67.31796,0.0
5493,66.99753,0.0
5494,66.63132,0.0
5495,66.42151,0.0
5496,65.85312,0.0
5497,65.81497,0.0
5498,65.74249,0.0
5499,65.20843,0.0
5500,65.03677,0.0
5501,64.84604,0.0
5502,64.67438,0.0
5503,64.43405,0.0
5504,64.08691,0.0
5505,63.89999,0.0
5506,63.50708,0.0
5507,63.07983,0.0
5508,62.76321,0.0
5509,62.5,0.0
5510,61.94687,0.0
5511,61.34033,0.0
5512,60.91309,0.0
5513,60.39047,0.0
5514,59.95178,0.0
5515,59.52835,0.0
5516,59.09729,0.0
5517,58.58612,0.0
5518,58.23135,0.0
5519,57.89948,0.0
5520,57.44934,0.0
5521,57.16324,0.0
5522,57.04498,0.0
5523,56.84662,0.0
5524,56.7894,0.0
5525,56.54144,0.0
5526,56.36597,0.0
5527,56.35452,0.0
5528,56.4003,0.0
5529,56.36215,0.0
5530,56.20193,0.0
5531,56.36215,0.0
5532,56.28204,0.0
5533,56.35834,0.0
5534,56.44226,0.0
5535,56.30493,0.0
5536,56.31256,0.0
5537,56.20956,0.0
5538,56.30493,0.0
5539,56.24008,0.0
5540,56.38504,0.0
5541,56.19812,0.0
5542,56.06079,0.0
5543,56.07223,0.0
5544,56.01883,0.0
5545,55.83954,0.0
5546,55.83954,0.0
5547,55.75561,0.0
5548,55.65643,0.0
5549,55.4924,0.0
5550,55.35507,0.0
5551,55.33981,0.0
5552,55.24445,0.0
5553,55.1796,0.0
5554,55.02319,0.0
5555,54.80576,0.0
5556,54.80957,0.0
5557,54.80576,0.0
5558,54.63028,0.0
5559,54.62265,0.0
5560,54.4548,0.0
5561,54.37851,0.0
5562,54.30985,0.0
5563,54.21066,0.0
5564,54.09241,0.0
5565,53.94363,0.0
5566,53.95126,0.0
5567,53.76434,0.0
5568,53.66135,0.0
5569,53.41721,0.0
5570,53.41721,0.0
5571,53.30658,0.0
5572,53.15018,0.0
5573,53.02811,0.0
5574,52.93274,0.0
5575,52.742,0.0
5576,52.57416,0.0
5577,52.48642,0.0
5578,52.45972,0.0
5579,52.20413,0.0
5580,52.05536,0.0
5581,51.85699,0.0
5582,51.78833,0.0
5583,51.70822,0.0
5584,51.55563,0.0
5585,51.28479,0.0
5586,51.31912,0.0
5587,51.06735,0.0
5588,50.81177,0.0
5589,50.64011,0.0
5590,50.52566,0.0
5591,50.36545,0.0
5592,50.1709,0.0
5593,50.00305,0.0
5594,49.85809,0.0
5595,49.84283,0.0
5596,49.81613,0.0
5597,49.56055,0.0
5598,49.70169,0.0
5599,49.59106,0.0
5600,49.48807,0.0
5601,49.83902,0.0
5602,50.17853,0.0
5603,50.91476,0.0
5604,51.74255,0.0
5605,53.1311,0.0
5606,54.59213,0.0
5607,56.2973,0.0
5608,58.01392,0.0
5609,59.67712,0.0
5610,61.47385,0.0
5611,63.0722,0.0
5612,64.62097,0.0
5613,65.92178,0.0
5614,67.173,0.0
5615,68.26782,0.0
5616,69.05746,0.0
5617,69.83566,0.0
5618,70.3125,0.0
5619,70.858,0.0
5620,71.26999,0.0
5621,71.46835,0.0
5622,71.78879,0.0
5623,72.11304,0.0
5624,72.48306,0.0
5625,72.57461,0.0
5626,72.79205,0.0
5627,73.00949,0.0
5628,73.29941,0.0
5629,73.57407,0.0
5630,74.16916,0.0
5631,74.39041,0.0
5632,74.95117,0.0
5633,75.35171,0.0
5634,76.07651,0.0
5635,76.48086,0.0
5636,77.20184,0.0
5637,77.78931,0.0
5638,78.4378,0.0
5639,79.03671,0.0
5640,79.65851,0.0
5641,80.37567,0.0
5642,80.91736,0.0
5643,81.3942,0.0
5644,81.85959,0.0
5645,82.29065,0.0
5646,82.68738,0.0
5647,82.95059,0.0
5648,83.14896,0.0
5649,83.14896,0.0
5650,83.17184,0.0
5651,83.01163,0.0
5652,83.03451,0.0
5653,82.64923,0.0
5654,82.28302,0.0
5655,81.56204,0.0
5656,81.07758,0.0
5657,80.07431,0.0
5658,79.21982,0.0
5659,78.08685,0.0
5660,76.83945,0.0
5661,75.63019,0.0
5662,74.47052,0.0
5663,73.27652,0.0
5664,72.26562,0.0
5665,71.30051,0.0
5666,70.66345,0.0
5667,70.02258,0.0
5668,69.80133,0.0
5669,69.3512,0.0
5670,68.84766,0.0
5671,68.37845,0.0
5672,68.12668,0.0
5673,67.68036,0.0
5674,67.37137,0.0
5675,67.16919,0.0
5676,66.86401,0.0
5677,66.57028,0.0
5678,66.30707,0.0
5679,65.98282,0.0
5680,65.59753,0.0
5681,65.52887,0.0
5682,65.02151,0.0
5683,64.80789,0.0
5684,64.46457,0.0
5685,64.12506,0.0
5686,63.59482,0.0
5687,63.26294,0.0
5688,62.82425,0.0
5689,62.3703,0.0
5690,61.79428,0.0
5691,61.51199,0.0
5692,61.11527,0.0
5693,60.5278,0.0
5694,59.85641,0.0
5695,59.71527,0.0
5696,59.16595,0.0
5697,58.81119,0.0
5698,58.38013,0.0
5699,58.14743,0.0
5700,57.89948,0.0
5701,57.53708,0.0
5702,57.36542,0.0
5703,56.96487,0.0
5704,56.89621,0.0
5705,56.72073,0.0
5706,56.75507,0.0
5707,56.61011,0.0
5708,56.65207,0.0
5709,56.48804,0.0
5710,56.39648,0.0
5711,56.43845,0.0
5712,56.28967,0.0
5713,56.25534,0.0
5714,56.20575,0.0
5715,56.11038,0.0
5716,56.10657,0.0
5717,56.1409,0.0
5718,56.09131,0.0
5719,55.9845,0.0
5720,55.96542,0.0
5721,55.87006,0.0
5722,55.80521,0.0
5723,55.86243,0.0
5724,55.67551,0.0
5725,55.5191,0.0
5726,55.5191,0.0
5727,55.45807,0.0
5728,55.25207,0.0
5729,55.09567,0.0
5730,54.98886,0.0
5731,54.81338,0.0
5732,54.69132,0.0
5733,54.74091,0.0
5734,54.44717,0.0
5735,54.34036,0.0
5736,54.37851,0.0
5737,54.23737,0.0
5738,54.21829,0.0
5739,54.0657,0.0
5740,53.98178,0.0
5741,53.85971,0.0
5742,53.52783,0.0
5743,53.69568,0.0
5744,53.44009,0.0
5745,53.44772,0.0
5746,53.21884,0.0
5747,53.19214,0.0
5748,52.95181,0.0
5749,52.98233,0.0
5750,52.85263,0.0
5751,52.76108,0.0
5752,52.49405,0.0
5753,52.55508,0.0
5754,52.29568,0.0
5755,52.25372,0.0
5756,52.15836,0.0
5757,51.97906,0.0
5758,51.83792,0.0
5759,51.73111,0.0
5760,51.64719,0.0
5761,51.4946,0.0
5762,51.44119,0.0
5763,51.30768,0.0
5764,51.11694,0.0
5765,51.03302,0.0
5766,51.06354,0.0
5767,50.8194,0.0
5768,50.65918,0.0
5769,50.27771,0.0
5770,50.20523,0.0
5771,50.14038,0.0
5772,49.93057,0.0
5773,49.77799,0.0
5774,49.71695,0.0
5775,49.83139,0.0
5776,49.63684,0.0
5777,49.77799,0.0
5778,49.53003,0.0
5779,49.90768,0.0
5780,49.86191,0.0
5781,50.18997,0.0
5782,50.97961,0.0
5783,51.94092,0.0
5784,53.43628,0.0
5785,54.98123,0.0
5786,56.69785,0.0
5787,58.78448,0.0
5788,60.83298,0.0
5789,62.46567,0.0
5790,64.22043,0.0
5791,65.96756,0.0
5792,67.37518,0.0
5793,68.82095,0.0
5794,69.68308,0.0
5795,70.86563,0.0
5796,71.54083,0.0
5797,72.13211,0.0
5798,72.78061,0.0
5799,73.14682,0.0
5800,73.38333,0.0
5801,73.74573,0.0
5802,73.87924,0.0
5803,74.26834,0.0
5804,74.5697,0.0
5805,74.84055,0.0
5806,75.08469,0.0
5807,75.63782,0.0
5808,75.90485,0.0
5809,76.38168,0.0
5810,76.79367,0.0
5811,77.35062,0.0
5812,78.022,0.0
5813,78.60565,0.0
5814,79.33044,0.0
5815,79.84543,0.0
5816,80.61218,0.0
5817,81.32172,0.0
5818,81.9664,0.0
5819,82.80182,0.0
5820,83.62198,0.0
5821,84.07211,0.0
5822,84.88464,0.0
5823,85.28519,0.0
5824,85.79254,0.0
5825,86.11298,0.0
5826,86.65085,0.0
5827,86.91025,0.0
5828,87.21161,0.0
5829,87.14676,0.0
5830,87.15057,0.0
5831,87.16965,0.0
5832,86.83395,0.0
5833,86.62796,0.0
5834,86.33041,0.0
5835,85.82687,0.0
5836,85.06012,0.0
5837,84.37347,0.0
5838,83.38928,0.0
5839,82.3555,0.0
5840,81.20727,0.0
5841,79.92554,0.0
5842,78.66669,0.0
5843,77.2934,0.0
5844,75.88577,0.0
5845,74.88251,0.0
5846,73.5321,0.0
5847,72.76535,0.0
5848,72.1283,0.0
5849,71.54846,0.0
5850,71.10596,0.0
5851,70.52612,0.0
5852,70.10651,0.0
5853,69.59915,0.0
5854,69.31305,0.0
5855,68.92395,0.0
5856,68.41278,0.0
5857,68.32504,0.0
5858,68.10379,0.0
5859,67.56973,0.0
5860,67.50488,0.0
5861,67.28363,0.0
5862,67.19589,0.0
5863,66.89072,0.0
5864,66.66183,0.0
5865,66.24222,0.0
5866,65.89127,0.0
5867,65.54031,0.0
5868,65.22751,0.0
5869,64.91089,0.0
5870,64.50272,0.0
5871,64.0831,0.0
5872,63.37357,0.0
5873,63.02261,0.0
5874,62.62207,0.0
5875,62.29782,0.0
5876,61.65314,0.0
5877,61.41281,0.0
5878,60.97031,0.0
5879,60.61554,0.0
5880,60.23788,0.0
5881,59.97086,0.0
5882,59.65042,0.0
5883,59.50546,0.0
5884,59.37195,0.0
5885,59.29184,0.0
5886,59.05914,0.0
5887,59.01718,0.0
5888,58.86078,0.0
5889,58.83408,0.0
5890,58.71963,0.0
5891,58.54034,0.0
5892,58.51364,0.0
5893,58.47931,0.0
5894,58.42209,0.0
5895,58.40683,0.0
5896,58.24661,0.0
5897,58.23135,0.0
5898,58.15888,0.0
5899,58.0368,0.0
5900,58.18939,0.0
5901,58.21228,0.0
5902,58.10165,0.0
5903,57.8537,0.0
5904,57.88803,0.0
5905,57.6973,0.0
5906,57.5943,0.0
5907,57.54089,0.0
5908,57.37686,0.0
5909,57.26242,0.0
5910,57.14798,0.0
5911,56.8924,0.0
5912,56.83517,0.0
5913,56.60629,0.0
5914,56.53763,0.0
5915,56.09894,0.0
5916,56.18668,0.0
5917,56.03027,0.0
5918,55.9082,0.0
5919,55.73273,0.0
5920,55.64499,0.0
5921,55.53055,0.0
5922,55.41229,0.0
5923,55.27496,0.0
5924,55.22919,0.0
5925,54.9736,0.0
5926,54.86679,0.0
5927,54.89349,0.0
5928,54.67606,0.0
5929,54.74472,0.0
5930,54.46243,0.0
5931,54.29077,0.0
5932,54.27551,0.0
5933,54.039,0.0
5934,53.86734,0.0
5935,53.66516,0.0
5936,53.69186,0.0
5937,53.44391,0.0
5938,53.32184,0.0
5939,53.21884,0.0
5940,53.08533,0.0
5941,52.86026,0.0
5942,52.77252,0.0
5943,52.55127,0.0
5944,52.57797,0.0
5945,52.33383,0.0
5946,52.36816,0.0
5947,52.08206,0.0
5948,51.90277,0.0
5949,51.61667,0.0
5950,51.31531,0.0
5951,51.30386,0.0
5952,50.82703,0.0
5953,50.77362,0.0
5954,50.56763,0.0
5955,50.38071,0.0
5956,50.43411,0.0
5957,50.28153,0.0
5958,50.40741,0.0
5959,50.23193,0.0
5960,50.29297,0.0
5961,50.28153,0.0
5962,50.60577,0.0
5963,51.09787,0.0
5964,52.15836,0.0
5965,53.43628,0.0
5966,55.37033,0.0
5967,57.14417,0.0
5968,59.16595,0.0
5969,61.10001,0.0
5970,63.36212,0.0
5971,65.16266,0.0
5972,66.97083,0.0
5973,68.69125,0.0
5974,70.05692,0.0
5975,71.44165,0.0
5976,72.49832,0.0
5977,73.27652,0.0
5978,73.90595,0.0
5979,74.543,0.0
5980,75.04273,0.0
5981,75.31357,0.0
5982,75.77133,0.0
5983,76.12228,0.0
5984,76.35117,0.0
5985,76.4885,0.0
5986,77.07214,0.0
5987,77.30102,0.0
5988,77.6062,0.0
5989,78.02963,0.0
5990,78.46451,0.0
5991,79.01001,0.0
5992,79.39911,0.0
5993,80.11246,0.0
5994,80.63889,0.0
5995,81.24542,0.0
5996,81.94733,0.0
5997,82.78656,0.0
5998,83.4198,0.0
5999,84.38492,0.0
6000,85.01816,0.0
6001,85.66666,0.0
6002,86.51352,0.0
6003,87.05139,0.0
6004,87.5206,0.0
6005,88.21869,0.0
6006,88.78708,0.0
6007,89.30969,0.0
6008,89.64157,0.0
6009,89.71787,0.0
6010,89.87427,0.0
6011,89.87045,0.0
6012,89.82086,0.0
6013,89.60342,0.0
6014,89.08844,0.0
6015,88.83285,0.0
6016,88.31024,0.0
6017,87.69607,0.0
6018,86.93695,0.0
6019,86.10916,0.0
6020,84.96475,0.0
6021,84.03397,0.0
6022,82.51953,0.0
6023,81.1882,0.0
6024,79.60892,0.0
6025,78.12118,0.0
6026,76.80512,0.0
6027,75.65689,0.0
6028,74.57733,0.0
6029,73.66943,0.0
6030,73.00186,0.0
6031,72.42966,0.0
6032,71.67053,0.0
6033,71.25854,0.0
6034,70.80841,0.0
6035,70.4422,0.0
6036,70.12176,0.0
6037,69.75937,0.0
6038,69.49616,0.0
6039,69.09561,0.0
6040,69.00787,0.0
6041,68.77136,0.0
6042,68.74466,0.0
6043,68.55011,0.0
6044,68.27164,0.0
6045,68.23731,0.0
6046,67.90543,0.0
6047,67.6918,0.0
6048,67.24548,0.0
6049,67.01279,0.0
6050,66.74576,0.0
6051,66.25748,0.0
6052,65.55176,0.0
6053,65.35721,0.0
6054,64.7583,0.0
6055,64.20136,0.0
6056,63.72452,0.0
6057,63.38119,0.0
6058,63.06839,0.0
6059,62.50382,0.0
6060,61.97357,0.0
6061,61.7218,0.0
6062,61.40518,0.0
6063,61.09619,0.0
6064,60.8139,0.0
6065,60.40573,0.0
6066,60.32944,0.0
6067,60.10055,0.0
6068,59.92889,0.0
6069,59.79538,0.0
6070,59.65805,0.0
6071,59.65042,0.0
6072,59.35669,0.0
6073,59.41009,0.0
6074,59.29184,0.0
6075,59.33762,0.0
6076,59.2041,0.0
6077,59.05914,0.0
6078,58.92563,0.0
6079,58.96759,0.0
6080,58.95233,0.0
6081,58.96759,0.0
6082,58.81882,0.0
6083,58.79211,0.0
6084,58.84552,0.0
6085,58.79211,0.0
6086,58.68149,0.0
6087,58.49838,0.0
6088,58.21228,0.0
6089,58.25424,0.0
6090,58.12836,0.0
6091,57.89948,0.0
6092,57.76215,0.0
6093,57.54471,0.0
6094,57.47223,0.0
6095,57.16324,0.0
6096,56.91147,0.0
6097,56.70166,0.0
6098,56.47278,0.0
6099,56.35834,0.0
6100,56.18286,0.0
6101,55.81284,0.0
6102,55.78995,0.0
6103,55.52292,0.0
6104,55.30167,0.0
6105,55.29785,0.0
6106,54.96597,0.0
6107,54.85916,0.0
6108,54.51584,0.0
6109,54.46625,0.0
6110,54.31366,0.0
6111,54.00085,0.0
6112,53.96271,0.0
6113,53.73383,0.0
6114,53.54691,0.0
6115,53.53546,0.0
6116,53.39813,0.0
6117,53.30658,0.0
6118,53.1311,0.0
6119,53.02811,0.0
6120,52.95181,0.0
6121,52.65045,0.0
6122,52.61993,0.0
6123,52.41013,0.0
6124,52.2728,0.0
6125,52.18506,0.0
6126,51.93329,0.0
6127,51.76163,0.0
6128,51.63956,0.0
6129,51.58997,0.0
6130,51.25046,0.0
6131,51.07498,0.0
6132,50.85754,0.0
6133,50.52185,0.0
6134,50.40741,0.0
6135,50.15945,0.0
6136,50.10986,0.0
6137,49.83902,0.0
6138,49.73984,0.0
6139,49.79324,0.0
6140,49.81995,0.0
6141,49.86191,0.0
6142,49.8085,0.0
6143,49.81995,0.0
6144,50.4303,0.0
6145,51.05972,0.0
6146,52.37961,0.0
6147,53.73001,0.0
6148,55.6488,0.0
6149,57.54089,0.0
6150,59.29947,0.0
6151,61.16104,0.0
6152,62.87384,0.0
6153,64.63623,0.0
6154,66.36047,0.0
6155,67.74521,0.0
6156,69.08035,0.0
6157,70.13702,0.0
6158,71.06018,0.0
6159,71.88797,0.0
6160,72.42203,0.0
6161,72.87598,0.0
6162,73.3757,0.0
6163,73.81058,0.0
6164,74.09668,0.0
6165,74.48578,0.0
6166,74.71847,0.0
6167,75.00458,0.0
6168,75.13809,0.0
6169,75.43182,0.0
6170,75.737,0.0
6171,76.06506,0.0
6172,76.46942,0.0
6173,77.07214,0.0
6174,77.61764,0.0
6175,77.98767,0.0
6176,78.81928,0.0
6177,79.19693,0.0
6178,79.92172,0.0
6179,80.65414,0.0
6180,81.3446,0.0
6181,81.82144,0.0
6182,82.78656,0.0
6183,83.36258,0.0
6184,83.8356,0.0
6185,84.36966,0.0
6186,85.00671,0.0
6187,85.45303,0.0
6188,85.79636,0.0
6189,86.20071,0.0
6190,86.23886,0.0
6191,86.44104,0.0
6192,86.36093,0.0
6193,86.21979,0.0
6194,85.92224,0.0
6195,85.62088,0.0
6196,85.11352,0.0
6197,84.53369,0.0
6198,83.77457,0.0
6199,83.03451,0.0
6200,82.11899,0.0
6201,80.88303,0.0
6202,79.55933,0.0
6203,78.31574,0.0
6204,76.90811,0.0
6205,75.48523,0.0
6206,74.42093,0.0
6207,73.24982,0.0
6208,72.58225,0.0
6209,71.86508,0.0
6210,71.07925,0.0
6211,70.61386,0.0
6212,70.03784,0.0
6213,69.45038,0.0
6214,68.89343,0.0
6215,68.67981,0.0
6216,68.22586,0.0
6217,67.88254,0.0
6218,67.56973,0.0
6219,67.31796,0.0
6220,67.02042,0.0
6221,66.78009,0.0
6222,66.47491,0.0
6223,66.35666,0.0
6224,65.97519,0.0
6225,65.73105,0.0
6226,65.24277,0.0
6227,64.75449,0.0
6228,64.64005,0.0
6229,64.22806,0.0
6230,63.69019,0.0
6231,63.35068,0.0
6232,62.78229,0.0
6233,62.33597,0.0
6234,61.6951,0.0
6235,61.24878,0.0
6236,60.87112,0.0
6237,60.33707,0.0
6238,59.94415,0.0
6239,59.67712,0.0
6240,59.00955,0.0
6241,58.92563,0.0
6242,58.55942,0.0
6243,58.24661,0.0
6244,57.98721,0.0
6245,57.92618,0.0
6246,57.64771,0.0
6247,57.65152,0.0
6248,57.48367,0.0
6249,57.43027,0.0
6250,57.31201,0.0
6251,57.41119,0.0
6252,57.25861,0.0
6253,57.23953,0.0
6254,57.19376,0.0
6255,57.01447,0.0
6256,57.01065,0.0
6257,56.88095,0.0
6258,56.99539,0.0
6259,56.77032,0.0
6260,56.9191,0.0
6261,56.69785,0.0
6262,56.70929,0.0
6263,56.56433,0.0
6264,56.47659,0.0
6265,56.44226,0.0
6266,56.28586,0.0
6267,56.19812,0.0
6268,55.95398,0.0
6269,55.83954,0.0
6270,55.94253,0.0
6271,55.64117,0.0
6272,55.48096,0.0
6273,55.30167,0.0
6274,55.28641,0.0
6275,55.233,0.0
6276,55.10712,0.0
6277,54.89349,0.0
6278,54.8439,0.0
6279,54.74853,0.0
6280,54.65317,0.0
6281,54.53873,0.0
6282,54.43191,0.0
6283,54.45099,0.0
6284,54.2717,0.0
6285,54.03519,0.0
6286,54.04282,0.0
6287,53.93601,0.0
6288,53.66516,0.0
6289,53.47443,0.0
6290,53.57361,0.0
6291,53.28369,0.0
6292,53.24173,0.0
6293,53.08151,0.0
6294,52.70386,0.0
6295,52.68097,0.0
6296,52.63901,0.0
6297,52.44064,0.0
6298,52.2995,0.0
6299,52.28805,0.0
6300,52.06299,0.0
6301,51.88751,0.0
6302,51.90659,0.0
6303,51.82648,0.0
6304,51.57089,0.0
6305,51.548,0.0
6306,51.30386,0.0
6307,51.32675,0.0
6308,51.05972,0.0
6309,50.95291,0.0
6310,50.73166,0.0
6311,50.39597,0.0
6312,50.31204,0.0
6313,49.95346,0.0
6314,49.92676,0.0
6315,49.78561,0.0
6316,49.68262,0.0
6317,49.77799,0.0
6318,49.73221,0.0
6319,49.54529,0.0
6320,49.40033,0.0
