,ts,label
0,146.52,0
1,145.16,0
2,145.85,0
3,149.85,0
4,155.83,0
5,152.22,0
6,155.2,0
7,164.25,0
8,152.37,0
9,149.47,0
10,154.26,0
11,165.91,0
12,162.35,0
13,157.92,0
14,157.09,0
15,153.0,0
16,160.33,0
17,160.5,0
18,164.04,0
19,167.23,0
20,162.51,0
21,160.91,0
22,170.87,0
23,175.37,0
24,178.86,0
25,176.99,0
26,167.53,0
27,169.32,0
28,170.18,0
29,176.75,0
30,177.94,0
31,175.06,0
32,194.99,0
33,195.14,0
34,188.14,0
35,185.58,0
36,183.53,0
37,176.02,0
38,173.47,0
39,172.95,0
40,182.03,0
41,176.68,0
42,171.97,0
43,177.64,0
44,175.74,0
45,187.32,0
46,176.9,0
47,188.76,0
48,191.52,0
49,185.51,0
50,182.2,0
51,187.22,0
52,184.76,0
53,197.94,0
54,192.97,0
55,206.1,0
56,190.91,0
57,189.37,0
58,190.19,0
59,183.27,0
60,188.46,0
61,189.6,0
62,196.98,0
63,190.81,0
64,197.84,0
65,184.21,0
66,194.74,0
67,199.9,0
68,213.71,0
69,195.99,0
70,192.65,0
71,203.22,0
72,206.91,0
73,194.56,0
74,188.81,0
75,195.77,0
76,205.35,0
77,210.42,0
78,213.09,0
79,206.01,0
80,201.21,0
81,197.62,0
82,195.35,0
83,194.56,0
84,195.51,0
85,204.77,0
86,199.88,0
87,208.92,0
88,197.28,0
89,209.01,0
90,201.08,0
91,202.42,0
92,198.22,0
93,188.6,0
94,201.87,0
95,194.09,0
96,189.18,0
97,194.99,0
98,195.91,0
99,193.65,0
100,203.26,0
101,205.69,0
102,187.95,0
103,187.47,0
104,198.47,0
105,209.08,0
106,212.93,0
107,206.3,0
108,202.4,0
109,201.05,0
110,208.11,0
111,205.92,0
112,209.99,0
113,216.9,0
114,212.66,0
115,211.03,0
116,207.62,0
117,202.64,0
118,194.2,0
119,205.0,0
120,204.96,0
121,207.32,0
122,210.57,0
123,208.13,0
124,222.06,0
125,208.89,0
126,204.75,0
127,197.97,0
128,203.96,0
129,208.94,0
130,194.63,0
131,205.31,0
132,208.42,0
133,210.61,0
134,217.15,0
135,220.46,0
136,202.6,0
137,225.69,0
138,234.2,0
139,219.24,0
140,225.64,0
141,222.89,0
142,224.7,0
143,228.4,0
144,210.41,0
145,208.78,0
146,211.5,0
147,220.32,0
148,210.43,0
149,234.53,0
150,214.22,0
151,217.87,0
152,222.61,0
153,215.79,0
154,218.0,0
155,201.97,0
156,215.49,0
157,230.64,0
158,226.57,0
159,229.26,0
160,222.15,0
161,226.21,0
162,224.35,0
163,198.62,0
164,205.98,0
165,205.48,0
166,210.93,0
167,216.58,0
168,220.79,0
169,215.06,0
170,208.37,0
171,213.03,0
172,221.25,0
173,203.14,0
174,206.42,0
175,208.51,0
176,225.57,0
177,203.11,0
178,196.64,0
179,204.13,0
180,203.39,0
181,191.48,0
182,197.4,0
183,222.21,0
184,210.58,0
185,201.59,0
186,198.99,0
187,198.83,0
188,196.88,0
189,194.1,0
190,196.67,0
191,189.54,0
192,188.37,0
193,195.88,0
194,183.27,0
195,194.21,0
196,205.34,0
197,198.1,0
198,215.0,0
199,209.85,0
200,191.44,0
201,178.44,0
202,192.09,0
203,190.37,0
204,188.02,0
205,186.01,0
206,181.29,0
207,187.51,0
208,189.43,0
209,191.48,0
210,181.9,0
211,188.7,0
212,188.36,0
213,198.61,0
214,171.87,0
215,176.39,0
216,179.35,0
217,175.19,0
218,174.86,0
219,181.21,0
220,174.41,0
221,188.95,0
222,160.69,0
223,167.5,0
224,173.82,0
225,172.75,0
226,164.96,0
227,166.32,0
228,165.59,0
229,172.17,0
230,173.2,0
231,161.56,0
232,170.07,0
233,159.08,0
234,168.16,0
235,165.19,0
236,157.62,0
237,167.69,0
238,170.85,0
239,163.22,0
240,167.4,0
241,152.68,0
242,163.29,0
243,160.87,0
244,161.2,0
245,152.56,0
246,156.2,0
247,158.03,0
248,162.24,0
249,163.07,0
250,167.44,0
251,163.82,0
252,160.72,0
253,167.11,0
254,160.05,0
255,165.06,0
256,168.98,0
257,168.51,0
258,169.77,0
259,172.86,0
260,167.25,0
261,171.16,0
262,178.19,0
263,180.36,0
264,161.25,0
265,165.4,0
266,170.68,0
267,170.3,0
268,174.01,0
269,168.32,0
270,165.18,0
271,173.22,0
272,178.39,0
273,175.95,0
274,182.91,0
275,162.59,0
276,178.12,0
277,170.93,0
278,184.45,0
279,185.66,0
280,178.65,0
281,177.95,0
282,177.92,0
283,179.47,0
284,178.16,0
285,169.29,0
286,167.86,0
287,174.34,0
288,198.4,0
289,189.2,0
290,202.47,0
291,177.94,0
292,191.86,0
293,188.96,0
294,187.79,0
295,184.75,0
296,187.96,0
297,192.42,0
298,190.78,0
299,197.82,0
300,187.36,0
301,175.35,0
302,182.17,0
303,186.98,0
304,187.3,0
305,171.43,0
306,176.68,0
307,175.77,0
308,182.74,0
309,171.59,0
310,175.37,0
311,168.54,0
312,172.46,0
313,166.0,0
314,166.81,0
315,168.25,0
316,167.18,0
317,164.93,0
318,171.74,0
319,171.06,0
320,169.92,0
321,166.2,0
322,176.34,0
323,166.85,0
324,170.81,0
325,166.42,0
326,164.06,0
327,158.71,0
328,164.62,0
329,171.99,0
330,170.95,0
331,174.82,0
332,177.03,0
333,176.31,0
334,188.04,0
335,174.16,0
336,176.25,0
337,169.31,0
338,173.45,0
339,170.0,0
340,174.58,0
341,168.33,0
342,173.63,0
343,178.25,0
344,178.54,0
345,169.56,0
346,183.79,0
347,180.16,0
348,202.91,0
349,186.68,0
350,181.06,0
351,179.16,0
352,219.12,0
353,195.28,0
354,185.25,0
355,188.87,0
356,178.93,0
357,168.36,0
358,176.33,0
359,196.58,0
360,194.19,0
361,180.0,0
362,178.04,0
363,176.92,0
364,172.43,0
365,167.87,0
366,163.86,0
367,172.69,0
368,171.29,0
369,175.68,0
370,173.75,0
371,182.63,0
372,181.15,0
373,178.96,0
374,177.43,0
375,190.51,0
376,177.09,0
377,177.12,0
378,173.59,0
379,175.06,0
380,173.8,0
381,168.3,0
382,175.92,0
383,177.81,0
384,174.82,0
385,176.31,0
386,184.27,0
387,186.16,0
388,204.21,0
389,200.75,0
390,203.0,0
391,195.54,0
392,200.61,0
393,192.15,0
394,187.65,0
395,169.69,0
396,183.03,0
397,181.47,0
398,185.28,0
399,193.73,0
400,178.75,0
401,183.8,0
402,177.33,0
403,185.11,0
404,184.96,0
405,184.45,0
406,205.38,0
407,209.04,0
408,201.25,0
409,196.84,0
410,187.47,0
411,188.62,0
412,189.75,0
413,183.77,0
414,178.2,0
415,168.53,0
416,189.08,0
417,207.69,0
418,196.0,0
419,188.53,0
420,187.2,0
421,197.47,0
422,184.58,0
423,180.91,0
424,173.87,0
425,178.76,0
426,182.01,0
427,187.71,0
428,185.59,0
429,192.28,0
430,190.98,0
431,186.45,0
432,179.41,0
433,187.65,0
434,187.34,0
435,185.51,0
436,203.18,0
437,188.04,0
438,200.44,0
439,198.01,0
440,185.75,0
441,173.91,0
442,185.11,0
443,170.49,0
444,181.22,0
445,187.43,0
446,195.31,0
447,193.63,0
448,188.12,0
449,182.36,0
450,194.36,0
451,190.68,0
452,187.18,0
453,168.04,0
454,172.94,0
455,176.39,0
456,188.69,0
457,190.77,0
458,208.07,0
459,195.36,0
460,174.31,0
461,185.39,0
462,170.13,0
463,193.73,0
464,206.67,0
465,182.08,0
466,193.74,0
467,193.1,0
468,206.41,0
469,195.2,0
470,182.75,0
471,189.52,0
472,189.29,0
473,174.99,0
474,184.39,0
475,191.43,0
476,202.94,0
477,189.2,0
478,193.24,0
479,185.69,0
480,186.65,0
481,179.74,0
482,199.61,0
483,180.93,0
484,175.66,0
485,190.11,0
486,189.34,0
487,186.39,0
488,177.22,0
489,193.25,0
490,180.8,0
491,186.84,0
492,183.5,0
493,193.38,0
494,192.55,0
495,184.89,0
496,184.67,0
497,189.8,0
498,191.31,0
499,177.91,0
500,169.07,0
501,189.81,0
502,192.52,0
503,177.14,0
504,179.49,0
505,182.65,0
506,186.36,0
507,192.07,0
508,177.49,0
509,175.04,0
510,176.48,0
511,179.39,0
512,186.39,0
513,183.56,0
514,183.84,0
515,178.02,0
516,187.19,0
517,196.83,0
518,188.87,0
519,185.0,0
520,173.44,0
521,179.1,0
522,172.08,0
523,191.01,0
524,184.24,0
525,180.01,0
526,189.83,0
527,187.95,0
528,193.45,0
529,188.51,0
530,176.39,0
531,192.03,0
532,204.38,0
533,189.09,0
534,185.07,0
535,180.15,0
536,169.59,0
537,175.94,0
538,181.61,0
539,178.7,0
540,181.69,0
541,183.21,0
542,186.64,0
543,188.28,0
544,167.71,0
545,171.05,0
546,160.29,0
547,169.63,0
548,179.61,0
549,183.27,0
550,183.72,0
551,183.96,0
552,182.89,0
553,166.82,0
554,166.28,0
555,168.64,0
556,179.74,0
557,194.69,0
558,173.77,0
559,170.68,0
560,159.49,0
561,164.26,0
562,169.68,0
563,162.2,0
564,161.07,0
565,164.39,0
566,156.95,0
567,161.59,0
568,157.67,0
569,159.9,0
570,166.53,0
571,158.15,0
572,169.11,0
573,163.61,0
574,167.51,0
575,166.93,0
576,157.04,0
577,162.38,0
578,165.72,0
579,164.74,0
580,160.31,0
581,171.73,0
582,156.07,0
583,162.09,0
584,164.18,0
585,161.97,0
586,170.39,0
587,160.49,0
588,158.53,0
589,162.32,0
590,162.87,0
591,158.54,0
592,165.69,0
593,160.0,0
594,159.74,0
595,161.91,0
596,159.05,0
597,156.06,0
598,160.39,0
599,162.86,0
600,163.9,0
601,158.84,0
602,159.9,0
603,169.27,0
604,154.84,0
605,167.96,0
606,168.49,0
607,153.04,0
608,150.99,0
609,155.86,0
610,151.02,0
611,157.03,0
612,160.35,0
613,163.25,0
614,153.94,0
615,162.37,0
616,160.06,0
617,160.66,0
618,147.74,0
619,151.32,0
620,154.3,0
621,156.29,0
622,159.78,0
623,161.89,0
624,157.83,0
625,158.82,0
626,162.75,0
627,163.9,0
628,163.03,0
629,155.93,0
630,155.75,0
631,163.96,0
632,163.66,0
633,157.45,0
634,163.13,0
635,166.29,0
636,168.09,0
637,163.74,0
638,168.42,0
639,169.34,0
640,159.32,0
641,167.12,0
642,166.28,0
643,167.47,0
644,165.19,0
645,176.02,0
646,168.54,0
647,176.71,0
648,170.12,0
649,160.56,0
650,170.76,0
651,165.96,0
652,157.74,0
653,162.21,0
654,167.94,0
655,165.14,0
656,166.79,0
657,158.3,0
658,165.96,0
659,165.44,0
660,159.0,0
661,164.17,0
662,160.56,0
663,171.74,0
664,169.68,0
665,167.05,0
666,170.2,0
667,167.02,0
668,164.17,0
669,160.64,0
670,162.25,0
671,160.45,0
672,161.71,0
673,156.97,0
674,162.4,0
675,172.35,0
676,171.88,0
677,167.34,0
678,170.54,0
679,163.46,0
680,163.71,0
681,163.32,0
682,165.77,0
683,164.09,0
684,168.69,0
685,172.93,0
686,172.63,0
687,166.13,0
688,176.6,0
689,177.01,0
690,172.5,0
691,170.21,0
692,174.5,0
693,163.37,0
694,177.63,0
695,178.47,0
696,171.9,0
697,185.85,0
698,183.53,0
699,180.71,0
700,184.63,0
701,171.0,0
702,162.65,0
703,172.5,0
704,175.29,0
705,193.56,0
706,190.28,0
707,182.1,0
708,181.17,0
709,178.69,0
710,187.04,0
711,177.77,0
712,165.71,0
713,167.11,0
714,177.76,0
715,175.42,0
716,167.33,0
717,172.73,0
718,163.96,0
719,167.97,0
720,173.75,0
721,170.55,0
722,176.31,0
723,184.19,0
724,171.3,0
725,180.23,0
726,170.18,0
727,172.44,0
728,165.24,0
729,165.55,0
730,169.18,0
731,174.45,0
732,182.54,0
733,178.99,0
734,179.69,0
735,206.36,0
736,200.56,0
737,175.0,0
738,173.43,0
739,175.84,0
740,168.0,0
741,174.59,0
742,173.34,0
743,176.64,0
744,184.3,0
745,175.54,0
746,174.33,0
747,166.37,0
748,175.4,0
749,172.21,0
750,171.6,0
751,176.31,0
752,183.01,0
753,174.15,0
754,181.84,0
755,183.77,0
756,186.43,0
757,177.31,0
758,183.01,0
759,187.94,0
760,188.27,0
761,184.34,0
762,178.3,0
763,195.17,0
764,183.62,0
765,180.44,0
766,181.57,0
767,176.48,0
768,181.24,0
769,185.7,0
770,195.49,0
771,191.02,0
772,185.22,0
773,197.07,0
774,199.79,0
775,203.77,0
776,186.08,0
777,190.04,0
778,178.16,0
779,186.88,0
780,183.27,0
781,182.56,0
782,178.64,0
783,192.21,0
784,197.21,0
785,192.79,0
786,186.13,0
787,175.39,0
788,175.92,0
789,176.8,0
790,170.86,0
791,182.89,0
792,177.41,0
793,171.05,0
794,184.2,0
795,184.92,0
796,180.31,0
797,168.36,0
798,176.47,0
799,169.26,0
800,165.57,0
801,163.96,0
802,161.82,0
803,172.54,0
804,176.76,0
805,177.38,0
806,191.26,0
807,190.05,0
808,192.82,0
809,188.76,0
810,176.29,0
811,179.72,0
812,173.25,0
813,176.74,0
814,180.44,0
815,176.03,0
816,179.2,0
817,173.12,0
818,170.61,0
819,182.21,0
820,178.04,0
821,178.97,0
822,170.17,0
823,175.81,0
824,177.44,0
825,200.17,0
826,183.43,0
827,179.65,0
828,181.3,0
829,173.07,0
830,175.16,0
831,185.41,0
832,174.98,0
833,168.11,0
834,167.56,0
835,166.2,0
836,170.68,0
837,172.2,0
838,178.72,0
839,182.28,0
840,176.18,0
841,189.82,0
842,178.06,0
843,171.95,0
844,170.84,0
845,176.16,0
846,176.44,0
847,164.62,0
848,159.09,0
849,158.47,0
850,168.72,0
851,168.21,0
852,165.32,0
853,165.08,0
854,171.84,0
855,171.15,0
856,167.31,0
857,173.1,0
858,163.04,0
859,158.49,0
860,160.51,0
861,156.83,0
862,152.79,0
863,148.7,0
864,157.29,0
865,157.48,0
866,152.42,0
867,158.35,0
868,159.49,0
869,159.75,0
870,165.22,0
871,152.41,0
872,158.86,0
873,150.89,0
874,148.74,0
875,149.05,0
876,149.23,0
877,156.63,0
878,157.14,0
879,153.95,0
880,153.32,0
881,151.46,0
882,141.22,0
883,151.02,0
884,149.74,0
885,157.64,0
886,152.8,0
887,154.09,0
888,153.24,0
889,147.51,0
890,153.94,0
891,154.0,0
892,157.52,0
893,146.7,0
894,147.97,0
895,147.7,0
896,142.69,0
897,138.57,0
898,137.72,0
899,132.52,0
900,136.85,0
901,138.95,0
902,147.31,0
903,142.47,0
904,136.72,0
905,136.53,0
906,140.77,0
907,141.18,0
908,141.29,0
909,141.16,0
910,147.68,0
911,140.23,0
912,143.78,0
913,147.58,0
914,146.38,0
915,150.41,0
916,148.36,0
917,149.29,0
918,143.89,0
919,141.0,0
920,139.89,0
921,141.11,0
922,146.02,0
923,143.27,0
924,140.73,0
925,144.25,0
926,137.9,0
927,142.7,0
928,142.51,0
929,140.64,0
930,138.81,0
931,137.45,0
932,141.48,0
933,139.42,0
934,135.22,0
935,139.75,0
936,137.03,0
937,139.48,0
938,140.6,0
939,138.31,0
940,134.41,0
941,136.59,0
942,137.38,0
943,140.59,0
944,138.13,0
945,136.84,0
946,139.42,0
947,140.26,0
948,135.37,0
949,134.83,0
950,138.01,0
951,137.51,0
952,136.97,0
953,129.2,0
954,128.58,0
955,130.74,0
956,135.44,0
957,134.02,0
958,134.09,0
959,134.64,0
960,129.93,0
961,128.47,0
962,132.47,0
963,127.23,0
964,130.91,0
965,137.86,0
966,130.76,0
967,131.5,0
968,127.98,0
969,132.94,0
970,132.99,0
971,124.36,0
972,129.37,0
973,130.17,0
974,132.18,0
975,129.98,0
976,139.46,0
977,136.52,0
978,131.17,0
979,131.84,0
980,130.29,0
981,131.78,0
982,129.57,0
983,133.14,0
984,134.4,0
985,132.45,0
986,124.65,0
987,128.49,0
988,136.27,0
989,132.83,0
990,131.48,0
991,134.37,0
992,130.67,0
993,130.05,0
994,131.39,0
995,129.24,0
996,164.17,0
997,164.23,0
998,158.45,0
999,158.14,0
1000,159.32,0
1001,146.37,0
1002,160.48,0
1003,154.89,0
1004,148.23,0
1005,156.97,0
1006,152.64,0
1007,155.02,0
1008,144.35,0
1009,147.14,0
1010,148.95,0
1011,163.24,0
1012,140.87,0
1013,137.01,0
1014,137.02,0
1015,131.67,0
1016,136.21,0
1017,136.98,0
1018,136.84,0
1019,140.64,0
1020,138.99,0
1021,137.21,0
1022,131.61,0
1023,135.92,0
1024,136.42,0
1025,134.91,0
1026,135.61,0
1027,135.56,0
1028,150.93,0
1029,152.65,0
1030,147.68,0
1031,139.55,0
1032,142.05,0
1033,145.42,0
1034,149.16,0
1035,149.27,0
1036,146.58,0
1037,155.18,0
1038,141.09,0
1039,142.42,0
1040,146.85,0
1041,148.12,0
1042,146.24,0
1043,143.46,0
1044,142.59,0
1045,148.23,0
1046,147.82,0
1047,138.31,0
1048,128.77,0
1049,133.4,0
1050,139.22,0
1051,135.77,0
1052,124.68,0
1053,130.62,0
1054,139.85,0
1055,134.02,0
1056,133.49,0
1057,141.97,0
1058,142.12,0
1059,138.3,0
1060,141.67,0
1061,132.4,0
1062,136.95,0
1063,132.7,0
1064,130.94,0
1065,135.35,0
1066,141.39,0
1067,139.77,0
1068,144.3,0
1069,140.1,0
1070,138.43,0
1071,150.52,0
1072,139.47,0
1073,135.38,0
1074,139.32,0
1075,138.75,0
1076,143.84,0
1077,135.16,0
1078,135.05,0
1079,133.56,0
1080,125.2,0
1081,143.89,0
1082,137.51,0
1083,135.12,0
1084,142.4,0
1085,140.02,0
1086,136.87,0
1087,137.85,0
1088,131.44,0
1089,128.79,0
1090,128.89,0
1091,119.81,0
1092,135.82,0
1093,129.68,0
1094,126.72,0
1095,131.41,0
1096,127.7,0
1097,125.91,0
1098,129.53,0
1099,122.23,0
1100,130.62,0
1101,125.01,0
1102,136.89,0
1103,135.97,0
1104,132.96,0
1105,130.73,0
1106,134.62,0
1107,145.28,0
1108,139.12,0
1109,141.3,0
1110,137.47,0
1111,140.49,0
1112,133.17,0
1113,111.1,0
1114,133.8,0
1115,122.17,0
1116,132.07,0
1117,136.22,0
1118,130.93,0
1119,129.05,0
1120,127.86,0
1121,127.25,0
1122,133.85,0
1123,129.34,0
1124,123.55,0
1125,127.0,0
1126,126.29,0
1127,118.47,0
1128,128.14,0
1129,141.63,0
1130,134.2,0
1131,137.59,0
1132,122.84,0
1133,114.17,0
1134,121.26,0
1135,134.97,0
1136,140.48,0
1137,125.11,0
1138,121.8,0
1139,114.58,0
1140,126.17,0
1141,123.7,0
1142,120.78,0
1143,119.76,0
1144,111.69,0
1145,110.92,0
1146,119.71,0
1147,135.36,0
1148,133.58,0
1149,123.61,0
1150,131.68,0
1151,133.17,0
1152,123.61,0
1153,119.65,0
1154,118.25,0
1155,115.27,0
1156,134.24,0
1157,122.96,0
1158,123.83,0
1159,131.76,0
1160,125.3,0
1161,131.03,0
1162,123.46,0
1163,119.99,0
1164,125.74,0
1165,119.8,0
1166,126.35,0
1167,129.6,0
1168,129.43,0
1169,136.96,0
1170,132.72,0
1171,129.96,0
1172,117.9,0
1173,117.52,0
1174,115.98,0
1175,131.48,0
1176,115.92,0
1177,141.13,0
1178,134.96,0
1179,122.11,0
1180,123.87,0
1181,124.91,0
1182,121.99,0
1183,133.77,0
1184,143.04,0
1185,130.07,0
1186,124.96,0
1187,135.6,0
1188,127.81,0
1189,117.28,0
1190,117.26,0
1191,132.77,0
1192,123.36,0
1193,134.0,0
1194,129.35,0
1195,122.16,0
1196,126.8,0
1197,128.96,0
1198,122.15,0
1199,128.91,0
1200,119.75,0
1201,124.0,0
1202,129.39,0
1203,126.52,0
1204,122.86,0
1205,125.68,0
1206,129.18,0
1207,123.79,0
1208,126.52,0
1209,130.02,0
1210,144.6,0
1211,122.78,0
1212,127.53,0
1213,126.2,0
1214,134.11,0
1215,118.43,0
1216,134.69,0
1217,127.7,0
1218,122.78,0
1219,124.52,0
1220,119.2,0
1221,121.28,0
1222,128.69,0
1223,122.48,0
1224,123.27,0
1225,120.52,0
1226,128.48,0
1227,119.74,0
1228,129.54,0
1229,135.06,0
1230,127.72,0
1231,129.01,0
1232,114.1,0
1233,118.93,0
1234,125.46,0
1235,125.85,0
1236,117.48,0
1237,120.98,0
1238,129.6,0
1239,119.46,0
1240,122.07,0
1241,119.65,0
1242,121.2,0
1243,118.37,0
1244,128.38,0
1245,128.26,0
1246,128.16,0
1247,117.74,0
1248,129.42,0
1249,130.54,0
1250,135.43,0
1251,133.54,0
1252,125.14,0
1253,118.32,0
1254,125.59,0
1255,121.97,0
1256,122.77,0
1257,117.64,0
1258,117.41,0
1259,116.26,0
1260,130.15,0
1261,127.03,0
1262,127.13,0
1263,132.76,0
1264,121.19,0
1265,127.19,0
1266,129.24,0
1267,124.89,0
1268,121.44,0
1269,131.62,0
1270,121.44,0
1271,123.53,0
1272,124.87,0
1273,125.9,0
1274,134.01,0
1275,136.91,0
1276,148.89,0
1277,136.58,0
1278,134.48,0
1279,131.29,0
1280,124.92,0
1281,132.06,0
1282,136.57,0
1283,147.8,0
1284,136.34,0
1285,141.87,0
1286,137.63,0
1287,131.66,0
1288,140.41,0
1289,129.65,0
1290,130.1,0
1291,140.19,0
1292,130.02,0
1293,127.83,0
1294,133.8,0
1295,127.9,0
1296,128.37,0
1297,134.11,0
1298,139.44,0
1299,124.14,0
1300,134.0,0
1301,131.2,0
1302,127.14,0
1303,135.08,0
1304,131.09,0
1305,134.21,0
1306,139.01,0
1307,134.9,0
1308,137.62,0
1309,140.76,0
1310,124.66,0
1311,131.06,0
1312,124.77,0
1313,127.24,0
1314,127.2,0
1315,126.85,0
1316,130.37,0
1317,126.22,0
1318,123.82,0
1319,134.56,0
1320,129.38,0
1321,134.74,0
1322,132.58,0
1323,128.97,0
1324,140.49,0
1325,148.13,0
1326,147.78,0
1327,151.6,0
1328,141.7,0
1329,155.65,0
1330,141.09,0
1331,150.19,0
1332,143.99,0
1333,143.23,0
1334,146.65,0
1335,144.09,0
1336,139.09,0
1337,146.1,0
1338,138.05,0
1339,140.63,0
1340,136.41,0
1341,144.11,0
1342,144.59,0
1343,146.36,0
1344,144.06,0
1345,140.3,0
1346,140.29,0
1347,135.95,0
1348,134.62,0
1349,134.91,0
1350,137.46,0
1351,137.52,0
1352,139.88,0
1353,134.22,0
1354,140.37,0
1355,137.38,0
1356,138.18,0
1357,140.56,0
1358,134.74,0
1359,138.42,0
1360,134.0,0
1361,135.78,0
1362,142.39,0
1363,138.07,0
1364,142.41,0
1365,144.49,0
1366,141.44,0
1367,137.44,0
1368,145.68,0
1369,134.03,0
1370,133.44,0
1371,135.74,0
1372,138.07,0
1373,137.3,0
1374,140.85,0
1375,138.47,0
1376,140.29,0
1377,134.92,0
1378,128.53,0
1379,126.4,0
1380,133.68,0
1381,133.8,0
1382,133.55,0
1383,132.06,0
1384,135.08,0
1385,136.92,0
1386,131.51,0
1387,137.76,0
1388,135.5,0
1389,138.76,0
1390,132.49,0
1391,135.88,0
1392,138.37,0
1393,140.96,0
1394,154.57,0
1395,161.37,0
1396,149.95,0
1397,153.95,0
1398,175.12,0
1399,167.3,0
1400,146.39,0
1401,143.82,0
1402,137.48,0
1403,146.73,0
1404,150.12,0
1405,142.51,0
1406,163.79,0
1407,163.49,0
1408,170.84,0
1409,163.85,0
1410,165.24,0
1411,171.94,0
1412,161.72,0
1413,157.1,0
1414,154.77,0
1415,165.68,0
1416,166.6,0
1417,159.7,0
1418,164.09,0
1419,160.22,0
1420,155.49,0
1421,153.69,0
1422,158.68,0
1423,158.63,0
1424,157.46,0
1425,152.51,0
1426,151.84,0
1427,157.43,0
1428,160.86,0
1429,156.48,0
1430,151.5,0
1431,162.49,0
1432,153.24,0
1433,152.78,0
1434,149.77,0
1435,148.2,0
1436,154.1,0
1437,154.04,0
1438,147.31,0
1439,150.31,0
1440,153.78,0
1441,156.09,0
1442,148.69,0
1443,152.74,0
1444,164.2,0
1445,165.26,0
1446,159.0,0
1447,161.07,0
1448,156.39,0
1449,162.09,0
1450,151.42,0
1451,163.75,0
1452,156.56,0
1453,153.67,0
1454,157.29,0
1455,161.8,0
1456,159.14,0
1457,158.77,0
1458,159.54,0
1459,161.26,0
1460,174.83,0
1461,169.42,0
1462,167.45,0
1463,175.76,0
1464,164.57,0
1465,157.09,0
1466,161.11,0
1467,163.63,0
1468,158.6,0
1469,163.25,0
1470,169.49,0
1471,172.36,0
1472,172.85,0
1473,156.98,0
1474,165.93,0
1475,160.78,0
1476,177.06,0
1477,166.31,0
1478,168.98,0
1479,161.69,0
1480,167.84,0
1481,173.97,0
1482,172.78,0
1483,164.27,0
1484,162.82,0
1485,168.41,0
1486,171.71,0
1487,169.33,0
1488,169.95,0
1489,176.03,0
1490,180.37,0
1491,177.02,0
1492,189.33,0
1493,179.98,0
1494,186.92,0
1495,187.54,0
1496,187.37,0
1497,182.07,0
1498,174.21,0
1499,168.32,0
1500,172.06,0
1501,178.07,0
1502,175.29,0
1503,167.33,0
1504,169.15,0
1505,176.96,0
1506,169.38,0
1507,172.92,0
1508,168.82,0
1509,165.12,0
1510,178.06,0
1511,176.85,0
1512,173.22,0
1513,175.37,0
1514,184.23,0
1515,183.99,0
1516,186.9,0
1517,175.59,0
1518,183.25,0
1519,181.76,0
1520,177.57,0
1521,186.21,0
1522,184.15,0
1523,184.17,0
1524,193.37,0
1525,184.28,0
1526,186.66,0
1527,190.56,0
1528,184.77,0
1529,183.61,0
1530,185.84,0
1531,188.75,0
1532,189.35,0
1533,184.73,0
1534,183.42,0
1535,190.49,0
1536,188.44,0
1537,201.24,0
1538,195.06,0
1539,193.66,0
1540,193.74,0
1541,190.45,0
1542,182.39,0
1543,189.64,0
1544,180.09,0
1545,190.33,0
1546,198.39,0
1547,196.5,0
1548,185.02,0
1549,192.22,0
1550,194.65,0
1551,201.98,0
1552,206.69,0
1553,195.35,0
1554,206.75,0
1555,199.26,0
1556,202.24,0
1557,196.72,0
1558,205.17,0
1559,202.44,0
1560,194.4,0
1561,194.0,0
1562,198.27,0
1563,190.25,0
1564,193.15,0
1565,187.05,0
1566,190.78,0
1567,198.76,0
1568,187.31,0
1569,193.24,0
1570,204.33,0
1571,191.02,0
1572,198.56,0
1573,204.9,0
1574,202.68,0
1575,206.64,0
1576,206.11,0
1577,203.25,0
1578,199.27,0
1579,194.44,0
1580,187.07,0
1581,195.11,0
1582,196.69,0
1583,195.2,0
1584,203.36,0
1585,196.41,0
1586,199.86,0
1587,212.21,0
1588,211.93,0
1589,203.12,0
1590,203.13,0
1591,197.68,0
1592,199.84,0
1593,196.54,0
1594,201.88,0
1595,201.61,0
1596,201.93,0
1597,203.79,0
1598,205.59,0
1599,208.12,0
1600,206.64,0
1601,206.68,0
1602,198.42,0
1603,194.47,0
1604,196.48,0
1605,205.17,0
1606,198.08,0
1607,194.32,0
1608,200.58,0
1609,191.85,0
1610,196.75,0
1611,186.26,0
1612,206.0,0
1613,191.0,0
1614,198.01,0
1615,194.97,0
1616,194.03,0
1617,185.57,0
1618,187.54,0
1619,182.22,0
1620,192.87,0
1621,194.45,0
1622,191.45,0
1623,176.85,0
1624,191.0,0
1625,184.87,0
1626,179.96,0
1627,175.7,0
1628,183.02,0
1629,184.7,0
1630,181.81,0
1631,185.56,0
1632,178.66,0
1633,170.95,0
1634,178.91,0
1635,179.9,0
1636,185.54,0
1637,177.54,0
1638,175.54,0
1639,181.52,0
1640,180.61,0
1641,176.84,0
1642,164.29,0
1643,169.1,0
1644,169.36,0
1645,172.7,0
1646,167.04,0
1647,171.96,0
1648,161.85,0
1649,183.05,0
1650,174.46,0
1651,172.85,0
1652,166.61,0
1653,163.41,0
1654,168.14,0
1655,163.06,0
1656,164.83,0
1657,167.52,0
1658,170.41,0
1659,163.96,0
1660,166.6,0
1661,168.01,0
1662,164.92,0
1663,167.32,0
1664,170.29,0
1665,172.72,0
1666,171.89,0
1667,170.93,0
1668,163.9,0
1669,159.46,0
1670,170.16,0
1671,163.62,0
1672,161.51,0
1673,159.36,0
1674,163.56,0
1675,159.02,0
1676,164.14,0
1677,152.24,0
1678,157.04,0
1679,165.72,0
1680,158.37,0
1681,161.22,0
1682,157.29,0
1683,156.84,0
1684,163.1,0
1685,166.77,0
1686,157.53,0
1687,167.26,0
1688,163.93,0
1689,165.96,0
1690,163.29,0
1691,161.84,0
1692,163.05,0
1693,160.02,0
1694,165.12,0
1695,164.06,0
1696,168.27,0
1697,166.48,0
1698,169.79,0
1699,170.69,0
1700,170.38,0
1701,173.16,0
1702,159.41,0
1703,160.89,0
1704,159.98,0
1705,165.01,0
1706,166.03,0
1707,169.42,0
1708,162.47,0
1709,161.68,0
1710,170.08,0
1711,173.3,0
1712,164.15,0
1713,160.92,0
1714,167.8,0
1715,162.85,0
1716,173.61,0
1717,164.3,0
1718,173.49,0
1719,166.6,0
1720,172.06,0
1721,165.06,0
1722,169.28,0
1723,164.42,0
1724,165.41,0
1725,170.14,0
1726,187.9,0
1727,175.64,0
1728,173.38,0
1729,174.31,0
1730,190.17,0
1731,176.82,0
1732,176.08,0
1733,172.75,0
1734,173.58,0
1735,178.28,0
1736,177.6,0
1737,169.86,0
1738,183.81,0
1739,176.14,0
1740,178.3,0
1741,173.88,0
1742,166.37,0
1743,177.02,0
1744,175.6,0
1745,174.8,0
1746,167.76,0
1747,164.89,0
1748,169.61,0
1749,173.18,0
1750,172.19,0
1751,172.46,0
1752,170.42,0
1753,169.19,0
1754,169.28,0
1755,168.84,0
1756,171.94,0
1757,162.38,0
1758,168.79,0
1759,174.11,0
1760,171.03,0
1761,164.82,0
1762,163.0,0
1763,164.11,0
1764,171.34,0
1765,171.05,0
1766,163.76,0
1767,175.3,0
1768,177.14,0
1769,172.62,0
1770,168.93,0
1771,171.03,0
1772,170.38,0
1773,171.46,0
1774,166.5,0
1775,176.58,0
1776,166.72,0
1777,178.28,0
1778,180.72,0
1779,177.38,0
1780,178.79,0
1781,169.26,0
1782,169.08,0
1783,180.35,0
1784,184.87,0
1785,183.46,0
1786,179.57,0
1787,188.77,0
1788,180.21,0
1789,169.85,0
1790,176.01,0
1791,183.6,0
1792,173.22,0
1793,181.07,0
1794,179.72,0
1795,175.47,0
1796,170.94,0
1797,196.75,0
1798,193.2,0
1799,177.41,0
1800,174.24,0
1801,178.86,0
1802,179.33,0
1803,178.25,0
1804,182.3,0
1805,180.06,0
1806,175.23,0
1807,172.97,0
1808,167.02,0
1809,168.22,0
1810,162.46,0
1811,160.66,0
1812,160.85,0
1813,163.91,0
1814,166.34,0
1815,172.72,0
1816,170.18,0
1817,172.28,0
1818,165.49,0
1819,163.95,0
1820,164.56,0
1821,170.94,0
1822,165.63,0
1823,164.48,0
1824,162.96,0
1825,173.28,0
1826,175.2,0
1827,176.22,0
1828,172.06,0
1829,170.63,0
1830,166.46,0
1831,175.77,0
1832,179.0,0
1833,173.0,0
1834,170.85,0
1835,175.15,0
1836,180.0,0
1837,191.89,0
1838,175.0,0
1839,169.8,0
1840,175.02,0
1841,182.38,0
1842,182.39,0
1843,187.71,0
1844,190.19,0
1845,192.96,0
1846,187.47,0
1847,182.17,0
1848,178.83,0
1849,183.83,0
1850,176.26,0
1851,176.86,0
1852,176.44,0
1853,175.99,0
1854,183.34,0
1855,182.63,0
1856,187.92,0
1857,192.65,0
1858,177.63,0
1859,172.92,0
1860,173.25,0
1861,162.12,0
1862,166.41,0
1863,177.66,0
1864,181.1,0
1865,171.64,0
1866,169.78,0
1867,166.26,0
1868,181.45,0
1869,173.66,0
1870,179.21,0
1871,180.17,0
1872,195.11,0
1873,202.44,0
1874,191.5,0
1875,175.49,0
1876,176.19,0
1877,186.4,0
1878,182.8,0
1879,183.44,0
1880,177.75,0
1881,176.05,0
1882,173.77,0
1883,183.97,0
1884,191.14,0
1885,185.66,0
1886,178.61,0
1887,173.65,0
1888,173.59,0
1889,165.72,0
1890,178.6,0
1891,175.75,0
1892,182.45,0
1893,195.08,0
1894,181.78,0
1895,185.02,0
1896,184.2,0
1897,183.29,0
1898,170.94,0
1899,164.48,0
1900,169.48,0
1901,194.85,0
1902,181.09,0
1903,193.93,0
1904,176.2,0
1905,181.47,0
1906,187.03,0
1907,183.69,0
1908,184.78,0
1909,181.53,0
1910,186.81,0
1911,185.37,0
1912,189.28,0
1913,187.61,0
1914,179.68,0
1915,190.67,0
1916,173.71,0
1917,178.85,0
1918,181.68,0
1919,188.99,0
1920,188.86,0
1921,177.45,0
1922,184.74,0
1923,183.12,0
1924,178.34,0
1925,169.52,0
1926,172.61,0
1927,182.19,0
1928,166.48,0
1929,176.78,0
1930,164.84,0
1931,164.31,0
1932,174.63,0
1933,183.34,0
1934,196.8,0
1935,180.81,0
1936,174.18,0
1937,178.86,0
1938,168.62,0
1939,180.45,0
1940,190.99,0
1941,186.43,0
1942,182.58,0
1943,174.58,0
1944,176.36,0
1945,187.52,0
1946,178.92,0
1947,187.59,0
1948,176.49,0
1949,174.86,0
1950,167.8,0
1951,169.01,0
1952,171.42,0
1953,172.91,0
1954,171.31,0
1955,181.37,0
1956,184.3,0
1957,201.53,0
1958,171.86,0
1959,169.82,0
1960,164.38,0
1961,174.8,0
1962,183.99,0
1963,186.03,0
1964,184.45,0
1965,180.34,0
1966,176.11,0
1967,179.56,0
1968,175.25,0
1969,171.05,0
1970,172.87,0
1971,176.52,0
1972,165.26,0
1973,165.33,0
1974,173.31,0
1975,169.43,0
1976,164.69,0
1977,168.8,0
1978,168.77,0
1979,168.28,0
1980,159.17,0
1981,168.86,0
1982,175.44,0
1983,169.68,0
1984,184.96,0
1985,167.48,0
1986,174.04,0
1987,176.7,0
1988,165.71,0
1989,166.97,0
1990,166.96,0
1991,165.11,0
1992,157.12,0
1993,163.05,0
1994,171.25,0
1995,169.84,0
1996,163.94,0
1997,172.2,0
1998,183.72,0
1999,173.08,0
2000,169.2,0
2001,165.82,0
2002,167.96,0
2003,160.3,0
2004,171.62,0
2005,172.76,0
2006,163.07,0
2007,171.67,0
2008,162.61,0
2009,165.48,0
2010,162.85,0
2011,158.11,0
2012,159.51,0
2013,166.1,0
2014,167.08,0
2015,158.16,0
2016,155.37,0
2017,152.32,0
2018,149.53,0
2019,151.95,0
2020,155.48,0
2021,160.15,0
2022,166.35,0
2023,161.52,0
2024,170.12,0
2025,159.82,0
2026,163.59,0
2027,157.25,0
2028,158.13,0
2029,158.44,0
2030,153.73,0
2031,163.68,0
2032,167.98,0
2033,160.5,0
2034,162.56,0
2035,156.44,0
2036,152.41,0
2037,151.18,0
2038,152.9,0
2039,152.42,0
2040,154.0,0
2041,151.56,0
2042,155.45,0
2043,154.26,0
2044,156.49,0
2045,154.4,0
2046,152.03,0
2047,158.98,0
2048,154.35,0
2049,150.91,0
2050,153.98,0
2051,156.74,0
2052,159.66,0
2053,161.09,0
2054,154.95,0
2055,154.24,0
2056,161.37,0
2057,160.76,0
2058,160.75,0
2059,157.7,0
2060,157.49,0
2061,158.42,0
2062,154.37,0
2063,151.45,0
2064,151.34,0
2065,158.2,0
2066,158.59,0
2067,160.6,0
2068,168.41,0
2069,158.16,0
2070,145.32,0
2071,154.85,0
2072,156.91,0
2073,161.02,0
2074,161.19,0
2075,152.15,0
2076,154.69,0
2077,151.59,0
2078,152.97,0
2079,154.17,0
2080,158.49,0
2081,154.95,0
2082,157.59,0
2083,154.54,0
2084,157.13,0
2085,160.45,0
2086,163.51,0
2087,163.51,0
2088,158.92,0
2089,157.39,0
2090,150.37,0
2091,153.95,0
2092,147.82,0
2093,151.79,0
2094,154.18,0
2095,156.12,0
2096,162.26,0
2097,169.05,0
2098,164.11,0
2099,148.56,0
2100,153.05,0
2101,155.18,0
2102,159.14,0
2103,154.55,0
2104,157.83,0
2105,160.12,0
2106,172.32,0
2107,169.59,0
2108,154.11,0
2109,158.52,0
2110,157.76,0
2111,157.66,0
2112,166.35,0
2113,170.09,0
2114,165.79,0
2115,166.0,0
2116,164.34,0
2117,158.83,0
2118,166.69,0
2119,161.39,0
2120,156.82,0
2121,162.56,0
2122,155.84,0
2123,162.75,0
2124,163.09,0
2125,162.65,0
2126,164.34,0
2127,172.62,0
2128,164.08,0
2129,156.35,0
2130,159.18,0
2131,165.32,0
2132,162.23,0
2133,166.73,0
2134,164.51,0
2135,162.05,0
2136,160.38,0
2137,165.57,0
2138,166.55,0
2139,171.73,0
2140,170.54,0
2141,184.33,0
2142,185.74,0
2143,176.49,0
2144,179.64,0
2145,171.93,0
2146,166.68,0
2147,158.39,0
2148,167.85,0
2149,168.82,0
2150,165.49,0
2151,166.09,0
2152,162.59,0
2153,170.35,0
2154,158.9,0
2155,161.12,0
2156,172.91,0
2157,177.66,0
2158,175.39,0
2159,162.69,0
2160,167.64,0
2161,169.27,0
2162,180.29,0
2163,175.36,0
2164,171.63,0
2165,171.01,0
2166,161.77,0
2167,164.79,0
2168,164.95,0
2169,169.2,0
2170,166.76,0
2171,168.7,0
2172,179.96,0
2173,176.61,0
2174,173.26,0
2175,176.92,0
2176,172.77,0
2177,175.09,0
2178,169.81,0
2179,172.46,0
2180,180.66,0
2181,183.32,0
2182,189.12,0
2183,172.13,0
2184,179.35,0
2185,175.79,0
2186,183.18,0
2187,173.48,0
2188,181.83,0
2189,171.42,0
2190,171.74,0
2191,181.28,0
2192,173.22,0
2193,172.76,0
2194,173.03,0
2195,181.68,0
2196,176.49,0
2197,176.58,0
2198,182.8,0
2199,176.33,0
2200,178.78,0
2201,184.22,0
2202,183.53,0
2203,175.09,0
2204,177.04,0
2205,174.41,0
2206,188.51,0
2207,189.9,0
2208,180.71,0
2209,173.12,0
2210,171.05,0
2211,172.03,0
2212,171.87,0
2213,173.79,0
2214,171.97,0
2215,181.26,0
2216,187.68,0
2217,189.58,0
2218,192.59,0
2219,193.82,0
2220,186.66,0
2221,189.85,0
2222,182.68,0
2223,175.1,0
2224,188.16,0
2225,189.05,0
2226,173.37,0
2227,176.69,0
2228,189.73,0
2229,178.73,0
2230,175.63,0
2231,174.62,0
2232,186.67,0
2233,177.61,0
2234,174.95,0
2235,176.59,0
2236,187.12,0
2237,176.49,0
2238,174.55,0
2239,174.12,0
2240,172.75,0
2241,175.54,0
2242,174.41,0
2243,166.74,0
2244,173.8,0
2245,174.53,0
2246,177.74,0
2247,171.36,0
2248,170.23,0
2249,172.2,0
2250,184.9,0
2251,173.06,0
2252,186.89,0
2253,180.19,0
2254,186.37,0
2255,172.02,0
2256,190.44,0
2257,197.84,0
2258,199.11,0
2259,182.87,0
2260,201.6,0
2261,182.0,0
2262,189.62,0
2263,190.95,0
2264,188.53,0
2265,206.51,0
2266,196.85,0
2267,202.92,0
2268,179.98,0
2269,173.56,0
2270,175.71,0
2271,185.53,0
2272,178.8,0
2273,182.39,0
2274,185.96,0
2275,188.44,0
2276,174.08,0
2277,183.31,0
2278,182.66,0
2279,184.04,0
2280,182.0,0
2281,184.5,0
2282,178.94,0
2283,177.84,0
2284,180.78,0
2285,167.3,0
2286,164.92,0
2287,163.6,0
2288,181.23,0
2289,177.43,0
2290,184.81,0
2291,181.73,0
2292,173.15,0
2293,170.89,0
2294,171.75,0
2295,166.36,0
2296,170.9,0
2297,167.3,0
2298,163.69,0
2299,157.14,0
2300,165.27,0
2301,160.2,0
2302,156.89,0
2303,158.84,0
2304,164.23,0
2305,160.14,0
2306,156.52,0
2307,148.91,0
2308,157.69,0
2309,163.03,0
2310,155.98,0
2311,158.19,0
2312,155.55,0
2313,156.32,0
2314,151.74,0
2315,146.6,0
2316,156.55,0
2317,151.72,0
2318,148.98,0
2319,154.48,0
2320,153.49,0
2321,158.49,0
2322,158.25,0
2323,154.38,0
2324,152.44,0
2325,149.86,0
2326,145.83,0
2327,145.72,0
2328,144.14,0
2329,144.84,0
2330,143.33,0
2331,140.76,0
2332,140.98,0
2333,160.91,0
2334,161.02,0
2335,152.31,0
2336,153.49,0
2337,144.03,0
2338,144.79,0
2339,142.45,0
2340,142.45,0
2341,142.66,0
2342,143.63,0
2343,145.45,0
2344,146.82,0
2345,151.86,0
2346,149.19,0
2347,146.85,0
2348,143.26,0
2349,148.18,0
2350,148.19,0
2351,145.61,0
2352,146.47,0
2353,142.68,0
2354,148.4,0
2355,142.92,0
2356,139.32,0
2357,144.07,0
2358,144.73,0
2359,145.53,0
2360,149.16,0
2361,145.2,0
2362,142.6,0
2363,143.05,0
2364,145.06,0
2365,146.0,0
2366,140.55,0
2367,135.16,0
2368,140.78,0
2369,138.96,0
2370,138.6,0
2371,143.51,0
2372,146.48,0
2373,144.19,0
2374,138.16,0
2375,138.77,0
2376,144.08,0
2377,138.1,0
2378,137.21,0
2379,139.06,0
2380,142.68,0
2381,143.77,0
2382,139.9,0
2383,142.18,0
2384,141.33,0
2385,141.63,0
2386,135.77,0
2387,133.54,0
2388,135.6,0
2389,137.69,0
2390,136.15,0
2391,138.43,0
2392,134.46,0
2393,133.88,0
2394,128.71,0
2395,132.78,0
2396,131.7,0
2397,138.42,0
2398,135.3,0
2399,132.3,0
2400,137.08,0
2401,138.13,0
2402,139.49,0
2403,141.12,0
2404,136.38,0
2405,139.51,0
2406,138.83,0
2407,136.16,0
2408,137.33,0
2409,141.26,0
2410,138.58,0
2411,135.94,0
2412,136.51,0
2413,129.39,0
2414,133.52,0
2415,136.78,0
2416,136.3,0
2417,129.02,0
2418,129.74,0
2419,134.68,0
2420,130.42,0
2421,136.66,0
2422,139.89,0
2423,137.1,0
2424,139.26,0
2425,140.98,0
2426,137.65,0
2427,135.02,0
2428,134.37,0
2429,133.39,0
2430,142.21,0
2431,148.15,0
2432,135.79,0
2433,134.48,0
2434,135.03,0
2435,135.75,0
2436,130.08,0
2437,129.05,0
2438,134.21,0
2439,135.46,0
2440,132.78,0
2441,135.07,0
2442,129.56,0
2443,127.69,0
2444,129.29,0
2445,132.09,0
2446,124.95,0
2447,129.48,0
2448,129.33,0
2449,130.33,0
2450,123.71,0
2451,130.63,0
2452,131.69,0
2453,135.41,0
2454,130.57,0
2455,128.47,0
2456,144.75,0
2457,136.12,0
2458,132.89,0
2459,136.33,0
2460,131.19,0
2461,133.3,0
2462,131.59,0
2463,139.56,0
2464,137.65,0
2465,131.18,0
2466,134.46,0
2467,136.83,0
2468,136.05,0
2469,133.58,0
2470,134.9,0
2471,131.67,0
2472,120.5,0
2473,127.16,0
2474,136.38,0
2475,121.66,0
2476,125.57,0
2477,123.47,0
2478,125.77,0
2479,118.77,0
2480,126.65,0
2481,134.02,0
2482,130.56,0
2483,136.35,0
2484,130.82,0
2485,121.61,0
2486,121.34,0
2487,128.98,0
2488,127.11,0
2489,134.44,0
2490,132.0,0
2491,124.88,0
2492,132.8,0
2493,128.71,0
2494,127.58,0
2495,129.31,0
2496,121.9,0
2497,130.72,0
2498,137.04,0
2499,131.94,0
2500,129.48,0
2501,130.28,0
2502,132.24,0
2503,125.16,0
2504,124.57,0
2505,122.17,0
2506,129.09,0
2507,131.58,0
2508,125.63,0
2509,123.23,0
2510,124.9,0
2511,128.71,0
2512,129.96,0
2513,130.77,0
2514,124.85,0
2515,122.65,0
2516,124.0,0
2517,131.65,0
2518,123.61,0
2519,130.57,0
2520,127.4,0
2521,130.49,0
2522,128.53,0
2523,132.97,0
2524,122.45,0
2525,122.74,0
2526,129.12,0
2527,126.99,0
2528,127.96,0
2529,126.04,0
2530,120.04,0
2531,129.28,0
2532,121.98,0
2533,133.1,0
2534,127.67,0
2535,128.39,0
2536,130.45,0
2537,133.81,0
2538,129.51,0
2539,132.73,0
2540,132.16,0
2541,129.97,0
2542,136.0,0
2543,134.94,0
2544,130.83,0
2545,127.83,0
2546,119.42,0
2547,122.73,0
2548,118.84,0
2549,136.99,0
2550,131.38,0
2551,127.96,0
2552,122.67,0
2553,130.68,0
2554,129.11,0
2555,132.67,0
2556,129.07,0
2557,133.98,0
2558,136.81,0
2559,138.96,0
2560,131.96,0
2561,124.94,0
2562,121.13,0
2563,112.64,0
2564,123.69,0
2565,135.3,0
2566,120.2,0
2567,120.92,0
2568,132.71,0
2569,109.22,0
2570,123.96,0
2571,115.24,0
2572,112.53,0
2573,121.21,0
2574,124.61,0
2575,118.29,0
2576,120.51,0
2577,117.63,0
2578,119.68,0
2579,121.26,0
2580,114.27,0
2581,112.15,0
2582,122.64,0
2583,125.5,0
2584,128.48,0
2585,130.52,0
2586,129.89,0
2587,132.48,0
2588,131.31,0
2589,133.15,0
2590,125.09,0
2591,128.36,0
2592,121.81,0
2593,118.93,0
2594,117.95,0
2595,121.89,0
2596,120.39,0
2597,115.15,0
2598,122.35,0
2599,113.29,0
2600,121.36,0
2601,121.66,0
2602,122.79,0
2603,126.18,0
2604,118.69,0
2605,112.59,0
2606,132.95,0
2607,127.99,0
2608,121.66,0
2609,127.5,0
2610,128.17,0
2611,126.43,0
2612,124.87,0
2613,117.86,0
2614,119.68,0
2615,124.05,0
2616,115.0,0
2617,132.76,0
2618,124.81,0
2619,122.88,0
2620,131.12,0
2621,127.79,0
2622,126.53,0
2623,119.31,0
2624,120.4,0
2625,126.84,0
2626,124.21,0
2627,120.4,0
2628,135.37,0
2629,124.14,0
2630,123.69,0
2631,119.78,0
2632,127.13,0
2633,123.98,0
2634,118.38,0
2635,119.31,0
2636,130.09,0
2637,115.8,0
2638,123.45,0
2639,125.85,0
2640,132.69,0
2641,128.37,0
2642,123.52,0
2643,113.09,0
2644,114.32,0
2645,113.66,0
2646,128.06,0
2647,119.44,0
2648,128.47,0
2649,122.01,0
2650,125.88,0
2651,127.68,0
2652,126.55,0
2653,117.12,0
2654,123.09,0
2655,129.61,0
2656,129.34,0
2657,125.48,0
2658,117.41,0
2659,124.64,0
2660,124.89,0
2661,129.97,0
2662,119.91,0
2663,118.26,0
2664,118.74,0
2665,120.98,0
2666,118.91,0
2667,124.35,0
2668,125.96,0
2669,141.55,0
2670,130.8,0
2671,133.74,0
2672,123.01,0
2673,127.24,0
2674,126.92,0
2675,117.13,0
2676,118.93,0
2677,129.64,0
2678,134.64,0
2679,130.09,0
2680,120.58,0
2681,127.1,0
2682,136.32,0
2683,137.28,0
2684,116.36,0
2685,127.19,0
2686,130.16,0
2687,124.15,0
2688,127.44,0
2689,119.27,0
2690,115.43,0
2691,110.05,0
2692,119.61,0
2693,119.39,0
2694,124.18,0
2695,121.98,0
2696,130.98,0
2697,120.04,0
2698,128.23,0
2699,117.85,0
2700,124.06,0
2701,129.58,0
2702,126.93,0
2703,124.21,0
2704,123.8,0
2705,129.9,0
2706,123.54,0
2707,125.31,0
2708,126.73,0
2709,131.04,0
2710,121.87,0
2711,142.22,0
2712,130.06,0
2713,138.37,0
2714,140.55,0
2715,121.59,0
2716,127.12,0
2717,125.79,0
2718,123.97,0
2719,127.25,0
2720,127.35,0
2721,120.72,0
2722,117.85,0
2723,130.12,0
2724,130.81,0
2725,133.84,0
2726,128.0,0
2727,137.51,0
2728,134.4,0
2729,137.9,0
2730,138.06,0
2731,123.44,0
2732,132.14,0
2733,127.14,0
2734,129.54,0
2735,127.57,0
2736,132.08,0
2737,139.81,0
2738,138.4,0
2739,138.17,0
2740,140.95,0
2741,131.49,0
2742,132.78,0
2743,136.79,0
2744,131.07,0
2745,136.3,0
2746,133.0,0
2747,125.81,0
2748,131.75,0
2749,124.95,0
2750,120.97,0
2751,130.5,0
2752,122.39,0
2753,130.88,0
2754,124.17,0
2755,122.03,0
2756,130.71,0
2757,125.8,0
2758,117.03,0
2759,128.82,0
2760,136.53,0
2761,130.19,0
2762,120.79,0
2763,131.15,0
2764,123.24,0
2765,124.98,0
2766,125.69,0
2767,128.67,0
2768,126.41,0
2769,124.9,0
2770,122.25,0
2771,122.87,0
2772,125.9,0
2773,126.74,0
2774,129.31,0
2775,128.32,0
2776,129.07,0
2777,129.2,0
2778,131.86,0
2779,126.59,0
2780,132.14,0
2781,130.28,0
2782,120.39,0
2783,129.89,0
2784,130.89,0
2785,132.33,0
2786,124.4,0
2787,126.02,0
2788,128.53,0
2789,132.84,0
2790,128.63,0
2791,130.77,0
2792,127.38,0
2793,129.67,0
2794,129.32,0
2795,133.9,0
2796,139.24,0
2797,150.68,0
2798,159.32,0
2799,157.02,0
2800,147.73,0
2801,129.68,0
2802,133.98,0
2803,136.29,0
2804,132.36,0
2805,131.3,0
2806,126.53,0
2807,151.44,0
2808,147.13,0
2809,145.11,0
2810,142.82,0
2811,140.88,0
2812,140.95,0
2813,145.88,0
2814,145.97,0
2815,146.62,0
2816,147.97,0
2817,142.49,0
2818,136.47,0
2819,142.75,0
2820,144.42,0
2821,153.31,0
2822,148.53,0
2823,144.0,0
2824,145.75,0
2825,145.58,0
2826,144.6,0
2827,146.77,0
2828,146.32,0
2829,144.74,0
2830,144.83,0
2831,141.14,0
2832,145.02,0
2833,143.97,0
2834,139.55,0
2835,137.25,0
2836,143.82,0
2837,143.85,0
2838,141.28,0
2839,140.83,0
2840,143.23,0
2841,146.09,0
2842,147.12,0
2843,146.41,0
2844,144.74,0
2845,139.89,0
2846,140.54,0
2847,140.45,0
2848,144.06,0
2849,149.18,0
2850,147.38,0
2851,145.89,0
2852,145.7,0
2853,147.55,0
2854,142.59,0
2855,142.63,0
2856,149.49,0
2857,141.17,0
2858,138.68,0
2859,144.24,0
2860,143.31,0
2861,150.31,0
2862,147.54,0
2863,146.06,0
2864,145.06,0
2865,145.29,0
2866,146.29,0
2867,139.03,0
2868,147.37,0
2869,140.28,0
2870,142.26,0
2871,138.9,0
2872,143.48,0
2873,141.59,0
2874,141.69,0
2875,137.59,0
2876,136.7,0
2877,139.36,0
2878,145.08,0
2879,143.98,0
2880,146.49,0
2881,142.58,0
2882,149.43,0
2883,147.02,0
2884,143.43,0
2885,147.64,0
2886,146.69,0
2887,149.85,0
2888,148.96,0
2889,147.56,0
2890,152.03,0
2891,145.26,0
2892,149.67,0
2893,149.2,0
2894,140.42,0
2895,148.23,0
2896,141.69,0
2897,149.73,0
2898,151.83,0
2899,139.47,0
2900,150.33,0
2901,149.99,0
2902,151.0,0
2903,150.36,0
2904,150.43,0
2905,151.3,0
2906,142.34,0
2907,149.77,0
2908,151.28,0
2909,146.84,0
2910,152.13,0
2911,149.53,0
2912,149.29,0
2913,149.24,0
2914,149.15,0
2915,155.01,0
2916,151.04,0
2917,152.37,0
2918,155.61,0
2919,149.3,0
2920,155.99,0
2921,148.84,0
2922,154.13,0
2923,159.31,0
2924,155.42,0
2925,153.51,0
2926,152.35,0
2927,146.29,0
2928,150.14,0
2929,150.55,0
2930,145.84,0
2931,151.02,0
2932,153.19,0
2933,149.54,0
2934,150.77,0
2935,148.71,0
2936,153.78,0
2937,150.35,0
2938,147.93,0
2939,151.65,0
2940,152.27,0
2941,150.98,0
2942,155.53,0
2943,158.31,0
2944,152.24,0
2945,156.49,0
2946,152.61,0
2947,162.42,0
2948,165.51,0
2949,156.36,0
2950,160.89,0
2951,152.63,0
2952,156.89,0
2953,153.52,0
2954,156.69,0
2955,155.24,0
2956,157.64,0
2957,161.74,0
2958,159.19,0
2959,157.64,0
2960,160.79,0
2961,160.49,0
2962,163.32,0
2963,159.39,0
2964,160.2,0
2965,151.66,0
2966,153.62,0
2967,162.1,0
2968,161.31,0
2969,169.91,0
2970,167.31,0
2971,172.34,0
2972,169.21,0
2973,165.36,0
2974,165.12,0
2975,159.99,0
2976,167.39,0
2977,177.66,0
2978,171.07,0
2979,166.55,0
2980,171.74,0
2981,185.74,0
2982,184.55,0
2983,174.82,0
2984,170.29,0
2985,171.58,0
2986,177.92,0
2987,184.31,0
2988,174.64,0
2989,175.62,0
2990,177.85,0
2991,182.69,0
2992,185.51,0
2993,176.36,0
2994,163.53,0
2995,170.4,0
2996,171.19,0
2997,178.08,0
2998,177.99,0
2999,175.13,0
3000,172.82,0
3001,169.36,0
3002,182.06,0
3003,170.21,0
3004,164.78,0
3005,161.18,0
3006,161.48,0
3007,178.41,0
3008,168.92,0
3009,169.77,0
3010,168.54,0
3011,170.46,0
3012,169.96,0
3013,173.08,0
3014,168.45,0
3015,179.77,0
3016,174.6,0
3017,166.33,0
3018,178.35,0
3019,173.56,0
3020,171.25,0
3021,183.49,0
3022,171.38,0
3023,169.53,0
3024,163.39,0
3025,167.14,0
3026,176.78,0
3027,177.25,0
3028,176.47,0
3029,170.15,0
3030,174.46,0
3031,177.69,0
3032,171.77,0
3033,171.27,0
3034,179.74,0
3035,167.91,0
3036,179.45,0
3037,177.47,0
3038,171.84,0
3039,184.4,0
3040,192.02,0
3041,182.73,0
3042,173.07,0
3043,168.78,0
3044,174.51,0
3045,179.32,0
3046,190.84,0
3047,192.55,0
3048,167.12,0
3049,165.51,0
3050,184.04,0
3051,179.28,0
3052,169.3,0
3053,175.45,0
3054,165.44,0
3055,173.94,0
3056,174.01,0
3057,167.43,0
3058,167.74,0
3059,172.36,0
3060,163.32,0
3061,176.41,0
3062,172.79,0
3063,164.56,0
3064,159.72,0
3065,158.85,0
3066,159.31,0
3067,163.76,0
3068,162.82,0
3069,169.87,0
3070,160.8,0
3071,162.42,0
3072,159.55,0
3073,158.23,0
3074,162.68,0
3075,160.82,0
3076,162.11,0
3077,158.02,0
3078,161.93,0
3079,164.87,0
3080,159.59,0
3081,161.33,0
3082,162.9,0
3083,164.42,0
3084,151.04,0
3085,156.64,0
3086,155.28,0
3087,156.86,0
3088,161.32,0
3089,162.23,0
3090,156.34,0
3091,157.57,0
3092,160.52,0
3093,153.05,0
3094,152.99,0
3095,156.38,0
3096,162.35,0
3097,163.54,0
3098,157.08,0
3099,162.5,0
3100,155.93,0
3101,157.35,0
3102,154.06,0
3103,155.13,0
3104,161.67,0
3105,157.38,0
3106,152.46,0
3107,152.04,0
3108,150.41,0
3109,151.61,0
3110,155.78,0
3111,158.08,0
3112,158.01,0
3113,161.65,0
3114,151.95,0
3115,158.92,0
3116,157.45,0
3117,150.41,0
3118,150.39,0
3119,154.39,0
3120,152.06,0
3121,147.83,0
3122,145.76,0
3123,152.22,0
3124,148.73,0
3125,149.81,0
3126,150.28,0
3127,157.18,0
3128,157.04,0
3129,156.54,0
3130,155.17,0
3131,157.64,0
3132,154.69,0
3133,152.59,0
3134,163.09,0
3135,161.95,0
3136,157.56,0
3137,152.83,0
3138,155.27,0
3139,157.64,0
3140,163.65,0
3141,164.46,0
3142,170.45,0
3143,156.4,0
3144,157.45,0
3145,158.2,0
3146,158.31,0
3147,162.41,0
3148,158.12,0
3149,164.97,0
3150,157.31,0
3151,161.42,0
3152,157.29,0
3153,162.29,0
3154,161.26,0
3155,155.78,0
3156,167.36,0
3157,169.07,0
3158,173.32,0
3159,180.77,0
3160,183.2,0
3161,173.82,0
3162,174.83,0
3163,179.09,0
3164,178.56,0
3165,173.16,0
3166,175.4,0
3167,181.17,0
3168,175.69,0
3169,173.32,0
3170,169.72,0
3171,167.4,0
3172,178.07,0
3173,180.51,0
3174,165.39,0
3175,174.5,0
3176,165.63,0
3177,176.13,0
3178,171.51,0
3179,159.79,0
3180,155.06,0
3181,154.16,0
3182,149.66,0
3183,161.92,0
3184,174.27,0
3185,175.03,0
3186,165.19,0
3187,166.22,0
3188,175.22,0
3189,159.96,0
3190,154.57,0
3191,158.47,0
3192,157.28,0
3193,165.86,0
3194,165.72,0
3195,166.08,0
3196,164.53,0
3197,171.29,0
3198,165.07,0
3199,171.59,0
3200,158.02,0
3201,156.89,0
3202,163.74,0
3203,172.36,0
3204,167.26,0
3205,183.02,0
3206,168.82,0
3207,161.96,0
3208,166.83,0
3209,172.14,0
3210,160.4,0
3211,160.5,0
3212,163.43,0
3213,157.96,0
3214,163.11,0
3215,161.85,0
3216,174.28,0
3217,172.81,0
3218,172.9,0
3219,171.4,0
3220,175.19,0
3221,182.6,0
3222,173.24,0
3223,185.72,0
3224,167.58,0
3225,176.61,0
3226,172.42,0
3227,168.48,0
3228,161.06,0
3229,156.61,0
3230,165.46,0
3231,160.87,0
3232,168.71,0
3233,161.34,0
3234,173.22,0
3235,172.03,0
3236,173.63,0
3237,174.49,0
3238,164.75,0
3239,161.81,0
3240,162.88,0
3241,168.84,0
3242,161.9,0
3243,166.72,0
3244,161.39,0
3245,156.19,0
3246,168.78,0
3247,166.23,0
3248,167.18,0
3249,168.88,0
3250,169.8,0
3251,166.08,0
3252,169.46,0
3253,167.65,0
3254,177.36,0
3255,173.74,0
3256,180.33,0
3257,170.17,0
3258,169.83,0
3259,164.91,0
3260,172.16,0
3261,193.38,0
3262,179.05,0
3263,177.5,0
3264,172.98,0
3265,173.21,0
3266,174.83,0
3267,175.71,0
3268,186.38,0
3269,199.24,0
3270,181.73,0
3271,170.98,0
3272,166.32,0
3273,167.37,0
3274,166.31,0
3275,177.58,0
3276,189.02,0
3277,194.79,0
3278,183.92,0
3279,194.72,0
3280,179.68,0
3281,192.09,0
3282,195.41,0
3283,181.2,0
3284,178.36,0
3285,190.32,0
3286,182.86,0
3287,183.96,0
3288,183.99,0
3289,179.48,0
3290,181.73,0
3291,177.26,0
3292,176.96,0
3293,175.95,0
3294,162.97,0
3295,193.92,0
3296,188.69,0
3297,184.63,0
3298,191.02,0
3299,172.82,0
3300,182.44,0
3301,186.31,0
3302,176.99,0
3303,168.51,0
3304,176.17,0
3305,194.72,0
3306,187.48,0
3307,187.64,0
3308,183.24,0
3309,178.82,0
3310,195.29,0
3311,175.85,0
3312,166.46,0
3313,180.83,0
3314,180.73,0
3315,176.58,0
3316,191.87,0
3317,186.63,0
3318,172.06,0
3319,179.05,0
3320,178.42,0
3321,178.87,0
3322,178.82,0
3323,180.25,0
3324,179.41,0
3325,181.13,0
3326,181.08,0
3327,174.49,0
3328,188.92,0
3329,193.9,0
3330,185.34,0
3331,169.09,0
3332,168.07,0
3333,184.93,0
3334,181.02,0
3335,195.52,0
3336,200.79,0
3337,185.8,0
3338,174.06,0
3339,174.14,0
3340,173.64,0
3341,182.17,0
3342,191.95,0
3343,203.16,0
3344,181.15,0
3345,182.68,0
3346,170.32,0
3347,174.62,0
3348,175.66,0
3349,170.39,0
3350,200.92,0
3351,202.38,0
3352,176.21,0
3353,171.2,0
3354,169.46,0
3355,177.72,0
3356,180.41,0
3357,175.0,0
3358,176.86,0
3359,166.46,0
3360,174.67,0
3361,173.43,0
3362,173.15,0
3363,186.5,0
3364,169.66,0
3365,179.2,0
3366,183.87,0
3367,178.87,0
3368,170.7,0
3369,180.72,0
3370,177.56,0
3371,165.75,0
3372,178.51,0
3373,185.67,0
3374,173.6,0
3375,171.04,0
3376,181.49,0
3377,177.25,0
3378,165.71,0
3379,168.98,0
3380,174.75,0
3381,163.22,0
3382,171.13,0
3383,178.08,0
3384,173.95,0
3385,169.95,0
3386,173.33,0
3387,172.6,0
3388,170.04,0
3389,177.84,0
3390,186.52,0
3391,175.57,0
3392,166.16,0
3393,177.2,0
3394,185.83,0
3395,169.58,0
3396,179.97,0
3397,187.73,0
3398,202.95,0
3399,183.14,0
3400,172.7,0
3401,176.38,0
3402,184.54,0
3403,166.33,0
3404,172.24,0
3405,197.38,0
3406,181.37,0
3407,182.68,0
3408,176.42,0
3409,172.3,0
3410,174.75,0
3411,180.17,0
3412,172.61,0
3413,182.09,0
3414,164.65,0
3415,165.21,0
3416,184.46,0
3417,179.83,0
3418,166.84,0
3419,177.96,0
3420,175.93,0
3421,165.26,0
3422,157.95,0
3423,167.42,0
3424,175.72,0
3425,171.7,0
3426,170.53,0
3427,165.75,0
3428,171.79,0
3429,167.27,0
3430,160.65,0
3431,166.96,0
3432,171.1,0
3433,176.2,0
3434,168.15,0
3435,173.69,0
3436,155.93,0
3437,162.25,0
3438,157.88,0
3439,153.63,0
3440,159.99,0
3441,165.3,0
3442,170.37,0
3443,167.88,0
3444,176.19,0
3445,169.2,0
3446,168.9,0
3447,166.51,0
3448,170.45,0
3449,159.36,0
3450,163.88,0
3451,160.3,0
3452,163.46,0
3453,165.35,0
3454,171.49,0
3455,178.18,0
3456,160.2,0
3457,161.17,0
3458,169.73,0
3459,167.23,0
3460,160.83,0
3461,182.39,0
3462,175.27,0
3463,163.4,0
3464,165.19,0
3465,165.22,0
3466,159.28,0
3467,154.91,0
3468,159.0,0
3469,161.19,0
3470,178.13,0
3471,159.73,0
3472,161.7,0
3473,163.33,0
3474,157.73,0
3475,158.3,0
3476,155.86,0
3477,149.95,0
3478,160.67,0
3479,154.96,0
3480,161.51,0
3481,159.98,0
3482,152.36,0
3483,159.91,0
3484,161.46,0
3485,164.27,0
3486,162.42,0
3487,158.5,0
3488,160.65,0
3489,160.7,0
3490,162.51,0
3491,162.21,0
3492,163.47,0
3493,160.38,0
3494,161.2,0
3495,159.5,0
3496,160.82,0
3497,152.13,0
3498,153.05,0
3499,155.96,0
3500,152.42,0
3501,167.1,0
3502,156.45,0
3503,158.22,0
3504,156.04,0
3505,161.33,0
3506,163.17,0
3507,166.19,0
3508,166.29,0
3509,162.3,0
3510,166.33,0
3511,166.17,0
3512,159.09,0
3513,165.34,0
3514,160.66,0
3515,170.0,0
3516,163.69,0
3517,157.25,0
3518,168.31,0
3519,161.6,0
3520,172.58,0
3521,174.22,0
3522,179.41,0
3523,166.44,0
3524,160.31,0
3525,160.91,0
3526,158.47,0
3527,164.31,0
3528,175.32,0
3529,175.84,0
3530,173.87,0
3531,168.06,0
3532,165.02,0
3533,160.4,0
3534,158.29,0
3535,171.98,0
3536,168.59,0
3537,168.56,0
3538,164.66,0
3539,167.44,0
3540,180.18,0
3541,183.84,0
3542,175.5,0
3543,175.96,0
3544,188.35,0
3545,192.16,0
3546,176.9,0
3547,180.11,0
3548,184.0,0
3549,176.19,0
3550,180.35,0
3551,175.16,0
3552,183.42,0
3553,173.32,0
3554,167.74,0
3555,176.4,0
3556,175.82,0
3557,177.88,0
3558,170.02,0
3559,180.42,0
3560,177.24,0
3561,171.01,0
3562,176.31,0
3563,178.73,0
3564,174.88,0
3565,176.11,0
3566,201.72,0
3567,183.91,0
3568,188.03,0
3569,196.13,0
3570,179.9,0
3571,179.37,0
3572,177.85,0
3573,170.77,0
3574,176.41,0
3575,199.04,0
3576,188.48,0
3577,181.48,0
3578,178.79,0
3579,176.98,0
3580,173.65,0
3581,179.25,0
3582,189.9,0
3583,185.77,0
3584,204.52,0
3585,189.66,0
3586,169.41,0
3587,165.46,0
3588,165.92,0
3589,190.25,0
3590,202.64,0
3591,192.88,0
3592,188.3,0
3593,178.12,0
3594,189.58,0
3595,179.57,0
3596,177.5,0
3597,180.25,0
3598,190.44,0
3599,187.14,0
3600,185.58,0
3601,185.04,0
3602,185.54,0
3603,199.93,0
3604,197.82,0
3605,191.09,0
3606,195.93,0
3607,200.22,0
3608,207.46,0
3609,204.69,0
3610,197.65,0
3611,176.95,0
3612,179.77,0
3613,189.57,0
3614,200.26,0
3615,197.75,0
3616,182.03,0
3617,200.23,0
3618,194.76,0
3619,196.11,0
3620,187.59,0
3621,196.04,0
3622,204.62,0
3623,182.24,0
3624,196.0,0
3625,202.52,0
3626,191.2,0
3627,189.06,0
3628,191.31,0
3629,183.7,0
3630,182.74,0
3631,189.88,0
3632,202.77,0
3633,202.91,0
3634,208.31,0
3635,194.41,0
3636,192.61,0
3637,195.23,0
3638,186.22,0
3639,197.12,0
3640,202.38,0
3641,215.72,0
3642,196.9,0
3643,186.8,0
3644,187.9,0
3645,194.09,0
3646,186.42,0
3647,184.2,0
3648,205.25,0
3649,206.14,0
3650,180.54,0
3651,186.16,0
3652,178.26,0
3653,180.97,0
3654,181.58,0
3655,197.99,0
3656,173.52,0
3657,188.76,0
3658,201.96,0
3659,183.72,0
3660,190.33,0
3661,186.27,0
3662,178.63,0
3663,177.19,0
3664,199.55,0
3665,206.14,0
3666,185.14,0
3667,193.44,0
3668,194.27,0
3669,186.77,0
3670,180.76,0
3671,176.14,0
3672,183.52,0
3673,190.35,0
3674,179.84,0
3675,187.25,0
3676,188.75,0
3677,189.92,0
3678,171.97,0
3679,190.93,0
3680,185.85,0
3681,197.84,0
3682,196.11,0
3683,192.82,0
3684,198.93,0
3685,193.92,0
3686,188.69,0
3687,196.3,0
3688,184.86,0
3689,191.34,0
3690,196.37,0
3691,195.49,0
3692,184.11,0
3693,180.03,0
3694,200.21,0
3695,185.34,0
3696,190.1,0
3697,193.92,0
3698,183.06,0
3699,181.6,0
3700,208.35,0
3701,199.66,0
3702,172.78,0
3703,191.79,0
3704,185.41,0
3705,181.1,0
3706,182.92,0
3707,171.36,0
3708,188.29,0
3709,195.16,0
3710,188.68,0
3711,184.6,0
3712,188.61,0
3713,192.57,0
3714,181.66,0
3715,173.93,0
3716,180.18,0
3717,180.28,0
3718,178.83,0
3719,180.99,0
3720,170.01,0
3721,170.17,0
3722,189.79,0
3723,177.52,0
3724,180.56,0
3725,175.55,0
3726,174.99,0
3727,182.03,0
3728,174.26,0
3729,172.4,0
3730,174.08,0
3731,167.38,0
3732,168.08,0
3733,168.48,0
3734,183.17,0
3735,170.35,0
3736,157.69,0
3737,161.98,0
3738,163.35,0
3739,160.3,0
3740,161.96,0
3741,163.02,0
3742,164.22,0
3743,170.39,0
3744,162.45,0
3745,170.93,0
3746,163.41,0
3747,164.0,0
3748,159.01,0
3749,159.07,0
3750,169.41,0
3751,163.08,0
3752,155.17,0
3753,166.74,0
3754,166.2,0
3755,156.86,0
3756,152.86,0
3757,164.04,0
3758,157.46,0
3759,160.97,0
3760,162.72,0
3761,160.04,0
3762,159.27,0
3763,155.76,0
3764,149.03,0
3765,156.17,0
3766,149.95,0
3767,146.48,0
3768,144.0,0
3769,146.69,0
3770,152.44,0
3771,151.54,0
3772,155.18,0
3773,145.25,0
3774,152.46,0
3775,151.35,0
3776,151.73,0
3777,149.44,0
3778,142.41,0
3779,143.48,0
3780,145.7,0
3781,146.03,0
3782,147.64,0
3783,145.7,0
3784,148.73,0
3785,153.97,0
3786,138.04,0
3787,144.48,0
3788,147.13,0
3789,146.83,0
3790,148.61,0
3791,142.33,0
3792,151.4,0
3793,141.23,0
3794,137.1,0
3795,139.26,0
3796,145.97,0
3797,139.41,0
3798,142.21,0
3799,145.19,0
3800,146.29,0
3801,144.86,0
3802,142.76,0
3803,140.53,0
3804,140.55,0
3805,133.27,0
3806,139.48,0
3807,141.13,0
3808,139.56,0
3809,142.55,0
3810,137.82,0
3811,145.07,0
3812,144.99,0
3813,143.6,0
3814,141.36,0
3815,138.33,0
3816,141.41,0
3817,147.71,0
3818,133.95,0
3819,139.12,0
3820,145.24,0
3821,136.63,0
3822,132.35,0
3823,135.4,0
3824,137.47,0
3825,136.95,0
3826,135.39,0
3827,138.6,0
3828,138.6,0
3829,137.73,0
3830,135.27,0
3831,130.05,0
3832,134.67,0
3833,134.48,0
3834,133.23,0
3835,136.91,0
3836,137.73,0
3837,137.76,0
3838,136.81,0
3839,137.33,0
3840,134.55,0
3841,140.4,0
3842,135.82,0
3843,135.65,0
3844,136.2,0
3845,135.39,0
3846,134.72,0
3847,135.47,0
3848,137.05,0
3849,136.25,0
3850,132.8,0
3851,134.14,0
3852,141.07,0
3853,135.91,0
3854,136.62,0
3855,136.73,0
3856,135.75,0
3857,134.2,0
3858,134.67,0
3859,143.87,0
3860,132.42,0
3861,128.33,0
3862,130.89,0
3863,135.48,0
3864,135.09,0
3865,134.17,0
3866,137.98,0
3867,127.49,0
3868,141.08,0
3869,128.51,0
3870,137.88,0
3871,139.43,0
3872,142.02,0
3873,140.22,0
3874,135.35,0
3875,145.19,0
3876,131.5,0
3877,142.0,0
3878,151.8,0
3879,140.4,0
3880,127.89,0
3881,128.06,0
3882,122.87,0
3883,130.3,0
3884,134.22,0
3885,133.22,0
3886,122.79,0
3887,128.05,0
3888,119.43,0
3889,120.17,0
3890,114.86,0
3891,122.9,0
3892,125.93,0
3893,132.34,0
3894,130.34,0
3895,133.66,0
3896,137.5,0
3897,146.2,0
3898,143.67,0
3899,133.76,0
3900,128.59,0
3901,128.25,0
3902,131.21,0
3903,140.21,0
3904,139.7,0
3905,139.61,0
3906,135.78,0
3907,129.54,0
3908,124.46,0
3909,124.69,0
3910,134.86,0
3911,135.57,0
3912,129.8,0
3913,124.89,0
3914,121.81,0
3915,123.66,0
3916,124.35,0
3917,125.56,0
3918,127.54,0
3919,117.76,0
3920,124.38,0
3921,123.46,0
3922,132.11,0
3923,133.1,0
3924,138.28,0
3925,132.0,0
3926,130.32,0
3927,130.01,0
3928,122.63,0
3929,131.49,0
3930,130.88,0
3931,127.39,0
3932,124.16,0
3933,121.29,0
3934,137.84,0
3935,131.29,0
3936,132.93,0
3937,129.37,0
3938,127.6,0
3939,131.06,0
3940,135.39,0
3941,131.03,0
3942,129.45,0
3943,136.37,0
3944,125.31,0
3945,128.16,0
3946,123.18,0
3947,136.36,0
3948,137.39,0
3949,136.16,0
3950,133.58,0
3951,131.06,0
3952,129.38,0
3953,127.17,0
3954,129.08,0
3955,130.53,0
3956,132.9,0
3957,128.42,0
3958,125.59,0
3959,128.06,0
3960,121.97,0
3961,129.16,0
3962,119.83,0
3963,125.62,0
3964,126.68,0
3965,127.82,0
3966,122.0,0
3967,123.62,0
3968,124.61,0
3969,123.85,0
3970,123.32,0
3971,121.81,0
3972,115.09,0
3973,115.39,0
3974,129.0,0
3975,127.79,0
3976,132.62,0
3977,121.27,0
3978,137.31,0
3979,124.98,0
3980,121.92,0
3981,114.67,0
3982,116.75,0
3983,113.71,0
3984,137.51,0
3985,120.86,0
3986,124.12,0
3987,123.76,0
3988,117.79,0
3989,123.13,0
3990,128.51,0
3991,119.41,0
3992,121.43,0
3993,118.8,0
3994,132.89,0
3995,133.67,0
3996,129.63,0
3997,127.14,0
3998,126.26,0
3999,128.27,0
4000,124.07,0
4001,121.14,0
4002,111.24,0
4003,131.38,0
4004,125.33,0
4005,125.68,0
4006,120.82,0
4007,123.38,0
4008,109.79,0
4009,115.85,0
4010,117.28,0
4011,108.64,0
4012,111.77,0
4013,115.91,0
4014,128.37,0
4015,137.93,0
4016,130.95,0
4017,121.35,0
4018,122.6,0
4019,127.16,0
4020,122.51,0
4021,118.63,0
4022,123.24,0
4023,122.54,0
4024,122.41,0
4025,115.44,0
4026,110.75,0
4027,119.65,0
4028,123.64,0
4029,135.24,0
4030,132.36,0
4031,121.18,0
4032,124.3,0
4033,113.63,0
4034,126.56,0
4035,121.97,0
4036,135.69,0
4037,126.1,0
4038,112.71,0
4039,119.32,0
4040,126.36,0
4041,125.45,0
4042,119.28,0
4043,124.76,0
4044,121.46,0
4045,104.7,0
4046,117.4,0
4047,117.86,0
4048,120.23,0
4049,126.56,0
4050,126.04,0
4051,126.34,0
4052,118.8,0
4053,134.09,0
4054,126.71,0
4055,127.56,0
4056,127.13,0
4057,126.41,0
4058,121.28,0
4059,122.23,0
4060,117.26,0
4061,123.91,0
4062,119.97,0
4063,113.11,0
4064,113.84,0
4065,111.22,0
4066,111.61,0
4067,112.98,0
4068,115.7,0
4069,119.88,0
4070,117.07,0
4071,118.08,0
4072,117.32,0
4073,122.59,0
4074,114.63,0
4075,108.73,0
4076,116.17,0
4077,117.55,0
4078,120.89,0
4079,116.86,0
4080,107.39,0
4081,119.78,0
4082,122.07,0
4083,112.39,0
4084,118.62,0
4085,121.3,0
4086,115.54,0
4087,119.88,0
4088,126.91,0
4089,117.04,0
4090,115.32,0
4091,118.96,0
4092,122.48,0
4093,120.02,0
4094,122.58,0
4095,129.4,0
4096,125.63,0
4097,129.17,0
4098,121.1,0
4099,129.17,0
4100,109.49,0
4101,117.83,0
4102,120.2,0
4103,125.85,0
4104,128.98,0
4105,111.8,0
4106,113.35,0
4107,121.45,0
4108,118.89,0
4109,124.23,0
4110,122.91,0
4111,116.69,0
4112,121.89,0
4113,127.56,0
4114,120.76,0
4115,128.1,0
4116,125.41,0
4117,120.35,0
4118,131.47,0
4119,125.44,0
4120,133.82,0
4121,113.5,0
4122,118.42,0
4123,107.75,0
4124,120.63,0
4125,117.36,0
4126,123.13,0
4127,127.85,0
4128,134.26,0
4129,131.44,0
4130,131.44,0
4131,123.58,0
4132,130.94,0
4133,124.98,0
4134,135.74,0
4135,122.67,0
4136,131.94,0
4137,115.39,0
4138,126.7,0
4139,113.9,0
4140,129.48,0
4141,123.97,0
4142,128.69,0
4143,124.45,0
4144,127.01,0
4145,132.7,0
4146,129.56,0
4147,129.39,0
4148,125.39,0
4149,128.57,0
4150,129.92,0
4151,128.23,0
4152,123.21,0
4153,128.62,0
4154,129.01,0
4155,129.81,0
4156,129.99,0
4157,137.56,0
4158,133.95,0
4159,132.65,0
4160,133.4,0
4161,124.95,0
4162,128.78,0
4163,140.76,0
4164,142.81,0
4165,137.67,0
4166,130.61,0
4167,135.25,0
4168,132.08,0
4169,131.94,0
4170,130.14,0
4171,119.95,0
4172,111.56,0
4173,122.07,0
4174,125.17,0
4175,127.68,0
4176,125.22,0
4177,123.8,0
4178,122.86,0
4179,128.41,0
4180,118.16,0
4181,127.17,0
4182,124.04,0
4183,124.16,0
4184,120.9,0
4185,126.25,0
4186,119.17,0
4187,119.1,0
4188,118.84,0
4189,119.38,0
4190,122.81,0
4191,128.86,0
4192,122.97,0
4193,128.02,0
4194,135.77,0
4195,128.15,0
4196,133.85,0
4197,124.38,0
4198,128.89,0
4199,135.08,0
4200,130.48,0
4201,127.63,0
4202,120.96,0
4203,124.25,0
4204,121.22,0
4205,123.11,0
4206,132.05,0
4207,128.44,0
4208,121.62,0
4209,132.5,0
4210,132.58,0
4211,130.63,0
4212,133.63,0
4213,128.15,0
4214,129.78,0
4215,125.42,0
4216,134.54,0
4217,133.95,0
4218,134.34,0
4219,130.83,0
4220,130.02,0
4221,137.92,0
4222,137.29,0
4223,134.94,0
4224,136.08,0
4225,126.45,0
4226,125.52,0
4227,128.91,0
4228,132.99,0
4229,132.58,0
4230,127.48,0
4231,130.94,0
4232,132.98,0
4233,125.05,0
4234,125.47,0
4235,129.96,0
4236,133.48,0
4237,130.67,0
4238,134.45,0
4239,126.67,0
4240,128.48,0
4241,131.48,0
4242,121.45,0
4243,119.49,0
4244,120.06,0
4245,115.19,0
4246,124.91,0
4247,126.38,0
4248,122.59,0
4249,129.26,0
4250,125.54,0
4251,129.88,0
4252,130.03,0
4253,133.3,0
4254,134.07,0
4255,133.01,0
4256,137.66,0
4257,135.15,0
4258,130.91,0
4259,127.66,0
4260,125.98,0
4261,136.25,0
4262,135.35,0
4263,131.25,0
4264,128.05,0
4265,131.45,0
4266,137.78,0
4267,123.39,0
4268,129.24,0
4269,127.17,0
4270,126.82,0
4271,135.91,0
4272,131.81,0
4273,129.83,0
4274,135.97,0
4275,146.19,0
4276,143.18,0
4277,143.59,0
4278,135.06,0
4279,133.55,0
4280,135.21,0
4281,139.04,0
4282,138.83,0
4283,137.44,0
4284,129.81,0
4285,136.99,0
4286,138.92,0
4287,132.2,0
4288,140.31,0
4289,133.68,0
4290,133.1,0
4291,136.35,0
4292,137.81,0
4293,139.64,0
4294,134.49,0
4295,142.39,0
4296,141.4,0
4297,136.78,0
4298,129.28,0
4299,133.56,0
4300,137.68,0
4301,131.52,0
4302,125.25,0
4303,129.32,0
4304,125.55,0
4305,131.8,0
4306,135.22,0
4307,136.91,0
4308,139.13,0
4309,133.3,0
4310,135.34,0
4311,135.79,0
4312,142.13,0
4313,137.73,0
4314,135.21,0
4315,138.73,0
4316,139.03,0
4317,137.11,0
4318,140.87,0
4319,140.26,0
4320,137.54,0
4321,130.48,0
4322,133.69,0
4323,133.81,0
4324,144.3,0
4325,148.32,0
4326,149.84,0
4327,146.14,0
4328,136.26,0
4329,137.98,0
4330,135.07,0
4331,139.47,0
4332,146.14,0
4333,137.66,0
4334,147.99,0
4335,142.94,0
4336,146.71,0
4337,141.68,0
4338,143.53,0
4339,145.04,0
4340,138.93,0
4341,144.06,0
4342,142.4,0
4343,135.07,0
4344,135.13,0
4345,139.84,0
4346,146.33,0
4347,144.31,0
4348,149.63,0
4349,163.18,0
4350,172.1,0
4351,164.79,0
4352,155.2,0
4353,148.11,0
4354,151.85,0
4355,152.46,0
4356,157.44,0
4357,159.56,0
4358,180.65,0
4359,186.79,0
4360,189.4,0
4361,188.89,0
4362,185.34,0
4363,189.84,0
4364,179.11,0
4365,187.78,0
4366,190.53,0
4367,179.19,0
4368,181.24,0
4369,183.32,0
4370,178.44,0
4371,172.92,0
4372,179.43,0
4373,173.47,0
4374,172.46,0
4375,184.17,0
4376,179.25,0
4377,168.18,0
4378,170.35,0
4379,174.05,0
4380,178.24,0
4381,174.87,0
4382,179.67,0
4383,171.47,0
4384,180.06,0
4385,185.37,0
4386,172.48,0
4387,178.34,0
4388,179.96,0
4389,181.85,0
4390,179.58,0
4391,172.91,0
4392,168.16,0
4393,170.61,0
4394,166.93,0
4395,173.36,0
4396,192.06,0
4397,179.56,0
4398,190.27,0
4399,177.33,0
4400,185.77,0
4401,190.93,0
4402,190.55,0
4403,184.07,0
4404,186.3,0
4405,171.49,0
4406,174.62,0
4407,175.82,0
4408,190.64,0
4409,205.5,0
4410,186.0,0
4411,184.69,0
4412,187.15,0
4413,185.95,0
4414,198.01,0
4415,214.64,0
4416,204.71,0
4417,218.0,0
4418,205.65,0
4419,207.23,0
4420,210.78,0
4421,204.43,0
4422,211.91,0
4423,207.5,0
4424,210.49,0
4425,189.98,0
4426,201.78,0
4427,211.18,0
4428,226.41,0
4429,215.85,0
4430,209.99,0
4431,213.56,0
4432,212.61,0
4433,203.69,0
4434,208.26,0
4435,212.87,0
4436,192.87,0
4437,225.63,0
4438,212.23,0
4439,211.6,0
4440,203.99,0
4441,191.8,0
4442,199.16,0
4443,204.29,0
4444,223.05,0
4445,217.37,0
4446,208.4,0
4447,205.54,0
4448,207.82,0
4449,206.0,0
4450,209.96,0
4451,215.13,0
4452,204.45,0
4453,203.11,0
4454,220.66,0
4455,204.81,0
4456,211.01,0
4457,209.53,0
4458,203.24,0
4459,210.52,0
4460,215.98,0
4461,223.35,0
4462,218.68,0
4463,219.1,0
4464,224.34,0
4465,213.72,0
4466,205.09,0
4467,189.35,0
4468,202.0,0
4469,217.09,0
4470,218.54,0
4471,205.98,0
4472,211.53,0
4473,208.09,0
4474,214.7,0
4475,222.55,0
4476,220.03,0
4477,222.66,0
4478,193.76,0
4479,203.86,0
4480,186.75,0
4481,192.73,0
4482,195.44,0
4483,198.87,0
4484,210.18,0
4485,209.21,0
4486,209.77,0
4487,202.06,0
4488,185.31,0
4489,184.27,0
4490,195.88,0
4491,191.19,0
4492,177.07,0
4493,180.42,0
4494,186.75,0
4495,207.09,0
4496,184.17,0
4497,189.28,0
4498,184.3,0
4499,182.92,0
4500,207.49,0
4501,189.63,0
4502,182.39,0
4503,181.63,0
4504,187.55,0
4505,190.18,0
4506,186.91,0
4507,188.67,0
4508,188.77,0
4509,175.33,0
4510,171.59,0
4511,178.83,0
4512,190.48,0
4513,188.72,0
4514,175.45,0
4515,177.73,0
4516,186.02,0
4517,178.81,0
4518,167.24,0
4519,163.74,0
4520,167.57,0
4521,166.31,0
4522,171.69,0
4523,171.96,0
4524,174.24,0
4525,163.22,0
4526,164.79,0
4527,157.72,0
4528,156.08,0
4529,177.8,0
4530,168.87,0
4531,153.94,0
4532,161.47,0
4533,163.97,0
4534,159.75,0
4535,159.89,0
4536,168.49,0
4537,179.25,0
4538,179.77,0
4539,164.94,0
4540,166.37,0
4541,163.58,0
4542,158.18,0
4543,160.55,0
4544,167.85,0
4545,173.46,0
4546,161.3,0
4547,156.62,0
4548,160.21,0
4549,156.25,0
4550,172.54,0
4551,158.31,0
4552,160.18,0
4553,159.34,0
4554,162.16,0
4555,152.3,0
4556,163.1,0
4557,157.56,0
4558,170.86,0
4559,181.73,0
4560,170.28,0
4561,164.27,0
4562,160.08,0
4563,158.93,0
4564,160.96,0
4565,157.16,0
4566,159.14,0
4567,162.94,0
4568,164.33,0
4569,166.53,0
4570,163.79,0
4571,164.04,0
4572,165.75,0
4573,164.27,0
4574,168.28,0
4575,181.12,0
4576,167.54,0
4577,176.95,0
4578,168.08,0
4579,173.01,0
4580,174.36,0
4581,174.73,0
4582,182.79,0
4583,169.46,0
4584,173.53,0
4585,164.7,0
4586,166.51,0
4587,174.44,0
4588,172.66,0
4589,164.3,0
4590,169.72,0
4591,182.38,0
4592,170.66,0
4593,175.85,0
4594,182.56,0
4595,185.12,0
4596,193.78,0
4597,193.65,0
4598,182.33,0
4599,181.19,0
4600,171.02,0
4601,175.09,0
4602,175.4,0
4603,179.98,0
4604,177.0,0
4605,181.71,0
4606,180.95,0
4607,176.63,0
4608,170.98,0
4609,174.21,0
4610,169.97,0
4611,161.55,0
4612,161.92,0
4613,173.15,0
4614,174.02,0
4615,190.97,0
4616,181.59,0
4617,169.08,0
4618,173.54,0
4619,169.36,0
4620,165.09,0
4621,167.42,0
4622,173.72,0
4623,170.61,0
4624,163.68,0
4625,159.62,0
4626,164.05,0
4627,175.69,0
4628,180.59,0
4629,160.65,0
4630,163.03,0
4631,164.52,0
4632,169.97,0
4633,179.55,0
4634,180.18,0
4635,178.98,0
4636,176.24,0
4637,194.21,0
4638,194.72,0
4639,177.5,0
4640,188.87,0
4641,170.64,0
4642,168.97,0
4643,176.64,0
4644,167.53,0
4645,168.14,0
4646,172.51,0
4647,162.71,0
4648,184.12,0
4649,180.23,0
4650,174.63,0
4651,166.98,0
4652,184.07,0
4653,187.26,0
4654,193.99,0
4655,195.41,0
4656,184.24,0
4657,180.27,0
4658,179.36,0
4659,186.55,0
4660,172.58,0
4661,180.82,0
4662,181.82,0
4663,176.69,0
4664,176.8,0
4665,170.87,0
4666,168.18,0
4667,170.76,0
4668,180.83,0
4669,185.96,0
4670,176.5,0
4671,173.23,0
4672,169.02,0
4673,170.7,0
4674,178.38,0
4675,183.43,0
4676,188.41,0
4677,189.46,0
4678,181.93,0
4679,166.81,0
4680,189.52,0
4681,182.15,0
4682,181.32,0
4683,190.61,0
4684,192.55,0
4685,179.79,0
4686,182.72,0
4687,181.43,0
4688,178.74,0
4689,173.64,0
4690,177.12,0
4691,180.46,0
4692,205.09,0
4693,194.24,0
4694,186.36,0
4695,184.4,0
4696,184.84,0
4697,193.49,0
4698,212.2,0
4699,207.21,0
4700,203.24,0
4701,197.96,0
4702,199.06,0
4703,186.29,0
4704,210.85,0
4705,200.38,0
4706,194.15,0
4707,214.14,0
4708,206.55,0
4709,203.65,0
4710,202.95,0
4711,204.16,0
4712,200.17,0
4713,202.26,0
4714,209.54,0
4715,203.15,0
4716,205.9,0
4717,205.42,0
4718,205.1,0
4719,209.31,0
4720,212.09,0
4721,202.56,0
4722,203.15,0
4723,211.99,0
4724,205.83,0
4725,205.2,0
4726,194.02,0
4727,203.93,0
4728,191.63,0
4729,190.83,0
4730,197.28,0
4731,186.97,0
4732,177.66,0
4733,181.37,0
4734,191.23,0
4735,179.12,0
4736,195.67,0
4737,199.94,0
4738,200.04,0
4739,207.8,0
4740,195.71,0
4741,178.06,0
4742,196.03,0
4743,199.92,0
4744,187.09,0
4745,186.83,0
4746,193.1,0
4747,181.32,0
4748,194.77,0
4749,199.48,0
4750,190.43,0
4751,182.08,0
4752,184.54,0
4753,191.03,0
4754,201.1,0
4755,190.22,0
4756,197.94,0
4757,196.19,0
4758,191.75,0
4759,193.83,0
4760,184.6,0
4761,190.23,0
4762,190.01,0
4763,194.95,0
4764,187.47,0
4765,196.75,0
4766,203.91,0
4767,196.27,0
4768,201.58,0
4769,184.3,0
4770,207.43,0
4771,202.19,0
4772,184.2,0
4773,199.87,0
4774,191.45,0
4775,193.52,0
4776,193.76,0
4777,195.85,0
4778,195.14,0
4779,183.76,0
4780,187.82,0
4781,196.25,0
4782,195.63,0
4783,202.72,0
4784,199.71,0
4785,183.93,0
4786,187.77,0
4787,189.86,0
4788,186.84,0
4789,182.19,0
4790,199.66,0
4791,188.8,0
4792,194.21,0
4793,189.04,0
4794,191.66,0
4795,187.6,0
4796,173.87,0
4797,189.06,0
4798,198.95,0
4799,192.12,0
4800,196.81,0
4801,176.29,0
4802,185.02,0
4803,173.52,0
4804,181.24,0
4805,178.25,0
4806,202.09,0
4807,202.89,0
4808,200.88,0
4809,187.78,0
4810,182.81,0
4811,192.39,0
4812,181.33,0
4813,185.02,0
4814,204.13,0
4815,208.3,0
4816,194.58,0
4817,187.21,0
4818,203.34,0
4819,207.07,0
4820,200.24,0
4821,182.61,0
4822,191.49,0
4823,200.03,0
4824,202.64,0
4825,181.55,0
4826,191.09,0
4827,200.96,0
4828,203.22,0
4829,209.92,0
4830,194.36,0
4831,188.03,0
4832,185.4,0
4833,191.19,0
4834,211.24,0
4835,195.96,0
4836,191.73,0
4837,198.78,0
4838,187.97,0
4839,191.16,0
4840,182.91,0
4841,189.28,0
4842,196.39,0
4843,195.52,0
4844,193.75,0
4845,198.14,0
4846,216.09,0
4847,202.58,0
4848,208.05,0
4849,194.38,0
4850,184.44,0
4851,183.1,0
4852,190.03,0
4853,191.9,0
4854,198.42,0
4855,193.75,0
4856,192.29,0
4857,193.58,0
4858,217.48,0
4859,196.77,0
4860,188.99,0
4861,194.24,0
4862,199.08,0
4863,203.26,0
4864,194.71,0
4865,186.01,0
4866,187.25,0
4867,183.84,0
4868,202.53,0
4869,198.47,0
4870,191.03,0
4871,193.07,0
4872,201.61,0
4873,199.06,0
4874,205.13,0
4875,197.15,0
4876,196.43,0
4877,187.57,0
4878,193.54,0
4879,192.13,0
4880,198.45,0
4881,194.95,0
4882,182.55,0
4883,187.93,0
4884,184.87,0
4885,185.51,0
4886,183.66,0
4887,191.78,0
4888,219.81,0
4889,214.5,0
4890,184.92,0
4891,194.66,0
4892,184.72,0
4893,194.78,0
4894,193.86,0
4895,196.09,0
4896,195.36,0
4897,189.06,0
4898,191.51,0
4899,190.42,0
4900,178.83,0
4901,187.16,0
4902,177.46,0
4903,186.82,0
4904,184.92,0
4905,201.9,0
4906,192.22,0
4907,205.68,0
4908,195.87,0
4909,182.18,0
4910,180.58,0
4911,190.03,0
4912,183.34,0
4913,203.87,0
4914,188.51,0
4915,183.76,0
4916,187.06,0
4917,169.79,0
4918,191.97,0
4919,188.55,0
4920,181.31,0
4921,183.79,0
4922,187.08,0
4923,200.2,0
4924,185.27,0
4925,176.91,0
4926,131.17,0
4927,169.87,0
4928,179.01,0
4929,169.12,0
4930,160.78,0
4931,171.63,0
4932,164.89,0
4933,170.34,0
4934,183.68,0
4935,183.81,0
4936,180.99,0
4937,183.86,0
4938,164.53,0
4939,180.92,0
4940,181.83,0
4941,180.39,0
4942,181.68,0
4943,169.47,0
4944,175.31,0
4945,174.88,0
4946,170.71,0
4947,163.89,0
4948,177.86,0
4949,176.33,0
4950,178.82,0
4951,176.13,0
4952,175.5,0
4953,175.48,0
4954,180.46,0
4955,181.49,0
4956,186.75,0
4957,175.28,0
4958,173.95,0
4959,185.76,0
4960,187.7,0
4961,182.85,0
4962,173.75,0
4963,184.74,0
4964,181.13,0
4965,176.96,0
4966,188.01,0
4967,179.87,0
4968,184.75,0
4969,178.96,0
4970,179.16,0
4971,184.81,0
4972,175.97,0
4973,185.23,0
4974,188.38,0
4975,185.26,0
4976,205.31,0
4977,192.84,0
4978,193.72,0
4979,177.42,0
4980,180.39,0
4981,185.03,0
4982,191.67,0
4983,181.93,0
4984,182.7,0
4985,216.16,0
4986,210.46,0
4987,214.89,0
4988,229.7,0
4989,226.75,0
4990,186.4,0
4991,213.22,0
4992,217.96,0
4993,230.7,0
4994,229.31,0
4995,219.42,0
4996,215.69,0
4997,212.84,0
4998,222.8,0
4999,217.39,0
5000,213.72,0
5001,227.44,0
5002,230.42,0
5003,214.78,0
5004,224.7,0
5005,210.31,0
5006,220.2,0
5007,208.72,0
5008,231.61,0
5009,226.33,0
5010,223.75,0
5011,216.81,0
5012,210.84,0
5013,226.88,0
5014,228.54,0
5015,224.49,0
5016,188.29,0
5017,190.03,0
5018,199.35,0
5019,203.88,0
5020,199.57,0
5021,201.55,0
5022,209.23,0
5023,194.51,0
5024,211.66,0
5025,209.51,0
5026,210.86,0
5027,204.43,0
5028,195.81,0
5029,182.79,0
5030,188.14,0
5031,190.73,0
5032,195.07,0
5033,200.6,0
5034,196.61,0
5035,185.08,0
5036,178.43,0
5037,187.61,0
5038,195.79,0
5039,194.74,0
5040,200.36,0
5041,198.64,0
5042,203.49,0
5043,192.96,0
5044,189.24,0
5045,193.35,0
5046,200.12,0
5047,200.57,0
5048,199.12,0
5049,190.87,0
5050,194.53,0
5051,198.88,0
5052,200.53,0
5053,195.66,0
5054,191.21,0
5055,193.78,0
5056,201.37,0
5057,188.96,0
5058,186.85,0
5059,192.43,0
5060,191.71,0
5061,206.38,0
5062,186.66,0
5063,194.29,0
5064,200.27,0
5065,191.48,0
5066,182.19,0
5067,177.59,0
5068,188.03,0
5069,199.62,0
5070,194.16,0
5071,205.26,0
5072,204.88,0
5073,193.64,0
5074,191.12,0
5075,197.16,0
5076,200.31,0
5077,181.94,0
5078,197.98,0
5079,197.15,0
5080,193.04,0
5081,185.84,0
5082,190.84,0
5083,189.76,0
5084,179.14,0
5085,182.62,0
5086,190.27,0
5087,190.6,0
5088,177.86,0
5089,175.08,0
5090,181.97,0
5091,190.19,0
5092,199.4,0
5093,180.07,0
5094,178.45,0
5095,187.68,0
5096,178.75,0
5097,176.39,0
5098,188.24,0
5099,182.33,0
5100,189.18,0
5101,181.09,0
5102,185.23,0
5103,193.55,0
5104,178.84,0
5105,167.75,0
5106,176.09,0
5107,190.91,0
5108,184.01,0
5109,182.4,0
5110,178.23,0
5111,183.5,0
5112,188.97,0
5113,177.78,0
5114,187.4,0
5115,203.97,0
5116,185.02,0
5117,180.15,0
5118,180.59,0
5119,193.72,0
5120,190.11,0
5121,183.92,0
5122,169.47,0
5123,174.89,0
5124,178.62,0
5125,181.45,0
5126,181.35,0
5127,191.1,0
5128,183.78,0
5129,191.77,0
5130,175.37,0
5131,174.08,0
5132,188.55,0
5133,194.83,0
5134,184.69,0
5135,182.45,0
5136,175.74,0
5137,187.79,0
5138,186.95,0
5139,168.11,0
5140,160.53,0
5141,166.08,0
5142,172.51,0
5143,175.13,0
5144,177.56,0
5145,165.77,0
5146,174.71,0
5147,164.8,0
5148,170.32,0
5149,158.23,0
5150,172.58,0
5151,177.72,0
5152,157.97,0
5153,157.12,0
5154,162.93,0
5155,164.99,0
5156,167.95,0
5157,179.77,0
5158,174.97,0
5159,167.75,0
5160,168.77,0
5161,171.31,0
5162,168.51,0
5163,157.63,0
5164,151.02,0
5165,156.47,0
5166,160.3,0
5167,157.62,0
5168,155.06,0
5169,155.71,0
5170,167.9,0
5171,151.9,0
5172,157.28,0
5173,153.13,0
5174,152.71,0
5175,160.77,0
5176,152.68,0
5177,157.45,0
5178,149.49,0
5179,158.27,0
5180,157.8,0
5181,150.51,0
5182,152.41,0
5183,142.49,0
5184,145.97,0
5185,139.42,0
5186,137.16,0
5187,146.65,0
5188,147.63,0
5189,137.27,0
5190,143.29,0
5191,140.59,0
5192,137.54,0
5193,141.57,0
5194,140.81,0
5195,144.73,0
5196,146.5,0
5197,147.05,0
5198,147.15,0
5199,146.37,0
5200,139.3,0
5201,136.94,0
5202,137.92,0
5203,137.26,0
5204,143.29,0
5205,140.42,0
5206,142.36,0
5207,133.49,0
5208,136.45,0
5209,134.24,0
5210,142.43,0
5211,144.29,0
5212,141.73,0
5213,140.44,0
5214,149.6,0
5215,139.64,0
5216,134.18,0
5217,138.42,0
5218,142.17,0
5219,140.15,0
5220,140.03,0
5221,141.62,0
5222,136.92,0
5223,137.47,0
5224,128.93,0
5225,133.84,0
5226,135.08,0
5227,137.0,0
5228,135.5,0
5229,137.86,0
5230,136.33,0
5231,133.98,0
5232,138.81,0
5233,136.73,0
5234,135.73,0
5235,131.72,0
5236,134.55,0
5237,136.43,0
5238,134.25,0
5239,138.34,0
5240,136.03,0
5241,132.17,0
5242,135.02,0
5243,136.06,0
5244,139.01,0
5245,136.59,0
5246,136.17,0
5247,132.03,0
5248,133.96,0
5249,130.53,0
5250,130.55,0
5251,127.3,0
5252,130.21,0
5253,137.91,0
5254,126.5,0
5255,133.7,0
5256,124.93,0
5257,125.01,0
5258,131.48,0
5259,122.55,0
5260,128.32,0
5261,121.37,0
5262,123.14,0
5263,127.21,0
5264,127.13,0
5265,127.91,0
5266,128.18,0
5267,123.62,0
5268,121.53,0
5269,121.85,0
5270,128.09,0
5271,122.14,0
5272,121.18,0
5273,122.63,0
5274,120.82,0
5275,123.33,0
5276,125.74,0
5277,126.24,0
5278,133.45,0
5279,143.45,0
5280,131.26,0
5281,129.58,0
5282,127.98,0
5283,134.04,0
5284,131.06,0
5285,126.21,0
5286,131.5,0
5287,123.89,0
5288,131.76,0
5289,131.16,0
5290,138.29,0
5291,141.27,0
5292,133.5,0
5293,135.87,0
5294,131.44,0
5295,134.65,0
5296,132.28,0
5297,125.86,0
5298,149.72,0
5299,158.44,0
5300,148.57,0
5301,140.17,0
5302,148.85,0
5303,147.23,0
5304,157.56,0
5305,149.68,0
5306,146.36,0
5307,145.01,0
5308,143.56,0
5309,145.2,0
5310,143.44,0
5311,145.95,0
5312,135.69,0
5313,131.65,0
5314,132.09,0
5315,122.09,0
5316,120.82,0
5317,117.29,0
5318,121.52,0
5319,127.74,0
5320,137.58,0
5321,126.65,0
5322,132.66,0
5323,136.04,0
5324,125.3,0
5325,136.13,0
5326,133.38,0
5327,133.47,0
5328,132.53,0
5329,132.29,0
5330,143.84,0
5331,138.83,0
5332,140.62,0
5333,145.6,0
5334,145.02,0
5335,128.93,0
5336,126.46,0
5337,125.83,0
5338,133.9,0
5339,134.09,0
5340,126.48,0
5341,135.2,0
5342,129.91,0
5343,132.55,0
5344,127.45,0
5345,134.7,0
5346,128.19,0
5347,128.56,0
5348,126.94,0
5349,118.58,0
5350,124.88,0
5351,125.93,0
5352,123.93,0
5353,130.67,0
5354,129.35,0
5355,134.13,0
5356,131.28,0
5357,121.87,0
5358,119.23,0
5359,126.13,0
5360,138.4,0
5361,134.34,0
5362,123.76,0
5363,125.27,0
5364,120.68,0
5365,123.2,0
5366,115.97,0
5367,125.23,0
5368,131.58,0
5369,128.05,0
5370,126.13,0
5371,124.37,0
5372,125.82,0
5373,119.47,0
5374,112.62,0
5375,125.34,0
5376,125.93,0
5377,124.39,0
5378,129.9,0
5379,115.61,0
5380,118.52,0
5381,122.12,0
5382,118.34,0
5383,120.9,0
5384,114.64,0
5385,120.86,0
5386,118.02,0
5387,130.44,0
5388,132.96,0
5389,135.06,0
5390,122.25,0
5391,124.56,0
5392,133.72,0
5393,127.44,0
5394,129.69,0
5395,119.47,0
5396,125.76,0
5397,123.5,0
5398,123.59,0
5399,117.28,0
5400,112.83,0
5401,124.09,0
5402,126.28,0
5403,122.24,0
5404,123.75,0
5405,126.29,0
5406,132.39,0
5407,127.54,0
5408,128.17,0
5409,127.22,0
5410,106.82,0
5411,114.89,0
5412,118.55,0
5413,139.3,0
5414,128.61,0
5415,131.78,0
5416,128.55,0
5417,120.24,0
5418,121.31,0
5419,123.69,0
5420,130.42,0
5421,128.96,0
5422,125.97,0
5423,126.05,0
5424,115.72,0
5425,122.77,0
5426,112.52,0
5427,118.55,0
5428,124.85,0
5429,130.73,0
5430,119.15,0
5431,118.95,0
5432,113.25,0
5433,104.61,0
5434,107.38,0
5435,119.83,0
5436,123.08,0
5437,117.78,0
5438,114.74,0
5439,112.09,0
5440,105.88,0
5441,113.98,0
5442,110.76,0
5443,118.55,0
5444,122.22,0
5445,124.85,0
5446,124.2,0
5447,119.37,0
5448,119.97,0
5449,116.26,0
5450,125.37,0
5451,112.1,0
5452,112.14,0
5453,113.99,0
5454,102.75,0
5455,103.23,0
5456,118.61,0
5457,120.5,0
5458,119.01,0
5459,123.64,0
5460,130.16,0
5461,122.61,0
5462,112.01,0
5463,109.35,0
5464,117.62,0
5465,112.75,0
5466,117.75,0
5467,108.37,0
5468,116.07,0
5469,112.76,0
5470,114.69,0
5471,115.42,0
5472,134.18,0
5473,123.97,0
5474,115.03,0
5475,117.68,0
5476,120.52,0
5477,122.28,0
5478,116.82,0
5479,120.05,0
5480,114.92,0
5481,115.26,0
5482,116.1,0
5483,128.64,0
5484,119.52,0
5485,114.15,0
5486,125.77,0
5487,114.36,0
5488,119.59,0
5489,137.96,0
5490,122.41,0
5491,118.73,0
5492,122.22,0
5493,109.37,0
5494,109.39,0
5495,120.08,0
5496,118.12,0
5497,102.18,0
5498,113.21,0
5499,109.08,0
5500,105.26,0
5501,93.85,0
5502,99.56,0
5503,105.85,0
5504,112.66,0
5505,113.82,0
5506,114.53,0
5507,112.1,0
5508,120.0,0
5509,119.75,0
5510,114.9,0
5511,118.5,0
5512,117.8,0
5513,118.63,0
5514,115.08,0
5515,113.0,0
5516,115.41,0
5517,118.3,0
5518,129.78,0
5519,120.79,0
5520,115.0,0
5521,112.81,0
5522,114.35,0
5523,111.18,0
5524,108.71,0
5525,124.0,0
5526,116.95,0
5527,123.6,0
5528,115.91,0
5529,116.81,0
5530,122.69,0
5531,115.81,0
5532,123.88,0
5533,110.3,0
5534,113.73,0
5535,117.23,0
5536,124.75,0
5537,118.55,0
5538,122.99,0
5539,126.15,0
5540,113.45,0
5541,110.79,0
5542,120.21,0
5543,130.84,0
5544,119.38,0
5545,123.09,0
5546,128.05,0
5547,122.6,0
5548,119.1,0
5549,122.17,0
5550,118.88,0
5551,123.05,0
5552,131.06,0
5553,129.3,0
5554,117.51,0
5555,120.96,0
5556,108.43,0
5557,126.23,0
5558,120.17,0
5559,131.51,0
5560,127.07,0
5561,121.15,0
5562,122.93,0
5563,122.35,0
5564,121.58,0
5565,128.99,0
5566,131.25,0
5567,126.01,0
5568,125.19,0
5569,128.84,0
5570,127.82,0
5571,128.47,0
5572,127.02,0
5573,123.53,0
5574,124.5,0
5575,113.01,0
5576,121.11,0
5577,128.85,0
5578,129.27,0
5579,115.5,0
5580,127.42,0
5581,124.93,0
5582,123.38,0
5583,121.06,0
5584,129.47,0
5585,127.54,0
5586,134.63,0
5587,127.3,0
5588,126.67,0
5589,126.49,0
5590,128.65,0
5591,124.08,0
5592,136.19,0
5593,132.33,0
5594,133.03,0
5595,128.64,0
5596,126.91,0
5597,139.68,0
5598,139.74,0
5599,134.3,0
5600,130.38,0
5601,129.27,0
5602,130.04,0
5603,120.72,0
5604,120.36,0
5605,114.14,0
5606,124.66,0
5607,131.35,0
5608,135.53,0
5609,132.19,0
5610,131.33,0
5611,129.29,0
5612,128.41,0
5613,134.63,0
5614,132.87,0
5615,122.87,0
5616,120.73,0
5617,116.87,0
5618,118.67,0
5619,122.78,0
5620,124.82,0
5621,124.28,0
5622,129.3,0
5623,123.46,0
5624,128.02,0
5625,130.51,0
5626,126.31,0
5627,125.24,0
5628,128.56,0
5629,133.73,0
5630,135.08,0
5631,130.02,0
5632,135.41,0
5633,130.93,0
5634,125.69,0
5635,130.14,0
5636,131.62,0
5637,139.93,0
5638,135.27,0
5639,139.24,0
5640,139.55,0
5641,137.52,0
5642,136.1,0
5643,135.37,0
5644,135.28,0
5645,129.7,0
5646,135.71,0
5647,137.46,0
5648,135.5,0
5649,135.16,0
5650,126.47,0
5651,133.21,0
5652,131.63,0
5653,119.81,0
5654,128.77,0
5655,131.28,0
5656,128.17,0
5657,139.95,0
5658,129.82,0
5659,130.09,0
5660,128.46,0
5661,128.11,0
5662,139.93,0
5663,133.09,0
5664,139.23,0
5665,138.25,0
5666,131.33,0
5667,139.37,0
5668,133.39,0
5669,133.85,0
5670,138.96,0
5671,128.23,0
5672,137.29,0
5673,131.65,0
5674,133.75,0
5675,134.93,0
5676,134.26,0
5677,132.38,0
5678,125.23,0
5679,123.44,0
5680,119.34,0
5681,131.55,0
5682,129.29,0
5683,134.87,0
5684,132.83,0
5685,135.93,0
5686,135.08,0
5687,128.5,0
5688,130.6,0
5689,133.19,0
5690,137.57,0
5691,137.98,0
5692,132.3,0
5693,129.04,0
5694,126.43,0
5695,132.78,0
5696,133.58,0
5697,138.38,0
5698,134.74,0
5699,135.7,0
5700,130.34,0
5701,126.47,0
5702,128.16,0
5703,131.04,0
5704,127.5,0
5705,123.85,0
5706,135.03,0
5707,128.17,0
5708,137.82,0
5709,135.46,0
5710,140.11,0
5711,143.71,0
5712,138.06,0
5713,129.33,0
5714,135.54,0
5715,137.47,0
5716,141.1,0
5717,144.21,0
5718,137.33,0
5719,131.3,0
5720,142.22,0
5721,139.35,0
5722,138.36,0
5723,136.13,0
5724,132.73,0
5725,135.08,0
5726,140.76,0
5727,139.83,0
5728,142.39,0
5729,139.07,0
5730,134.99,0
5731,131.46,0
5732,130.98,0
5733,131.04,0
5734,131.62,0
5735,130.97,0
5736,131.51,0
5737,144.39,0
5738,154.85,0
5739,170.22,0
5740,171.7,0
5741,172.9,0
5742,162.91,0
5743,152.1,0
5744,150.1,0
5745,154.44,0
5746,150.09,0
5747,159.53,0
5748,167.5,0
5749,178.24,0
5750,184.9,0
5751,183.21,0
5752,166.24,0
5753,163.35,0
5754,161.42,0
5755,163.77,0
5756,163.55,0
5757,162.19,0
5758,163.11,0
5759,165.3,0
5760,159.73,0
5761,164.95,0
5762,164.98,0
5763,159.97,0
5764,171.79,0
5765,169.55,0
5766,165.24,0
5767,171.18,0
5768,166.97,0
5769,176.62,0
5770,179.18,0
5771,184.96,0
5772,174.31,0
5773,177.96,0
5774,172.41,0
5775,177.32,0
5776,171.66,0
5777,193.6,0
5778,187.26,0
5779,177.19,0
5780,180.98,0
5781,171.84,0
5782,176.7,0
5783,166.64,0
5784,171.06,0
5785,185.75,0
5786,176.21,0
5787,188.73,0
5788,184.55,0
5789,188.71,0
5790,191.9,0
5791,186.13,0
5792,198.2,0
5793,199.04,0
5794,195.98,0
5795,197.17,0
5796,202.67,0
5797,182.75,0
5798,193.97,0
5799,187.36,0
5800,188.75,0
5801,186.38,0
5802,183.04,0
5803,189.96,0
5804,189.54,0
5805,191.42,0
5806,183.84,0
5807,185.99,0
5808,191.39,0
5809,197.12,0
5810,190.83,0
5811,179.88,0
5812,188.53,0
5813,192.81,0
5814,188.74,0
5815,191.96,0
5816,186.48,0
5817,200.66,0
5818,207.68,0
5819,196.92,0
5820,194.78,0
5821,194.26,0
5822,190.42,0
5823,196.56,0
5824,205.09,0
5825,208.49,0
5826,206.49,0
5827,204.23,0
5828,196.74,0
5829,197.13,0
5830,200.66,0
5831,197.4,0
5832,202.93,0
5833,206.02,0
5834,208.97,0
5835,209.98,0
5836,217.66,0
5837,218.26,0
5838,203.11,0
5839,200.68,0
5840,198.8,0
5841,207.63,0
5842,210.75,0
5843,197.56,0
5844,192.68,0
5845,204.03,0
5846,203.62,0
5847,212.8,0
5848,191.99,0
5849,219.37,0
5850,207.53,0
5851,212.0,0
5852,210.36,0
5853,208.58,0
5854,211.46,0
5855,213.04,0
5856,205.63,0
5857,204.17,0
5858,192.5,0
5859,201.47,0
5860,206.84,0
5861,201.16,0
5862,214.85,0
5863,206.58,0
5864,210.39,0
5865,214.84,0
5866,215.37,0
5867,206.89,0
5868,205.88,0
5869,212.23,0
5870,214.43,0
5871,205.32,0
5872,224.32,0
5873,201.25,0
5874,227.44,0
5875,221.46,0
5876,224.66,0
5877,215.0,0
5878,213.24,0
5879,216.51,0
5880,221.09,0
5881,220.41,0
5882,203.89,0
5883,205.41,0
5884,208.46,0
5885,208.24,0
5886,210.41,0
5887,195.79,0
5888,203.54,0
5889,206.24,0
5890,228.41,0
5891,216.58,0
5892,215.6,0
5893,212.66,0
5894,212.56,0
5895,220.56,0
5896,208.09,0
5897,227.3,0
5898,213.05,0
5899,211.26,0
5900,220.15,0
5901,213.5,0
5902,205.81,0
5903,193.8,0
5904,195.44,0
5905,214.01,0
5906,218.13,0
5907,218.48,0
5908,230.77,0
5909,215.05,0
5910,215.89,0
5911,210.02,0
5912,212.31,0
5913,216.8,0
5914,206.57,0
5915,215.36,0
5916,204.39,0
5917,206.05,0
5918,212.88,0
5919,211.23,0
5920,201.38,0
5921,196.54,0
5922,190.4,0
5923,192.94,0
5924,192.63,0
5925,204.77,0
5926,199.52,0
5927,200.3,0
5928,191.05,0
5929,185.51,0
5930,201.07,0
5931,212.27,0
5932,206.71,0
5933,206.54,0
5934,198.65,0
5935,195.43,0
5936,205.55,0
5937,196.22,0
5938,194.02,0
5939,187.01,0
5940,191.76,0
5941,185.28,0
5942,193.63,0
5943,183.63,0
5944,185.13,0
5945,186.67,0
5946,176.08,0
5947,187.78,0
5948,183.43,0
5949,180.09,0
5950,181.75,0
5951,176.46,0
5952,181.24,0
5953,184.09,0
5954,185.64,0
5955,182.05,0
5956,172.3,0
5957,170.83,0
5958,164.31,0
5959,171.13,0
5960,182.28,0
5961,182.5,0
5962,167.09,0
5963,167.97,0
5964,158.72,0
5965,169.46,0
5966,169.45,0
5967,168.7,0
5968,170.56,0
5969,161.54,0
5970,174.37,0
5971,164.74,0
5972,156.9,0
5973,166.81,0
5974,159.58,0
5975,172.23,0
5976,173.92,0
5977,171.88,0
5978,162.82,0
5979,163.76,0
5980,165.07,0
5981,174.26,0
5982,156.92,0
5983,163.49,0
5984,157.5,0
5985,164.23,0
5986,172.25,0
5987,168.85,0
5988,168.19,0
5989,174.98,0
5990,164.11,0
5991,165.08,0
5992,168.8,0
5993,164.94,0
5994,162.92,0
5995,184.7,0
5996,184.71,0
5997,175.02,0
5998,174.15,0
5999,174.42,0
6000,174.83,0
6001,168.08,0
6002,166.35,0
6003,168.96,0
6004,170.18,0
6005,172.77,0
6006,176.24,0
6007,184.67,0
6008,189.33,0
6009,183.64,0
6010,177.57,0
6011,185.94,0
6012,179.06,0
6013,181.12,0
6014,181.14,0
6015,182.93,0
6016,189.18,0
6017,190.08,0
6018,180.94,0
6019,185.26,0
6020,177.6,0
6021,176.89,0
6022,169.52,0
6023,176.68,0
6024,172.26,0
6025,181.22,0
6026,204.65,0
6027,207.54,0
6028,188.83,0
6029,195.93,0
6030,193.93,0
6031,192.12,0
6032,189.43,0
6033,187.51,0
6034,175.85,0
6035,183.88,0
6036,188.24,0
6037,183.11,0
6038,182.08,0
6039,196.39,0
6040,181.3,0
6041,175.66,0
6042,185.74,0
6043,180.68,0
6044,179.11,0
6045,191.0,0
6046,190.8,0
6047,198.9,0
6048,191.52,0
6049,185.05,0
6050,188.42,0
6051,193.55,0
6052,179.76,0
6053,175.51,0
6054,191.45,0
6055,198.41,0
6056,218.15,0
6057,190.04,0
6058,192.49,0
6059,186.45,0
6060,179.63,0
6061,188.09,0
6062,178.19,0
6063,184.38,0
6064,180.97,0
6065,188.37,0
6066,190.97,0
6067,184.06,0
6068,192.58,0
6069,201.24,0
6070,191.77,0
6071,203.07,0
6072,193.74,0
6073,190.15,0
6074,186.77,0
6075,186.22,0
6076,191.21,0
6077,194.74,0
6078,191.66,0
6079,201.38,0
6080,192.48,0
6081,190.56,0
6082,181.03,0
6083,172.44,0
6084,171.58,0
6085,186.92,0
6086,188.14,0
6087,201.66,0
6088,191.0,0
6089,186.36,0
6090,187.48,0
6091,183.54,0
6092,175.23,0
6093,173.69,0
6094,172.65,0
6095,184.97,0
6096,184.32,0
6097,188.43,0
6098,177.2,0
6099,170.41,0
6100,169.98,0
6101,179.83,0
6102,191.07,0
6103,185.57,0
6104,185.67,0
6105,179.11,0
6106,183.8,0
6107,183.81,0
6108,186.02,0
6109,170.81,0
6110,179.46,0
6111,171.21,0
6112,167.26,0
6113,178.0,0
6114,183.08,0
6115,179.27,0
6116,193.35,0
6117,197.14,0
6118,195.54,0
6119,185.4,0
6120,192.53,0
6121,200.95,0
6122,211.12,0
6123,206.19,0
6124,194.32,0
6125,199.4,0
6126,201.2,0
6127,200.61,0
6128,204.56,0
6129,206.58,0
6130,202.38,0
6131,195.07,0
6132,212.31,0
6133,212.63,0
6134,201.13,0
6135,206.45,0
6136,203.85,0
6137,208.93,0
6138,214.84,0
6139,207.27,0
6140,205.23,0
6141,222.76,0
6142,205.71,0
6143,194.18,0
6144,202.42,0
6145,220.91,0
6146,210.37,0
6147,215.4,0
6148,205.92,0
6149,215.92,0
6150,213.04,0
6151,218.83,0
6152,209.63,0
6153,209.89,0
6154,219.08,0
6155,216.33,0
6156,208.64,0
6157,205.51,0
6158,221.69,0
6159,217.03,0
6160,211.4,0
6161,215.11,0
6162,210.92,0
6163,206.32,0
6164,213.8,0
6165,213.71,0
6166,217.37,0
6167,225.19,0
6168,209.44,0
6169,202.02,0
6170,207.43,0
6171,207.85,0
6172,217.43,0
6173,214.51,0
6174,208.35,0
6175,217.15,0
6176,207.13,0
6177,214.27,0
6178,210.7,0
6179,217.47,0
6180,213.36,0
6181,215.38,0
6182,202.03,0
6183,208.29,0
6184,211.77,0
6185,196.08,0
6186,202.58,0
6187,201.25,0
6188,198.03,0
6189,191.05,0
6190,201.85,0
6191,208.04,0
6192,204.01,0
6193,195.55,0
6194,201.51,0
6195,205.45,0
6196,196.59,0
6197,192.93,0
6198,199.15,0
6199,194.23,0
6200,204.06,0
6201,204.68,0
6202,200.62,0
6203,202.14,0
6204,197.15,0
6205,200.93,0
6206,205.27,0
6207,208.7,0
6208,200.25,0
6209,209.24,0
6210,190.66,0
6211,199.04,0
6212,200.95,0
6213,196.17,0
6214,184.73,0
6215,206.24,0
6216,189.25,0
6217,208.52,0
6218,200.09,0
6219,193.62,0
6220,191.16,0
6221,189.88,0
6222,197.76,0
6223,200.13,0
6224,203.62,0
6225,206.05,0
6226,202.88,0
6227,201.01,0
6228,196.58,0
6229,189.12,0
6230,202.2,0
6231,198.22,0
6232,205.24,0
6233,186.47,0
6234,190.19,0
6235,206.06,0
6236,200.53,0
6237,200.99,0
6238,186.59,0
6239,196.34,0
6240,193.74,0
6241,188.66,0
6242,175.52,0
6243,177.68,0
6244,182.3,0
6245,184.5,0
6246,188.5,0
6247,194.88,0
6248,190.34,0
6249,170.57,0
6250,186.99,0
6251,193.99,0
6252,192.09,0
6253,187.0,0
6254,197.83,0
6255,193.95,0
6256,189.41,0
6257,193.28,0
6258,192.05,0
6259,190.58,0
6260,193.23,0
6261,187.23,0
6262,197.94,0
6263,184.57,0
6264,183.93,0
6265,186.9,0
6266,197.49,0
6267,185.81,0
6268,188.41,0
6269,204.06,0
6270,209.73,0
6271,195.97,0
6272,182.88,0
6273,175.08,0
6274,180.52,0
6275,206.47,0
6276,194.09,0
6277,191.4,0
6278,186.13,0
6279,193.05,0
6280,198.45,0
6281,197.52,0
6282,188.11,0
6283,181.3,0
6284,191.0,0
6285,202.77,0
6286,193.14,0
6287,192.64,0
6288,189.53,0
6289,196.72,0
6290,196.26,0
6291,193.9,0
6292,190.12,0
6293,179.86,0
6294,175.54,0
6295,182.83,0
6296,207.83,0
6297,192.94,0
6298,189.15,0
6299,183.25,0
6300,189.61,0
6301,175.28,0
6302,188.32,0
6303,193.66,0
6304,186.3,0
6305,178.45,0
6306,189.96,0
6307,192.41,0
6308,183.36,0
6309,186.46,0
6310,190.33,0
6311,187.85,0
6312,190.4,0
6313,201.06,0
6314,192.91,0
6315,189.45,0
6316,200.97,0
6317,203.14,0
6318,186.32,0
6319,183.34,0
6320,185.99,0
6321,190.25,0
6322,182.66,0
6323,183.06,0
6324,172.55,0
6325,194.86,0
6326,185.13,0
6327,192.49,0
6328,183.04,0
6329,180.87,0
6330,182.41,0
6331,187.61,0
6332,172.64,0
6333,164.85,0
6334,168.92,0
6335,179.58,0
6336,177.07,0
6337,186.85,0
6338,173.08,0
6339,185.6,0
6340,184.65,0
6341,184.76,0
6342,183.36,0
6343,180.68,0
6344,186.58,0
6345,179.31,0
6346,184.23,0
6347,180.2,0
6348,175.01,0
6349,176.48,0
6350,173.23,0
6351,163.93,0
6352,189.31,0
6353,179.46,0
6354,173.37,0
6355,185.51,0
6356,183.23,0
6357,186.36,0
6358,189.61,0
6359,181.67,0
6360,183.56,0
6361,167.08,0
6362,170.72,0
6363,170.81,0
6364,187.09,0
6365,181.15,0
6366,181.12,0
6367,180.78,0
6368,180.92,0
6369,198.76,0
6370,200.17,0
6371,191.72,0
6372,200.29,0
6373,179.37,0
6374,181.48,0
6375,184.67,0
6376,180.2,0
6377,185.06,0
6378,187.1,0
6379,180.46,0
6380,179.1,0
6381,173.1,0
6382,187.6,0
6383,182.09,0
6384,177.42,0
6385,194.77,0
6386,202.86,0
6387,198.72,0
6388,197.43,0
6389,190.08,0
6390,189.56,0
6391,198.82,0
6392,198.67,0
6393,193.62,0
6394,187.62,0
6395,187.34,0
6396,196.57,0
6397,191.83,0
6398,196.65,0
6399,198.24,0
6400,202.3,0
6401,196.56,0
6402,195.91,0
6403,191.04,0
6404,210.08,0
6405,192.24,0
6406,195.32,0
6407,199.65,0
6408,192.92,0
6409,205.07,0
6410,200.98,0
6411,204.74,0
6412,197.89,0
6413,195.93,0
6414,190.91,0
6415,199.08,0
6416,191.42,0
6417,207.19,0
6418,211.2,0
6419,210.46,0
6420,213.6,0
6421,203.67,0
6422,200.98,0
6423,201.59,0
6424,200.69,0
6425,207.43,0
6426,201.64,0
6427,204.78,0
6428,192.8,0
6429,199.68,0
6430,213.47,0
6431,201.75,0
6432,210.52,0
6433,208.94,0
6434,212.32,0
6435,200.41,0
6436,195.25,0
6437,165.4,0
6438,202.83,0
6439,195.84,0
6440,194.09,0
6441,188.96,0
6442,190.56,0
6443,192.09,0
6444,194.84,0
6445,203.5,0
6446,200.59,0
6447,198.31,0
6448,208.74,0
6449,201.9,0
6450,203.25,0
6451,204.66,0
6452,212.39,0
6453,208.45,0
6454,204.57,0
6455,203.18,0
6456,202.2,0
6457,201.07,0
6458,194.96,0
6459,191.7,0
6460,209.55,0
6461,199.59,0
6462,200.17,0
6463,191.53,0
6464,193.57,0
6465,192.55,0
6466,203.04,0
6467,200.11,0
6468,197.35,0
6469,184.05,0
6470,182.76,0
6471,196.46,0
6472,199.94,0
6473,194.63,0
6474,193.82,0
6475,192.27,0
6476,205.82,0
6477,218.98,0
6478,205.78,0
6479,197.75,0
6480,191.86,0
6481,190.07,0
6482,192.76,0
6483,197.73,0
6484,196.8,0
6485,203.21,0
6486,195.22,0
6487,197.37,0
6488,201.44,0
6489,192.74,0
6490,192.06,0
6491,200.31,0
6492,212.97,0
6493,193.69,0
6494,192.76,0
6495,205.76,0
6496,198.42,0
6497,211.68,0
6498,203.29,0
6499,201.49,0
6500,199.55,0
6501,198.65,0
6502,192.32,0
6503,192.0,0
6504,205.29,0
6505,209.43,0
6506,206.57,0
6507,208.72,0
6508,202.51,0
6509,190.8,0
6510,204.29,0
6511,213.1,0
6512,196.55,0
6513,205.81,0
6514,199.95,0
6515,208.66,0
6516,205.32,0
6517,204.86,0
6518,184.35,0
6519,197.77,0
6520,208.78,0
6521,206.42,0
6522,205.34,0
6523,212.08,0
6524,202.87,0
6525,200.62,0
6526,213.15,0
6527,206.18,0
6528,204.74,0
6529,203.03,0
6530,205.33,0
6531,198.95,0
6532,204.56,0
6533,193.65,0
6534,206.11,0
6535,196.94,0
6536,209.66,0
6537,207.49,0
6538,210.5,0
6539,215.84,0
6540,212.03,0
6541,214.06,0
6542,204.33,0
6543,205.53,0
6544,199.61,0
6545,201.65,0
6546,199.53,0
6547,209.96,0
6548,205.78,0
6549,204.49,0
6550,205.09,0
6551,211.05,0
6552,213.91,0
6553,208.72,0
6554,204.24,0
6555,212.49,0
6556,196.62,0
6557,201.3,0
6558,198.4,0
6559,198.47,0
6560,203.29,0
6561,204.0,0
6562,208.07,0
6563,199.44,0
6564,193.47,0
6565,199.89,0
6566,202.63,0
6567,205.27,0
6568,208.52,0
6569,211.45,0
6570,213.04,0
6571,224.53,0
6572,201.34,0
6573,200.78,0
6574,190.07,0
6575,199.86,0
6576,204.33,0
6577,221.3,0
6578,198.07,0
6579,199.55,0
6580,194.54,0
6581,200.21,0
6582,203.24,0
6583,196.33,0
6584,207.94,0
6585,204.23,0
6586,203.71,0
6587,203.23,0
6588,191.26,0
6589,188.47,0
6590,197.19,0
6591,205.36,0
6592,192.99,0
6593,175.61,0
6594,179.84,0
6595,199.26,0
6596,193.21,0
6597,183.98,0
6598,180.44,0
6599,185.19,0
6600,180.93,0
6601,172.39,0
6602,189.77,0
6603,202.52,0
6604,174.08,0
6605,179.4,0
6606,174.55,0
6607,180.19,0
6608,165.2,0
6609,168.02,0
6610,177.65,0
6611,170.36,0
6612,182.16,0
6613,186.39,0
6614,184.82,0
6615,192.16,0
6616,186.75,0
6617,188.49,0
6618,187.02,0
6619,189.54,0
6620,177.53,0
6621,191.0,0
6622,165.05,0
6623,154.55,0
6624,150.75,0
6625,168.32,0
6626,162.06,0
6627,156.27,0
6628,160.45,0
6629,161.18,0
6630,165.81,0
6631,166.7,0
6632,161.64,0
6633,170.34,0
6634,163.19,0
6635,151.84,0
6636,161.0,0
6637,163.27,0
6638,152.36,0
6639,150.67,0
6640,153.48,0
6641,158.1,0
6642,158.29,0
6643,145.07,0
6644,151.8,0
6645,147.4,0
6646,142.84,0
6647,151.05,0
6648,142.72,0
6649,135.31,0
6650,146.91,0
6651,149.35,0
6652,143.77,0
6653,146.2,0
6654,146.88,0
6655,143.69,0
6656,141.6,0
6657,138.84,0
6658,128.61,0
6659,133.87,0
6660,133.47,0
6661,135.97,0
6662,136.63,0
6663,135.95,0
6664,138.18,0
6665,140.89,0
6666,139.35,0
6667,136.86,0
6668,137.74,0
6669,139.03,0
6670,135.92,0
6671,138.59,0
6672,135.54,0
6673,130.29,0
6674,131.84,0
6675,132.53,0
6676,132.93,0
6677,137.35,0
6678,138.81,0
6679,132.71,0
6680,137.59,0
6681,136.14,0
6682,127.23,0
6683,126.5,0
6684,127.34,0
6685,135.48,0
6686,128.11,0
6687,132.47,0
6688,134.33,0
6689,131.14,0
6690,134.88,0
6691,139.05,0
6692,130.15,0
6693,128.69,0
6694,130.57,0
6695,129.38,0
6696,127.38,0
6697,130.64,0
6698,129.45,0
6699,127.52,0
6700,122.46,0
6701,128.36,0
6702,126.63,0
6703,124.81,0
6704,132.71,0
6705,128.28,0
6706,125.6,0
6707,125.29,0
6708,120.79,0
6709,125.44,0
6710,130.72,0
6711,132.05,0
6712,125.73,0
6713,118.29,0
6714,130.33,0
6715,121.86,0
6716,129.29,0
6717,128.5,0
6718,129.23,0
6719,124.48,0
6720,118.91,0
6721,120.45,0
6722,121.46,0
6723,127.3,0
6724,122.55,0
6725,132.89,0
6726,127.71,0
6727,125.72,0
6728,130.48,0
6729,127.5,0
6730,131.42,0
6731,129.3,0
6732,130.58,0
6733,126.51,0
6734,133.48,0
6735,129.95,0
6736,126.02,0
6737,136.34,0
6738,139.52,0
6739,131.3,0
6740,126.82,0
6741,134.12,0
6742,130.22,0
6743,127.28,0
6744,122.42,0
6745,123.67,0
6746,135.46,0
6747,125.26,0
6748,128.93,0
6749,127.89,0
6750,137.05,0
6751,125.5,0
6752,126.02,0
6753,121.26,0
6754,113.32,0
6755,114.87,0
6756,125.74,0
6757,123.41,0
6758,132.3,0
6759,134.51,0
6760,132.34,0
6761,127.75,0
6762,134.6,0
6763,133.12,0
6764,133.24,0
6765,130.12,0
6766,144.33,0
6767,158.86,0
6768,149.98,0
6769,140.69,0
6770,143.01,0
6771,133.58,0
6772,128.05,0
6773,112.16,0
6774,113.49,0
6775,127.5,0
6776,128.5,0
6777,132.85,0
6778,122.2,0
6779,123.0,0
6780,126.74,0
6781,123.96,0
6782,123.24,0
6783,121.31,0
6784,111.5,0
6785,130.93,0
6786,125.56,0
6787,132.6,0
6788,123.71,0
6789,132.31,0
6790,135.75,0
6791,130.49,0
6792,138.16,0
6793,124.74,0
6794,125.61,0
6795,120.53,0
6796,124.32,0
6797,130.7,0
6798,129.9,0
6799,130.9,0
6800,121.71,0
6801,118.97,0
6802,117.01,0
6803,107.7,0
6804,127.21,0
6805,122.99,0
6806,108.83,0
6807,121.5,0
6808,126.2,0
6809,122.1,0
6810,125.64,0
6811,124.5,0
6812,119.76,0
6813,117.1,0
6814,108.1,0
6815,112.79,0
6816,122.77,0
6817,126.3,0
6818,123.9,0
6819,126.72,0
6820,108.99,0
6821,114.71,0
6822,128.17,0
6823,117.7,0
6824,136.16,0
6825,121.65,0
6826,131.23,0
6827,127.67,0
6828,124.12,0
6829,133.92,0
6830,131.75,0
6831,129.45,0
6832,127.15,0
6833,102.18,0
6834,120.51,0
6835,126.09,0
6836,132.94,0
6837,124.46,0
6838,130.1,0
6839,133.15,0
6840,118.78,0
6841,114.13,0
6842,120.16,0
6843,112.9,0
6844,116.0,0
6845,128.46,0
6846,126.57,0
6847,119.92,0
6848,127.01,0
6849,120.06,0
6850,119.9,0
6851,131.22,0
6852,116.43,0
6853,120.48,0
6854,110.77,0
6855,109.03,0
6856,114.6,0
6857,123.29,0
6858,119.81,0
6859,107.77,0
6860,119.46,0
6861,118.43,0
6862,110.87,0
6863,101.51,0
6864,113.22,0
6865,111.71,0
6866,129.12,0
6867,115.38,0
6868,132.81,0
6869,109.93,0
6870,115.06,0
6871,117.31,0
6872,114.61,0
6873,123.61,0
6874,111.6,0
6875,114.39,0
6876,118.64,0
6877,113.59,0
6878,113.66,0
6879,116.02,0
6880,117.46,0
6881,124.46,0
6882,125.64,0
6883,123.47,0
6884,115.24,0
6885,111.45,0
6886,110.84,0
6887,108.87,0
6888,108.71,0
6889,116.53,0
6890,115.1,0
6891,111.69,0
6892,106.78,0
6893,96.71,0
6894,119.86,0
6895,107.29,0
6896,111.66,0
6897,122.11,0
6898,125.73,0
6899,121.63,0
6900,118.49,0
6901,107.78,0
6902,121.08,0
6903,124.52,0
6904,121.06,0
6905,120.8,0
6906,119.1,0
6907,115.93,0
6908,128.32,0
6909,123.08,0
6910,121.42,0
6911,127.18,0
6912,128.55,0
6913,122.34,0
6914,120.13,0
6915,119.79,0
6916,125.8,0
6917,125.11,0
6918,109.3,0
6919,119.29,0
6920,122.37,0
6921,119.46,0
6922,122.44,0
6923,102.47,0
6924,111.7,0
6925,112.92,0
6926,121.6,0
6927,119.52,0
6928,126.27,0
6929,122.55,0
6930,120.15,0
6931,119.46,0
6932,117.78,0
6933,120.79,0
6934,116.86,0
6935,117.18,0
6936,115.01,0
6937,118.63,0
6938,108.88,0
6939,118.3,0
6940,110.25,0
6941,118.71,0
6942,120.9,0
6943,122.35,0
6944,115.93,0
6945,118.27,0
6946,113.65,0
6947,117.98,0
6948,120.72,0
6949,116.16,0
6950,123.88,0
6951,120.04,0
6952,123.14,0
6953,104.95,0
6954,114.98,0
6955,108.16,0
6956,114.07,0
6957,111.88,0
6958,121.95,0
6959,125.47,0
6960,111.59,0
6961,127.38,0
6962,112.01,0
6963,119.9,0
6964,128.83,0
6965,120.89,0
6966,121.56,0
6967,111.32,0
6968,114.67,0
6969,114.31,0
6970,121.1,0
6971,118.96,0
6972,124.49,0
6973,119.21,0
6974,112.32,0
6975,118.37,0
6976,119.61,0
6977,113.32,0
6978,115.7,0
6979,134.04,0
6980,120.72,0
6981,121.77,0
6982,123.71,0
6983,124.49,0
6984,114.92,0
6985,118.57,0
6986,121.3,0
6987,122.55,0
6988,113.22,0
6989,121.44,0
6990,124.97,0
6991,116.8,0
6992,113.68,0
6993,122.94,0
6994,117.77,0
6995,123.6,0
6996,123.38,0
6997,114.96,0
6998,122.29,0
6999,126.25,0
7000,119.63,0
7001,124.52,0
7002,118.83,0
7003,125.48,0
7004,128.96,0
7005,118.66,0
7006,124.77,0
7007,119.43,0
7008,120.41,0
7009,118.76,0
7010,123.46,0
7011,128.19,0
7012,124.32,0
7013,118.41,0
7014,115.45,0
7015,128.69,0
7016,125.45,0
7017,124.05,0
7018,134.83,0
7019,133.18,0
7020,131.08,0
7021,124.55,0
7022,126.69,0
7023,132.06,0
7024,133.99,0
7025,133.03,0
7026,131.42,0
7027,131.42,0
7028,124.65,0
7029,133.97,0
7030,134.12,0
7031,140.82,0
7032,139.63,0
7033,128.27,0
7034,133.84,0
7035,131.63,0
7036,139.41,0
7037,133.87,0
7038,132.77,0
7039,132.5,0
7040,137.99,0
7041,136.58,0
7042,131.84,0
7043,134.18,0
7044,127.85,0
7045,133.91,0
7046,121.38,0
7047,135.78,0
7048,131.06,0
7049,129.11,0
7050,124.48,0
7051,123.09,0
7052,120.79,0
7053,121.46,0
7054,122.2,0
7055,124.65,0
7056,133.16,0
7057,124.56,0
7058,125.86,0
7059,125.73,0
7060,122.26,0
7061,123.24,0
7062,128.63,0
7063,122.6,0
7064,129.16,0
7065,123.81,0
7066,128.1,0
7067,122.23,0
7068,131.79,0
7069,124.58,0
7070,126.85,0
7071,131.37,0
7072,130.65,0
7073,129.72,0
7074,124.96,0
7075,119.3,0
7076,128.22,0
7077,137.47,0
7078,130.52,0
7079,133.04,0
7080,124.33,0
7081,130.09,0
7082,124.94,0
7083,137.81,0
7084,144.47,0
7085,138.25,0
7086,142.84,0
7087,140.38,0
7088,137.87,0
7089,134.85,0
7090,129.47,0
7091,129.16,0
7092,132.28,0
7093,136.57,0
7094,148.97,0
7095,146.19,0
7096,155.01,0
7097,147.45,0
7098,138.92,0
7099,134.55,0
7100,134.07,0
7101,132.02,0
7102,138.76,0
7103,127.79,0
7104,149.85,0
7105,144.05,0
7106,150.1,0
7107,154.14,0
7108,152.04,0
7109,145.42,0
7110,142.68,0
7111,140.9,0
7112,137.26,0
7113,133.46,0
7114,132.82,0
7115,130.74,0
7116,134.61,0
7117,134.98,0
7118,138.05,0
7119,132.57,0
7120,139.26,0
7121,135.12,0
7122,132.05,0
7123,139.71,0
7124,136.32,0
7125,140.19,0
7126,146.13,0
7127,148.85,0
7128,140.17,0
7129,138.79,0
7130,144.51,0
7131,142.83,0
7132,133.95,0
7133,134.41,0
7134,136.83,0
7135,141.22,0
7136,140.86,0
7137,147.39,0
7138,144.48,0
7139,145.79,0
7140,138.42,0
7141,134.72,0
7142,141.15,0
7143,142.78,0
7144,144.35,0
7145,142.59,0
7146,138.14,0
7147,136.8,0
7148,141.48,0
7149,146.09,0
7150,143.92,0
7151,141.79,0
7152,142.65,0
7153,143.11,0
7154,146.62,0
7155,142.96,0
7156,139.98,0
7157,144.15,0
7158,149.91,0
7159,157.33,0
7160,150.13,0
7161,141.69,0
7162,148.78,0
7163,130.64,0
7164,142.37,0
7165,144.46,0
7166,146.65,0
7167,146.21,0
7168,148.06,0
7169,147.31,0
7170,148.1,0
7171,148.77,0
7172,141.25,0
7173,140.18,0
7174,143.5,0
7175,141.92,0
7176,145.05,0
7177,152.11,0
7178,138.89,0
7179,140.51,0
7180,140.34,0
7181,138.66,0
7182,143.85,0
7183,143.15,0
7184,145.8,0
7185,139.53,0
7186,149.86,0
7187,153.03,0
7188,148.53,0
7189,153.55,0
7190,160.13,0
7191,152.91,0
7192,146.04,0
7193,140.62,0
7194,146.98,0
7195,152.97,0
7196,153.14,0
7197,146.52,0
7198,145.61,0
7199,143.64,0
7200,154.86,0
7201,154.98,0
7202,156.96,0
7203,155.47,0
7204,153.65,0
7205,157.57,0
7206,152.66,0
7207,150.56,0
7208,153.45,0
7209,156.21,0
7210,154.25,0
7211,155.84,0
7212,163.25,0
7213,157.36,0
7214,157.07,0
7215,152.23,0
7216,153.98,0
7217,159.38,0
7218,157.5,0
7219,151.59,0
7220,162.14,0
7221,157.92,0
7222,159.17,0
7223,158.67,0
7224,172.11,0
7225,166.65,0
7226,168.45,0
7227,171.96,0
7228,172.39,0
7229,162.18,0
7230,161.14,0
7231,176.39,0
7232,173.44,0
7233,175.53,0
7234,176.35,0
7235,182.2,0
7236,182.89,0
7237,182.42,0
7238,174.25,0
7239,179.39,0
7240,171.01,0
7241,181.93,0
7242,189.5,0
7243,176.28,0
7244,167.01,0
7245,167.22,0
7246,158.97,0
7247,167.74,0
7248,168.32,0
7249,180.22,0
7250,188.87,0
7251,185.7,0
7252,188.26,0
7253,180.66,0
7254,166.38,0
7255,172.95,0
7256,177.8,0
7257,180.36,0
7258,187.95,0
7259,173.11,0
7260,183.57,0
7261,179.0,0
7262,175.52,0
7263,173.23,0
7264,174.58,0
7265,173.4,0
7266,179.0,0
7267,173.59,0
7268,180.18,0
7269,164.45,0
7270,177.86,0
7271,169.17,0
7272,175.57,0
7273,176.3,0
7274,175.54,0
7275,178.99,0
7276,179.95,0
7277,192.93,0
7278,190.3,0
7279,196.94,0
7280,193.6,0
7281,193.41,0
7282,183.17,0
7283,180.17,0
7284,175.76,0
7285,186.22,0
7286,186.46,0
7287,197.11,0
7288,201.26,0
7289,193.04,0
7290,207.76,0
7291,195.95,0
7292,196.38,0
7293,190.95,0
7294,178.86,0
7295,178.31,0
7296,181.04,0
7297,185.53,0
7298,187.89,0
7299,200.99,0
7300,188.96,0
7301,193.36,0
7302,215.31,0
7303,198.42,0
7304,196.85,0
7305,201.3,0
7306,186.32,0
7307,192.24,0
7308,180.66,0
7309,188.88,0
7310,191.78,0
7311,195.14,0
7312,191.44,0
7313,188.57,0
7314,195.66,0
7315,208.44,0
7316,209.84,0
7317,214.84,0
7318,197.72,0
7319,216.27,0
7320,189.37,0
7321,187.65,0
7322,189.94,0
7323,192.29,0
7324,187.7,0
7325,191.33,0
7326,210.71,0
7327,207.94,0
7328,188.17,0
7329,200.83,0
7330,189.71,0
7331,188.99,0
7332,188.91,0
7333,194.95,0
7334,202.59,0
7335,201.68,0
7336,196.71,0
7337,194.83,0
7338,193.42,0
7339,204.28,0
7340,206.26,0
7341,195.93,0
7342,204.43,0
7343,192.37,0
7344,196.34,0
7345,198.68,0
7346,204.99,0
7347,202.8,0
7348,205.54,0
7349,209.31,0
7350,211.11,0
7351,200.01,0
7352,195.15,0
7353,216.68,0
7354,211.23,0
7355,185.7,0
7356,179.97,0
7357,198.1,0
7358,184.44,0
7359,188.72,0
7360,209.41,0
7361,210.6,0
7362,195.05,0
7363,196.9,0
7364,187.02,0
7365,188.28,0
7366,190.01,0
7367,198.44,0
7368,187.49,0
7369,201.45,0
7370,191.14,0
7371,193.45,0
7372,176.12,0
7373,161.06,0
7374,175.47,0
7375,209.92,0
7376,211.95,0
7377,206.49,0
7378,216.32,0
7379,224.82,0
7380,224.93,0
7381,202.64,0
7382,204.44,0
7383,209.45,0
7384,216.03,0
7385,201.8,0
7386,204.18,0
7387,193.99,0
7388,202.6,0
7389,173.3,0
7390,205.09,0
7391,195.48,0
7392,206.44,0
7393,193.07,0
7394,188.01,0
7395,192.28,0
7396,193.14,0
7397,185.3,0
7398,186.71,0
7399,204.28,0
7400,189.04,0
7401,182.5,0
7402,186.59,0
7403,182.92,0
7404,160.48,0
7405,167.02,0
7406,161.51,0
7407,156.64,0
7408,160.9,0
7409,160.86,0
7410,164.15,0
7411,157.06,0
7412,151.15,0
7413,150.29,0
7414,152.13,0
7415,155.2,0
7416,153.84,0
7417,158.39,0
7418,158.48,0
7419,160.89,0
7420,165.36,0
7421,169.5,0
7422,162.24,0
7423,164.81,0
7424,157.12,0
7425,155.75,0
7426,169.02,0
7427,174.75,0
7428,164.79,0
7429,167.59,0
7430,154.65,0
7431,154.92,0
7432,148.73,0
7433,154.99,0
7434,164.41,0
7435,167.42,0
7436,169.15,0
7437,169.73,0
7438,172.33,0
7439,167.58,0
7440,171.35,0
7441,164.22,0
7442,160.01,0
7443,161.96,0
7444,160.13,0
7445,156.14,0
7446,170.6,0
7447,164.86,0
7448,160.32,0
7449,172.26,0
7450,174.87,0
7451,172.08,0
7452,165.96,0
7453,159.07,0
7454,160.87,0
7455,163.67,0
7456,168.11,0
7457,171.4,0
7458,167.43,0
7459,168.75,0
7460,167.64,0
7461,165.46,0
7462,157.48,0
7463,161.27,0
7464,171.22,0
7465,167.8,0
7466,196.1,0
7467,195.26,0
7468,185.39,0
7469,191.06,0
7470,184.45,0
7471,186.96,0
7472,186.35,0
7473,185.62,0
7474,187.53,0
7475,184.81,0
7476,187.49,0
7477,174.39,0
7478,179.65,0
7479,182.31,0
7480,178.5,0
7481,180.44,0
7482,176.03,0
7483,187.58,0
7484,178.51,0
7485,177.91,0
7486,169.51,0
7487,162.79,0
7488,165.98,0
7489,174.12,0
7490,170.16,0
7491,165.67,0
7492,151.57,0
7493,160.35,0
7494,179.89,0
7495,193.42,0
7496,190.01,0
7497,183.01,0
7498,168.75,0
7499,170.84,0
7500,179.07,0
7501,163.94,0
7502,153.84,0
7503,166.28,0
7504,160.39,0
7505,159.92,0
7506,165.24,0
7507,175.82,0
7508,178.83,0
7509,162.82,0
7510,181.51,0
7511,176.69,0
7512,169.93,0
7513,182.17,0
7514,170.76,0
7515,174.81,0
7516,164.27,0
7517,171.04,0
7518,165.47,0
7519,159.59,0
7520,173.81,0
7521,163.88,0
7522,168.71,0
7523,172.61,0
7524,196.52,0
7525,200.57,0
7526,178.03,0
7527,182.83,0
7528,180.0,0
7529,168.47,0
7530,188.45,0
7531,189.87,0
7532,182.22,0
7533,183.6,0
7534,191.9,0
7535,193.67,0
7536,188.2,0
7537,179.29,0
7538,197.43,0
7539,179.27,0
7540,189.88,0
7541,183.21,0
7542,191.43,0
7543,184.53,0
7544,174.83,0
7545,172.9,0
7546,168.29,0
7547,173.91,0
7548,178.37,0
7549,189.77,0
7550,184.02,0
7551,176.18,0
7552,166.83,0
7553,184.35,0
7554,191.13,0
7555,188.88,0
7556,201.77,0
7557,196.45,0
7558,182.67,0
7559,180.31,0
7560,173.88,0
7561,178.57,0
7562,187.49,0
7563,188.81,0
7564,179.66,0
7565,187.63,0
7566,196.49,0
7567,198.54,0
7568,184.26,0
7569,200.33,0
7570,182.51,0
7571,186.66,0
7572,189.35,0
7573,190.48,0
7574,190.52,0
7575,190.81,0
7576,201.05,0
7577,203.18,0
7578,200.39,0
7579,191.5,0
7580,185.09,0
7581,195.45,0
7582,195.38,0
7583,201.09,0
7584,223.02,0
7585,200.77,0
7586,207.48,0
7587,203.72,0
7588,204.53,0
7589,200.94,0
7590,203.67,0
7591,210.9,0
7592,197.81,0
7593,193.14,0
7594,196.81,0
7595,203.51,0
7596,219.16,0
7597,199.15,0
7598,204.95,0
7599,200.85,0
7600,200.18,0
7601,195.23,0
7602,211.27,0
7603,229.28,0
7604,196.16,0
7605,197.63,0
7606,195.97,0
7607,189.98,0
7608,207.69,0
7609,216.57,0
7610,206.85,0
7611,186.04,0
7612,200.87,0
7613,194.67,0
7614,205.77,0
7615,197.19,0
7616,205.0,0
7617,199.07,0
7618,206.03,0
7619,210.37,0
7620,209.92,0
7621,208.41,0
7622,204.82,0
7623,211.57,0
7624,201.61,0
7625,216.23,0
7626,198.02,0
7627,201.93,0
7628,211.86,0
7629,221.46,0
7630,214.73,0
7631,210.3,0
7632,187.56,0
7633,206.12,0
7634,209.96,0
7635,214.71,0
7636,227.27,0
7637,209.6,0
7638,205.31,0
7639,204.67,0
7640,209.94,0
7641,184.19,0
7642,193.42,0
7643,221.09,0
7644,222.81,0
7645,207.39,0
7646,207.09,0
7647,212.03,0
7648,218.72,0
7649,213.64,0
7650,202.79,0
7651,212.09,0
7652,211.54,0
7653,206.19,0
7654,208.37,0
7655,196.85,0
7656,200.19,0
7657,168.3,0
7658,232.34,0
7659,226.23,0
7660,215.0,0
7661,219.05,0
7662,212.17,0
7663,208.48,0
7664,215.49,0
7665,217.86,0
7666,219.94,0
7667,228.32,0
7668,191.12,0
7669,190.59,0
7670,209.99,0
7671,208.94,0
7672,219.15,0
7673,218.24,0
7674,208.08,0
7675,219.61,0
7676,211.2,0
7677,207.07,0
7678,216.82,0
7679,214.11,0
7680,212.53,0
7681,206.83,0
7682,211.05,0
7683,212.08,0
7684,201.97,0
7685,219.99,0
7686,220.87,0
7687,218.24,0
7688,212.39,0
7689,209.59,0
7690,211.96,0
7691,207.51,0
7692,213.89,0
7693,212.81,0
7694,223.79,0
7695,204.41,0
7696,207.42,0
7697,203.55,0
7698,194.4,0
7699,199.99,0
7700,210.85,0
7701,213.85,0
7702,224.18,0
7703,206.78,0
7704,211.22,0
7705,211.65,0
7706,205.31,0
7707,213.58,0
7708,200.89,0
7709,203.4,0
7710,203.96,0
7711,208.97,0
7712,204.88,0
7713,210.81,0
7714,217.9,0
7715,213.03,0
7716,208.68,0
7717,204.93,0
7718,214.7,0
7719,208.84,0
7720,209.34,0
7721,214.08,0
7722,205.95,0
7723,202.75,0
7724,199.03,0
7725,207.65,0
7726,181.72,0
7727,194.83,0
7728,211.95,0
7729,207.54,0
7730,201.58,0
7731,215.41,0
7732,194.13,0
7733,198.85,0
7734,189.84,0
7735,190.47,0
7736,195.97,0
7737,207.1,0
7738,201.54,0
7739,195.65,0
7740,198.32,0
7741,207.54,0
7742,196.17,0
7743,193.19,0
7744,187.27,0
7745,196.63,0
7746,191.37,0
7747,207.55,0
7748,204.18,0
7749,200.66,0
7750,189.14,0
7751,194.56,0
7752,186.4,0
7753,181.05,0
7754,193.15,0
7755,191.97,0
7756,187.54,0
7757,183.47,0
7758,191.25,0
7759,185.4,0
7760,192.19,0
7761,197.28,0
7762,187.93,0
7763,191.67,0
7764,195.27,0
7765,176.0,0
7766,174.86,0
7767,172.84,0
7768,173.2,0
7769,179.69,0
7770,182.21,0
7771,169.69,0
7772,164.16,0
7773,163.87,0
7774,166.93,0
7775,170.59,0
7776,157.9,0
7777,174.89,0
7778,184.15,0
7779,182.3,0
7780,177.42,0
7781,167.94,0
7782,165.06,0
7783,172.42,0
7784,176.82,0
7785,176.77,0
7786,163.81,0
7787,165.24,0
7788,179.83,0
7789,189.61,0
7790,173.55,0
7791,172.9,0
7792,190.78,0
7793,182.45,0
7794,180.53,0
7795,184.46,0
7796,183.84,0
7797,190.03,0
7798,185.43,0
7799,193.12,0
7800,192.47,0
7801,188.66,0
7802,190.89,0
7803,186.99,0
7804,198.87,0
7805,197.23,0
7806,198.15,0
7807,191.3,0
7808,183.74,0
7809,194.82,0
7810,190.7,0
7811,187.42,0
7812,189.86,0
7813,177.34,0
7814,183.09,0
7815,183.31,0
7816,184.17,0
7817,194.38,0
7818,197.37,0
7819,203.54,0
7820,201.35,0
7821,200.99,0
7822,197.5,0
7823,197.04,0
7824,188.15,0
7825,185.38,0
7826,189.57,0
7827,190.04,0
7828,195.35,0
7829,199.47,0
7830,191.89,0
7831,182.97,0
7832,191.93,0
7833,194.86,0
7834,189.97,0
7835,182.47,0
7836,187.08,0
7837,192.06,0
7838,193.1,0
7839,186.8,0
7840,192.23,0
7841,203.78,0
7842,205.41,0
7843,196.55,0
7844,188.05,0
7845,177.56,0
7846,194.66,0
7847,199.31,0
7848,199.79,0
7849,198.63,0
7850,199.4,0
7851,205.03,0
7852,205.05,0
7853,204.73,0
7854,202.33,0
7855,213.59,0
7856,206.66,0
7857,199.31,0
7858,196.94,0
7859,198.23,0
7860,199.13,0
7861,201.84,0
7862,214.0,0
7863,207.63,0
7864,199.55,0
7865,202.62,0
7866,191.92,0
7867,200.57,0
7868,195.37,0
7869,207.71,0
7870,206.28,0
7871,207.72,0
7872,216.17,0
7873,211.76,0
7874,214.58,0
7875,194.51,0
7876,202.25,0
7877,211.8,0
7878,204.33,0
7879,202.24,0
7880,211.65,0
7881,215.3,0
7882,211.5,0
7883,202.5,0
7884,210.12,0
7885,208.78,0
7886,208.5,0
7887,210.64,0
7888,206.9,0
7889,213.28,0
7890,211.13,0
7891,204.13,0
7892,219.63,0
7893,211.81,0
7894,212.04,0
7895,211.69,0
7896,214.74,0
7897,214.56,0
7898,214.71,0
7899,207.56,0
7900,208.24,0
7901,198.65,0
7902,211.59,0
7903,209.58,0
7904,205.55,0
7905,207.76,0
7906,204.15,0
7907,208.23,0
7908,217.36,0
7909,210.88,0
7910,213.99,0
7911,219.62,0
7912,213.74,0
7913,209.95,0
7914,219.36,0
7915,215.84,0
7916,217.11,0
7917,220.9,0
7918,209.15,0
7919,211.55,0
7920,212.87,0
7921,216.2,0
7922,225.28,0
7923,230.63,0
7924,212.38,0
7925,209.76,0
7926,210.09,0
7927,212.82,0
7928,210.18,0
7929,220.11,0
7930,224.76,0
7931,218.13,0
7932,211.19,0
7933,217.49,0
7934,220.05,0
7935,219.81,0
7936,215.59,0
7937,224.21,0
7938,219.29,0
7939,213.06,0
7940,214.75,0
7941,211.61,0
7942,215.29,0
7943,217.84,0
7944,216.26,0
7945,208.02,0
7946,212.21,0
7947,218.45,0
7948,216.94,0
7949,212.27,0
7950,217.08,0
7951,218.42,0
7952,216.79,0
7953,218.16,0
7954,218.78,0
7955,214.19,0
7956,223.61,0
7957,216.04,0
7958,216.08,0
7959,209.51,0
7960,212.96,0
7961,210.28,0
7962,225.97,0
7963,219.88,0
7964,217.0,0
7965,209.34,0
7966,200.02,0
7967,211.33,0
7968,211.38,0
7969,218.91,0
7970,215.31,0
7971,208.46,0
7972,210.27,0
7973,208.04,0
7974,197.55,0
7975,217.61,0
7976,218.88,0
7977,226.24,0
7978,213.04,0
7979,211.1,0
7980,215.47,0
7981,224.9,0
7982,218.38,0
7983,219.1,0
7984,211.76,0
7985,211.66,0
7986,223.24,0
7987,216.71,0
7988,218.19,0
7989,214.71,0
7990,220.35,0
7991,215.93,0
7992,219.73,0
7993,211.79,0
7994,210.78,0
7995,209.68,0
7996,215.8,0
7997,215.05,0
7998,220.17,0
7999,216.97,0
8000,214.94,0
8001,220.66,0
8002,219.41,0
8003,213.61,0
8004,217.5,0
8005,210.44,0
8006,203.28,0
8007,208.84,0
8008,201.91,0
8009,210.76,0
8010,211.35,0
8011,210.21,0
8012,211.63,0
8013,203.11,0
8014,214.31,0
8015,211.13,0
8016,211.04,0
8017,199.73,0
8018,198.34,0
8019,210.83,0
8020,206.52,0
8021,196.95,0
8022,192.21,0
8023,202.77,0
8024,192.53,0
8025,210.47,0
8026,205.92,0
8027,209.02,0
8028,198.15,0
8029,204.97,0
8030,196.83,0
8031,200.11,0
8032,193.23,0
8033,192.87,0
8034,200.68,0
8035,201.1,0
8036,179.22,0
8037,182.56,0
8038,197.77,0
8039,211.43,0
8040,178.83,0
8041,194.26,0
8042,194.86,0
8043,188.93,0
8044,177.81,0
8045,171.48,0
8046,184.3,0
8047,185.01,0
8048,201.64,0
8049,188.34,0
8050,167.92,0
8051,181.51,0
8052,179.43,0
8053,171.76,0
8054,175.21,0
8055,174.51,0
8056,166.88,0
8057,162.56,0
8058,162.79,0
8059,166.91,0
8060,172.0,0
8061,166.15,0
8062,171.26,0
8063,170.53,0
8064,166.4,0
8065,164.88,0
8066,170.7,0
8067,161.45,0
8068,149.33,0
8069,148.93,0
8070,146.97,0
8071,146.69,0
8072,147.87,0
8073,143.74,0
8074,144.41,0
8075,148.42,0
8076,142.61,0
8077,138.22,0
8078,144.47,0
8079,139.23,0
8080,137.62,0
8081,146.41,0
8082,142.9,0
8083,131.47,0
8084,135.9,0
8085,138.26,0
8086,145.76,0
8087,142.19,0
8088,139.09,0
8089,137.98,0
8090,139.18,0
8091,138.25,0
8092,134.1,0
8093,133.16,0
8094,129.69,0
8095,133.4,0
8096,134.34,0
8097,133.36,0
8098,134.28,0
8099,134.06,0
8100,139.26,0
8101,131.72,0
8102,131.47,0
8103,129.54,0
8104,133.52,0
8105,133.72,0
8106,130.3,0
8107,133.71,0
8108,133.97,0
8109,126.85,0
8110,127.67,0
8111,132.24,0
8112,130.11,0
8113,115.49,0
8114,118.83,0
8115,131.51,0
8116,130.6,0
8117,128.89,0
8118,127.51,0
8119,122.87,0
8120,126.42,0
8121,131.21,0
8122,122.49,0
8123,124.93,0
8124,119.66,0
8125,124.1,0
8126,124.62,0
8127,117.83,0
8128,120.71,0
8129,119.85,0
8130,122.46,0
8131,124.18,0
8132,122.66,0
8133,123.07,0
8134,121.3,0
8135,120.6,0
8136,117.13,0
8137,115.16,0
8138,119.64,0
8139,121.13,0
8140,125.71,0
8141,120.22,0
8142,118.71,0
8143,111.05,0
8144,117.02,0
8145,118.7,0
8146,123.5,0
8147,124.61,0
8148,116.9,0
8149,117.89,0
8150,115.89,0
8151,114.95,0
8152,115.18,0
8153,115.15,0
8154,113.82,0
8155,113.83,0
8156,116.04,0
8157,116.19,0
8158,113.09,0
8159,119.71,0
8160,118.92,0
8161,118.03,0
8162,124.55,0
8163,112.82,0
8164,116.25,0
8165,119.29,0
8166,119.07,0
8167,126.08,0
8168,119.05,0
8169,116.61,0
8170,116.61,0
8171,109.91,0
8172,117.56,0
8173,110.79,0
8174,108.71,0
8175,112.77,0
8176,106.32,0
8177,122.1,0
8178,116.63,0
8179,115.9,0
8180,123.15,0
8181,115.05,0
8182,119.22,0
8183,115.91,0
8184,116.38,0
8185,117.0,0
8186,120.16,0
8187,117.67,0
8188,107.61,0
8189,105.27,0
8190,112.92,0
8191,113.01,0
8192,110.43,0
8193,112.79,0
8194,112.49,0
8195,113.05,0
8196,111.21,0
8197,117.2,0
8198,127.2,0
8199,129.61,0
8200,117.35,0
8201,113.02,0
8202,107.89,0
8203,102.66,0
8204,107.05,0
8205,117.77,0
8206,105.28,0
8207,109.44,0
8208,102.86,0
8209,113.65,0
8210,115.85,0
8211,109.23,0
8212,111.99,0
8213,113.73,0
8214,104.25,0
8215,111.48,0
8216,109.8,0
8217,110.82,0
8218,107.8,0
8219,107.74,0
8220,117.51,0
8221,118.89,0
8222,116.95,0
8223,108.86,0
8224,109.2,0
8225,113.33,0
8226,116.78,0
8227,101.48,0
8228,101.18,0
8229,111.58,0
8230,112.96,0
8231,101.94,0
8232,104.11,0
8233,107.67,0
8234,108.4,0
8235,115.77,0
8236,113.62,0
8237,118.56,0
8238,119.39,0
8239,125.21,0
8240,108.65,0
8241,103.02,0
8242,107.54,0
8243,109.93,0
8244,109.91,0
8245,105.84,0
8246,105.96,0
8247,108.46,0
8248,116.2,0
8249,102.61,0
8250,105.4,0
8251,107.91,0
8252,101.66,0
8253,105.77,0
8254,121.17,0
8255,109.42,0
8256,112.53,0
8257,104.58,0
8258,106.22,0
8259,108.86,0
8260,109.66,0
8261,97.57,0
8262,96.34,0
8263,93.07,0
8264,109.03,0
8265,112.19,0
8266,111.46,0
8267,105.37,0
8268,111.47,0
8269,110.73,0
8270,108.1,0
8271,102.36,0
8272,107.49,0
8273,107.26,0
8274,115.05,0
8275,106.37,0
8276,108.43,0
8277,110.35,0
8278,113.7,0
8279,117.6,0
8280,104.89,0
8281,100.05,0
8282,102.07,0
8283,98.82,0
8284,102.83,0
8285,105.18,0
8286,109.28,0
8287,114.89,0
8288,102.41,0
8289,106.19,0
8290,110.68,0
8291,106.96,0
8292,93.83,0
8293,103.28,0
8294,100.83,0
8295,99.89,0
8296,98.53,0
8297,101.64,0
8298,105.04,0
8299,106.91,0
8300,90.88,0
8301,89.18,0
8302,96.34,0
8303,99.08,0
8304,103.85,0
8305,106.12,0
8306,93.61,0
8307,88.79,0
8308,97.92,0
8309,105.29,0
8310,101.39,0
8311,103.98,0
8312,106.14,0
8313,96.49,0
8314,104.79,0
8315,100.11,0
8316,106.84,0
8317,109.21,0
8318,105.2,0
8319,108.69,0
8320,80.61,0
8321,73.49,0
8322,87.02,0
8323,100.99,0
8324,93.37,0
8325,99.7,0
8326,97.73,0
8327,96.27,0
8328,99.68,0
8329,98.88,0
8330,101.9,0
8331,100.05,0
8332,101.9,0
8333,100.36,0
8334,98.27,0
8335,102.47,0
8336,101.9,0
8337,103.83,0
8338,109.19,0
8339,108.52,0
8340,104.78,0
8341,111.81,0
8342,101.44,0
8343,103.4,0
8344,105.69,0
8345,109.27,0
8346,109.78,0
8347,109.05,0
8348,107.34,0
8349,103.68,0
8350,108.85,0
8351,106.64,0
8352,97.42,0
8353,101.61,0
8354,108.25,0
8355,99.5,0
8356,106.21,0
8357,102.42,0
8358,102.94,0
8359,108.2,0
8360,103.47,0
8361,96.69,0
8362,104.92,0
8363,95.84,0
8364,92.57,0
8365,99.03,0
8366,96.45,0
8367,90.29,0
8368,95.32,0
8369,99.28,0
8370,100.52,0
8371,108.47,0
8372,101.52,0
8373,103.6,0
8374,104.92,0
8375,103.09,0
8376,108.77,0
8377,103.71,0
8378,105.72,0
8379,108.02,0
8380,113.59,0
8381,98.55,0
8382,96.6,0
8383,97.3,0
8384,92.47,0
8385,104.93,0
8386,108.76,0
8387,107.61,0
8388,97.25,0
8389,102.13,0
8390,92.06,0
8391,104.07,0
8392,101.04,0
8393,93.89,0
8394,100.32,0
8395,103.05,0
8396,100.95,0
8397,94.24,0
8398,96.94,0
8399,108.56,0
8400,107.27,0
8401,112.36,0
8402,102.23,0
8403,111.41,0
8404,104.66,0
8405,116.88,0
8406,115.23,0
8407,118.0,0
8408,101.31,0
8409,109.74,0
8410,108.4,0
8411,107.99,0
8412,93.06,0
8413,101.15,0
8414,110.9,0
8415,122.68,0
8416,106.34,0
8417,117.85,0
8418,101.49,0
8419,103.8,0
8420,99.04,0
8421,108.71,0
8422,106.22,0
8423,101.35,0
8424,101.65,0
8425,103.99,0
8426,101.92,0
8427,98.69,0
8428,114.48,0
8429,122.37,0
8430,113.18,0
8431,109.61,0
8432,108.53,0
8433,105.82,0
8434,114.02,0
8435,111.22,0
8436,107.23,0
8437,107.44,0
8438,108.37,0
8439,105.58,0
8440,105.4,0
8441,100.77,0
8442,100.34,0
8443,95.67,0
8444,111.93,0
8445,106.08,0
8446,109.16,0
8447,107.38,0
8448,99.86,0
8449,105.49,0
8450,105.49,0
8451,102.52,0
8452,109.37,0
8453,114.88,0
8454,116.99,0
8455,105.49,0
8456,112.9,0
8457,113.42,0
8458,107.85,0
8459,117.81,0
8460,121.56,0
8461,113.12,0
8462,107.74,0
8463,111.9,0
8464,110.37,0
8465,117.99,0
8466,122.9,0
8467,116.32,0
8468,114.07,0
8469,117.37,0
8470,116.37,0
8471,107.69,0
8472,105.26,0
8473,103.58,0
8474,117.35,0
8475,108.25,0
8476,115.74,0
8477,117.61,0
8478,110.52,0
8479,111.63,0
8480,117.94,0
8481,111.26,0
8482,113.9,0
8483,116.32,0
8484,114.55,0
8485,118.48,0
8486,110.33,0
8487,110.21,0
8488,112.28,0
8489,114.47,0
8490,113.75,0
8491,108.83,0
8492,114.89,0
8493,114.66,0
8494,112.04,0
8495,111.53,0
8496,113.62,0
8497,111.11,0
8498,121.18,0
8499,116.46,0
8500,120.13,0
8501,115.85,0
8502,112.42,0
8503,109.43,0
8504,116.58,0
8505,114.33,0
8506,117.06,0
8507,120.71,0
8508,116.21,0
8509,118.91,0
8510,109.43,0
8511,117.5,0
8512,111.69,0
8513,114.9,0
8514,114.55,0
8515,118.37,0
8516,116.86,0
8517,118.01,0
8518,116.86,0
8519,114.53,0
8520,117.18,0
8521,110.33,0
8522,119.44,0
8523,115.46,0
8524,116.33,0
8525,118.87,0
8526,120.21,0
8527,121.21,0
8528,122.43,0
8529,116.86,0
8530,112.96,0
8531,120.5,0
8532,115.31,0
8533,120.19,0
8534,125.18,0
8535,119.15,0
8536,122.77,0
8537,124.85,0
8538,125.41,0
8539,129.22,0
8540,124.05,0
8541,123.33,0
8542,123.84,0
8543,129.24,0
8544,125.31,0
8545,121.62,0
8546,113.62,0
8547,123.1,0
8548,119.1,0
8549,123.86,0
8550,120.77,0
8551,126.59,0
8552,120.94,0
8553,123.74,0
8554,128.07,0
8555,125.89,0
8556,121.84,0
8557,123.19,0
8558,126.83,0
8559,126.73,0
8560,125.11,0
8561,115.54,0
8562,109.13,0
8563,112.78,0
8564,123.68,0
8565,122.51,0
8566,115.15,0
8567,118.22,0
8568,124.54,0
8569,120.02,0
8570,113.97,0
8571,123.82,0
8572,124.4,0
8573,129.75,0
8574,125.05,0
8575,121.29,0
8576,115.55,0
8577,121.49,0
8578,115.61,0
8579,120.75,0
8580,128.71,0
8581,126.74,0
8582,124.24,0
8583,124.94,0
8584,127.79,0
8585,133.99,0
8586,127.91,0
8587,129.38,0
8588,123.21,0
8589,123.18,0
8590,118.64,0
8591,123.62,0
8592,119.81,0
8593,116.87,0
8594,126.34,0
8595,120.08,0
8596,118.8,0
8597,129.59,0
8598,128.53,0
8599,126.41,0
8600,129.83,0
8601,126.32,0
8602,131.32,0
8603,126.35,0
8604,132.98,0
8605,132.34,0
8606,126.43,0
8607,124.47,0
8608,139.78,0
8609,150.47,0
8610,155.27,0
8611,147.4,0
8612,137.21,0
8613,129.47,0
8614,136.33,0
8615,135.08,0
8616,132.61,0
8617,142.13,0
8618,146.51,0
8619,157.84,0
8620,157.59,0
8621,160.59,0
8622,148.47,0
8623,146.62,0
8624,155.11,0
8625,158.6,0
8626,152.38,0
8627,151.57,0
8628,154.56,0
8629,158.18,0
8630,147.84,0
8631,152.53,0
8632,154.27,0
8633,148.42,0
8634,152.32,0
8635,157.7,0
8636,153.52,0
8637,150.1,0
8638,154.55,0
8639,165.15,0
8640,155.76,0
8641,152.04,0
8642,154.51,0
8643,158.85,0
8644,167.75,0
8645,175.07,0
8646,177.47,0
8647,171.59,0
8648,155.79,0
8649,169.89,0
8650,158.96,0
8651,155.85,0
8652,153.19,0
8653,153.58,0
8654,155.93,0
8655,154.64,0
8656,159.92,0
8657,170.85,0
8658,163.35,0
8659,166.5,0
8660,172.31,0
8661,170.88,0
8662,181.09,0
8663,186.33,0
8664,184.84,0
8665,186.97,0
8666,192.63,0
8667,187.52,0
8668,192.36,0
8669,204.94,0
8670,207.37,0
8671,206.54,0
8672,188.78,0
8673,184.09,0
8674,185.84,0
8675,189.48,0
8676,175.05,0
8677,171.76,0
8678,176.25,0
8679,181.07,0
8680,185.26,0
8681,180.55,0
8682,187.78,0
8683,186.72,0
8684,189.51,0
8685,184.48,0
8686,185.21,0
8687,191.1,0
8688,185.51,0
8689,201.29,0
8690,184.18,0
8691,187.58,0
8692,176.59,0
8693,176.13,0
8694,178.49,0
8695,176.41,0
8696,193.54,0
8697,180.62,0
8698,181.73,0
8699,190.7,0
8700,186.02,0
8701,186.16,0
8702,183.81,0
8703,180.71,0
8704,181.83,0
8705,191.92,0
8706,185.22,0
8707,177.78,0
8708,187.5,0
8709,179.57,0
8710,186.73,0
8711,182.38,0
8712,181.95,0
8713,200.12,0
8714,185.53,0
8715,183.41,0
8716,197.22,0
8717,200.32,0
8718,198.33,0
8719,190.86,0
8720,200.84,0
8721,205.96,0
8722,204.06,0
8723,196.65,0
8724,201.84,0
8725,201.48,0
8726,216.06,0
8727,208.36,0
8728,221.91,0
8729,202.3,0
8730,197.64,0
8731,195.73,0
8732,195.13,0
8733,197.31,0
8734,202.7,0
8735,195.44,0
8736,180.2,0
8737,195.03,0
8738,202.62,0
8739,196.74,0
8740,187.94,0
8741,184.25,0
8742,200.83,0
8743,190.62,0
8744,194.66,0
8745,215.78,0
8746,215.1,0
8747,207.32,0
8748,203.39,0
8749,205.83,0
8750,201.16,0
8751,196.74,0
8752,207.41,0
8753,213.87,0
8754,207.86,0
8755,205.63,0
8756,205.04,0
8757,213.37,0
8758,209.05,0
8759,207.04,0
8760,191.85,0
8761,204.79,0
8762,204.41,0
8763,204.28,0
8764,202.31,0
8765,214.75,0
8766,208.91,0
8767,206.37,0
8768,204.85,0
8769,206.71,0
8770,201.65,0
8771,192.58,0
8772,213.99,0
8773,225.36,0
8774,222.39,0
8775,215.02,0
8776,201.41,0
8777,200.48,0
8778,205.72,0
8779,201.48,0
8780,214.22,0
8781,201.91,0
8782,208.15,0
8783,214.59,0
8784,191.68,0
8785,194.76,0
8786,188.87,0
8787,187.5,0
8788,200.22,0
8789,195.26,0
8790,191.82,0
8791,186.7,0
8792,198.73,0
8793,190.3,0
8794,178.92,0
8795,174.84,0
8796,190.39,0
8797,191.25,0
8798,188.81,0
8799,182.43,0
8800,177.61,0
8801,166.73,0
8802,165.56,0
8803,177.19,0
8804,173.46,0
8805,180.91,0
8806,173.32,0
8807,173.25,0
8808,169.9,0
8809,164.6,0
8810,164.01,0
8811,175.5,0
8812,163.46,0
8813,164.77,0
8814,159.2,0
8815,160.17,0
8816,164.06,0
8817,165.63,0
8818,163.16,0
8819,156.25,0
8820,158.74,0
8821,158.6,0
8822,151.74,0
8823,151.83,0
8824,157.3,0
8825,150.04,0
8826,152.88,0
8827,152.23,0
8828,156.89,0
8829,152.87,0
8830,155.57,0
8831,143.96,0
8832,160.23,0
8833,153.37,0
8834,151.48,0
8835,154.4,0
8836,150.84,0
8837,160.78,0
8838,148.61,0
8839,144.05,0
8840,142.55,0
8841,145.5,0
8842,148.91,0
8843,153.88,0
8844,149.8,0
8845,152.77,0
8846,146.82,0
8847,145.26,0
8848,150.66,0
8849,157.53,0
8850,153.05,0
8851,154.4,0
8852,151.84,0
8853,142.3,0
8854,144.88,0
8855,144.91,0
8856,154.83,0
8857,156.52,0
8858,158.76,0
8859,157.71,0
8860,152.87,0
8861,145.96,0
8862,148.91,0
8863,156.71,0
8864,165.27,0
8865,158.32,0
8866,165.03,0
8867,171.69,0
8868,171.4,0
8869,164.63,0
8870,161.79,0
8871,151.96,0
8872,160.73,0
8873,156.78,0
8874,151.33,0
8875,158.59,0
8876,159.35,0
8877,171.13,0
8878,165.41,0
8879,168.3,0
8880,158.84,0
8881,157.33,0
8882,162.48,0
8883,161.54,0
8884,165.6,0
8885,161.96,0
8886,158.73,0
8887,162.14,0
8888,155.72,0
8889,160.77,0
8890,163.46,0
8891,155.35,0
8892,157.68,0
8893,160.75,0
8894,174.97,0
8895,173.68,0
8896,166.97,0
8897,181.32,0
8898,182.53,0
8899,167.7,0
8900,166.94,0
8901,168.56,0
8902,167.94,0
8903,170.64,0
8904,163.18,0
8905,162.07,0
8906,176.82,0
8907,169.94,0
8908,183.68,0
8909,171.16,0
8910,160.75,0
8911,172.82,0
8912,178.74,0
8913,164.17,0
8914,165.69,0
8915,173.34,0
8916,156.99,0
8917,163.66,0
8918,164.04,0
8919,154.7,0
8920,169.64,0
8921,162.11,0
8922,189.86,0
8923,176.58,0
8924,194.24,0
8925,180.18,0
8926,180.91,0
8927,167.15,0
8928,165.32,0
8929,167.18,0
8930,162.6,0
8931,168.21,0
8932,177.21,0
8933,176.97,0
8934,167.71,0
8935,160.32,0
8936,163.6,0
8937,162.46,0
8938,162.23,0
8939,157.63,0
8940,161.27,0
8941,162.06,0
8942,169.89,0
8943,168.56,0
8944,168.97,0
8945,161.88,0
8946,156.98,0
8947,164.65,0
8948,164.89,0
8949,149.52,0
8950,162.95,0
8951,181.04,0
8952,172.05,0
8953,173.07,0
8954,167.54,0
8955,180.07,0
8956,175.99,0
8957,168.71,0
8958,184.2,0
8959,162.89,0
8960,170.73,0
8961,167.6,0
8962,170.73,0
8963,165.81,0
8964,169.07,0
8965,178.09,0
8966,187.34,0
8967,173.36,0
8968,167.17,0
8969,165.58,0
8970,167.86,0
8971,171.41,0
8972,167.81,0
8973,169.37,0
8974,167.71,0
8975,163.62,0
8976,165.71,0
8977,180.3,0
8978,169.49,0
8979,173.02,0
8980,175.48,0
8981,180.38,0
8982,177.04,0
8983,189.42,0
8984,187.28,0
8985,193.71,0
8986,172.91,0
8987,178.62,0
8988,190.93,0
8989,194.98,0
8990,193.77,0
8991,195.39,0
8992,181.69,0
8993,177.77,0
8994,189.57,0
8995,193.38,0
8996,191.16,0
8997,201.79,0
8998,185.39,0
8999,180.83,0
9000,201.23,0
9001,188.07,0
9002,200.89,0
9003,206.3,0
9004,188.17,0
9005,189.23,0
9006,187.69,0
9007,180.16,0
9008,172.42,0
9009,173.56,0
9010,195.45,0
9011,200.74,0
9012,197.54,0
9013,204.91,0
9014,211.06,0
9015,203.7,0
9016,200.94,0
9017,205.42,0
9018,203.09,0
9019,203.61,0
9020,186.41,0
9021,194.36,0
9022,197.81,0
9023,191.31,0
9024,196.42,0
9025,199.33,0
9026,208.4,0
9027,196.66,0
9028,205.76,0
9029,196.29,0
9030,189.73,0
9031,204.52,0
9032,185.74,0
9033,176.76,0
9034,178.74,0
9035,187.31,0
9036,190.4,0
9037,187.76,0
9038,182.25,0
9039,175.23,0
9040,197.67,0
9041,209.95,0
9042,193.9,0
9043,188.86,0
9044,197.16,0
9045,185.41,0
9046,186.79,0
9047,194.21,0
9048,180.8,0
9049,187.59,0
9050,189.79,0
9051,197.55,0
9052,192.59,0
9053,198.44,0
9054,197.74,0
9055,216.42,0
9056,187.77,0
9057,188.45,0
9058,192.74,0
9059,196.56,0
9060,196.12,0
9061,175.6,0
9062,188.56,0
9063,195.83,0
9064,186.05,0
9065,196.95,0
9066,189.6,0
9067,191.73,0
9068,188.87,0
9069,191.15,0
9070,217.03,0
9071,205.96,0
9072,202.05,0
9073,211.76,0
9074,206.29,0
9075,197.29,0
9076,198.67,0
9077,201.19,0
9078,190.67,0
9079,199.85,0
9080,199.12,0
9081,190.71,0
9082,194.53,0
9083,193.1,0
9084,177.19,0
9085,201.36,0
9086,203.0,0
9087,211.65,0
9088,200.25,0
9089,202.48,0
9090,204.77,0
9091,198.4,0
9092,202.52,0
9093,198.22,0
9094,205.02,0
9095,202.05,0
9096,195.36,0
9097,195.64,0
9098,184.67,0
9099,174.16,0
9100,188.98,0
9101,207.31,0
9102,199.41,0
9103,197.29,0
9104,203.35,0
9105,206.02,0
9106,199.18,0
9107,185.6,0
9108,187.43,0
9109,193.28,0
9110,190.87,0
9111,186.81,0
9112,183.25,0
9113,182.29,0
9114,189.64,0
9115,197.89,0
9116,209.18,0
9117,196.14,0
9118,200.17,0
9119,182.72,0
9120,181.66,0
9121,195.48,0
9122,194.74,0
9123,188.11,0
9124,194.18,0
9125,193.42,0
9126,196.97,0
9127,192.46,0
9128,182.44,0
9129,182.96,0
9130,188.4,0
9131,199.34,0
9132,189.06,0
9133,200.33,0
9134,199.89,0
9135,193.3,0
9136,199.34,0
9137,204.16,0
9138,192.4,0
9139,200.16,0
9140,205.05,0
9141,201.08,0
9142,204.29,0
9143,196.25,0
9144,192.2,0
9145,198.29,0
9146,181.04,0
9147,168.06,0
9148,178.39,0
9149,201.73,0
9150,215.85,0
9151,205.23,0
9152,193.51,0
9153,198.18,0
9154,195.31,0
9155,192.01,0
9156,179.61,0
9157,173.99,0
9158,176.11,0
9159,190.83,0
9160,198.73,0
9161,191.51,0
9162,174.12,0
9163,179.59,0
9164,178.82,0
9165,167.91,0
9166,174.41,0
9167,173.02,0
9168,169.77,0
9169,170.74,0
9170,173.48,0
9171,182.71,0
9172,174.62,0
9173,171.51,0
9174,177.22,0
9175,177.25,0
9176,166.97,0
9177,166.86,0
9178,183.89,0
9179,176.81,0
9180,176.28,0
9181,164.34,0
9182,188.17,0
9183,176.31,0
9184,181.42,0
9185,178.58,0
9186,174.62,0
9187,176.02,0
9188,166.85,0
9189,191.22,0
9190,174.65,0
9191,170.54,0
9192,175.07,0
9193,164.83,0
9194,178.39,0
9195,173.61,0
9196,166.6,0
9197,172.32,0
9198,173.11,0
9199,173.28,0
9200,168.62,0
9201,165.48,0
9202,174.11,0
9203,182.24,0
9204,182.47,0
9205,176.05,0
9206,179.91,0
9207,177.49,0
9208,169.27,0
9209,173.91,0
9210,166.94,0
9211,165.41,0
9212,153.66,0
9213,165.06,0
9214,166.96,0
9215,168.31,0
9216,180.75,0
9217,179.64,0
9218,167.18,0
9219,166.69,0
9220,166.35,0
9221,162.55,0
9222,165.88,0
9223,174.62,0
9224,179.24,0
9225,179.12,0
9226,179.44,0
9227,166.49,0
9228,173.22,0
9229,173.2,0
9230,175.23,0
9231,169.88,0
9232,175.69,0
9233,169.85,0
9234,181.82,0
9235,181.64,0
9236,187.89,0
9237,169.47,0
9238,176.64,0
9239,178.96,0
9240,176.33,0
9241,191.88,0
9242,186.07,0
9243,184.25,0
9244,193.16,0
9245,182.42,0
9246,179.82,0
9247,175.98,0
9248,187.53,0
9249,185.53,0
9250,182.4,0
9251,180.95,0
9252,178.44,0
9253,193.58,0
9254,199.89,0
9255,195.77,0
9256,189.26,0
9257,189.57,0
9258,200.87,0
9259,192.41,0
9260,198.72,0
9261,180.49,0
9262,179.51,0
9263,183.05,0
9264,185.9,0
9265,190.74,0
9266,189.3,0
9267,189.66,0
9268,192.12,0
9269,200.77,0
9270,199.36,0
9271,181.08,0
9272,193.95,0
9273,186.79,0
9274,193.68,0
9275,198.38,0
9276,183.29,0
9277,180.57,0
9278,176.37,0
9279,189.25,0
9280,191.33,0
9281,189.46,0
9282,192.7,0
9283,200.25,0
9284,187.79,0
9285,182.49,0
9286,180.53,0
9287,188.7,0
9288,189.69,0
9289,190.75,0
9290,193.06,0
9291,188.15,0
9292,189.39,0
9293,195.41,0
9294,202.28,0
9295,193.98,0
9296,204.35,0
9297,184.01,0
9298,190.4,0
9299,189.42,0
9300,181.39,0
9301,189.07,0
9302,184.91,0
9303,189.47,0
9304,200.16,0
9305,187.79,0
9306,188.61,0
9307,183.48,0
9308,193.35,0
9309,201.42,0
9310,189.46,0
9311,203.06,0
9312,204.22,0
9313,205.13,0
9314,202.84,0
9315,212.55,0
9316,198.04,0
9317,198.28,0
9318,193.8,0
9319,203.32,0
9320,201.8,0
9321,206.88,0
9322,221.84,0
9323,215.85,0
9324,196.24,0
9325,200.47,0
9326,195.63,0
9327,208.41,0
9328,203.83,0
9329,204.35,0
9330,197.55,0
9331,206.86,0
9332,211.14,0
9333,215.97,0
9334,207.2,0
9335,207.49,0
9336,207.5,0
9337,214.86,0
9338,224.42,0
9339,214.39,0
9340,220.94,0
9341,199.61,0
9342,202.55,0
9343,207.37,0
9344,214.25,0
9345,207.04,0
9346,206.16,0
9347,197.18,0
9348,203.75,0
9349,197.08,0
9350,201.0,0
9351,202.69,0
9352,206.3,0
9353,202.22,0
9354,199.0,0
9355,199.61,0
9356,203.38,0
9357,201.97,0
9358,202.18,0
9359,201.59,0
9360,206.75,0
9361,208.87,0
9362,211.4,0
9363,216.62,0
9364,205.55,0
9365,192.22,0
9366,193.02,0
9367,186.01,0
9368,204.75,0
9369,200.01,0
9370,207.35,0
9371,198.5,0
9372,199.19,0
9373,200.73,0
9374,200.66,0
9375,200.12,0
9376,202.99,0
9377,196.51,0
9378,206.75,0
9379,198.42,0
9380,197.53,0
9381,196.6,0
9382,202.69,0
9383,195.97,0
9384,218.74,0
9385,202.92,0
9386,207.87,0
9387,196.8,0
9388,209.95,0
9389,221.31,0
9390,193.99,0
9391,203.63,0
9392,203.75,0
9393,205.24,0
9394,200.3,0
9395,199.01,0
9396,204.62,0
9397,199.65,0
9398,206.73,0
9399,205.69,0
9400,209.9,0
9401,207.62,0
9402,203.73,0
9403,209.92,0
9404,211.35,0
9405,206.53,0
9406,206.73,0
9407,206.16,0
9408,199.6,0
9409,196.07,0
9410,208.92,0
9411,209.98,0
9412,202.85,0
9413,208.71,0
9414,208.67,0
9415,211.52,0
9416,197.09,0
9417,207.37,0
9418,203.78,0
9419,198.71,0
9420,199.85,0
9421,214.57,0
9422,205.48,0
9423,207.93,0
9424,203.13,0
9425,193.11,0
9426,199.46,0
9427,200.3,0
9428,208.65,0
9429,209.17,0
9430,196.3,0
9431,203.66,0
9432,202.45,0
9433,196.35,0
9434,196.41,0
9435,197.63,0
9436,198.52,0
9437,201.8,0
9438,199.97,0
9439,193.85,0
9440,184.65,0
9441,194.84,0
9442,197.6,0
9443,196.5,0
9444,196.15,0
9445,195.0,0
9446,178.04,0
9447,181.78,0
9448,186.61,0
9449,192.61,0
9450,180.94,0
9451,171.39,0
9452,176.45,0
9453,168.47,0
9454,180.23,0
9455,190.79,0
9456,174.31,0
9457,174.95,0
9458,186.04,0
9459,179.82,0
9460,176.76,0
9461,176.14,0
9462,175.34,0
9463,186.7,0
9464,181.2,0
9465,172.06,0
9466,184.47,0
9467,171.61,0
9468,183.05,0
9469,177.54,0
9470,176.27,0
9471,168.11,0
9472,163.85,0
9473,168.24,0
9474,171.71,0
9475,167.72,0
9476,161.22,0
9477,162.61,0
9478,164.72,0
9479,153.01,0
9480,161.56,0
9481,164.86,0
9482,153.08,0
9483,161.45,0
9484,165.27,0
9485,157.43,0
9486,154.16,0
9487,154.65,0
9488,163.32,0
9489,167.05,0
9490,158.47,0
9491,160.7,0
9492,147.93,0
9493,152.5,0
9494,152.73,0
9495,146.36,0
9496,150.03,0
9497,150.21,0
9498,145.13,0
9499,145.76,0
9500,147.25,0
9501,160.94,0
9502,150.5,0
9503,141.22,0
9504,145.2,0
9505,160.14,0
9506,151.05,0
9507,148.74,0
9508,148.92,0
9509,141.18,0
9510,145.9,0
9511,147.56,0
9512,141.4,0
9513,142.87,0
9514,139.82,0
9515,137.27,0
9516,132.26,0
9517,138.28,0
9518,145.51,0
9519,137.64,0
9520,139.47,0
9521,146.5,0
9522,143.2,0
9523,143.97,0
9524,137.72,0
9525,142.62,0
9526,140.88,0
9527,140.55,0
9528,140.61,0
9529,141.19,0
9530,143.15,0
9531,145.97,0
9532,143.87,0
9533,139.6,0
9534,140.1,0
9535,144.02,0
9536,139.2,0
9537,138.53,0
9538,142.17,0
9539,143.85,0
9540,145.74,0
9541,145.88,0
9542,139.48,0
9543,139.46,0
9544,142.73,0
9545,137.43,0
9546,137.43,0
9547,135.77,0
9548,142.24,0
9549,141.99,0
9550,137.25,0
9551,137.0,0
9552,137.71,0
9553,142.55,0
9554,130.04,0
9555,133.83,0
9556,126.28,0
9557,130.33,0
9558,135.4,0
9559,127.68,0
9560,130.55,0
9561,129.22,0
9562,127.79,0
9563,125.41,0
9564,127.59,0
9565,130.44,0
9566,129.54,0
9567,134.14,0
9568,125.65,0
9569,128.92,0
9570,126.44,0
9571,133.86,0
9572,137.08,0
9573,129.12,0
9574,124.95,0
9575,121.36,0
9576,126.63,0
9577,127.44,0
9578,129.21,0
9579,133.34,0
9580,128.66,0
9581,129.31,0
9582,130.66,0
9583,130.94,0
9584,129.53,0
9585,119.95,0
9586,120.04,0
9587,127.9,0
9588,129.57,0
9589,125.23,0
9590,127.34,0
9591,121.84,0
9592,133.58,0
9593,131.48,0
9594,127.45,0
9595,123.55,0
9596,123.09,0
9597,122.69,0
9598,144.58,0
9599,165.37,0
9600,152.8,0
9601,156.7,0
9602,152.57,0
9603,153.03,0
9604,150.33,0
9605,144.62,0
9606,146.83,0
9607,157.71,0
9608,135.41,0
9609,145.96,0
9610,142.29,0
9611,160.12,0
9612,146.66,0
9613,138.17,0
9614,130.66,0
9615,139.21,0
9616,140.78,0
9617,142.06,0
9618,141.18,0
9619,136.75,0
9620,144.42,0
9621,136.42,0
9622,135.17,0
9623,141.82,0
9624,138.49,0
9625,153.35,0
9626,142.61,0
9627,137.58,0
9628,135.22,0
9629,145.6,0
9630,137.29,0
9631,147.09,0
9632,152.95,0
9633,142.32,0
9634,136.35,0
9635,127.83,0
9636,150.74,0
9637,152.3,0
9638,143.51,0
9639,137.39,0
9640,143.55,0
9641,128.02,0
9642,128.91,0
9643,138.87,0
9644,140.29,0
9645,143.96,0
9646,150.73,0
9647,142.76,0
9648,138.39,0
9649,143.94,0
9650,143.74,0
9651,145.56,0
9652,146.08,0
9653,129.38,0
9654,136.71,0
9655,139.42,0
9656,141.35,0
9657,136.17,0
9658,122.93,0
9659,133.17,0
9660,130.9,0
9661,134.57,0
9662,134.48,0
9663,127.13,0
9664,113.06,0
9665,132.86,0
9666,143.99,0
9667,146.09,0
9668,132.81,0
9669,142.16,0
9670,125.23,0
9671,120.11,0
9672,136.69,0
9673,126.44,0
9674,118.8,0
9675,123.29,0
9676,121.51,0
9677,124.15,0
9678,124.47,0
9679,116.66,0
9680,123.68,0
9681,126.19,0
9682,113.38,0
9683,130.36,0
9684,130.69,0
9685,136.04,0
9686,130.27,0
9687,119.74,0
9688,134.54,0
9689,127.38,0
9690,132.06,0
9691,130.75,0
9692,131.82,0
9693,134.62,0
9694,127.03,0
9695,131.53,0
9696,139.57,0
9697,129.9,0
9698,120.05,0
9699,128.4,0
9700,122.36,0
9701,127.71,0
9702,121.39,0
9703,120.22,0
9704,124.76,0
9705,126.87,0
9706,115.89,0
9707,131.88,0
9708,136.93,0
9709,124.73,0
9710,126.88,0
9711,130.38,0
9712,124.77,0
9713,134.93,0
9714,132.08,0
9715,135.84,0
9716,138.3,0
9717,130.56,0
9718,118.28,0
9719,121.68,0
9720,121.48,0
9721,125.43,0
9722,138.11,0
9723,133.63,0
9724,117.05,0
9725,132.46,0
9726,130.4,0
9727,114.68,0
9728,122.83,0
9729,131.83,0
9730,131.05,0
9731,133.9,0
9732,125.32,0
9733,123.74,0
9734,121.58,0
9735,108.83,0
9736,108.34,0
9737,132.71,0
9738,130.93,0
9739,125.92,0
9740,121.34,0
9741,122.18,0
9742,128.1,0
9743,126.39,0
9744,129.8,0
9745,127.29,0
9746,126.59,0
9747,129.65,0
9748,122.02,0
9749,130.32,0
9750,131.04,0
9751,125.65,0
9752,126.88,0
9753,119.18,0
9754,135.18,0
9755,114.32,0
9756,109.4,0
9757,118.24,0
9758,118.78,0
9759,128.86,0
9760,130.1,0
9761,127.59,0
9762,120.99,0
9763,114.09,0
9764,121.57,0
9765,122.59,0
9766,124.88,0
9767,118.81,0
9768,122.31,0
9769,123.62,0
9770,123.37,0
9771,129.69,0
9772,127.63,0
9773,124.21,0
9774,124.27,0
9775,126.53,0
9776,113.35,0
9777,115.05,0
9778,114.01,0
9779,118.79,0
9780,120.1,0
9781,120.5,0
9782,123.35,0
9783,112.25,0
9784,121.76,0
9785,119.06,0
9786,119.2,0
9787,123.43,0
9788,117.48,0
9789,116.54,0
9790,129.53,0
9791,115.79,0
9792,114.4,0
9793,117.21,0
9794,104.48,0
9795,112.02,0
9796,126.54,0
9797,122.85,0
9798,117.32,0
9799,123.5,0
9800,121.46,0
9801,124.69,0
9802,141.49,0
9803,126.11,0
9804,127.42,0
9805,124.81,0
9806,122.56,0
9807,133.37,0
9808,113.56,0
9809,127.08,0
9810,125.43,0
9811,114.98,0
9812,127.76,0
9813,114.49,0
9814,116.51,0
9815,116.88,0
9816,119.46,0
9817,113.05,0
9818,119.8,0
9819,119.49,0
9820,121.04,0
9821,115.54,0
9822,120.8,0
9823,115.83,0
9824,122.12,0
9825,125.48,0
9826,125.08,0
9827,124.71,0
9828,132.31,0
9829,131.96,0
9830,132.05,0
9831,119.07,0
9832,117.79,0
9833,120.76,0
9834,112.8,0
9835,122.76,0
9836,125.14,0
9837,130.75,0
9838,118.69,0
9839,113.18,0
9840,122.78,0
9841,125.29,0
9842,121.41,0
9843,121.29,0
9844,114.8,0
9845,120.75,0
9846,111.86,0
9847,115.67,0
9848,122.71,0
9849,120.65,0
9850,139.04,0
9851,126.5,0
9852,125.4,0
9853,117.36,0
9854,125.98,0
9855,125.8,0
9856,144.23,0
9857,126.32,0
9858,130.2,0
9859,127.64,0
9860,126.91,0
9861,134.68,0
9862,126.43,0
9863,134.05,0
9864,132.76,0
9865,135.07,0
9866,119.88,0
9867,134.73,0
9868,125.7,0
9869,126.46,0
9870,134.79,0
9871,131.95,0
9872,122.86,0
9873,120.73,0
9874,121.23,0
9875,126.35,0
9876,128.95,0
9877,128.9,0
9878,129.62,0
9879,130.13,0
9880,135.55,0
9881,132.81,0
9882,127.51,0
9883,131.45,0
9884,129.44,0
9885,127.1,0
9886,130.17,0
9887,136.66,0
9888,140.59,0
9889,133.3,0
9890,128.73,0
9891,128.13,0
9892,128.79,0
9893,135.63,0
9894,127.49,0
9895,132.64,0
9896,125.3,0
9897,134.25,0
9898,128.58,0
9899,134.28,0
9900,129.64,0
9901,134.83,0
9902,130.23,0
9903,119.75,0
9904,128.43,0
9905,125.03,0
9906,127.3,0
9907,135.1,0
9908,134.96,0
9909,131.24,0
9910,131.13,0
9911,123.39,0
9912,128.83,0
9913,123.82,0
9914,131.21,0
9915,124.28,0
9916,134.57,0
9917,127.84,0
9918,128.69,0
9919,134.9,0
9920,120.11,0
9921,131.35,0
9922,131.47,0
9923,131.96,0
9924,134.2,0
9925,127.84,0
9926,127.8,0
9927,131.38,0
9928,128.45,0
9929,128.97,0
9930,130.47,0
9931,128.69,0
9932,131.91,0
9933,124.75,0
9934,128.2,0
9935,134.11,0
9936,133.53,0
9937,135.33,0
9938,136.82,0
9939,137.77,0
9940,131.82,0
9941,131.17,0
9942,139.06,0
9943,141.87,0
9944,134.87,0
9945,140.08,0
9946,132.71,0
9947,141.43,0
9948,132.62,0
9949,130.32,0
9950,140.13,0
9951,135.97,0
9952,131.58,0
9953,133.86,0
9954,133.05,0
9955,144.72,0
9956,135.51,0
9957,137.75,0
9958,134.45,0
9959,137.84,0
9960,127.94,0
9961,131.8,0
9962,130.41,0
9963,138.43,0
9964,134.81,0
9965,137.8,0
9966,126.47,0
9967,133.75,0
9968,136.6,0
9969,134.71,0
9970,132.7,0
9971,131.11,0
9972,132.02,0
9973,130.17,0
9974,130.49,0
9975,130.03,0
9976,129.1,0
9977,132.76,0
9978,127.57,0
9979,133.48,0
9980,131.83,0
9981,130.81,0
9982,131.97,0
9983,136.92,0
9984,132.81,0
9985,140.5,0
9986,148.92,0
9987,142.87,0
9988,142.92,0
9989,144.54,0
9990,137.71,0
9991,128.36,0
9992,130.03,0
9993,143.18,0
9994,145.31,0
9995,144.04,0
9996,142.35,0
9997,136.83,0
9998,141.86,0
9999,134.76,0
10000,138.67,0
10001,137.03,0
10002,139.91,0
10003,133.55,0
10004,136.97,0
10005,132.58,0
10006,134.49,0
10007,140.69,0
10008,142.32,0
10009,150.9,0
10010,148.48,0
10011,140.85,0
10012,137.1,0
10013,139.19,0
10014,142.41,0
10015,146.85,0
10016,141.11,0
10017,135.8,0
10018,134.53,0
10019,138.35,0
10020,144.37,0
10021,136.56,0
10022,134.01,0
10023,137.71,0
10024,139.99,0
10025,145.2,0
10026,142.6,0
10027,142.21,0
10028,143.42,0
10029,141.0,0
10030,141.4,0
10031,138.62,0
10032,141.95,0
10033,147.35,0
10034,140.21,0
10035,135.48,0
10036,138.83,0
10037,141.75,0
10038,140.48,0
10039,145.18,0
10040,148.4,0
10041,145.89,0
10042,145.58,0
10043,145.36,0
10044,144.28,0
10045,146.69,0
10046,145.15,0
10047,148.2,0
10048,149.06,0
10049,154.9,0
10050,144.84,0
10051,139.41,0
10052,140.69,0
10053,151.51,0
10054,154.46,0
10055,151.09,0
10056,141.28,0
10057,148.86,0
10058,160.05,0
10059,159.45,0
10060,166.77,0
10061,164.04,0
10062,154.74,0
10063,156.32,0
10064,151.28,0
10065,160.57,0
10066,151.41,0
10067,158.8,0
10068,159.29,0
10069,161.43,0
10070,157.27,0
10071,154.15,0
10072,161.71,0
10073,159.67,0
10074,162.19,0
10075,156.63,0
10076,158.7,0
10077,161.67,0
10078,162.95,0
10079,161.96,0
10080,155.33,0
10081,162.04,0
10082,165.18,0
10083,164.46,0
10084,162.84,0
10085,165.2,0
10086,161.57,0
10087,167.29,0
10088,168.3,0
10089,165.94,0
10090,174.12,0
10091,168.37,0
10092,168.74,0
10093,172.09,0
10094,157.29,0
10095,169.54,0
10096,168.17,0
10097,169.99,0
10098,167.45,0
10099,168.31,0
10100,166.67,0
10101,163.54,0
10102,166.65,0
10103,166.2,0
10104,166.8,0
10105,171.73,0
10106,169.5,0
10107,171.6,0
10108,166.09,0
10109,166.61,0
10110,168.7,0
10111,161.03,0
10112,184.36,0
10113,181.53,0
10114,174.3,0
10115,170.3,0
10116,170.54,0
10117,178.03,0
10118,179.95,0
10119,182.71,0
10120,218.99,0
10121,207.12,0
10122,193.03,0
10123,190.11,0
10124,192.93,0
10125,190.46,0
10126,189.33,0
10127,192.77,0
10128,233.2,0
10129,217.54,0
10130,212.49,0
10131,216.1,0
10132,210.06,0
10133,209.73,0
10134,213.91,0
10135,208.55,0
10136,211.2,0
10137,214.34,0
10138,207.23,0
10139,209.41,0
10140,224.72,0
10141,208.99,0
10142,229.61,0
10143,216.35,0
10144,233.62,0
10145,212.39,0
10146,219.51,0
10147,211.31,0
10148,234.64,0
10149,211.29,0
10150,219.27,0
10151,221.57,0
10152,211.2,0
10153,213.38,0
10154,217.55,0
10155,207.48,0
10156,205.34,0
10157,229.09,0
10158,205.53,0
10159,222.85,0
10160,223.33,0
10161,230.37,0
10162,221.72,0
10163,206.62,0
10164,206.65,0
10165,205.82,0
10166,205.16,0
10167,200.84,0
10168,197.39,0
10169,196.01,0
10170,194.19,0
10171,209.7,0
10172,208.02,0
10173,201.18,0
10174,206.69,0
10175,201.48,0
10176,197.46,0
10177,203.12,0
10178,197.68,0
10179,194.31,0
10180,193.86,0
10181,197.55,0
10182,206.94,0
10183,203.68,0
10184,210.87,0
10185,216.95,0
10186,205.32,0
10187,217.42,0
10188,204.33,0
10189,199.48,0
10190,191.43,0
10191,205.1,0
10192,200.35,0
10193,191.24,0
10194,193.26,0
10195,202.72,0
10196,195.27,0
10197,191.55,0
10198,194.99,0
10199,188.36,0
10200,199.82,0
10201,218.12,0
10202,206.1,0
10203,198.52,0
10204,199.84,0
10205,190.39,0
10206,197.98,0
10207,199.29,0
10208,218.89,0
10209,218.09,0
10210,194.45,0
10211,190.97,0
10212,221.01,0
10213,220.01,0
10214,218.09,0
10215,223.92,0
10216,219.72,0
10217,220.97,0
10218,216.07,0
10219,229.89,0
10220,225.59,0
10221,202.47,0
10222,202.95,0
10223,202.66,0
10224,207.63,0
10225,193.21,0
10226,193.42,0
10227,193.5,0
10228,208.72,0
10229,211.76,0
10230,223.93,0
10231,220.46,0
10232,244.8,0
10233,233.94,0
10234,223.34,0
10235,209.15,0
10236,218.88,0
10237,223.41,0
10238,217.89,0
10239,207.62,0
10240,212.73,0
10241,205.0,0
10242,188.06,0
10243,205.61,0
10244,217.3,0
10245,221.55,0
10246,211.13,0
10247,216.1,0
10248,217.97,0
10249,204.26,0
10250,203.35,0
10251,203.18,0
10252,204.48,0
10253,195.56,0
10254,197.17,0
10255,200.27,0
10256,199.85,0
10257,176.2,0
10258,179.2,0
10259,171.74,0
10260,169.93,0
10261,173.86,0
10262,176.99,0
10263,171.16,0
10264,175.9,0
10265,173.05,0
10266,177.91,0
10267,168.93,0
10268,171.03,0
10269,175.13,0
10270,169.12,0
10271,171.96,0
10272,170.75,0
10273,169.65,0
10274,171.82,0
10275,170.58,0
10276,167.24,0
10277,170.06,0
10278,171.51,0
10279,174.73,0
10280,170.9,0
10281,165.11,0
10282,164.47,0
10283,161.03,0
10284,163.15,0
10285,175.42,0
10286,165.04,0
10287,167.73,0
10288,171.1,0
10289,155.25,0
10290,158.59,0
10291,166.91,0
10292,167.23,0
10293,179.14,0
10294,167.76,0
10295,173.48,0
10296,176.3,0
10297,173.91,0
10298,173.8,0
10299,181.94,0
10300,175.52,0
10301,165.21,0
10302,168.34,0
10303,175.08,0
10304,173.69,0
10305,170.18,0
10306,176.17,0
10307,188.7,0
10308,176.98,0
10309,173.49,0
10310,169.45,0
10311,173.31,0
10312,175.2,0
10313,176.27,0
10314,172.21,0
10315,173.46,0
10316,168.94,0
10317,184.14,0
10318,174.05,0
10319,172.71,0
10320,174.82,0
10321,184.63,0
10322,180.73,0
10323,194.12,0
10324,189.92,0
10325,183.33,0
10326,190.48,0
10327,190.24,0
10328,185.21,0
10329,183.87,0
10330,185.31,0
10331,185.09,0
10332,188.52,0
10333,178.23,0
10334,177.5,0
10335,180.04,0
10336,178.61,0
10337,175.22,0
10338,185.2,0
10339,184.61,0
10340,196.47,0
10341,194.66,0
10342,181.42,0
10343,179.4,0
10344,179.74,0
10345,181.5,0
10346,176.85,0
10347,184.81,0
10348,178.45,0
10349,175.62,0
10350,174.81,0
10351,177.86,0
10352,185.12,0
10353,187.73,0
10354,171.82,0
10355,169.59,0
10356,166.83,0
10357,168.31,0
10358,175.09,0
10359,175.27,0
10360,173.41,0
10361,170.37,0
10362,170.49,0
10363,177.55,0
10364,167.32,0
10365,170.42,0
10366,175.54,0
10367,174.97,0
10368,174.63,0
10369,170.42,0
10370,172.85,0
10371,177.2,0
10372,174.43,0
10373,186.22,0
10374,169.92,0
10375,173.45,0
10376,175.1,0
10377,172.69,0
10378,172.82,0
10379,175.53,0
10380,161.29,0
10381,187.18,0
10382,180.55,0
10383,181.57,0
10384,173.79,0
10385,181.44,0
10386,177.29,0
10387,185.03,0
10388,177.06,0
10389,175.57,0
10390,170.35,0
10391,172.06,0
10392,180.66,0
10393,173.81,0
10394,177.34,0
10395,179.36,0
10396,180.0,0
10397,182.31,0
10398,183.63,0
10399,178.16,0
10400,178.42,0
10401,177.46,0
10402,174.63,0
10403,175.15,0
10404,166.37,0
10405,172.6,0
10406,168.81,0
10407,179.06,0
10408,173.3,0
10409,171.22,0
10410,172.4,0
10411,173.42,0
10412,180.18,0
10413,184.41,0
10414,181.0,0
10415,180.44,0
10416,181.44,0
10417,178.56,0
10418,175.9,0
10419,175.43,0
10420,177.02,0
10421,173.12,0
10422,170.2,0
10423,189.62,0
10424,198.33,0
10425,195.23,0
10426,201.2,0
10427,190.92,0
10428,193.39,0
10429,198.32,0
10430,186.66,0
10431,193.9,0
10432,188.1,0
10433,182.21,0
10434,184.31,0
10435,180.16,0
10436,195.26,0
10437,183.15,0
10438,185.87,0
10439,185.5,0
10440,189.45,0
10441,193.49,0
10442,179.2,0
10443,189.42,0
10444,195.5,0
10445,182.15,0
10446,186.94,0
10447,188.02,0
10448,191.72,0
10449,189.55,0
10450,177.23,0
10451,181.86,0
10452,175.78,0
10453,187.13,0
10454,187.55,0
10455,178.78,0
10456,177.5,0
10457,182.78,0
10458,187.29,0
10459,188.63,0
10460,177.38,0
10461,181.21,0
10462,179.45,0
10463,183.53,0
10464,173.04,0
10465,172.0,0
10466,176.76,0
10467,173.04,0
10468,178.37,0
10469,170.29,0
10470,177.16,0
10471,191.48,0
10472,188.62,0
10473,192.18,0
10474,176.83,0
10475,182.4,0
10476,177.53,0
10477,178.27,0
10478,179.24,0
10479,171.84,0
10480,178.39,0
10481,170.27,0
10482,181.38,0
10483,182.99,0
10484,176.53,0
10485,178.28,0
10486,179.62,0
10487,174.73,0
10488,177.33,0
10489,175.81,0
10490,177.29,0
10491,181.08,0
10492,189.15,0
10493,178.07,0
10494,175.0,0
10495,177.49,0
10496,181.1,0
10497,182.84,0
10498,170.62,0
10499,206.02,0
10500,194.65,0
10501,186.76,0
10502,183.17,0
10503,176.68,0
10504,175.8,0
10505,188.8,0
10506,188.95,0
10507,180.9,0
10508,192.12,0
10509,206.06,0
10510,167.71,0
10511,168.36,0
10512,172.53,0
10513,169.93,0
10514,178.91,0
10515,179.38,0
10516,179.7,0
10517,184.06,0
10518,171.41,0
10519,182.76,0
10520,173.48,0
10521,181.84,0
10522,180.21,0
10523,178.96,0
10524,181.32,0
10525,174.84,0
10526,178.86,0
10527,191.11,0
10528,177.77,0
10529,186.79,0
10530,179.02,0
10531,188.57,0
10532,175.82,0
10533,187.48,0
10534,194.75,0
10535,177.05,0
10536,188.85,0
10537,192.34,0
10538,194.47,0
10539,177.6,0
10540,176.05,0
10541,175.95,0
10542,171.87,0
10543,182.67,0
10544,189.8,0
10545,187.07,0
10546,199.5,0
10547,177.18,0
10548,193.71,0
10549,179.31,0
10550,179.78,0
10551,178.79,0
10552,173.91,0
10553,194.36,0
10554,181.18,0
10555,184.31,0
10556,173.41,0
10557,175.55,0
10558,179.42,0
10559,182.4,0
10560,184.75,0
10561,189.76,0
10562,178.65,0
10563,193.38,0
10564,183.23,0
10565,178.83,0
10566,182.19,0
10567,175.21,0
10568,179.26,0
10569,160.63,0
10570,164.29,0
10571,168.48,0
10572,157.23,0
10573,167.88,0
10574,167.43,0
10575,177.97,0
10576,173.86,0
10577,170.4,0
10578,162.45,0
10579,154.57,0
10580,158.06,0
10581,160.24,0
10582,157.14,0
10583,152.65,0
10584,160.06,0
10585,161.53,0
10586,160.36,0
10587,148.55,0
10588,149.7,0
10589,153.6,0
10590,157.65,0
10591,160.97,0
10592,155.26,0
10593,154.69,0
10594,156.67,0
10595,151.11,0
10596,167.58,0
10597,158.82,0
10598,150.72,0
10599,156.2,0
10600,160.55,0
10601,153.2,0
10602,151.72,0
10603,168.68,0
10604,166.47,0
10605,157.35,0
10606,163.44,0
10607,161.87,0
10608,164.06,0
10609,154.84,0
10610,153.66,0
10611,154.91,0
10612,158.79,0
10613,160.22,0
10614,152.33,0
10615,153.32,0
10616,159.53,0
10617,153.65,0
10618,172.76,0
10619,151.1,0
10620,154.67,0
10621,147.75,0
10622,142.65,0
10623,151.73,0
10624,153.17,0
10625,150.64,0
10626,143.97,0
10627,140.49,0
10628,139.22,0
10629,144.82,0
10630,150.23,0
10631,147.96,0
10632,145.87,0
10633,142.32,0
10634,145.02,0
10635,152.31,0
10636,147.04,0
10637,150.39,0
10638,141.71,0
10639,149.95,0
10640,146.83,0
10641,146.32,0
10642,144.71,0
10643,153.03,0
10644,150.07,0
10645,143.66,0
10646,142.76,0
10647,147.97,0
10648,162.01,0
10649,150.1,0
10650,148.01,0
10651,146.45,0
10652,153.59,0
10653,153.33,0
10654,150.36,0
10655,153.84,0
10656,154.34,0
10657,152.94,0
10658,148.55,0
10659,155.27,0
10660,152.55,0
10661,148.89,0
10662,152.97,0
10663,157.15,0
10664,150.84,0
10665,149.31,0
10666,146.64,0
10667,149.79,0
10668,150.53,0
10669,150.44,0
10670,157.63,0
10671,155.94,0
10672,146.61,0
10673,151.76,0
10674,145.84,0
10675,148.93,0
10676,150.79,0
10677,153.12,0
10678,157.2,0
10679,154.65,0
10680,158.31,0
10681,152.06,0
10682,146.82,0
10683,151.69,0
10684,152.86,0
10685,150.76,0
10686,145.58,0
10687,147.2,0
10688,154.82,0
10689,156.11,0
10690,150.91,0
10691,155.49,0
10692,155.15,0
10693,152.6,0
10694,154.69,0
10695,151.28,0
10696,145.67,0
10697,157.02,0
10698,158.73,0
10699,153.42,0
10700,154.08,0
10701,157.91,0
10702,158.38,0
10703,156.81,0
10704,156.67,0
10705,155.15,0
10706,155.88,0
10707,150.95,0
10708,158.57,0
10709,161.87,0
10710,159.98,0
10711,160.74,0
10712,164.01,0
10713,157.67,0
10714,160.42,0
10715,149.67,0
10716,162.79,0
10717,153.5,0
10718,153.39,0
10719,169.27,0
10720,161.62,0
10721,165.92,0
10722,159.47,0
10723,171.97,0
10724,174.22,0
10725,174.79,0
10726,163.83,0
10727,163.15,0
10728,167.53,0
10729,173.63,0
10730,176.89,0
10731,172.32,0
10732,158.01,0
10733,160.91,0
10734,158.71,0
10735,159.58,0
10736,161.96,0
10737,161.33,0
10738,179.84,0
10739,168.99,0
10740,156.03,0
10741,163.34,0
10742,161.06,0
10743,166.21,0
10744,162.52,0
10745,159.09,0
10746,171.41,0
10747,173.89,0
10748,176.99,0
10749,186.96,0
10750,172.12,0
10751,168.69,0
10752,170.6,0
10753,171.77,0
10754,176.84,0
10755,178.37,0
10756,167.89,0
10757,164.76,0
10758,173.64,0
10759,161.63,0
10760,159.74,0
10761,157.47,0
10762,158.26,0
10763,163.18,0
10764,160.21,0
10765,161.96,0
10766,163.51,0
10767,160.28,0
10768,170.27,0
10769,170.87,0
10770,158.39,0
10771,170.88,0
10772,164.18,0
10773,163.88,0
10774,166.14,0
10775,170.41,0
10776,168.22,0
10777,172.51,0
10778,170.17,0
10779,174.71,0
10780,168.93,0
10781,164.84,0
10782,176.94,0
10783,174.27,0
10784,167.12,0
10785,176.76,0
10786,176.91,0
10787,170.8,0
10788,177.02,0
10789,168.14,0
10790,180.56,0
10791,183.42,0
10792,177.58,0
10793,175.56,0
10794,174.29,0
10795,181.64,0
10796,178.06,0
10797,173.98,0
10798,188.7,0
10799,187.6,0
10800,202.53,0
10801,183.28,0
10802,175.43,0
10803,180.09,0
10804,179.67,0
10805,175.95,0
10806,179.0,0
10807,172.0,0
10808,182.29,0
10809,180.45,0
10810,178.51,0
10811,185.17,0
10812,185.68,0
10813,176.45,0
10814,176.0,0
10815,173.81,0
10816,172.94,0
10817,185.87,0
10818,181.26,0
10819,181.06,0
10820,183.56,0
10821,188.77,0
10822,183.07,0
10823,185.36,0
10824,181.4,0
10825,192.16,0
10826,186.62,0
10827,179.49,0
10828,195.6,0
10829,187.42,0
10830,180.45,0
10831,180.97,0
10832,183.3,0
10833,187.98,0
10834,186.57,0
10835,182.13,0
10836,184.37,0
10837,177.2,0
10838,175.19,0
10839,176.04,0
10840,184.94,0
10841,180.03,0
10842,175.85,0
10843,182.64,0
10844,190.85,0
10845,194.12,0
10846,188.84,0
10847,182.02,0
10848,184.6,0
10849,184.9,0
10850,192.77,0
10851,187.12,0
10852,180.6,0
10853,190.88,0
10854,179.69,0
10855,189.84,0
10856,178.64,0
10857,177.59,0
10858,213.97,0
10859,197.92,0
10860,189.69,0
10861,193.74,0
10862,186.3,0
10863,184.6,0
10864,196.09,0
10865,192.31,0
10866,190.62,0
10867,182.76,0
10868,192.38,0
10869,195.92,0
10870,182.44,0
10871,184.01,0
10872,182.19,0
10873,175.86,0
10874,165.59,0
10875,176.55,0
10876,184.12,0
10877,188.42,0
10878,181.4,0
10879,180.18,0
10880,179.6,0
10881,180.73,0
10882,181.19,0
10883,194.26,0
10884,184.97,0
10885,182.32,0
10886,174.34,0
10887,168.84,0
10888,180.19,0
10889,178.29,0
10890,182.24,0
10891,173.98,0
10892,178.04,0
10893,165.98,0
10894,168.02,0
10895,171.93,0
10896,167.1,0
10897,169.83,0
10898,169.01,0
10899,162.02,0
10900,170.81,0
10901,168.32,0
10902,166.8,0
10903,176.1,0
10904,167.48,0
10905,168.97,0
10906,161.56,0
10907,161.72,0
10908,162.8,0
10909,161.18,0
10910,165.98,0
10911,166.08,0
10912,162.17,0
10913,167.55,0
10914,160.47,0
10915,160.46,0
10916,155.77,0
10917,158.63,0
10918,154.84,0
10919,154.53,0
10920,153.67,0
10921,156.43,0
10922,152.66,0
10923,155.31,0
10924,162.08,0
10925,152.8,0
10926,151.74,0
10927,152.12,0
10928,153.23,0
10929,152.78,0
10930,148.47,0
10931,159.47,0
10932,168.73,0
10933,153.19,0
10934,146.57,0
10935,158.95,0
10936,159.18,0
10937,150.33,0
10938,146.14,0
10939,142.49,0
10940,147.15,0
10941,141.53,0
10942,149.58,0
10943,146.17,0
10944,143.91,0
10945,140.15,0
10946,139.56,0
10947,142.95,0
10948,140.74,0
10949,142.24,0
10950,139.27,0
10951,143.94,0
10952,144.14,0
10953,145.86,0
10954,138.7,0
10955,137.78,0
10956,139.95,0
10957,142.0,0
10958,139.16,0
10959,140.16,0
10960,139.43,0
10961,142.63,0
10962,139.75,0
10963,144.85,0
10964,143.23,0
10965,137.6,0
10966,137.79,0
10967,140.46,0
10968,138.72,0
10969,142.93,0
10970,139.96,0
10971,132.66,0
10972,134.32,0
10973,134.22,0
10974,132.41,0
10975,128.3,0
10976,138.04,0
10977,132.37,0
10978,132.34,0
10979,136.87,0
10980,135.34,0
10981,133.7,0
10982,131.11,0
10983,128.09,0
10984,129.87,0
10985,131.67,0
10986,131.38,0
10987,127.13,0
10988,127.08,0
10989,132.73,0
10990,132.68,0
10991,126.8,0
10992,130.42,0
10993,125.44,0
10994,125.21,0
10995,129.99,0
10996,128.65,0
10997,124.17,0
10998,124.39,0
10999,127.17,0
11000,128.31,0
11001,124.13,0
11002,124.86,0
11003,119.68,0
11004,122.89,0
11005,124.78,0
11006,135.49,0
11007,132.93,0
11008,125.59,0
11009,124.55,0
11010,119.85,0
11011,122.71,0
11012,124.33,0
11013,120.7,0
11014,127.64,0
11015,129.79,0
11016,128.76,0
11017,119.27,0
11018,121.26,0
11019,125.01,0
11020,125.13,0
11021,124.93,0
11022,122.7,0
11023,124.17,0
11024,120.38,0
11025,122.58,0
11026,123.94,0
11027,125.11,0
11028,123.18,0
11029,125.77,0
11030,131.36,0
11031,126.1,0
11032,129.04,0
11033,131.49,0
11034,126.88,0
11035,129.64,0
11036,129.65,0
11037,127.31,0
11038,122.58,0
11039,119.09,0
11040,135.46,0
11041,127.97,0
11042,122.26,0
11043,122.54,0
11044,122.5,0
11045,138.36,0
11046,127.56,0
11047,135.27,0
11048,125.34,0
11049,125.2,0
11050,122.19,0
11051,121.63,0
11052,122.0,0
11053,126.09,0
11054,131.63,0
11055,123.73,0
11056,128.04,0
11057,125.39,0
11058,118.6,0
11059,126.59,0
11060,119.8,0
11061,120.71,0
11062,117.95,0
11063,131.07,0
11064,120.07,0
11065,129.34,0
11066,123.1,0
11067,116.04,0
11068,115.84,0
11069,121.69,0
11070,124.49,0
11071,122.02,0
11072,122.71,0
11073,126.13,0
11074,128.45,0
11075,116.49,0
11076,124.17,0
11077,121.55,0
11078,123.94,0
11079,116.52,0
11080,126.18,0
11081,124.75,0
11082,118.14,0
11083,123.46,0
11084,128.89,0
11085,120.88,0
11086,118.25,0
11087,120.15,0
11088,114.57,0
11089,118.76,0
11090,116.39,0
11091,113.22,0
11092,121.0,0
11093,129.44,0
11094,131.32,0
11095,137.28,0
11096,134.57,0
11097,128.12,0
11098,125.58,0
11099,111.23,0
11100,117.63,0
11101,125.09,0
11102,117.04,0
11103,122.86,0
11104,114.97,0
11105,124.91,0
11106,116.44,0
11107,118.43,0
11108,117.05,0
11109,113.49,0
11110,118.4,0
11111,119.33,0
11112,121.71,0
11113,121.55,0
11114,116.64,0
11115,123.93,0
11116,127.6,0
11117,111.22,0
11118,112.67,0
11119,114.14,0
11120,110.39,0
11121,105.88,0
11122,108.86,0
11123,113.15,0
11124,112.66,0
11125,116.85,0
11126,116.6,0
11127,123.12,0
11128,116.8,0
11129,111.7,0
11130,117.72,0
11131,111.03,0
11132,106.87,0
11133,117.13,0
11134,111.25,0
11135,116.85,0
11136,112.5,0
11137,121.02,0
11138,115.27,0
11139,109.28,0
11140,110.17,0
11141,118.87,0
11142,112.93,0
11143,117.67,0
11144,116.69,0
11145,114.89,0
11146,113.17,0
11147,120.1,0
11148,111.07,0
11149,107.08,0
11150,110.29,0
11151,108.54,0
11152,101.52,0
11153,107.4,0
11154,114.58,0
11155,108.43,0
11156,112.9,0
11157,107.96,0
11158,108.73,0
11159,104.94,0
11160,97.73,0
11161,100.34,0
11162,107.41,0
11163,112.71,0
11164,115.76,0
11165,115.38,0
11166,105.92,0
11167,110.98,0
11168,108.15,0
11169,109.34,0
11170,101.69,0
11171,111.34,0
11172,107.41,0
11173,113.33,0
11174,108.89,0
11175,109.46,0
11176,107.91,0
11177,110.45,0
11178,110.14,0
11179,106.69,0
11180,96.89,0
11181,109.16,0
11182,103.35,0
11183,106.42,0
11184,110.53,0
11185,103.24,0
11186,103.28,0
11187,97.45,0
11188,106.91,0
11189,104.56,0
11190,99.11,0
11191,103.46,0
11192,109.08,0
11193,106.4,0
11194,103.52,0
11195,102.64,0
11196,107.36,0
11197,115.08,0
11198,103.97,0
11199,105.69,0
11200,106.8,0
11201,105.26,0
11202,107.29,0
11203,109.12,0
11204,116.75,0
11205,114.55,0
11206,115.43,0
11207,105.3,0
11208,99.28,0
11209,107.27,0
11210,94.06,0
11211,101.6,0
11212,109.63,0
11213,97.94,0
11214,116.84,0
11215,110.2,0
11216,106.35,0
11217,108.2,0
11218,97.86,0
11219,107.93,0
11220,110.04,0
11221,114.79,0
11222,113.95,0
11223,116.47,0
11224,112.71,0
11225,109.19,0
11226,113.01,0
11227,108.24,0
11228,104.27,0
11229,112.21,0
11230,110.17,0
11231,103.74,0
11232,111.99,0
11233,112.4,0
11234,113.68,0
11235,108.35,0
11236,117.53,0
11237,119.34,0
11238,110.31,0
11239,108.86,0
11240,89.98,0
11241,101.28,0
11242,104.31,0
11243,103.3,0
11244,109.57,0
11245,106.8,0
11246,108.73,0
11247,101.57,0
11248,104.96,0
11249,105.18,0
11250,99.11,0
11251,106.98,0
11252,104.88,0
11253,116.78,0
11254,113.08,0
11255,106.26,0
11256,116.81,0
11257,127.39,0
11258,115.68,0
11259,122.56,0
11260,107.22,0
11261,110.41,0
11262,104.28,0
11263,119.73,0
11264,91.11,0
11265,101.2,0
11266,101.44,0
11267,100.13,0
11268,105.34,0
11269,93.81,0
11270,95.22,0
11271,102.73,0
11272,105.51,0
11273,101.14,0
11274,111.14,0
11275,112.59,0
11276,119.21,0
11277,108.68,0
11278,106.63,0
11279,118.99,0
11280,106.32,0
11281,115.47,0
11282,109.6,0
11283,97.81,0
11284,103.36,0
11285,96.25,0
11286,107.89,0
11287,105.64,0
11288,106.14,0
11289,98.6,0
11290,112.9,0
11291,109.53,0
11292,98.41,0
11293,105.37,0
11294,106.63,0
11295,107.01,0
11296,111.25,0
11297,109.82,0
11298,108.02,0
11299,110.11,0
11300,110.5,0
11301,106.16,0
11302,114.39,0
11303,113.14,0
11304,115.1,0
11305,111.62,0
11306,106.97,0
11307,111.53,0
11308,109.06,0
11309,107.92,0
11310,107.95,0
11311,108.41,0
11312,114.02,0
11313,111.39,0
11314,103.8,0
11315,103.13,0
11316,107.15,0
11317,115.99,0
11318,114.19,0
11319,118.58,0
11320,106.8,0
11321,113.04,0
11322,112.63,0
11323,118.63,0
11324,114.93,0
11325,112.82,0
11326,108.16,0
11327,112.26,0
11328,112.76,0
11329,114.9,0
11330,111.39,0
11331,117.67,0
11332,117.1,0
11333,123.11,0
11334,119.89,0
11335,122.44,0
11336,112.77,0
11337,119.95,0
11338,105.4,0
11339,103.83,0
11340,109.81,0
11341,112.17,0
11342,118.13,0
11343,113.44,0
11344,110.78,0
11345,117.25,0
11346,121.07,0
11347,131.45,0
11348,123.1,0
11349,121.39,0
11350,124.1,0
11351,125.01,0
11352,122.19,0
11353,128.17,0
11354,123.98,0
11355,129.05,0
11356,121.39,0
11357,120.21,0
11358,121.9,0
11359,114.55,0
11360,121.96,0
11361,119.2,0
11362,122.73,0
11363,118.64,0
11364,124.49,0
11365,123.71,0
11366,128.29,0
11367,120.92,0
11368,122.36,0
11369,125.85,0
11370,129.69,0
11371,122.2,0
11372,120.15,0
11373,126.69,0
11374,123.76,0
11375,118.42,0
11376,122.82,0
11377,120.12,0
11378,118.63,0
11379,125.64,0
11380,127.13,0
11381,126.64,0
11382,125.18,0
11383,118.27,0
11384,118.77,0
11385,121.35,0
11386,125.41,0
11387,120.7,0
11388,125.61,0
11389,122.22,0
11390,117.15,0
11391,121.06,0
11392,123.53,0
11393,123.17,0
11394,122.92,0
11395,122.32,0
11396,117.5,0
11397,114.33,0
11398,117.84,0
11399,114.4,0
11400,120.55,0
11401,120.15,0
11402,119.17,0
11403,116.57,0
11404,114.21,0
11405,122.08,0
11406,119.0,0
11407,121.18,0
11408,120.86,0
11409,123.47,0
11410,123.78,0
11411,121.88,0
11412,124.6,0
11413,125.4,0
11414,125.36,0
11415,131.89,0
11416,143.2,0
11417,143.29,0
11418,160.79,0
11419,147.46,0
11420,137.32,0
11421,127.8,0
11422,125.61,0
11423,133.49,0
11424,134.29,0
11425,149.31,0
11426,151.84,0
11427,151.81,0
11428,149.88,0
11429,157.58,0
11430,154.28,0
11431,149.6,0
11432,146.82,0
11433,152.53,0
11434,144.05,0
11435,146.7,0
11436,137.2,0
11437,141.55,0
11438,144.0,0
11439,146.81,0
11440,143.45,0
11441,150.37,0
11442,146.23,0
11443,143.42,0
11444,144.3,0
11445,146.53,0
11446,145.31,0
11447,141.42,0
11448,138.6,0
11449,144.43,0
11450,137.38,0
11451,147.35,0
11452,148.67,0
11453,147.8,0
11454,142.51,0
11455,143.23,0
11456,139.47,0
11457,140.6,0
11458,141.85,0
11459,140.44,0
11460,144.71,0
11461,144.21,0
11462,137.26,0
11463,137.45,0
11464,137.04,0
11465,132.05,0
11466,137.58,0
11467,141.83,0
11468,145.45,0
11469,145.23,0
11470,144.01,0
11471,141.49,0
11472,143.25,0
11473,142.31,0
11474,146.94,0
11475,150.33,0
11476,149.01,0
11477,138.03,0
11478,141.22,0
11479,144.77,0
11480,149.98,0
11481,148.83,0
11482,147.91,0
11483,144.84,0
11484,153.26,0
11485,144.03,0
11486,144.37,0
11487,148.19,0
11488,149.13,0
11489,150.87,0
11490,151.98,0
11491,149.02,0
11492,150.56,0
11493,148.09,0
11494,147.79,0
11495,148.31,0
11496,142.82,0
11497,150.66,0
11498,149.06,0
11499,152.96,0
11500,145.75,0
11501,147.57,0
11502,145.33,0
11503,145.08,0
11504,151.34,0
11505,148.99,0
11506,148.64,0
11507,141.16,0
11508,148.4,0
11509,152.97,0
11510,154.39,0
11511,158.23,0
11512,153.94,0
11513,154.14,0
11514,151.77,0
11515,154.44,0
11516,151.81,0
11517,152.95,0
11518,146.16,0
11519,148.24,0
11520,152.66,0
11521,150.12,0
11522,153.93,0
11523,155.6,0
11524,151.02,0
11525,144.95,0
11526,150.37,0
11527,152.12,0
11528,151.5,0
11529,152.38,0
11530,153.61,0
11531,149.11,0
11532,151.97,0
11533,152.52,0
11534,152.58,0
11535,159.88,0
11536,158.77,0
11537,150.92,0
11538,148.34,0
11539,160.2,0
11540,168.08,0
11541,157.66,0
11542,152.64,0
11543,152.76,0
11544,155.69,0
11545,155.5,0
11546,153.42,0
11547,157.37,0
11548,152.54,0
11549,156.91,0
11550,157.79,0
11551,154.56,0
11552,155.77,0
11553,161.92,0
11554,163.29,0
11555,166.02,0
11556,162.94,0
11557,162.31,0
11558,164.03,0
11559,165.0,0
11560,153.07,0
11561,160.17,0
11562,167.58,0
11563,160.21,0
11564,165.94,0
11565,155.94,0
11566,157.81,0
11567,152.55,0
11568,157.44,0
11569,185.57,0
11570,174.52,0
11571,166.26,0
11572,168.09,0
11573,164.9,0
11574,173.27,0
11575,174.54,0
11576,171.71,0
11577,171.41,0
11578,170.45,0
11579,155.95,0
11580,167.82,0
11581,167.29,0
11582,176.8,0
11583,169.49,0
11584,168.21,0
11585,168.44,0
11586,172.02,0
11587,169.7,0
11588,182.94,0
11589,173.55,0
11590,169.5,0
11591,167.83,0
11592,162.18,0
11593,169.17,0
11594,159.61,0
11595,173.59,0
11596,154.39,0
11597,162.35,0
11598,171.79,0
11599,165.65,0
11600,164.91,0
11601,166.17,0
11602,168.38,0
11603,163.46,0
11604,167.43,0
11605,163.11,0
11606,164.94,0
11607,164.4,0
11608,170.54,0
11609,163.37,0
11610,165.48,0
11611,167.35,0
11612,170.25,0
11613,172.29,0
11614,175.56,0
11615,171.94,0
11616,174.82,0
11617,170.9,0
11618,163.71,0
11619,173.37,0
11620,170.12,0
11621,170.9,0
11622,174.22,0
11623,171.69,0
11624,170.98,0
11625,163.23,0
11626,164.86,0
11627,173.92,0
11628,168.96,0
11629,171.89,0
11630,182.14,0
11631,170.8,0
11632,174.24,0
11633,167.15,0
11634,162.88,0
11635,163.22,0
11636,162.77,0
11637,171.77,0
11638,167.4,0
11639,160.64,0
11640,166.35,0
11641,168.85,0
11642,167.89,0
11643,171.31,0
11644,185.2,0
11645,166.66,0
11646,172.21,0
11647,168.68,0
11648,167.87,0
11649,157.0,0
11650,156.78,0
11651,161.93,0
11652,157.22,0
11653,163.39,0
11654,154.38,0
11655,153.25,0
11656,155.46,0
11657,161.37,0
11658,159.23,0
11659,154.08,0
11660,156.11,0
11661,155.08,0
11662,158.71,0
11663,152.83,0
11664,147.97,0
11665,151.94,0
11666,162.13,0
11667,162.82,0
11668,158.07,0
11669,159.04,0
11670,158.79,0
11671,151.84,0
11672,160.1,0
11673,174.05,0
11674,158.79,0
11675,154.46,0
11676,159.72,0
11677,153.91,0
11678,156.81,0
11679,159.26,0
11680,161.56,0
11681,158.35,0
11682,157.06,0
11683,149.73,0
11684,156.77,0
11685,141.45,0
11686,147.24,0
11687,165.6,0
11688,151.39,0
11689,154.96,0
11690,149.67,0
11691,153.0,0
11692,155.73,0
11693,150.06,0
11694,152.14,0
11695,150.08,0
11696,145.31,0
11697,142.74,0
11698,148.47,0
11699,154.29,0
11700,142.95,0
11701,144.52,0
11702,141.59,0
11703,143.71,0
11704,147.12,0
11705,144.28,0
11706,150.95,0
11707,151.34,0
11708,146.42,0
11709,146.85,0
11710,144.44,0
11711,149.88,0
11712,150.23,0
11713,150.87,0
11714,145.47,0
11715,145.53,0
11716,141.53,0
11717,149.95,0
11718,151.69,0
11719,158.62,0
11720,150.87,0
11721,146.15,0
11722,151.35,0
11723,150.29,0
11724,150.96,0
11725,149.65,0
11726,153.92,0
11727,148.12,0
11728,141.41,0
11729,150.32,0
11730,143.93,0
11731,144.53,0
11732,153.67,0
11733,156.27,0
11734,159.77,0
11735,151.28,0
11736,153.91,0
11737,155.54,0
11738,161.88,0
11739,152.22,0
11740,154.92,0
11741,154.21,0
11742,148.04,0
11743,157.44,0
11744,152.53,0
11745,156.99,0
11746,150.44,0
11747,160.18,0
11748,155.52,0
11749,167.58,0
11750,155.57,0
11751,161.73,0
11752,163.77,0
11753,172.46,0
11754,177.53,0
11755,171.81,0
11756,170.82,0
11757,165.33,0
11758,175.39,0
11759,172.95,0
11760,164.89,0
11761,165.25,0
11762,172.88,0
11763,164.95,0
11764,173.95,0
11765,167.88,0
11766,162.44,0
11767,155.37,0
11768,163.33,0
11769,162.49,0
11770,158.95,0
11771,158.23,0
11772,160.34,0
11773,157.37,0
11774,154.18,0
11775,159.77,0
11776,152.87,0
11777,164.35,0
11778,159.36,0
11779,155.47,0
11780,157.54,0
11781,159.27,0
11782,161.02,0
11783,160.47,0
11784,153.96,0
11785,157.07,0
11786,159.82,0
11787,160.78,0
11788,160.49,0
11789,144.64,0
11790,161.53,0
11791,162.26,0
11792,158.97,0
11793,171.25,0
11794,166.52,0
11795,163.87,0
11796,159.49,0
11797,163.02,0
11798,168.68,0
11799,165.0,0
11800,160.89,0
11801,159.67,0
11802,163.95,0
11803,165.8,0
11804,170.02,0
11805,163.25,0
11806,159.63,0
11807,179.12,0
11808,172.61,0
11809,155.17,0
11810,161.29,0
11811,158.4,0
11812,166.53,0
11813,164.62,0
11814,158.41,0
11815,160.43,0
11816,161.6,0
11817,177.8,0
11818,164.78,0
11819,161.0,0
11820,166.51,0
11821,166.51,0
11822,169.16,0
11823,168.05,0
11824,171.15,0
11825,157.89,0
11826,164.73,0
11827,165.77,0
11828,160.8,0
11829,164.32,0
11830,163.1,0
11831,169.85,0
11832,171.18,0
11833,161.67,0
11834,152.14,0
11835,160.37,0
11836,162.37,0
11837,164.75,0
11838,166.42,0
11839,159.67,0
11840,154.8,0
11841,160.78,0
11842,165.37,0
11843,152.82,0
11844,157.11,0
11845,156.58,0
11846,158.12,0
11847,149.52,0
11848,153.7,0
11849,159.03,0
11850,159.77,0
11851,160.23,0
11852,162.22,0
11853,165.97,0
11854,167.85,0
11855,166.99,0
11856,163.17,0
11857,169.44,0
11858,165.38,0
11859,175.21,0
11860,168.39,0
11861,165.41,0
11862,163.07,0
11863,156.19,0
11864,156.15,0
11865,162.56,0
11866,162.98,0
11867,174.27,0
11868,174.73,0
11869,169.32,0
11870,169.33,0
11871,175.69,0
11872,173.59,0
11873,164.8,0
11874,162.75,0
11875,170.76,0
11876,162.61,0
11877,164.5,0
11878,162.97,0
11879,161.27,0
11880,159.82,0
11881,161.55,0
11882,164.8,0
11883,171.89,0
11884,168.95,0
11885,172.69,0
11886,176.31,0
11887,169.54,0
11888,169.61,0
11889,172.53,0
11890,173.75,0
11891,166.38,0
11892,167.04,0
11893,182.83,0
11894,171.61,0
11895,170.37,0
11896,174.24,0
11897,182.6,0
11898,187.02,0
11899,172.2,0
11900,169.49,0
11901,180.37,0
11902,173.01,0
11903,167.52,0
11904,169.31,0
11905,177.35,0
11906,170.05,0
11907,175.09,0
11908,173.57,0
11909,177.11,0
11910,185.29,0
11911,178.39,0
11912,184.19,0
11913,188.85,0
11914,170.49,0
11915,173.84,0
11916,176.31,0
11917,181.74,0
11918,183.2,0
11919,174.16,0
11920,165.72,0
11921,174.7,0
11922,169.29,0
11923,164.04,0
11924,166.87,0
11925,158.3,0
11926,192.14,0
11927,181.22,0
11928,176.59,0
11929,181.3,0
11930,181.36,0
11931,168.37,0
11932,179.96,0
11933,179.43,0
11934,166.16,0
11935,169.47,0
11936,166.53,0
11937,175.54,0
11938,171.26,0
11939,176.37,0
11940,170.71,0
11941,171.37,0
11942,169.89,0
11943,177.5,0
11944,173.95,0
11945,179.97,0
11946,173.05,0
11947,166.84,0
11948,187.86,0
11949,169.99,0
11950,174.59,0
11951,172.26,0
11952,173.19,0
11953,179.24,0
11954,168.27,0
11955,174.64,0
11956,193.36,0
11957,183.84,0
11958,171.53,0
11959,163.81,0
11960,176.07,0
11961,180.37,0
11962,169.63,0
11963,171.22,0
11964,166.49,0
11965,169.23,0
11966,174.6,0
11967,189.97,0
11968,183.55,0
11969,171.86,0
11970,166.21,0
11971,179.92,0
11972,186.4,0
11973,186.18,0
11974,180.82,0
11975,184.08,0
11976,172.81,0
11977,169.39,0
11978,175.52,0
11979,164.77,0
11980,166.32,0
11981,171.53,0
11982,184.17,0
11983,188.29,0
11984,172.49,0
11985,175.41,0
11986,182.06,0
11987,186.64,0
11988,168.68,0
11989,169.13,0
11990,166.04,0
11991,168.0,0
11992,176.24,0
11993,170.81,0
11994,167.91,0
11995,171.22,0
11996,181.79,0
11997,169.62,0
11998,178.0,0
11999,174.33,0
12000,168.52,0
12001,172.16,0
12002,181.78,0
12003,174.94,0
12004,172.7,0
12005,173.24,0
12006,168.35,0
12007,171.72,0
12008,169.45,0
12009,168.18,0
12010,167.33,0
12011,170.36,0
12012,179.96,0
12013,162.93,0
12014,171.96,0
12015,174.33,0
12016,172.87,0
12017,174.93,0
12018,161.3,0
12019,163.63,0
12020,155.8,0
12021,162.74,0
12022,165.9,0
12023,158.09,0
12024,168.06,0
12025,160.25,0
12026,161.58,0
12027,159.33,0
12028,167.76,0
12029,167.77,0
12030,159.46,0
12031,161.55,0
12032,158.73,0
12033,163.95,0
12034,162.16,0
12035,160.2,0
12036,162.96,0
12037,173.23,0
12038,166.79,0
12039,168.69,0
12040,164.67,0
12041,163.69,0
12042,163.99,0
12043,158.9,0
12044,158.89,0
12045,184.02,0
12046,168.43,0
12047,158.76,0
12048,164.42,0
12049,162.13,0
12050,153.64,0
12051,153.72,0
12052,152.46,0
12053,153.5,0
12054,150.5,0
12055,154.33,0
12056,153.4,0
12057,158.39,0
12058,157.63,0
12059,154.72,0
12060,156.03,0
12061,158.39,0
12062,154.02,0
12063,155.7,0
12064,159.65,0
12065,155.02,0
12066,152.34,0
12067,147.2,0
12068,149.44,0
12069,147.01,0
12070,156.01,0
12071,160.62,0
12072,151.79,0
12073,151.51,0
12074,155.11,0
12075,157.55,0
12076,158.98,0
12077,145.75,0
12078,147.0,0
12079,148.25,0
12080,155.02,0
12081,153.18,0
12082,148.93,0
12083,147.33,0
12084,152.98,0
12085,157.96,0
12086,152.82,0
12087,157.37,0
12088,150.4,0
12089,154.71,0
12090,156.35,0
12091,158.1,0
12092,155.68,0
12093,150.97,0
12094,155.55,0
12095,163.13,0
12096,151.58,0
12097,160.95,0
12098,151.54,0
12099,152.94,0
12100,155.87,0
12101,155.01,0
12102,160.13,0
12103,160.81,0
12104,159.72,0
12105,155.8,0
12106,152.9,0
12107,155.12,0
12108,158.93,0
12109,154.8,0
12110,152.63,0
12111,152.38,0
12112,157.43,0
12113,151.25,0
12114,151.47,0
12115,150.3,0
12116,149.2,0
12117,144.84,0
12118,149.71,0
12119,153.62,0
12120,154.48,0
12121,158.56,0
12122,160.84,0
12123,157.6,0
12124,168.92,0
12125,158.18,0
12126,155.59,0
12127,150.76,0
12128,149.18,0
12129,153.11,0
12130,151.95,0
12131,153.55,0
12132,158.6,0
12133,154.1,0
12134,152.96,0
12135,154.85,0
12136,150.46,0
12137,152.35,0
12138,150.74,0
12139,152.56,0
12140,154.68,0
12141,154.22,0
12142,156.13,0
12143,158.81,0
12144,153.99,0
12145,158.53,0
12146,152.88,0
12147,150.99,0
12148,157.53,0
12149,158.6,0
12150,168.49,0
12151,167.48,0
12152,156.81,0
12153,158.11,0
12154,154.43,0
12155,154.59,0
12156,156.38,0
12157,158.64,0
12158,159.16,0
12159,161.86,0
12160,162.34,0
12161,160.01,0
12162,164.06,0
12163,164.65,0
12164,183.36,0
12165,164.33,0
12166,158.55,0
12167,160.45,0
12168,160.1,0
12169,159.9,0
12170,156.25,0
12171,157.48,0
12172,159.28,0
12173,175.11,0
12174,174.87,0
12175,170.87,0
12176,173.35,0
12177,161.97,0
12178,166.22,0
12179,174.18,0
12180,169.91,0
12181,169.83,0
12182,164.32,0
12183,168.46,0
12184,165.06,0
12185,156.14,0
12186,162.65,0
12187,157.79,0
12188,157.73,0
12189,159.81,0
12190,161.03,0
12191,162.38,0
12192,169.48,0
12193,168.12,0
12194,169.13,0
12195,169.12,0
12196,169.02,0
12197,166.87,0
12198,166.52,0
12199,165.55,0
12200,164.71,0
12201,164.67,0
12202,168.96,0
12203,180.16,0
12204,181.22,0
12205,178.16,0
12206,173.05,0
12207,169.51,0
12208,171.82,0
12209,182.0,0
12210,184.54,0
12211,180.84,0
12212,181.92,0
12213,173.6,0
12214,188.53,0
12215,169.54,0
12216,178.1,0
12217,185.86,0
12218,181.86,0
12219,177.8,0
12220,171.05,0
12221,176.84,0
12222,178.7,0
12223,165.96,0
12224,180.55,0
12225,183.06,0
12226,185.65,0
12227,187.16,0
12228,188.31,0
12229,176.46,0
12230,184.5,0
12231,180.36,0
12232,179.48,0
12233,172.7,0
12234,171.77,0
12235,184.51,0
12236,186.81,0
12237,171.75,0
12238,182.1,0
12239,182.38,0
12240,174.51,0
12241,181.53,0
12242,183.08,0
12243,186.82,0
12244,182.63,0
12245,178.67,0
12246,184.66,0
12247,179.6,0
12248,178.56,0
12249,177.34,0
12250,180.62,0
12251,183.37,0
12252,186.12,0
12253,181.36,0
12254,189.42,0
12255,185.66,0
12256,186.32,0
12257,182.94,0
12258,187.41,0
12259,182.14,0
12260,177.75,0
12261,168.99,0
12262,183.97,0
12263,181.57,0
12264,182.84,0
12265,182.53,0
12266,177.65,0
12267,188.22,0
12268,187.3,0
12269,184.12,0
12270,184.59,0
12271,185.87,0
12272,180.74,0
12273,177.41,0
12274,187.2,0
12275,186.7,0
12276,187.47,0
12277,187.03,0
12278,183.84,0
12279,184.53,0
12280,186.56,0
12281,191.23,0
12282,187.65,0
12283,187.51,0
12284,206.29,0
12285,189.65,0
12286,188.77,0
12287,186.84,0
12288,186.77,0
12289,190.72,0
12290,189.42,0
12291,176.57,0
12292,172.4,0
12293,178.63,0
12294,190.56,0
12295,177.34,0
12296,184.13,0
12297,181.65,0
12298,177.1,0
12299,174.04,0
12300,172.58,0
12301,174.45,0
12302,175.99,0
12303,170.45,0
12304,171.64,0
12305,177.38,0
12306,173.46,0
12307,164.96,0
12308,168.72,0
12309,167.66,0
12310,172.09,0
12311,172.29,0
12312,176.77,0
12313,172.92,0
12314,179.82,0
12315,188.77,0
12316,182.04,0
12317,169.78,0
12318,172.1,0
12319,169.2,0
12320,159.08,0
12321,162.63,0
12322,167.74,0
12323,171.26,0
12324,168.05,0
12325,168.19,0
12326,166.75,0
12327,164.72,0
12328,169.7,0
12329,170.34,0
12330,164.78,0
12331,163.02,0
12332,170.09,0
12333,165.22,0
12334,174.11,0
12335,162.16,0
12336,165.02,0
12337,159.38,0
12338,160.1,0
12339,166.56,0
12340,166.05,0
12341,161.7,0
12342,164.68,0
12343,167.77,0
12344,162.85,0
12345,156.84,0
12346,157.06,0
12347,152.44,0
12348,154.72,0
12349,148.34,0
12350,155.71,0
12351,152.44,0
12352,148.78,0
12353,144.52,0
12354,144.55,0
12355,149.81,0
12356,145.13,0
12357,146.5,0
12358,141.46,0
12359,147.02,0
12360,148.2,0
12361,148.62,0
12362,143.61,0
12363,145.41,0
12364,149.08,0
12365,147.8,0
12366,157.05,0
12367,152.45,0
12368,146.2,0
12369,146.54,0
12370,154.71,0
12371,147.04,0
12372,147.4,0
12373,141.18,0
12374,141.27,0
12375,147.29,0
12376,141.06,0
12377,146.12,0
12378,138.62,0
12379,142.22,0
12380,141.8,0
12381,139.06,0
12382,138.15,0
12383,139.85,0
12384,136.97,0
12385,138.22,0
12386,139.46,0
12387,137.44,0
12388,139.01,0
12389,143.34,0
12390,142.22,0
12391,138.53,0
12392,140.22,0
12393,138.43,0
12394,135.48,0
12395,133.69,0
12396,137.31,0
12397,137.61,0
12398,137.36,0
12399,138.76,0
12400,134.56,0
12401,135.88,0
12402,131.14,0
12403,137.01,0
12404,133.54,0
12405,138.38,0
12406,139.76,0
12407,131.84,0
12408,139.0,0
12409,138.57,0
12410,132.15,0
12411,132.78,0
12412,131.1,0
12413,126.64,0
12414,129.38,0
12415,132.36,0
12416,125.27,0
12417,129.94,0
12418,129.18,0
12419,124.41,0
12420,130.56,0
12421,130.5,0
12422,125.87,0
12423,132.9,0
12424,132.66,0
12425,125.77,0
12426,125.54,0
12427,123.24,0
12428,125.17,0
12429,124.56,0
12430,122.35,0
12431,130.4,0
12432,126.1,0
12433,124.27,0
12434,126.87,0
12435,126.27,0
12436,126.59,0
12437,129.28,0
12438,123.16,0
12439,123.76,0
12440,120.33,0
12441,124.24,0
12442,127.77,0
12443,124.72,0
12444,120.73,0
12445,124.37,0
12446,125.88,0
12447,127.12,0
12448,128.78,0
12449,125.09,0
12450,123.69,0
12451,124.85,0
12452,121.88,0
12453,123.11,0
12454,119.96,0
12455,128.46,0
12456,123.61,0
12457,124.03,0
12458,125.15,0
12459,122.96,0
12460,117.1,0
12461,116.83,0
12462,115.39,0
12463,113.88,0
12464,119.22,0
12465,115.36,0
12466,122.24,0
12467,123.63,0
12468,127.62,0
12469,124.18,0
12470,113.22,0
12471,120.64,0
12472,119.69,0
12473,114.87,0
12474,125.83,0
12475,118.04,0
12476,123.05,0
12477,122.67,0
12478,120.65,0
12479,120.38,0
12480,117.87,0
12481,112.47,0
12482,122.26,0
12483,121.7,0
12484,123.13,0
12485,126.65,0
12486,120.05,0
12487,111.1,0
12488,130.07,0
12489,122.26,0
12490,114.46,0
12491,117.39,0
12492,115.16,0
12493,109.59,0
12494,112.2,0
12495,111.87,0
12496,119.44,0
12497,110.29,0
12498,113.69,0
12499,115.05,0
12500,111.35,0
12501,109.49,0
12502,110.99,0
12503,111.47,0
12504,111.14,0
12505,115.08,0
12506,106.1,0
12507,117.0,0
12508,117.52,0
12509,110.45,0
12510,113.87,0
12511,120.65,0
12512,124.92,0
12513,106.8,0
12514,117.6,0
12515,110.5,0
12516,112.5,0
12517,108.98,0
12518,116.92,0
12519,104.73,0
12520,104.52,0
12521,113.19,0
12522,132.35,0
12523,126.45,0
12524,119.12,0
12525,112.52,0
12526,118.5,0
12527,119.27,0
12528,117.43,0
12529,116.43,0
12530,108.71,0
12531,107.54,0
12532,110.77,0
12533,118.73,0
12534,113.23,0
12535,106.22,0
12536,117.83,0
12537,118.33,0
12538,124.16,0
12539,122.82,0
12540,117.02,0
12541,117.75,0
12542,120.48,0
12543,113.01,0
12544,121.7,0
12545,108.42,0
12546,111.37,0
12547,121.18,0
12548,112.59,0
12549,109.85,0
12550,108.19,0
12551,107.15,0
12552,103.9,0
12553,101.99,0
12554,109.02,0
12555,104.02,0
12556,104.72,0
12557,110.44,0
12558,101.63,0
12559,103.59,0
12560,101.98,0
12561,101.88,0
12562,110.39,0
12563,115.0,0
12564,110.47,0
12565,116.09,0
12566,111.31,0
12567,117.45,0
12568,108.34,0
12569,111.08,0
12570,107.93,0
12571,109.25,0
12572,113.6,0
12573,114.76,0
12574,123.08,0
12575,117.38,0
12576,108.96,0
12577,110.91,0
12578,112.73,0
12579,117.13,0
12580,111.83,0
12581,109.46,0
12582,111.55,0
12583,114.0,0
12584,104.58,0
12585,108.18,0
12586,102.44,0
12587,100.17,0
12588,102.05,0
12589,102.18,0
12590,97.57,0
12591,103.09,0
12592,109.63,0
12593,115.66,0
12594,108.68,0
12595,105.15,0
12596,109.57,0
12597,108.88,0
12598,109.7,0
12599,105.1,0
12600,100.68,0
12601,103.52,0
12602,102.32,0
12603,111.24,0
12604,116.03,0
12605,112.45,0
12606,113.54,0
12607,115.59,0
12608,108.35,0
12609,107.26,0
12610,112.86,0
12611,106.17,0
12612,105.9,0
12613,118.79,0
12614,119.56,0
12615,111.93,0
12616,113.1,0
12617,110.86,0
12618,103.94,0
12619,98.61,0
12620,100.69,0
12621,109.9,0
12622,109.6,0
12623,114.28,0
12624,119.1,0
12625,106.04,0
12626,106.48,0
12627,109.4,0
12628,111.47,0
12629,105.1,0
12630,102.34,0
12631,110.04,0
12632,107.7,0
12633,115.56,0
12634,110.54,0
12635,109.59,0
12636,105.36,0
12637,107.31,0
12638,113.79,0
12639,114.54,0
12640,113.22,0
12641,118.01,0
12642,101.52,0
12643,105.89,0
12644,102.92,0
12645,113.29,0
12646,105.77,0
12647,103.6,0
12648,102.6,0
12649,102.99,0
12650,99.92,0
12651,101.96,0
12652,100.62,0
12653,102.53,0
12654,100.84,0
12655,110.77,0
12656,99.75,0
12657,103.08,0
12658,110.06,0
12659,106.03,0
12660,102.28,0
12661,121.18,0
12662,105.85,0
12663,109.57,0
12664,104.08,0
12665,111.27,0
12666,99.58,0
12667,105.53,0
12668,102.2,0
12669,105.28,0
12670,110.91,0
12671,100.63,0
12672,90.92,0
12673,99.73,0
12674,109.42,0
12675,111.58,0
12676,110.27,0
12677,108.27,0
12678,104.2,0
12679,98.36,0
12680,101.52,0
12681,106.86,0
12682,103.26,0
12683,99.74,0
12684,101.9,0
12685,102.65,0
12686,95.65,0
12687,100.66,0
12688,110.8,0
12689,102.04,0
12690,106.82,0
12691,103.45,0
12692,108.7,0
12693,111.82,0
12694,111.58,0
12695,111.13,0
12696,102.82,0
12697,113.56,0
12698,105.04,0
12699,108.33,0
12700,110.58,0
12701,107.1,0
12702,100.25,0
12703,102.92,0
12704,110.03,0
12705,106.9,0
12706,126.06,0
12707,118.3,0
12708,112.32,0
12709,110.41,0
12710,115.12,0
12711,120.01,0
12712,116.44,0
12713,132.76,0
12714,119.42,0
12715,111.27,0
12716,121.16,0
12717,118.43,0
12718,113.71,0
12719,113.76,0
12720,120.04,0
12721,109.22,0
12722,103.26,0
12723,111.51,0
12724,109.87,0
12725,104.43,0
12726,113.54,0
12727,110.95,0
12728,106.48,0
12729,114.04,0
12730,111.71,0
12731,119.79,0
12732,115.56,0
12733,134.9,0
12734,121.18,0
12735,108.69,0
12736,109.77,0
12737,112.61,0
12738,113.33,0
12739,116.92,0
12740,113.42,0
12741,115.29,0
12742,125.62,0
12743,116.57,0
12744,108.53,0
12745,116.97,0
12746,111.6,0
12747,119.91,0
12748,121.96,0
12749,116.41,0
12750,111.07,0
12751,126.37,0
12752,120.63,0
12753,116.17,0
12754,127.74,0
12755,123.56,0
12756,113.12,0
12757,112.13,0
12758,113.1,0
12759,126.25,0
12760,114.69,0
12761,110.26,0
12762,122.94,0
12763,113.37,0
12764,110.25,0
12765,116.62,0
12766,114.11,0
12767,110.87,0
12768,119.97,0
12769,112.16,0
12770,113.54,0
12771,104.76,0
12772,108.4,0
12773,107.95,0
12774,107.04,0
12775,111.29,0
12776,109.33,0
12777,115.75,0
12778,117.67,0
12779,121.08,0
12780,114.68,0
12781,115.89,0
12782,115.32,0
12783,112.19,0
12784,116.58,0
12785,115.07,0
12786,109.31,0
12787,115.21,0
12788,121.7,0
12789,121.1,0
12790,113.75,0
12791,113.85,0
12792,118.31,0
12793,111.32,0
12794,119.46,0
12795,120.96,0
12796,117.88,0
12797,120.19,0
12798,119.0,0
12799,131.75,0
12800,124.01,0
12801,126.68,0
12802,118.58,0
12803,112.25,0
12804,111.35,0
12805,118.93,0
12806,117.49,0
12807,117.73,0
12808,119.11,0
12809,115.92,0
12810,116.37,0
12811,123.37,0
12812,117.04,0
12813,119.58,0
12814,125.36,0
12815,121.86,0
12816,123.97,0
12817,126.37,0
12818,120.75,0
12819,122.16,0
12820,124.04,0
12821,121.31,0
12822,120.1,0
12823,119.36,0
12824,127.11,0
12825,125.43,0
12826,129.98,0
12827,120.71,0
12828,119.56,0
12829,123.22,0
12830,117.37,0
12831,118.41,0
12832,124.47,0
12833,116.18,0
12834,121.53,0
12835,122.02,0
12836,117.17,0
12837,122.37,0
12838,121.59,0
12839,119.75,0
12840,128.39,0
12841,122.53,0
12842,119.96,0
12843,122.39,0
12844,128.83,0
12845,126.41,0
12846,128.91,0
12847,122.54,0
12848,122.73,0
12849,124.41,0
12850,129.19,0
12851,130.31,0
12852,125.1,0
12853,129.93,0
12854,121.37,0
12855,121.45,0
12856,121.17,0
12857,123.23,0
12858,119.7,0
12859,117.79,0
12860,123.54,0
12861,118.03,0
12862,125.82,0
12863,122.81,0
12864,119.95,0
12865,125.16,0
12866,124.95,0
12867,128.62,0
12868,131.12,0
12869,131.03,0
12870,130.75,0
12871,131.76,0
12872,125.02,0
12873,127.55,0
12874,130.1,0
12875,128.7,0
12876,127.61,0
12877,129.52,0
12878,129.16,0
12879,128.14,0
12880,125.78,0
12881,141.88,0
12882,146.98,0
12883,166.89,0
12884,167.72,0
12885,155.61,0
12886,133.92,0
12887,137.95,0
12888,131.81,0
12889,134.5,0
12890,135.12,0
12891,143.24,0
12892,162.58,0
12893,157.71,0
12894,149.53,0
12895,150.46,0
12896,145.89,0
12897,143.61,0
12898,146.9,0
12899,149.75,0
12900,149.17,0
12901,148.72,0
12902,151.44,0
12903,149.71,0
12904,150.09,0
12905,148.54,0
12906,145.44,0
12907,142.82,0
12908,148.03,0
12909,146.59,0
12910,141.98,0
12911,140.43,0
12912,149.77,0
12913,147.82,0
12914,143.91,0
12915,145.25,0
12916,148.31,0
12917,149.51,0
12918,143.73,0
12919,138.98,0
12920,147.54,0
12921,150.59,0
12922,149.54,0
12923,141.96,0
12924,145.06,0
12925,145.02,0
12926,146.99,0
12927,150.93,0
12928,146.96,0
12929,146.25,0
12930,147.8,0
12931,152.18,0
12932,150.11,0
12933,151.81,0
12934,147.87,0
12935,147.65,0
12936,148.45,0
12937,142.21,0
12938,149.48,0
12939,154.22,0
12940,148.38,0
12941,156.3,0
12942,152.9,0
12943,148.81,0
12944,150.39,0
12945,151.37,0
12946,155.81,0
12947,145.12,0
12948,143.67,0
12949,149.85,0
12950,149.82,0
12951,145.09,0
12952,144.96,0
12953,143.6,0
12954,148.64,0
12955,148.91,0
12956,147.68,0
12957,147.09,0
12958,152.63,0
12959,145.24,0
12960,154.48,0
12961,147.08,0
12962,148.88,0
12963,142.43,0
12964,144.51,0
12965,149.12,0
12966,149.47,0
12967,146.9,0
12968,149.04,0
12969,153.15,0
12970,154.01,0
12971,156.05,0
12972,158.71,0
12973,157.63,0
12974,157.8,0
12975,159.04,0
12976,153.09,0
12977,150.39,0
12978,151.31,0
12979,149.94,0
12980,154.26,0
12981,155.78,0
12982,154.55,0
12983,157.44,0
12984,156.51,0
12985,158.02,0
12986,157.34,0
12987,160.77,0
12988,157.74,0
12989,159.22,0
12990,156.05,0
12991,159.47,0
12992,162.62,0
12993,160.44,0
12994,157.83,0
12995,157.11,0
12996,152.31,0
12997,160.29,0
12998,156.51,0
12999,153.72,0
13000,159.57,0
13001,177.88,0
13002,165.2,0
13003,163.4,0
13004,162.76,0
13005,163.65,0
13006,160.45,0
13007,159.21,0
13008,157.83,0
13009,161.05,0
13010,163.92,0
13011,163.65,0
13012,161.31,0
13013,162.28,0
13014,166.51,0
13015,161.27,0
13016,163.22,0
13017,157.84,0
13018,165.45,0
13019,160.23,0
13020,159.81,0
13021,161.81,0
13022,164.28,0
13023,161.97,0
13024,171.19,0
13025,162.67,0
13026,162.14,0
13027,163.17,0
13028,162.36,0
13029,168.01,0
13030,168.97,0
13031,169.9,0
13032,166.28,0
13033,164.47,0
13034,167.09,0
13035,164.04,0
13036,162.0,0
13037,165.98,0
13038,161.76,0
13039,175.26,0
13040,177.75,0
13041,182.39,0
13042,170.98,0
13043,169.2,0
13044,166.04,0
13045,166.21,0
13046,166.98,0
13047,171.85,0
13048,168.93,0
13049,167.81,0
13050,165.41,0
13051,165.69,0
13052,182.21,0
13053,168.01,0
13054,169.98,0
13055,163.85,0
13056,163.97,0
13057,169.46,0
13058,166.94,0
13059,175.39,0
13060,175.51,0
13061,161.68,0
13062,157.76,0
13063,163.13,0
13064,165.02,0
13065,163.7,0
13066,164.64,0
13067,167.3,0
13068,176.16,0
13069,171.62,0
13070,177.04,0
13071,168.31,0
13072,157.46,0
13073,168.94,0
13074,169.12,0
13075,156.14,0
13076,155.86,0
13077,162.84,0
13078,162.94,0
13079,166.02,0
13080,175.23,0
13081,171.49,0
13082,165.73,0
13083,160.79,0
13084,162.62,0
13085,165.62,0
13086,164.14,0
13087,157.71,0
13088,162.58,0
13089,176.76,0
13090,173.8,0
13091,162.19,0
13092,163.3,0
13093,158.2,0
13094,159.7,0
13095,166.51,0
13096,156.15,0
13097,159.33,0
13098,163.45,0
13099,150.63,0
13100,163.16,0
13101,150.56,0
13102,159.23,0
13103,158.4,0
13104,166.45,0
13105,165.31,0
13106,164.63,0
13107,156.6,0
13108,155.3,0
13109,159.87,0
13110,164.69,0
13111,157.3,0
13112,155.14,0
13113,154.06,0
13114,155.13,0
13115,150.11,0
13116,150.56,0
13117,155.0,0
13118,156.0,0
13119,160.53,0
13120,149.65,0
13121,152.52,0
13122,151.73,0
13123,147.58,0
13124,152.12,0
13125,146.42,0
13126,144.53,0
13127,149.94,0
13128,153.36,0
13129,150.39,0
13130,156.3,0
13131,143.49,0
13132,147.88,0
13133,149.51,0
13134,152.78,0
13135,152.42,0
13136,146.54,0
13137,149.54,0
13138,152.92,0
13139,150.07,0
13140,155.24,0
13141,151.49,0
13142,144.88,0
13143,149.06,0
13144,146.77,0
13145,149.65,0
13146,147.31,0
13147,152.38,0
13148,153.14,0
13149,164.75,0
13150,166.43,0
13151,162.74,0
13152,162.83,0
13153,158.54,0
13154,150.99,0
13155,153.33,0
13156,161.74,0
13157,154.94,0
13158,156.66,0
13159,154.88,0
13160,156.51,0
13161,159.78,0
13162,161.29,0
13163,158.74,0
13164,161.97,0
13165,162.81,0
13166,155.27,0
13167,155.7,0
13168,162.68,0
13169,165.49,0
13170,165.34,0
13171,171.01,0
13172,160.83,0
13173,160.45,0
13174,161.29,0
13175,155.81,0
13176,155.57,0
13177,164.33,0
13178,166.06,0
13179,166.21,0
13180,157.01,0
13181,177.28,0
13182,166.09,0
13183,163.16,0
13184,169.53,0
13185,170.9,0
13186,169.97,0
13187,168.86,0
13188,177.62,0
13189,161.23,0
13190,182.1,0
13191,174.69,0
13192,177.99,0
13193,172.33,0
13194,173.37,0
13195,167.3,0
13196,167.28,0
13197,161.05,0
13198,167.14,0
13199,161.8,0
13200,164.02,0
13201,155.41,0
13202,158.89,0
13203,157.66,0
13204,163.76,0
13205,160.4,0
13206,156.4,0
13207,151.81,0
13208,162.94,0
13209,163.0,0
13210,168.15,0
13211,165.09,0
13212,162.75,0
13213,165.4,0
13214,157.95,0
13215,149.18,0
13216,157.89,0
13217,154.27,0
13218,157.16,0
13219,168.18,0
13220,149.98,0
13221,162.77,0
13222,159.96,0
13223,166.63,0
13224,169.83,0
13225,161.42,0
13226,159.7,0
13227,160.87,0
13228,166.74,0
13229,170.64,0
13230,175.56,0
13231,168.71,0
13232,170.57,0
13233,165.34,0
13234,162.35,0
13235,166.5,0
13236,164.6,0
13237,176.67,0
13238,188.5,0
13239,174.01,0
13240,162.44,0
13241,167.21,0
13242,167.78,0
13243,169.8,0
13244,165.73,0
13245,171.18,0
13246,181.34,0
13247,172.46,0
13248,172.31,0
13249,172.23,0
13250,163.24,0
13251,169.66,0
13252,167.82,0
13253,173.5,0
13254,177.84,0
13255,183.87,0
13256,175.44,0
13257,166.62,0
13258,172.38,0
13259,168.51,0
13260,165.73,0
13261,161.72,0
13262,165.72,0
13263,165.09,0
13264,162.04,0
13265,162.65,0
13266,166.09,0
13267,162.89,0
13268,163.81,0
13269,166.97,0
13270,166.63,0
13271,163.85,0
13272,166.07,0
13273,167.57,0
13274,161.96,0
13275,170.06,0
13276,171.53,0
13277,163.42,0
13278,167.19,0
13279,163.76,0
13280,171.5,0
13281,172.7,0
13282,176.56,0
13283,185.27,0
13284,184.01,0
13285,175.11,0
13286,182.39,0
13287,177.26,0
13288,179.42,0
13289,188.81,0
13290,182.49,0
13291,185.4,0
13292,181.54,0
13293,181.02,0
13294,174.83,0
13295,183.36,0
13296,179.56,0
13297,184.74,0
13298,187.99,0
13299,186.4,0
13300,177.21,0
13301,173.57,0
13302,191.87,0
13303,186.34,0
13304,169.69,0
13305,185.13,0
13306,166.93,0
13307,189.54,0
13308,196.49,0
13309,180.66,0
13310,186.94,0
13311,183.94,0
13312,174.9,0
13313,174.22,0
13314,173.1,0
13315,175.28,0
13316,178.82,0
13317,179.96,0
13318,178.41,0
13319,194.94,0
13320,189.86,0
13321,182.48,0
13322,170.35,0
13323,169.14,0
13324,167.14,0
13325,169.09,0
13326,168.81,0
13327,182.48,0
13328,188.32,0
13329,171.69,0
13330,179.97,0
13331,177.31,0
13332,182.4,0
13333,183.59,0
13334,175.59,0
13335,168.98,0
13336,165.75,0
13337,169.71,0
13338,170.77,0
13339,170.51,0
13340,175.36,0
13341,173.11,0
13342,177.88,0
13343,174.35,0
13344,173.14,0
13345,174.03,0
13346,168.07,0
13347,174.05,0
13348,174.44,0
13349,193.75,0
13350,186.82,0
13351,169.24,0
13352,172.05,0
13353,175.39,0
13354,187.43,0
13355,168.67,0
13356,170.65,0
13357,206.42,0
13358,198.45,0
13359,195.91,0
13360,178.58,0
13361,176.0,0
13362,178.53,0
13363,177.36,0
13364,186.43,0
13365,196.04,0
13366,191.65,0
13367,187.87,0
13368,179.52,0
13369,177.1,0
13370,184.16,0
13371,187.42,0
13372,178.27,0
13373,179.7,0
13374,189.6,0
13375,176.96,0
13376,182.85,0
13377,177.8,0
13378,191.71,0
13379,182.26,0
13380,162.94,0
13381,176.42,0
13382,170.66,0
13383,197.4,0
13384,181.55,0
13385,177.66,0
13386,185.88,0
13387,193.37,0
13388,182.81,0
13389,177.59,0
13390,196.0,0
13391,197.8,0
13392,181.61,0
13393,175.5,0
13394,181.57,0
13395,186.86,0
13396,180.08,0
13397,183.5,0
13398,184.2,0
13399,176.49,0
13400,181.87,0
13401,175.14,0
13402,178.58,0
13403,197.46,0
13404,177.2,0
13405,174.68,0
13406,188.93,0
13407,172.09,0
13408,175.54,0
13409,188.66,0
13410,188.31,0
13411,173.07,0
13412,175.62,0
13413,173.79,0
13414,182.62,0
13415,181.84,0
13416,171.62,0
13417,180.45,0
13418,170.24,0
13419,175.97,0
13420,175.47,0
13421,181.48,0
13422,193.75,0
13423,167.9,0
13424,159.91,0
13425,168.79,0
13426,175.03,0
13427,173.28,0
13428,178.98,0
13429,183.77,0
13430,173.59,0
13431,167.69,0
13432,180.51,0
13433,177.81,0
13434,177.75,0
13435,167.28,0
13436,174.61,0
13437,180.28,0
13438,163.78,0
13439,164.32,0
13440,171.48,0
13441,170.63,0
13442,166.4,0
13443,164.51,0
13444,163.44,0
13445,170.99,0
13446,175.6,0
13447,162.15,0
13448,158.33,0
13449,159.92,0
13450,165.12,0
13451,157.66,0
13452,160.05,0
13453,156.86,0
13454,156.55,0
13455,162.89,0
13456,161.42,0
13457,154.63,0
13458,156.44,0
13459,156.07,0
13460,162.51,0
13461,155.87,0
13462,165.2,0
13463,157.8,0
13464,151.14,0
13465,156.87,0
13466,156.62,0
13467,152.55,0
13468,151.91,0
13469,158.11,0
13470,159.79,0
13471,155.11,0
13472,156.45,0
13473,156.35,0
13474,158.95,0
13475,152.0,0
13476,153.43,0
13477,172.62,0
13478,154.96,0
13479,151.19,0
13480,152.08,0
13481,156.74,0
13482,155.75,0
13483,152.98,0
13484,144.34,0
13485,148.87,0
13486,153.06,0
13487,151.42,0
13488,155.89,0
13489,155.99,0
13490,152.9,0
13491,147.77,0
13492,149.45,0
13493,158.95,0
13494,154.45,0
13495,150.84,0
13496,152.13,0
13497,150.85,0
13498,155.56,0
13499,156.42,0
13500,154.48,0
13501,159.17,0
13502,153.13,0
13503,149.61,0
13504,155.45,0
13505,150.8,0
13506,152.57,0
13507,155.72,0
13508,157.77,0
13509,155.42,0
13510,154.9,0
13511,156.39,0
13512,159.59,0
13513,146.49,0
13514,149.35,0
13515,147.68,0
13516,156.17,0
13517,151.63,0
13518,157.59,0
13519,156.87,0
13520,164.01,0
13521,160.69,0
13522,154.67,0
13523,156.02,0
13524,150.99,0
13525,163.78,0
13526,152.23,0
13527,157.69,0
13528,161.49,0
13529,168.21,0
13530,161.25,0
13531,157.4,0
13532,155.21,0
13533,155.67,0
13534,163.8,0
13535,150.48,0
13536,156.98,0
13537,154.28,0
13538,164.96,0
13539,164.64,0
13540,165.72,0
13541,159.28,0
13542,161.13,0
13543,158.45,0
13544,158.88,0
13545,157.64,0
13546,163.24,0
13547,153.39,0
13548,159.04,0
13549,152.88,0
13550,165.64,0
13551,163.26,0
13552,163.83,0
13553,164.64,0
13554,168.99,0
13555,165.36,0
13556,164.59,0
13557,152.88,0
13558,162.71,0
13559,162.65,0
13560,168.51,0
13561,164.77,0
13562,164.06,0
13563,157.87,0
13564,160.59,0
13565,161.49,0
13566,155.26,0
13567,157.39,0
13568,157.69,0
13569,157.48,0
13570,168.99,0
13571,171.0,0
13572,169.64,0
13573,171.04,0
13574,174.18,0
13575,163.34,0
13576,169.44,0
13577,173.0,0
13578,170.38,0
13579,167.79,0
13580,181.33,0
13581,174.76,0
13582,164.42,0
13583,163.06,0
13584,166.08,0
13585,168.65,0
13586,175.46,0
13587,179.55,0
13588,182.41,0
13589,177.23,0
13590,173.77,0
13591,180.64,0
13592,176.9,0
13593,171.35,0
13594,177.31,0
13595,196.44,0
13596,185.15,0
13597,178.07,0
13598,172.75,0
13599,174.48,0
13600,180.69,0
13601,178.44,0
13602,177.75,0
13603,177.48,0
13604,175.74,0
13605,168.29,0
13606,179.83,0
13607,178.33,0
13608,174.59,0
13609,172.12,0
13610,175.91,0
13611,175.74,0
13612,183.46,0
13613,193.64,0
13614,196.88,0
13615,199.34,0
13616,199.67,0
13617,192.76,0
13618,179.78,0
13619,178.24,0
13620,185.69,0
13621,187.22,0
13622,179.7,0
13623,183.24,0
13624,183.15,0
13625,172.15,0
13626,180.69,0
13627,173.17,0
13628,179.44,0
13629,180.93,0
13630,185.22,0
13631,171.34,0
13632,175.04,0
13633,176.62,0
13634,185.45,0
13635,182.43,0
13636,183.75,0
13637,175.16,0
13638,178.17,0
13639,177.04,0
13640,176.37,0
13641,190.63,0
13642,180.13,0
13643,172.45,0
13644,186.09,0
13645,191.33,0
13646,181.33,0
13647,177.12,0
13648,182.54,0
13649,181.75,0
13650,183.44,0
13651,184.76,0
13652,188.48,0
13653,184.24,0
13654,182.23,0
13655,186.39,0
13656,183.39,0
13657,188.27,0
13658,179.08,0
13659,188.91,0
13660,193.86,0
13661,185.91,0
13662,190.01,0
13663,196.41,0
13664,188.28,0
13665,187.57,0
13666,190.65,0
13667,198.18,0
13668,193.91,0
13669,187.13,0
13670,194.0,0
13671,194.22,0
13672,193.7,0
13673,195.61,0
13674,195.19,0
13675,186.85,0
13676,184.31,0
13677,191.58,0
13678,187.12,0
13679,199.38,0
13680,184.53,0
13681,188.25,0
13682,197.29,0
13683,181.24,0
13684,188.39,0
13685,189.89,0
13686,201.95,0
13687,186.81,0
13688,191.39,0
13689,193.32,0
13690,196.24,0
13691,196.17,0
13692,195.84,0
13693,191.27,0
13694,193.19,0
13695,192.71,0
13696,188.65,0
13697,189.19,0
13698,192.55,0
13699,194.42,0
13700,206.06,0
13701,198.8,0
13702,185.1,0
13703,188.3,0
13704,188.38,0
13705,191.91,0
13706,197.27,0
13707,197.33,0
13708,189.46,0
13709,191.14,0
13710,199.24,0
13711,191.13,0
13712,181.61,0
13713,189.14,0
13714,179.39,0
13715,202.7,0
13716,202.98,0
13717,194.2,0
13718,192.22,0
13719,200.73,0
13720,193.11,0
13721,182.05,0
13722,183.24,0
13723,190.7,0
13724,180.75,0
13725,187.89,0
13726,183.99,0
13727,189.59,0
13728,168.03,0
13729,171.9,0
13730,207.63,0
13731,195.09,0
13732,184.47,0
13733,181.86,0
13734,183.73,0
13735,176.53,0
13736,180.29,0
13737,168.73,0
13738,164.54,0
13739,182.39,0
13740,171.85,0
13741,166.31,0
13742,168.21,0
13743,169.05,0
13744,183.49,0
13745,179.01,0
13746,170.67,0
13747,171.99,0
13748,162.24,0
13749,160.05,0
13750,161.22,0
13751,163.9,0
13752,176.33,0
13753,168.92,0
13754,163.98,0
13755,164.94,0
13756,160.8,0
13757,162.12,0
13758,164.8,0
13759,162.79,0
13760,160.68,0
13761,163.56,0
13762,164.22,0
13763,164.71,0
13764,165.57,0
13765,160.04,0
13766,163.19,0
13767,156.76,0
13768,153.33,0
13769,159.26,0
13770,153.36,0
13771,148.51,0
13772,152.68,0
13773,152.99,0
13774,151.48,0
13775,150.53,0
13776,151.64,0
13777,153.04,0
13778,147.2,0
13779,150.23,0
13780,145.59,0
13781,151.15,0
13782,141.81,0
13783,146.22,0
13784,146.67,0
13785,146.19,0
13786,142.91,0
13787,155.87,0
13788,146.88,0
13789,146.74,0
13790,144.44,0
13791,136.35,0
13792,138.43,0
13793,147.03,0
13794,143.3,0
13795,142.99,0
13796,145.07,0
13797,139.82,0
13798,138.57,0
13799,143.72,0
13800,145.47,0
13801,140.21,0
13802,137.69,0
13803,142.2,0
13804,138.54,0
13805,140.76,0
13806,139.7,0
13807,135.21,0
13808,138.17,0
13809,142.55,0
13810,138.86,0
13811,140.25,0
13812,140.07,0
13813,136.64,0
13814,138.13,0
13815,133.46,0
13816,135.95,0
13817,131.39,0
13818,134.04,0
13819,130.08,0
13820,133.28,0
13821,134.64,0
13822,134.48,0
13823,137.51,0
13824,138.78,0
13825,128.34,0
13826,134.26,0
13827,137.29,0
13828,133.96,0
13829,126.77,0
13830,131.78,0
13831,128.66,0
13832,128.34,0
13833,127.11,0
13834,132.1,0
13835,135.7,0
13836,133.12,0
13837,132.85,0
13838,126.01,0
13839,130.79,0
13840,134.97,0
13841,126.86,0
13842,130.91,0
13843,129.04,0
13844,126.14,0
13845,128.65,0
13846,128.27,0
13847,124.59,0
13848,122.0,0
13849,122.23,0
13850,127.29,0
13851,126.95,0
13852,126.97,0
13853,124.51,0
13854,123.95,0
13855,125.95,0
13856,128.6,0
13857,121.82,0
13858,122.68,0
13859,129.2,0
13860,127.83,0
13861,123.44,0
13862,115.2,0
13863,124.07,0
13864,127.19,0
13865,129.15,0
13866,129.88,0
13867,123.44,0
13868,125.48,0
13869,127.76,0
13870,123.38,0
13871,123.88,0
13872,123.96,0
13873,120.51,0
13874,121.59,0
13875,119.75,0
13876,123.34,0
13877,122.51,0
13878,120.2,0
13879,127.02,0
13880,116.85,0
13881,120.55,0
13882,118.62,0
13883,121.41,0
13884,127.82,0
13885,126.45,0
13886,119.11,0
13887,120.48,0
13888,119.07,0
13889,122.26,0
13890,119.02,0
13891,111.63,0
13892,117.6,0
13893,113.87,0
13894,117.93,0
13895,118.81,0
13896,117.68,0
13897,126.2,0
13898,120.08,0
13899,117.14,0
13900,109.01,0
13901,110.24,0
13902,107.04,0
13903,117.77,0
13904,124.12,0
13905,118.36,0
13906,123.79,0
13907,121.74,0
13908,119.34,0
13909,124.01,0
13910,117.01,0
13911,125.54,0
13912,127.0,0
13913,118.42,0
13914,124.56,0
13915,125.06,0
13916,122.15,0
13917,119.93,0
13918,105.25,0
13919,112.02,0
13920,112.75,0
13921,115.88,0
13922,122.17,0
13923,113.69,0
13924,111.09,0
13925,117.81,0
13926,115.77,0
13927,114.76,0
13928,117.62,0
13929,114.03,0
13930,118.15,0
13931,115.8,0
13932,115.0,0
13933,123.73,0
13934,125.25,0
13935,112.35,0
13936,119.86,0
13937,112.04,0
13938,109.89,0
13939,114.24,0
13940,112.72,0
13941,108.56,0
13942,112.51,0
13943,117.01,0
13944,118.14,0
13945,114.36,0
13946,101.12,0
13947,108.45,0
13948,112.15,0
13949,104.53,0
13950,100.56,0
13951,105.79,0
13952,123.78,0
13953,119.06,0
13954,122.63,0
13955,108.97,0
13956,118.28,0
13957,106.55,0
13958,107.81,0
13959,99.24,0
13960,110.46,0
13961,109.64,0
13962,120.05,0
13963,115.46,0
13964,106.77,0
13965,103.7,0
13966,103.51,0
13967,114.55,0
13968,111.03,0
13969,111.02,0
13970,115.84,0
13971,108.75,0
13972,116.47,0
13973,119.94,0
13974,114.14,0
13975,116.58,0
13976,119.5,0
13977,116.89,0
13978,110.83,0
13979,113.4,0
13980,101.81,0
13981,111.43,0
13982,109.06,0
13983,105.25,0
13984,104.65,0
13985,112.87,0
13986,108.01,0
13987,111.92,0
13988,118.83,0
13989,114.73,0
13990,105.29,0
13991,107.33,0
13992,108.7,0
13993,114.53,0
13994,97.26,0
13995,109.3,0
13996,113.67,0
13997,109.45,0
13998,119.39,0
13999,105.32,0
14000,111.87,0
14001,103.96,0
14002,108.95,0
14003,102.86,0
14004,103.47,0
14005,98.68,0
14006,104.64,0
14007,110.02,0
14008,108.43,0
14009,97.47,0
14010,100.86,0
14011,110.72,0
14012,111.29,0
14013,110.61,0
14014,106.95,0
14015,110.34,0
14016,114.71,0
14017,106.31,0
14018,106.43,0
14019,101.46,0
14020,98.35,0
14021,111.13,0
14022,102.66,0
14023,106.34,0
14024,115.53,0
14025,112.88,0
14026,108.2,0
14027,106.01,0
14028,107.95,0
14029,106.49,0
14030,113.05,0
14031,119.08,0
14032,121.84,0
14033,108.84,0
14034,113.94,0
14035,119.61,0
14036,105.23,0
14037,102.8,0
14038,105.21,0
14039,107.56,0
14040,109.64,0
14041,111.75,0
14042,114.31,0
14043,109.88,0
14044,113.53,0
14045,115.05,0
14046,101.79,0
14047,94.31,0
14048,111.42,0
14049,101.36,0
14050,110.23,0
14051,114.02,0
14052,120.58,0
14053,109.65,0
14054,118.61,0
14055,115.79,0
14056,103.08,0
14057,104.36,0
14058,102.03,0
14059,108.33,0
14060,95.77,0
14061,106.47,0
14062,103.59,0
14063,112.36,0
14064,108.33,0
14065,115.68,0
14066,107.52,0
14067,106.88,0
14068,103.13,0
14069,109.08,0
14070,118.78,0
14071,126.4,0
14072,115.19,0
14073,120.37,0
14074,120.05,0
14075,112.99,0
14076,98.76,0
14077,110.24,0
14078,99.4,0
14079,107.85,0
14080,116.51,0
14081,109.01,0
14082,115.01,0
14083,109.67,0
14084,107.35,0
14085,102.84,0
14086,100.48,0
14087,111.18,0
14088,107.96,0
14089,106.73,0
14090,110.2,0
14091,113.58,0
14092,107.27,0
14093,106.2,0
14094,102.5,0
14095,106.46,0
14096,113.24,0
14097,107.46,0
14098,107.79,0
14099,114.39,0
14100,111.94,0
14101,105.96,0
14102,109.64,0
14103,101.47,0
14104,104.9,0
14105,106.27,0
14106,98.78,0
14107,105.71,0
14108,115.44,0
14109,103.81,0
14110,99.9,0
14111,109.74,0
14112,109.28,0
14113,104.36,0
14114,114.78,0
14115,109.34,0
14116,107.3,0
14117,109.98,0
14118,107.14,0
14119,112.25,0
14120,109.61,0
14121,114.08,0
14122,114.34,0
14123,108.0,0
14124,113.08,0
14125,94.58,0
14126,99.74,0
14127,105.76,0
14128,112.95,0
14129,106.18,0
14130,101.15,0
14131,111.05,0
14132,115.29,0
14133,118.47,0
14134,123.73,0
14135,114.37,0
14136,118.54,0
14137,124.03,0
14138,121.76,0
14139,110.47,0
14140,115.1,0
14141,118.65,0
14142,111.44,0
14143,115.35,0
14144,116.8,0
14145,110.52,0
14146,110.18,0
14147,112.6,0
14148,110.1,0
14149,114.73,0
14150,117.7,0
14151,110.82,0
14152,110.21,0
14153,118.59,0
14154,114.13,0
14155,117.92,0
14156,111.78,0
14157,113.35,0
14158,108.37,0
14159,109.33,0
14160,116.65,0
14161,116.66,0
14162,107.73,0
14163,108.92,0
14164,107.79,0
14165,112.57,0
14166,115.09,0
14167,114.6,0
14168,114.38,0
14169,105.26,0
14170,113.23,0
14171,116.81,0
14172,117.84,0
14173,111.05,0
14174,123.22,0
14175,119.68,0
14176,117.46,0
14177,111.95,0
14178,117.2,0
14179,114.81,0
14180,120.9,0
14181,113.75,0
14182,116.13,0
14183,119.65,0
14184,120.46,0
14185,123.71,0
14186,119.37,0
14187,111.15,0
14188,117.23,0
14189,115.85,0
14190,117.76,0
14191,126.25,0
14192,117.45,0
14193,122.0,0
14194,120.86,0
14195,122.7,0
14196,124.75,0
14197,119.19,0
14198,115.0,0
14199,121.81,0
14200,119.58,0
14201,116.15,0
14202,114.55,0
14203,119.01,0
14204,128.07,0
14205,123.36,0
14206,122.04,0
14207,127.93,0
14208,125.39,0
14209,122.63,0
14210,116.64,0
14211,122.71,0
14212,118.77,0
14213,119.91,0
14214,125.99,0
14215,119.6,0
14216,118.66,0
14217,121.37,0
14218,120.72,0
14219,123.94,0
14220,119.91,0
14221,123.54,0
14222,124.8,0
14223,120.71,0
14224,120.89,0
14225,118.79,0
14226,125.39,0
14227,125.14,0
14228,132.64,0
14229,129.11,0
14230,117.22,0
14231,121.84,0
14232,121.95,0
14233,130.32,0
14234,128.68,0
14235,128.47,0
14236,128.78,0
14237,122.92,0
14238,128.06,0
14239,124.38,0
14240,130.15,0
14241,125.02,0
14242,125.69,0
14243,123.74,0
14244,120.53,0
14245,121.23,0
14246,119.71,0
14247,119.02,0
14248,117.4,0
14249,117.45,0
14250,118.43,0
14251,118.21,0
14252,122.44,0
14253,125.1,0
14254,123.85,0
14255,123.17,0
14256,127.48,0
14257,121.89,0
14258,124.38,0
14259,125.14,0
14260,120.79,0
14261,118.65,0
14262,121.96,0
14263,124.26,0
14264,123.62,0
14265,124.98,0
14266,127.36,0
14267,127.43,0
14268,128.3,0
14269,122.78,0
14270,128.34,0
14271,126.63,0
14272,128.38,0
14273,123.86,0
14274,125.15,0
14275,123.44,0
14276,126.94,0
14277,121.46,0
14278,124.79,0
14279,130.15,0
14280,121.84,0
14281,126.47,0
14282,123.86,0
14283,125.06,0
14284,116.16,0
14285,126.36,0
14286,131.92,0
14287,126.74,0
14288,124.13,0
14289,128.78,0
14290,118.3,0
14291,130.87,0
14292,130.08,0
14293,126.95,0
14294,127.4,0
14295,129.4,0
14296,122.85,0
14297,128.67,0
14298,125.87,0
14299,129.29,0
14300,127.87,0
14301,129.89,0
14302,131.06,0
14303,128.85,0
14304,130.18,0
14305,127.31,0
14306,126.57,0
14307,131.53,0
14308,134.02,0
14309,132.57,0
14310,133.34,0
14311,130.54,0
14312,129.98,0
14313,132.74,0
14314,127.69,0
14315,130.53,0
14316,125.47,0
14317,128.71,0
14318,135.14,0
14319,131.13,0
14320,130.09,0
14321,130.99,0
14322,129.83,0
14323,130.48,0
14324,127.27,0
14325,136.4,0
14326,134.69,0
14327,131.32,0
14328,134.19,0
14329,136.34,0
14330,136.3,0
14331,135.97,0
14332,138.62,0
14333,135.93,0
14334,129.89,0
14335,132.28,0
14336,137.16,0
14337,140.25,0
14338,138.57,0
14339,135.89,0
14340,137.13,0
14341,146.84,0
14342,139.34,0
14343,139.82,0
14344,143.31,0
14345,133.94,0
14346,136.88,0
14347,138.03,0
14348,140.38,0
14349,138.83,0
14350,141.92,0
14351,141.56,0
14352,141.63,0
14353,140.92,0
14354,144.29,0
14355,139.63,0
14356,138.4,0
14357,135.25,0
14358,146.16,0
14359,140.6,0
14360,139.05,0
14361,140.37,0
14362,144.39,0
14363,138.2,0
14364,139.66,0
14365,144.6,0
14366,149.25,0
14367,155.0,0
14368,152.84,0
14369,148.29,0
14370,152.59,0
14371,149.32,0
14372,148.58,0
14373,152.14,0
14374,148.99,0
14375,155.06,0
14376,145.41,0
14377,145.51,0
14378,151.54,0
14379,150.95,0
14380,152.31,0
14381,157.23,0
14382,159.45,0
14383,156.32,0
14384,157.11,0
14385,157.75,0
14386,153.4,0
14387,148.95,0
14388,151.67,0
14389,154.36,0
14390,148.32,0
14391,157.49,0
14392,155.27,0
14393,150.14,0
14394,153.73,0
14395,153.59,0
14396,159.56,0
14397,163.0,0
14398,164.96,0
14399,159.96,0
14400,160.24,0
14401,155.44,0
14402,158.4,0
14403,151.23,0
14404,153.02,0
14405,157.11,0
14406,149.05,0
14407,150.85,0
14408,146.47,0
14409,154.62,0
14410,159.73,0
14411,151.96,0
14412,172.15,0
14413,166.68,0
14414,154.3,0
14415,147.96,0
14416,151.06,0
14417,160.28,0
14418,153.86,0
14419,155.79,0
14420,155.33,0
14421,151.29,0
14422,155.25,0
14423,149.93,0
14424,152.05,0
14425,171.11,0
14426,153.52,0
14427,152.91,0
14428,161.11,0
14429,159.71,0
14430,159.61,0
14431,162.28,0
14432,163.73,0
14433,162.46,0
14434,162.08,0
14435,158.48,0
14436,163.78,0
14437,160.24,0
14438,161.59,0
14439,163.08,0
14440,160.81,0
14441,160.68,0
14442,171.81,0
14443,167.07,0
14444,170.27,0
14445,162.39,0
14446,166.48,0
14447,155.31,0
14448,155.25,0
14449,152.37,0
14450,162.04,0
14451,155.08,0
14452,163.47,0
14453,154.01,0
14454,151.96,0
14455,165.27,0
14456,154.44,0
14457,164.47,0
14458,163.5,0
14459,163.42,0
14460,160.89,0
14461,166.51,0
14462,161.81,0
14463,163.33,0
14464,163.72,0
14465,168.7,0
14466,156.31,0
14467,164.09,0
14468,154.81,0
14469,152.56,0
14470,154.85,0
14471,149.81,0
14472,150.03,0
14473,150.74,0
14474,148.58,0
14475,162.09,0
14476,160.82,0
14477,157.25,0
14478,158.56,0
14479,153.94,0
14480,151.94,0
14481,152.92,0
14482,149.49,0
14483,151.12,0
14484,145.75,0
14485,157.75,0
14486,160.6,0
14487,150.56,0
14488,154.44,0
14489,149.18,0
14490,155.66,0
14491,158.35,0
14492,166.08,0
14493,153.61,0
14494,155.2,0
14495,147.2,0
14496,149.54,0
14497,155.88,0
14498,150.59,0
14499,151.94,0
14500,157.15,0
14501,153.99,0
14502,158.85,0
14503,157.43,0
14504,155.07,0
14505,169.16,0
14506,160.34,0
14507,161.86,0
14508,149.12,0
14509,153.5,0
14510,151.1,0
14511,153.26,0
14512,156.47,0
14513,152.63,0
14514,141.29,0
14515,147.78,0
14516,154.72,0
14517,151.71,0
14518,146.02,0
14519,147.87,0
14520,151.1,0
14521,150.83,0
14522,151.7,0
14523,158.34,0
14524,155.31,0
14525,154.99,0
14526,158.38,0
14527,161.22,0
14528,151.27,0
14529,153.73,0
14530,157.94,0
14531,155.43,0
14532,156.42,0
14533,157.17,0
14534,147.28,0
14535,145.22,0
14536,141.81,0
14537,145.26,0
14538,138.35,0
14539,139.29,0
14540,145.16,0
14541,147.22,0
14542,148.88,0
14543,146.14,0
14544,143.19,0
14545,144.81,0
14546,137.31,0
14547,147.76,0
14548,143.2,0
14549,141.7,0
14550,145.28,0
14551,141.38,0
14552,137.4,0
14553,137.71,0
14554,138.26,0
14555,137.68,0
14556,136.77,0
14557,135.75,0
14558,134.23,0
14559,129.2,0
14560,132.62,0
14561,136.69,0
14562,135.75,0
14563,133.78,0
14564,134.47,0
14565,133.13,0
14566,132.78,0
14567,132.55,0
14568,134.68,0
14569,137.46,0
14570,136.45,0
14571,130.38,0
14572,137.95,0
14573,133.75,0
14574,148.81,0
14575,149.31,0
14576,148.91,0
14577,149.07,0
14578,147.28,0
14579,143.93,0
14580,145.93,0
14581,147.56,0
14582,151.87,0
14583,157.98,0
14584,156.26,0
14585,151.45,0
14586,154.52,0
14587,154.95,0
14588,162.37,0
14589,183.94,0
14590,179.98,0
14591,167.87,0
14592,167.24,0
14593,161.82,0
14594,171.7,0
14595,162.05,0
14596,185.02,0
14597,180.39,0
14598,172.88,0
14599,171.47,0
14600,167.36,0
14601,169.77,0
14602,165.17,0
14603,168.71,0
14604,169.75,0
14605,171.69,0
14606,186.57,0
14607,187.13,0
14608,184.47,0
14609,176.33,0
14610,179.9,0
14611,173.57,0
14612,163.11,0
14613,166.31,0
14614,171.86,0
14615,166.2,0
14616,169.25,0
14617,168.21,0
14618,167.39,0
14619,163.76,0
14620,164.89,0
14621,167.77,0
14622,166.26,0
14623,161.52,0
14624,159.52,0
14625,160.19,0
14626,159.25,0
14627,158.98,0
14628,156.36,0
14629,157.19,0
14630,157.34,0
14631,155.9,0
14632,149.63,0
14633,151.52,0
14634,163.89,0
14635,159.93,0
14636,153.7,0
14637,154.09,0
14638,155.36,0
14639,151.18,0
14640,157.29,0
14641,153.06,0
14642,156.36,0
14643,154.55,0
14644,147.4,0
14645,153.24,0
14646,159.38,0
14647,150.87,0
14648,154.51,0
14649,161.52,0
14650,163.7,0
14651,157.34,0
14652,156.36,0
14653,154.52,0
14654,162.57,0
14655,159.43,0
14656,154.81,0
14657,161.77,0
14658,156.03,0
14659,153.62,0
14660,146.06,0
14661,150.35,0
14662,165.09,0
14663,161.21,0
14664,156.86,0
14665,161.75,0
14666,162.32,0
14667,159.34,0
14668,154.3,0
14669,158.28,0
14670,154.36,0
14671,156.06,0
14672,150.91,0
14673,150.15,0
14674,152.82,0
14675,149.96,0
14676,152.08,0
14677,161.42,0
14678,160.25,0
14679,158.97,0
14680,169.48,0
14681,166.65,0
14682,160.1,0
14683,156.99,0
14684,155.69,0
14685,159.63,0
14686,163.2,0
14687,166.06,0
14688,164.43,0
14689,156.58,0
14690,170.24,0
14691,173.5,0
14692,170.04,0
14693,178.06,0
14694,176.59,0
14695,174.66,0
14696,175.19,0
14697,167.83,0
14698,167.8,0
14699,163.22,0
14700,171.87,0
14701,170.61,0
14702,170.69,0
14703,173.1,0
14704,168.08,0
14705,172.24,0
14706,182.75,0
14707,184.78,0
14708,173.25,0
14709,180.04,0
14710,177.48,0
14711,180.3,0
14712,174.09,0
14713,176.13,0
14714,181.53,0
14715,177.88,0
14716,179.15,0
14717,176.61,0
14718,188.15,0
14719,174.23,0
14720,176.25,0
14721,178.7,0
14722,174.73,0
14723,191.76,0
14724,190.22,0
14725,180.34,0
14726,190.24,0
14727,198.65,0
14728,196.47,0
14729,192.15,0
14730,186.21,0
14731,191.43,0
14732,190.32,0
14733,191.74,0
14734,181.06,0
14735,177.0,0
14736,188.48,0
14737,185.33,0
14738,175.0,0
14739,172.76,0
14740,180.57,0
14741,183.95,0
14742,171.62,0
14743,169.87,0
14744,180.65,0
14745,169.29,0
14746,178.17,0
14747,174.64,0
14748,171.7,0
14749,174.61,0
14750,171.73,0
14751,174.54,0
14752,171.9,0
14753,164.93,0
14754,167.78,0
14755,176.4,0
14756,178.89,0
14757,166.12,0
14758,163.44,0
14759,162.55,0
14760,169.1,0
14761,167.07,0
14762,170.08,0
14763,172.87,0
14764,170.92,0
14765,169.28,0
14766,166.25,0
14767,176.65,0
14768,181.25,0
14769,180.25,0
14770,176.62,0
14771,167.76,0
14772,165.56,0
14773,162.56,0
14774,160.65,0
14775,174.77,0
14776,169.89,0
14777,186.88,0
14778,173.42,0
14779,167.24,0
14780,170.22,0
14781,175.01,0
14782,175.41,0
14783,168.86,0
14784,181.6,0
14785,181.67,0
14786,169.01,0
14787,172.8,0
14788,171.58,0
14789,178.48,0
14790,169.18,0
14791,184.08,0
14792,177.67,0
14793,167.86,0
14794,168.16,0
14795,181.16,0
14796,160.94,0
14797,166.96,0
14798,168.55,0
14799,179.98,0
14800,171.35,0
14801,161.77,0
14802,161.74,0
14803,157.59,0
14804,156.92,0
14805,161.53,0
14806,172.13,0
14807,171.14,0
14808,166.7,0
14809,161.3,0
14810,164.97,0
14811,161.29,0
14812,159.62,0
14813,170.18,0
14814,171.04,0
14815,165.46,0
14816,171.38,0
14817,173.75,0
14818,178.42,0
14819,180.57,0
14820,168.9,0
14821,171.64,0
14822,179.0,0
14823,174.23,0
14824,166.28,0
14825,167.97,0
14826,179.68,0
14827,191.53,0
14828,180.41,0
14829,175.75,0
14830,172.52,0
14831,178.88,0
14832,175.47,0
14833,175.03,0
14834,167.18,0
14835,167.97,0
14836,182.68,0
14837,177.54,0
14838,174.55,0
14839,167.59,0
14840,170.31,0
14841,177.27,0
14842,156.29,0
14843,153.35,0
14844,160.77,0
14845,161.53,0
14846,170.67,0
14847,164.31,0
14848,158.51,0
14849,167.36,0
14850,174.4,0
14851,171.28,0
14852,155.33,0
14853,160.0,0
14854,166.14,0
14855,175.54,0
14856,179.74,0
14857,156.84,0
14858,161.07,0
14859,152.13,0
14860,161.3,0
14861,154.29,0
14862,159.43,0
14863,168.12,0
14864,163.83,0
14865,154.14,0
14866,160.89,0
14867,161.92,0
14868,165.14,0
14869,166.51,0
14870,168.63,0
14871,165.09,0
14872,165.37,0
14873,161.9,0
14874,164.15,0
14875,164.86,0
14876,160.49,0
14877,162.75,0
14878,160.73,0
14879,163.88,0
14880,166.41,0
14881,163.72,0
14882,169.73,0
14883,166.02,0
14884,163.03,0
14885,167.85,0
14886,160.73,0
14887,162.94,0
14888,162.86,0
14889,156.05,0
14890,167.8,0
14891,160.28,0
14892,161.25,0
14893,162.22,0
14894,151.36,0
14895,153.88,0
14896,198.37,0
14897,165.68,0
14898,145.29,0
14899,149.22,0
14900,151.74,0
14901,149.3,0
14902,149.95,0
14903,147.87,0
14904,142.95,0
14905,148.16,0
14906,148.33,0
14907,151.87,0
14908,145.57,0
14909,150.49,0
14910,152.28,0
14911,148.92,0
14912,154.02,0
14913,155.5,0
14914,145.41,0
14915,149.22,0
14916,142.86,0
14917,145.04,0
14918,145.76,0
14919,151.75,0
14920,140.14,0
14921,145.15,0
14922,141.05,0
14923,139.86,0
14924,145.05,0
14925,145.78,0
14926,146.37,0
14927,143.89,0
14928,144.9,0
14929,144.21,0
14930,145.38,0
14931,145.78,0
14932,138.89,0
14933,146.9,0
14934,148.09,0
14935,145.77,0
14936,148.96,0
14937,153.19,0
14938,150.88,0
14939,156.67,0
14940,157.38,0
14941,157.51,0
14942,156.74,0
14943,153.52,0
14944,151.61,0
14945,158.11,0
14946,157.14,0
14947,160.2,0
14948,157.68,0
14949,158.91,0
14950,159.34,0
14951,156.21,0
14952,154.26,0
14953,144.66,0
14954,143.21,0
14955,151.22,0
14956,148.6,0
14957,152.07,0
14958,151.86,0
14959,150.03,0
14960,152.85,0
14961,151.92,0
14962,148.0,0
14963,155.67,0
14964,157.23,0
14965,149.87,0
14966,157.44,0
14967,152.96,0
14968,152.37,0
14969,153.68,0
14970,155.23,0
14971,151.45,0
14972,157.64,0
14973,151.7,0
14974,153.46,0
14975,156.97,0
14976,151.84,0
14977,151.46,0
14978,152.62,0
14979,161.13,0
14980,157.07,0
14981,155.59,0
14982,152.77,0
14983,151.68,0
14984,158.92,0
14985,159.88,0
14986,160.46,0
14987,164.75,0
14988,159.0,0
14989,152.07,0
14990,157.31,0
14991,152.12,0
14992,155.61,0
14993,155.32,0
14994,159.32,0
14995,158.31,0
14996,165.0,0
14997,165.63,0
14998,159.37,0
14999,157.45,0
15000,163.06,0
15001,166.11,0
15002,166.16,0
15003,172.12,0
15004,165.65,0
15005,177.8,0
15006,169.13,0
15007,179.78,0
15008,180.58,0
15009,180.01,0
15010,175.37,0
15011,170.24,0
15012,181.09,0
15013,174.99,0
15014,171.33,0
15015,204.78,0
15016,180.59,0
15017,173.21,0
15018,169.43,0
15019,170.87,0
15020,170.65,0
15021,165.69,0
15022,180.67,0
15023,188.61,0
15024,189.84,0
15025,198.1,0
15026,198.25,0
15027,193.74,0
15028,193.18,0
15029,182.43,0
15030,198.54,0
15031,183.38,0
15032,176.83,0
15033,159.42,0
15034,171.48,0
15035,170.54,0
15036,166.52,0
15037,171.43,0
15038,166.9,0
15039,175.46,0
15040,167.69,0
15041,158.81,0
15042,160.18,0
15043,167.47,0
15044,163.27,0
15045,174.08,0
15046,167.21,0
15047,174.84,0
15048,165.27,0
15049,171.44,0
15050,173.74,0
15051,180.12,0
15052,169.13,0
15053,168.16,0
15054,171.25,0
15055,172.56,0
15056,170.2,0
15057,172.13,0
15058,180.37,0
15059,188.65,0
15060,190.33,0
15061,190.79,0
15062,194.3,0
15063,179.86,0
15064,172.34,0
15065,175.68,0
15066,187.15,0
15067,198.77,0
15068,191.59,0
15069,180.33,0
15070,186.22,0
15071,181.13,0
15072,171.56,0
15073,169.43,0
15074,183.45,0
15075,178.46,0
15076,182.33,0
15077,181.63,0
15078,180.57,0
15079,177.38,0
15080,183.16,0
15081,175.56,0
15082,172.34,0
15083,156.41,0
15084,170.71,0
15085,176.05,0
15086,180.67,0
15087,168.98,0
15088,172.1,0
15089,174.59,0
15090,172.22,0
15091,171.85,0
15092,164.97,0
15093,181.99,0
15094,179.42,0
15095,170.45,0
15096,165.83,0
15097,167.46,0
15098,163.96,0
15099,168.13,0
15100,167.96,0
15101,164.11,0
15102,161.88,0
15103,163.94,0
15104,177.22,0
15105,167.2,0
15106,162.09,0
15107,160.18,0
15108,159.74,0
15109,170.51,0
15110,183.12,0
15111,171.02,0
15112,158.82,0
15113,162.83,0
15114,171.91,0
15115,173.06,0
15116,164.29,0
15117,161.13,0
15118,165.64,0
15119,161.56,0
15120,165.47,0
15121,182.04,0
15122,164.04,0
15123,172.72,0
15124,164.02,0
15125,178.39,0
15126,168.36,0
15127,162.5,0
15128,166.67,0
15129,161.04,0
15130,169.15,0
15131,168.94,0
15132,154.1,0
15133,173.97,0
15134,163.6,0
15135,174.12,0
15136,173.12,0
15137,170.07,0
15138,173.55,0
15139,174.86,0
15140,168.92,0
15141,169.0,0
15142,168.55,0
15143,170.53,0
15144,178.72,0
15145,168.41,0
15146,162.01,0
15147,165.34,0
15148,168.78,0
15149,167.61,0
15150,162.39,0
15151,158.17,0
15152,158.69,0
15153,164.72,0
15154,166.1,0
15155,155.66,0
15156,148.0,0
15157,152.57,0
15158,163.52,0
15159,167.66,0
15160,158.05,0
15161,153.59,0
15162,152.96,0
15163,155.07,0
15164,157.14,0
15165,157.11,0
15166,151.42,0
15167,155.76,0
15168,149.37,0
15169,154.7,0
15170,148.83,0
15171,146.8,0
15172,151.02,0
15173,144.5,0
15174,151.37,0
15175,147.22,0
15176,143.98,0
15177,152.5,0
15178,150.38,0
15179,147.89,0
15180,150.35,0
15181,148.68,0
15182,150.54,0
15183,146.45,0
15184,144.47,0
15185,147.32,0
15186,144.16,0
15187,141.89,0
15188,145.88,0
15189,136.89,0
15190,136.61,0
15191,131.57,0
15192,137.96,0
15193,142.33,0
15194,136.07,0
15195,136.4,0
15196,140.53,0
15197,136.26,0
15198,137.28,0
15199,136.98,0
15200,135.9,0
15201,137.48,0
15202,132.34,0
15203,139.01,0
15204,151.73,0
15205,155.61,0
15206,141.85,0
15207,137.76,0
15208,140.87,0
15209,151.54,0
15210,143.57,0
15211,139.46,0
15212,132.49,0
15213,135.16,0
15214,132.06,0
15215,137.53,0
15216,137.01,0
15217,132.93,0
15218,138.05,0
15219,135.02,0
15220,131.54,0
15221,126.97,0
15222,132.19,0
15223,133.13,0
15224,133.57,0
15225,131.25,0
15226,136.93,0
15227,136.99,0
15228,135.52,0
15229,135.79,0
15230,134.88,0
15231,135.86,0
15232,140.86,0
15233,133.89,0
15234,138.45,0
15235,136.74,0
15236,137.86,0
15237,135.05,0
15238,135.56,0
15239,136.28,0
15240,133.62,0
15241,135.44,0
15242,134.4,0
15243,138.86,0
15244,132.97,0
15245,140.31,0
15246,132.75,0
15247,134.23,0
15248,129.27,0
15249,129.2,0
15250,126.23,0
15251,125.06,0
15252,134.53,0
15253,135.03,0
15254,133.59,0
15255,134.3,0
15256,126.85,0
15257,136.26,0
15258,131.21,0
15259,120.48,0
15260,123.16,0
15261,121.86,0
15262,121.51,0
15263,124.62,0
15264,127.54,0
15265,123.01,0
15266,117.59,0
15267,127.44,0
15268,128.59,0
15269,119.85,0
15270,121.61,0
15271,123.58,0
15272,123.65,0
15273,122.64,0
15274,129.35,0
15275,123.9,0
15276,124.26,0
15277,122.33,0
15278,125.6,0
15279,127.85,0
15280,112.65,0
15281,116.85,0
15282,116.9,0
15283,122.08,0
15284,116.03,0
15285,120.38,0
15286,118.0,0
15287,114.1,0
15288,114.83,0
15289,124.09,0
15290,119.8,0
15291,117.08,0
15292,126.47,0
15293,128.21,0
15294,128.18,0
15295,122.78,0
15296,124.29,0
15297,127.84,0
15298,122.09,0
15299,126.68,0
15300,131.11,0
15301,132.23,0
15302,145.77,0
15303,153.88,0
15304,156.1,0
15305,144.95,0
15306,138.09,0
15307,133.62,0
15308,133.61,0
15309,131.91,0
15310,138.36,0
15311,132.58,0
15312,124.65,0
15313,119.74,0
15314,133.76,0
15315,129.37,0
15316,134.43,0
15317,131.96,0
15318,128.7,0
15319,140.63,0
15320,134.57,0
15321,140.09,0
15322,130.73,0
15323,126.77,0
15324,135.52,0
15325,135.15,0
15326,137.51,0
15327,134.44,0
15328,124.69,0
15329,122.84,0
15330,128.39,0
15331,131.42,0
15332,124.99,0
15333,130.32,0
15334,131.98,0
15335,136.68,0
15336,127.04,0
15337,126.77,0
15338,128.16,0
15339,116.58,0
15340,115.55,0
15341,124.75,0
15342,129.7,0
15343,129.89,0
15344,136.9,0
15345,128.29,0
15346,127.53,0
15347,124.87,0
15348,126.87,0
15349,119.29,0
15350,116.09,0
15351,108.31,0
15352,112.58,0
15353,120.15,0
15354,110.31,0
15355,123.04,0
15356,118.95,0
15357,129.27,0
15358,133.71,0
15359,116.56,0
15360,130.53,0
15361,115.66,0
15362,114.42,0
15363,120.66,0
15364,117.86,0
15365,117.31,0
15366,116.27,0
15367,119.34,0
15368,116.81,0
15369,109.03,0
15370,102.12,0
15371,109.16,0
15372,100.8,0
15373,111.73,0
15374,117.68,0
15375,120.48,0
15376,123.34,0
15377,118.41,0
15378,107.88,0
15379,110.0,0
15380,100.39,0
15381,100.84,0
15382,112.26,0
15383,110.05,0
15384,111.4,0
15385,106.26,0
15386,107.89,0
15387,116.89,0
15388,113.7,0
15389,123.55,0
15390,117.8,0
15391,117.19,0
15392,109.14,0
15393,100.37,0
15394,93.75,0
15395,113.7,0
15396,110.25,0
15397,124.01,0
15398,109.46,0
15399,102.52,0
15400,89.14,0
15401,100.3,0
15402,99.4,0
15403,110.7,0
15404,108.19,0
15405,108.24,0
15406,113.82,0
15407,112.41,0
15408,114.99,0
15409,119.59,0
15410,110.39,0
15411,105.03,0
15412,104.69,0
15413,101.97,0
15414,110.43,0
15415,110.04,0
15416,120.2,0
15417,122.13,0
15418,112.43,0
15419,107.34,0
15420,104.19,0
15421,109.9,0
15422,108.17,0
15423,125.03,0
15424,120.03,0
15425,105.1,0
15426,109.11,0
15427,98.34,0
15428,105.38,0
15429,98.58,0
15430,94.47,0
15431,104.92,0
15432,109.76,0
15433,115.24,0
15434,113.22,0
15435,116.35,0
15436,114.93,0
15437,108.64,0
15438,103.28,0
15439,100.31,0
15440,103.07,0
15441,101.68,0
15442,111.94,0
15443,108.87,0
15444,99.79,0
15445,107.66,0
15446,104.64,0
15447,114.03,0
15448,118.23,0
15449,101.86,0
15450,87.69,0
15451,101.48,0
15452,111.87,0
15453,119.91,0
15454,110.33,0
15455,114.58,0
15456,101.21,0
15457,109.48,0
15458,111.88,0
15459,112.0,0
15460,100.36,0
15461,103.11,0
15462,106.14,0
15463,106.06,0
15464,111.35,0
15465,98.0,0
15466,104.43,0
15467,112.09,0
15468,104.92,0
15469,110.69,0
15470,105.81,0
15471,103.9,0
15472,96.45,0
15473,97.09,0
15474,100.54,0
15475,105.73,0
15476,99.91,0
15477,113.88,0
15478,101.7,0
15479,110.54,0
15480,111.15,0
15481,114.31,0
15482,112.64,0
15483,114.72,0
15484,106.75,0
15485,100.5,0
15486,107.71,0
15487,111.24,0
15488,112.46,0
15489,115.38,0
15490,103.18,0
15491,112.87,0
15492,112.51,0
15493,126.48,0
15494,115.25,0
15495,105.6,0
15496,101.01,0
15497,110.44,0
15498,97.03,0
15499,112.16,0
15500,103.81,0
15501,98.87,0
15502,103.62,0
15503,103.94,0
15504,116.39,0
15505,110.25,0
15506,121.57,0
15507,122.93,0
15508,108.89,0
15509,115.59,0
15510,111.14,0
15511,107.43,0
15512,110.91,0
15513,113.72,0
15514,99.48,0
15515,104.27,0
15516,111.31,0
15517,103.08,0
15518,114.41,0
15519,109.97,0
15520,102.84,0
15521,107.65,0
15522,118.68,0
15523,107.39,0
15524,109.39,0
15525,106.53,0
15526,105.56,0
15527,108.19,0
15528,101.1,0
15529,103.5,0
15530,108.94,0
15531,92.31,0
15532,94.49,0
15533,100.02,0
15534,99.16,0
15535,112.6,0
15536,115.33,0
15537,106.81,0
15538,104.58,0
15539,106.39,0
15540,112.99,0
15541,103.88,0
15542,101.08,0
15543,105.92,0
15544,102.16,0
15545,100.11,0
15546,107.87,0
15547,107.84,0
15548,111.87,0
15549,114.47,0
15550,102.07,0
15551,112.24,0
15552,110.18,0
15553,120.04,0
15554,113.12,0
15555,121.05,0
15556,120.36,0
15557,114.34,0
15558,115.18,0
15559,112.94,0
15560,114.83,0
15561,108.6,0
15562,115.52,0
15563,107.89,0
15564,109.49,0
15565,106.68,0
15566,104.58,0
15567,108.7,0
15568,109.22,0
15569,116.75,0
15570,111.06,0
15571,117.72,0
15572,111.09,0
15573,112.85,0
15574,115.07,0
15575,109.85,0
15576,115.72,0
15577,115.06,0
15578,115.13,0
15579,108.85,0
15580,115.52,0
15581,111.43,0
15582,118.26,0
15583,119.24,0
15584,115.23,0
15585,120.02,0
15586,115.7,0
15587,112.14,0
15588,113.44,0
15589,102.57,0
15590,111.31,0
15591,124.62,0
15592,122.98,0
15593,125.18,0
15594,123.63,0
15595,123.97,0
15596,131.26,0
15597,115.39,0
15598,120.6,0
15599,119.97,0
15600,115.75,0
15601,121.72,0
15602,129.67,0
15603,126.75,0
15604,123.33,0
15605,122.11,0
15606,121.09,0
15607,127.34,0
15608,124.26,0
15609,118.22,0
15610,115.31,0
15611,115.77,0
15612,125.12,0
15613,126.85,0
15614,124.55,0
15615,122.07,0
15616,123.48,0
15617,116.19,0
15618,119.56,0
15619,118.78,0
15620,121.15,0
15621,128.77,0
15622,122.47,0
15623,121.55,0
15624,129.2,0
15625,125.56,0
15626,122.94,0
15627,116.57,0
15628,120.02,0
15629,128.89,0
15630,138.2,0
15631,123.99,0
15632,122.7,0
15633,132.55,0
15634,127.66,0
15635,127.86,0
15636,143.88,0
15637,149.19,0
15638,168.05,0
15639,144.04,0
15640,149.35,0
15641,150.0,0
15642,142.2,0
15643,138.0,0
15644,137.81,0
15645,137.42,0
15646,147.69,0
15647,141.07,0
15648,147.13,0
15649,151.18,0
15650,146.82,0
15651,136.91,0
15652,147.0,0
15653,143.87,0
15654,138.9,0
15655,139.08,0
15656,138.03,0
15657,138.01,0
15658,139.77,0
15659,135.51,0
15660,135.95,0
15661,140.51,0
15662,137.86,0
15663,144.29,0
15664,133.42,0
15665,134.61,0
15666,130.88,0
15667,126.83,0
15668,133.66,0
15669,130.56,0
15670,129.74,0
15671,132.28,0
15672,135.62,0
15673,133.91,0
15674,127.85,0
15675,127.82,0
15676,130.66,0
15677,128.36,0
15678,126.58,0
15679,131.19,0
15680,124.32,0
15681,129.56,0
15682,137.34,0
15683,133.63,0
15684,137.19,0
15685,134.52,0
15686,135.26,0
15687,121.16,0
15688,127.17,0
15689,120.33,0
15690,137.75,0
15691,135.65,0
15692,132.91,0
15693,141.0,0
15694,132.73,0
15695,128.95,0
15696,123.6,0
15697,128.99,0
15698,131.56,0
15699,133.22,0
15700,130.71,0
15701,130.91,0
15702,133.01,0
15703,130.03,0
15704,124.5,0
15705,122.24,0
15706,135.85,0
15707,132.2,0
15708,128.37,0
15709,127.06,0
15710,132.63,0
15711,135.74,0
15712,137.66,0
15713,132.79,0
15714,132.31,0
15715,137.43,0
15716,131.89,0
15717,138.26,0
15718,134.35,0
15719,136.62,0
15720,134.72,0
15721,132.93,0
15722,133.09,0
15723,127.93,0
15724,126.62,0
15725,130.37,0
15726,121.39,0
15727,133.44,0
15728,130.97,0
15729,134.72,0
15730,140.31,0
15731,137.6,0
15732,140.65,0
15733,135.66,0
15734,132.09,0
15735,136.21,0
15736,137.68,0
15737,142.09,0
15738,143.91,0
15739,140.27,0
15740,139.68,0
15741,142.15,0
15742,129.5,0
15743,136.71,0
15744,143.13,0
15745,138.22,0
15746,136.52,0
15747,139.81,0
15748,144.08,0
15749,137.99,0
15750,140.49,0
15751,134.56,0
15752,137.1,0
15753,136.57,0
15754,137.66,0
15755,140.36,0
15756,144.17,0
15757,141.54,0
15758,141.03,0
15759,140.16,0
15760,136.65,0
15761,146.43,0
15762,146.44,0
15763,143.98,0
15764,143.43,0
15765,144.76,0
15766,148.75,0
15767,145.53,0
15768,152.18,0
15769,149.61,0
15770,146.85,0
15771,148.65,0
15772,143.75,0
15773,145.77,0
15774,148.61,0
15775,146.23,0
15776,143.59,0
15777,151.78,0
15778,161.99,0
15779,153.08,0
15780,148.6,0
15781,146.31,0
15782,152.28,0
15783,146.48,0
15784,140.17,0
15785,148.01,0
15786,152.21,0
15787,154.94,0
15788,158.58,0
15789,156.64,0
15790,152.84,0
15791,154.51,0
15792,150.02,0
15793,149.08,0
15794,145.96,0
15795,147.6,0
15796,149.82,0
15797,149.08,0
15798,153.05,0
15799,152.2,0
15800,149.24,0
15801,151.62,0
15802,148.32,0
15803,144.82,0
15804,150.27,0
15805,147.7,0
15806,149.34,0
15807,151.06,0
15808,158.1,0
15809,150.2,0
15810,146.71,0
15811,149.36,0
15812,151.58,0
15813,144.97,0
15814,153.28,0
15815,161.05,0
15816,161.08,0
15817,149.71,0
15818,161.38,0
15819,164.27,0
15820,155.19,0
15821,156.12,0
15822,156.85,0
15823,159.17,0
15824,160.2,0
15825,157.03,0
15826,156.1,0
15827,154.73,0
15828,161.71,0
15829,165.62,0
15830,159.65,0
15831,158.98,0
15832,153.93,0
15833,160.31,0
15834,159.09,0
15835,160.1,0
15836,160.51,0
15837,168.58,0
15838,162.3,0
15839,158.71,0
15840,160.98,0
15841,163.76,0
15842,156.81,0
15843,149.19,0
15844,152.85,0
15845,174.13,0
15846,177.26,0
15847,166.1,0
15848,168.21,0
15849,161.91,0
15850,162.05,0
15851,159.96,0
15852,158.25,0
15853,160.62,0
15854,155.03,0
15855,149.22,0
15856,158.16,0
15857,158.69,0
15858,155.79,0
15859,150.78,0
15860,149.67,0
15861,149.66,0
15862,151.6,0
15863,159.54,0
15864,157.65,0
15865,158.42,0
15866,154.62,0
15867,154.0,0
15868,158.72,0
15869,161.43,0
15870,156.27,0
15871,153.15,0
15872,156.94,0
15873,158.34,0
15874,149.5,0
15875,154.47,0
15876,159.56,0
15877,158.8,0
15878,162.5,0
15879,155.06,0
15880,163.67,0
15881,166.85,0
15882,155.48,0
15883,163.56,0
15884,158.77,0
15885,158.17,0
15886,161.86,0
15887,163.7,0
15888,168.51,0
15889,165.92,0
15890,167.92,0
15891,170.23,0
15892,168.41,0
15893,165.0,0
15894,169.8,0
15895,155.36,0
15896,165.07,0
15897,170.59,0
15898,176.09,0
15899,166.88,0
15900,180.22,0
15901,163.98,0
15902,153.71,0
15903,156.3,0
15904,157.68,0
15905,170.95,0
15906,161.08,0
15907,177.42,0
15908,177.09,0
15909,163.34,0
15910,167.28,0
15911,161.48,0
15912,159.82,0
15913,164.27,0
15914,157.92,0
15915,159.85,0
15916,160.53,0
15917,165.42,0
15918,167.13,0
15919,157.65,0
15920,156.36,0
15921,155.11,0
15922,155.69,0
15923,160.61,0
15924,161.21,0
15925,158.71,0
15926,162.41,0
15927,163.79,0
15928,160.54,0
15929,152.9,0
15930,146.45,0
15931,152.09,0
15932,153.04,0
15933,144.61,0
15934,143.11,0
15935,151.86,0
15936,152.96,0
15937,139.12,0
15938,139.7,0
15939,145.56,0
15940,145.75,0
15941,143.82,0
15942,144.36,0
15943,145.49,0
15944,140.56,0
15945,147.82,0
15946,146.99,0
15947,150.62,0
15948,143.34,0
15949,147.28,0
15950,146.15,0
15951,154.54,0
15952,145.75,0
15953,143.58,0
15954,137.13,0
15955,144.06,0
15956,147.17,0
15957,142.29,0
15958,144.96,0
15959,143.16,0
15960,140.63,0
15961,140.95,0
15962,132.0,0
15963,135.12,0
15964,134.49,0
15965,145.35,0
15966,137.05,0
15967,147.37,0
15968,148.28,0
15969,143.66,0
15970,142.86,0
15971,135.72,0
15972,143.22,0
15973,144.74,0
15974,142.58,0
15975,138.79,0
15976,140.23,0
15977,146.99,0
15978,139.99,0
15979,140.88,0
15980,138.18,0
15981,139.4,0
15982,140.31,0
15983,147.27,0
15984,138.16,0
15985,141.02,0
15986,137.95,0
15987,140.47,0
15988,135.8,0
15989,144.32,0
15990,144.9,0
15991,151.35,0
15992,148.43,0
15993,141.7,0
15994,134.65,0
15995,145.45,0
15996,151.17,0
15997,149.55,0
15998,150.92,0
15999,151.89,0
16000,148.46,0
16001,146.77,0
16002,143.42,0
16003,141.57,0
16004,154.84,0
16005,163.37,0
16006,160.43,0
16007,162.64,0
16008,164.59,0
16009,156.83,0
16010,152.75,0
16011,149.04,0
16012,148.88,0
16013,150.81,0
16014,148.57,0
16015,144.31,0
16016,148.09,0
16017,149.56,0
16018,147.04,0
16019,148.44,0
16020,148.07,0
16021,144.84,0
16022,137.82,0
16023,140.71,0
16024,147.11,0
16025,142.99,0
16026,158.5,0
16027,158.02,0
16028,159.07,0
16029,154.99,0
16030,152.88,0
16031,160.2,0
16032,148.55,0
16033,150.94,0
16034,148.45,0
16035,152.51,0
16036,150.03,0
16037,148.52,0
16038,148.51,0
16039,151.36,0
16040,153.83,0
16041,163.52,0
16042,147.85,0
16043,146.53,0
16044,153.7,0
16045,148.29,0
16046,145.8,0
16047,148.59,0
16048,144.42,0
16049,144.32,0
16050,148.47,0
16051,141.85,0
16052,148.29,0
16053,146.2,0
16054,141.99,0
16055,146.13,0
16056,148.02,0
16057,148.27,0
16058,148.79,0
16059,150.17,0
16060,153.62,0
16061,161.48,0
16062,162.6,0
16063,156.91,0
16064,146.01,0
16065,146.25,0
16066,144.04,0
16067,144.79,0
16068,144.77,0
16069,153.49,0
16070,152.73,0
16071,147.1,0
16072,144.45,0
16073,147.4,0
16074,152.07,0
16075,159.47,0
16076,157.72,0
16077,152.84,0
16078,149.17,0
16079,150.82,0
16080,152.87,0
16081,146.86,0
16082,139.28,0
16083,159.61,0
16084,151.13,0
16085,148.5,0
16086,147.12,0
16087,145.82,0
16088,142.36,0
16089,152.83,0
16090,148.7,0
16091,145.51,0
16092,144.37,0
16093,145.22,0
16094,151.59,0
16095,149.97,0
16096,148.7,0
16097,145.68,0
16098,148.24,0
16099,147.54,0
16100,151.31,0
16101,147.61,0
16102,160.26,0
16103,158.67,0
16104,149.6,0
16105,144.87,0
16106,146.45,0
16107,148.06,0
16108,151.88,0
16109,152.25,0
16110,148.52,0
16111,141.99,0
16112,138.35,0
16113,152.74,0
16114,152.52,0
16115,150.92,0
16116,152.46,0
16117,153.99,0
16118,156.16,0
16119,153.41,0
16120,150.52,0
16121,155.25,0
16122,152.23,0
16123,148.63,0
16124,152.59,0
16125,146.17,0
16126,154.91,0
16127,153.13,0
16128,148.08,0
16129,162.83,0
16130,152.6,0
16131,158.1,0
16132,153.66,0
16133,154.18,0
16134,156.1,0
16135,169.86,0
16136,163.05,0
16137,157.33,0
16138,151.64,0
16139,161.08,0
16140,161.62,0
16141,155.37,0
16142,155.75,0
16143,154.97,0
16144,156.29,0
16145,168.76,0
16146,169.9,0
16147,154.57,0
16148,160.73,0
16149,165.47,0
16150,158.65,0
16151,149.84,0
16152,148.04,0
16153,149.62,0
16154,147.21,0
16155,150.13,0
16156,151.0,0
16157,152.72,0
16158,152.09,0
16159,158.17,0
16160,160.29,0
16161,157.63,0
16162,156.56,0
16163,156.2,0
16164,155.52,0
16165,152.96,0
16166,157.81,0
16167,169.91,0
16168,170.38,0
16169,163.66,0
16170,159.32,0
16171,150.14,0
16172,148.23,0
16173,154.02,0
16174,156.92,0
16175,159.62,0
16176,151.93,0
16177,158.03,0
16178,166.34,0
16179,153.74,0
16180,153.94,0
16181,152.34,0
16182,147.42,0
16183,150.2,0
16184,154.03,0
16185,149.61,0
16186,155.53,0
16187,163.85,0
16188,162.29,0
16189,184.22,0
16190,178.56,0
16191,157.35,0
16192,173.37,0
16193,170.24,0
16194,160.5,0
16195,156.15,0
16196,161.0,0
16197,146.67,0
16198,152.41,0
16199,155.98,0
16200,159.36,0
16201,149.25,0
16202,167.18,0
16203,161.39,0
16204,157.49,0
16205,163.92,0
16206,163.17,0
16207,159.15,0
16208,158.55,0
16209,158.46,0
16210,160.96,0
16211,155.47,0
16212,163.48,0
16213,161.93,0
16214,161.64,0
16215,159.02,0
16216,155.85,0
16217,163.26,0
16218,161.34,0
16219,150.91,0
16220,157.24,0
16221,167.59,0
16222,170.74,0
16223,155.97,0
16224,160.84,0
16225,158.74,0
16226,164.74,0
16227,169.72,0
16228,141.39,0
16229,140.19,0
16230,141.06,0
16231,140.11,0
16232,146.84,0
16233,139.83,0
16234,144.7,0
16235,155.83,0
16236,149.24,0
16237,144.57,0
16238,146.48,0
16239,138.51,0
16240,141.5,0
16241,148.05,0
16242,146.3,0
16243,147.78,0
16244,144.95,0
16245,144.23,0
16246,153.58,0
16247,150.08,0
16248,147.68,0
16249,144.49,0
16250,140.74,0
16251,143.26,0
16252,159.29,0
16253,151.04,0
16254,146.56,0
16255,138.03,0
16256,143.9,0
16257,151.17,0
16258,157.64,0
16259,146.54,0
16260,150.28,0
16261,149.53,0
16262,152.86,0
16263,152.02,0
16264,138.97,0
16265,153.42,0
16266,152.13,0
16267,145.67,0
16268,150.07,0
16269,141.48,0
16270,139.96,0
16271,141.78,0
16272,147.45,0
16273,136.19,0
16274,146.13,0
16275,145.09,0
16276,151.85,0
16277,149.74,0
16278,143.36,0
16279,148.84,0
16280,154.89,0
16281,147.25,0
16282,147.47,0
16283,153.52,0
16284,143.69,0
16285,142.73,0
16286,140.3,0
16287,140.97,0
16288,135.23,0
16289,135.62,0
16290,139.78,0
16291,139.12,0
16292,136.38,0
16293,136.22,0
16294,135.23,0
16295,142.6,0
16296,141.12,0
16297,136.81,0
16298,136.8,0
16299,139.01,0
16300,134.83,0
16301,134.43,0
16302,135.88,0
16303,133.9,0
16304,142.57,0
16305,138.01,0
16306,142.01,0
16307,135.58,0
16308,134.4,0
16309,133.66,0
16310,139.29,0
16311,141.31,0
16312,147.92,0
16313,146.68,0
16314,135.87,0
16315,141.61,0
16316,136.76,0
16317,136.76,0
16318,135.54,0
16319,132.34,0
16320,144.01,0
16321,143.34,0
16322,150.63,0
16323,140.69,0
16324,140.26,0
16325,139.21,0
16326,137.67,0
16327,137.0,0
16328,137.44,0
16329,140.1,0
16330,139.21,0
16331,138.5,0
16332,134.62,0
16333,130.26,0
16334,131.13,0
16335,136.36,0
16336,134.71,0
16337,136.21,0
16338,136.39,0
16339,131.63,0
16340,137.34,0
16341,134.01,0
16342,139.93,0
16343,130.83,0
16344,131.1,0
16345,135.09,0
16346,134.48,0
16347,127.98,0
16348,131.29,0
16349,129.22,0
16350,139.85,0
16351,138.65,0
16352,133.11,0
16353,143.08,0
16354,134.98,0
16355,144.25,0
16356,133.72,0
16357,137.43,0
16358,143.71,0
16359,142.75,0
16360,147.18,0
16361,142.59,0
16362,143.21,0
16363,136.3,0
16364,137.12,0
16365,143.43,0
16366,148.24,0
16367,135.57,0
16368,140.04,0
16369,143.9,0
16370,145.53,0
16371,140.68,0
16372,143.41,0
16373,143.27,0
16374,138.03,0
16375,134.94,0
16376,142.71,0
16377,140.5,0
16378,144.65,0
16379,136.85,0
16380,145.22,0
16381,138.53,0
16382,142.37,0
16383,147.23,0
16384,146.16,0
16385,145.39,0
16386,141.59,0
16387,143.45,0
16388,144.39,0
16389,141.55,0
16390,153.74,0
16391,153.66,0
16392,142.25,0
16393,141.76,0
16394,140.77,0
16395,143.13,0
16396,142.16,0
16397,146.19,0
16398,141.86,0
16399,150.19,0
16400,149.94,0
16401,150.78,0
16402,146.8,0
16403,141.65,0
16404,152.87,0
16405,147.66,0
16406,146.32,0
16407,138.8,0
16408,138.92,0
16409,145.14,0
16410,141.33,0
16411,149.06,0
16412,148.44,0
16413,144.72,0
16414,148.48,0
16415,145.6,0
16416,146.99,0
16417,149.83,0
16418,149.09,0
16419,151.77,0
16420,150.35,0
16421,153.81,0
16422,148.08,0
16423,153.5,0
16424,151.54,0
16425,154.17,0
16426,167.8,0
16427,169.53,0
16428,156.5,0
16429,156.0,0
16430,172.81,0
16431,165.1,0
16432,162.61,0
16433,164.88,0
16434,158.72,0
16435,168.01,0
16436,164.87,0
16437,166.28,0
16438,170.97,0
16439,187.19,0
16440,169.31,0
16441,157.37,0
16442,176.12,0
16443,171.73,0
16444,170.09,0
16445,166.69,0
16446,162.99,0
16447,176.21,0
16448,167.13,0
16449,166.47,0
16450,170.05,0
16451,171.67,0
16452,160.18,0
16453,160.13,0
16454,160.39,0
16455,161.73,0
16456,159.76,0
16457,153.39,0
16458,163.04,0
16459,160.15,0
16460,156.26,0
16461,152.78,0
16462,156.82,0
16463,163.46,0
16464,151.17,0
16465,150.38,0
16466,150.97,0
16467,147.2,0
16468,150.88,0
16469,153.64,0
16470,164.9,0
16471,155.86,0
16472,153.54,0
16473,160.48,0
16474,158.93,0
16475,155.37,0
16476,160.63,0
16477,163.76,0
16478,159.54,0
16479,168.91,0
16480,160.84,0
16481,166.99,0
16482,162.33,0
16483,169.62,0
16484,171.83,0
16485,180.55,0
16486,175.35,0
16487,176.16,0
16488,174.19,0
16489,180.78,0
16490,176.12,0
16491,178.33,0
16492,175.72,0
16493,177.65,0
16494,171.74,0
16495,174.02,0
16496,173.31,0
16497,166.93,0
16498,171.02,0
16499,169.05,0
16500,163.27,0
16501,167.77,0
16502,167.86,0
16503,183.33,0
16504,168.85,0
16505,169.49,0
16506,163.28,0
16507,165.61,0
16508,168.53,0
16509,169.4,0
16510,185.32,0
16511,182.87,0
16512,179.09,0
16513,175.91,0
16514,161.19,0
16515,166.58,0
16516,165.58,0
16517,179.61,0
16518,182.41,0
16519,179.75,0
16520,178.36,0
16521,167.11,0
16522,163.99,0
16523,182.56,0
16524,172.03,0
16525,176.41,0
16526,163.52,0
16527,168.67,0
16528,173.96,0
16529,182.96,0
16530,173.29,0
16531,172.23,0
16532,173.6,0
16533,176.24,0
16534,163.71,0
16535,160.29,0
16536,158.27,0
16537,157.81,0
16538,175.94,0
16539,190.57,0
16540,173.96,0
16541,159.22,0
16542,170.07,0
16543,180.22,0
16544,191.94,0
16545,180.35,0
16546,177.38,0
16547,167.6,0
16548,165.97,0
16549,174.19,0
16550,170.15,0
16551,185.57,0
16552,181.02,0
16553,181.59,0
16554,162.6,0
16555,165.23,0
16556,169.57,0
16557,161.96,0
16558,167.31,0
16559,193.79,0
16560,173.1,0
16561,169.86,0
16562,162.58,0
16563,166.5,0
16564,179.93,0
16565,166.26,0
16566,168.09,0
16567,169.99,0
16568,166.05,0
16569,171.43,0
16570,176.28,0
16571,170.38,0
16572,170.2,0
16573,176.89,0
16574,158.1,0
16575,161.89,0
16576,164.17,0
16577,174.55,0
16578,168.82,0
16579,158.67,0
16580,169.1,0
16581,165.59,0
16582,163.1,0
16583,166.24,0
16584,158.29,0
16585,154.61,0
16586,149.33,0
16587,152.48,0
16588,172.3,0
16589,153.85,0
16590,153.84,0
16591,156.95,0
16592,150.22,0
16593,150.01,0
16594,161.83,0
16595,149.72,0
16596,146.78,0
16597,147.72,0
16598,154.1,0
16599,151.58,0
16600,151.18,0
16601,142.91,0
16602,144.54,0
16603,138.92,0
16604,143.45,0
16605,144.22,0
16606,143.21,0
16607,148.56,0
16608,143.79,0
16609,150.19,0
16610,150.99,0
16611,146.56,0
16612,141.83,0
16613,139.18,0
16614,140.39,0
16615,138.66,0
16616,143.01,0
16617,136.44,0
16618,131.08,0
16619,141.1,0
16620,137.09,0
16621,134.64,0
16622,138.21,0
16623,138.23,0
16624,135.07,0
16625,134.33,0
16626,133.04,0
16627,130.27,0
16628,131.29,0
16629,130.92,0
16630,136.49,0
16631,137.74,0
16632,136.79,0
16633,129.83,0
16634,129.68,0
16635,129.78,0
16636,129.03,0
16637,129.88,0
16638,135.65,0
16639,131.06,0
16640,136.86,0
16641,132.5,0
16642,137.45,0
16643,131.27,0
16644,126.06,0
16645,128.46,0
16646,128.03,0
16647,124.02,0
16648,126.19,0
16649,134.02,0
16650,134.75,0
16651,126.02,0
16652,129.14,0
16653,131.92,0
16654,137.17,0
16655,126.21,0
16656,124.51,0
16657,133.86,0
16658,133.34,0
16659,126.99,0
16660,131.17,0
16661,125.5,0
16662,130.89,0
16663,129.28,0
16664,126.49,0
16665,127.72,0
16666,129.46,0
16667,125.82,0
16668,124.45,0
16669,126.27,0
16670,124.42,0
16671,125.46,0
16672,126.61,0
16673,122.2,0
16674,128.34,0
16675,120.87,0
16676,117.38,0
16677,117.58,0
16678,117.72,0
16679,132.72,0
16680,130.54,0
16681,124.52,0
16682,126.2,0
16683,133.45,0
16684,124.29,0
16685,129.27,0
16686,117.32,0
16687,116.96,0
16688,119.65,0
16689,109.94,0
16690,117.06,0
16691,115.89,0
16692,111.85,0
16693,124.51,0
16694,127.88,0
16695,124.32,0
16696,127.19,0
16697,120.5,0
16698,124.91,0
16699,123.2,0
16700,127.59,0
16701,124.67,0
16702,118.9,0
16703,125.49,0
16704,118.83,0
16705,122.41,0
16706,114.41,0
16707,117.96,0
16708,115.1,0
16709,121.28,0
16710,121.9,0
16711,119.86,0
16712,115.73,0
16713,123.64,0
16714,118.09,0
16715,113.8,0
16716,121.01,0
16717,121.91,0
16718,116.87,0
16719,114.64,0
16720,119.57,0
16721,113.34,0
16722,116.88,0
16723,121.9,0
16724,113.16,0
16725,115.4,0
16726,121.66,0
16727,113.85,0
16728,122.66,0
16729,113.93,0
16730,120.26,0
16731,118.78,0
16732,119.08,0
16733,115.67,0
16734,116.04,0
16735,119.51,0
16736,115.51,0
16737,109.63,0
16738,110.95,0
16739,111.79,0
16740,111.66,0
16741,115.84,0
16742,124.34,0
16743,117.15,0
16744,113.83,0
16745,109.31,0
16746,117.15,0
16747,109.46,0
16748,116.41,0
16749,114.95,0
16750,106.26,0
16751,111.96,0
16752,112.2,0
16753,115.07,0
16754,107.67,0
16755,115.57,0
16756,106.19,0
16757,110.78,0
16758,117.75,0
16759,125.19,0
16760,121.38,0
16761,111.39,0
16762,106.7,0
16763,114.24,0
16764,110.44,0
16765,104.87,0
16766,109.65,0
16767,102.35,0
16768,112.02,0
16769,122.49,0
16770,117.43,0
16771,108.1,0
16772,113.06,0
16773,119.58,0
16774,111.69,0
16775,99.02,0
16776,109.3,0
16777,111.68,0
16778,103.1,0
16779,104.04,0
16780,108.59,0
16781,117.53,0
16782,111.19,0
16783,113.97,0
16784,115.38,0
16785,103.61,0
16786,110.91,0
16787,111.27,0
16788,112.67,0
16789,115.91,0
16790,114.49,0
16791,119.43,0
16792,112.44,0
16793,110.68,0
16794,108.89,0
16795,108.91,0
16796,106.23,0
16797,100.8,0
16798,104.2,0
16799,108.75,0
16800,119.3,0
16801,111.98,0
16802,117.94,0
16803,108.49,0
16804,109.15,0
16805,102.34,0
16806,113.11,0
16807,111.67,0
16808,107.0,0
16809,104.98,0
16810,103.01,0
16811,100.74,0
16812,101.56,0
16813,108.87,0
16814,107.22,0
16815,103.73,0
16816,99.69,0
16817,106.84,0
16818,116.79,0
16819,112.04,0
16820,109.93,0
16821,110.14,0
16822,105.74,0
16823,107.18,0
16824,100.56,0
16825,106.35,0
16826,106.09,0
16827,96.92,0
16828,97.16,0
16829,102.18,0
16830,100.22,0
16831,104.57,0
16832,99.72,0
16833,98.05,0
16834,94.42,0
16835,99.92,0
16836,106.13,0
16837,97.57,0
16838,101.16,0
16839,106.28,0
16840,105.09,0
16841,103.77,0
16842,102.52,0
16843,110.66,0
16844,111.97,0
16845,120.76,0
16846,110.84,0
16847,109.7,0
16848,108.74,0
16849,114.1,0
16850,116.67,0
16851,105.17,0
16852,101.51,0
16853,106.51,0
16854,110.89,0
16855,104.23,0
16856,91.52,0
16857,108.65,0
16858,102.28,0
16859,95.85,0
16860,107.25,0
16861,112.14,0
16862,108.27,0
16863,107.75,0
16864,106.36,0
16865,117.98,0
16866,115.65,0
16867,99.54,0
16868,108.37,0
16869,109.58,0
16870,109.48,0
16871,113.72,0
16872,119.5,0
16873,114.21,0
16874,112.62,0
16875,96.33,0
16876,109.67,0
16877,109.75,0
16878,106.34,0
16879,112.95,0
16880,97.4,0
16881,102.72,0
16882,92.54,0
16883,99.91,0
16884,99.0,0
16885,102.37,0
16886,106.71,0
16887,106.45,0
16888,101.6,0
16889,100.75,0
16890,96.26,0
16891,105.01,0
16892,99.52,0
16893,104.04,0
16894,103.08,0
16895,104.76,0
16896,101.94,0
16897,109.4,0
16898,102.5,0
16899,104.92,0
16900,106.87,0
16901,115.23,0
16902,110.43,0
16903,107.55,0
16904,107.8,0
16905,103.46,0
16906,112.06,0
16907,114.05,0
16908,107.18,0
16909,107.58,0
16910,104.11,0
16911,103.96,0
16912,91.63,0
16913,90.19,0
16914,106.78,0
16915,98.98,0
16916,109.9,0
16917,111.99,0
16918,109.27,0
16919,109.51,0
16920,104.37,0
16921,116.6,0
16922,111.49,0
16923,109.97,0
16924,106.32,0
16925,106.08,0
16926,102.91,0
16927,107.15,0
16928,105.22,0
16929,109.79,0
16930,113.83,0
16931,114.74,0
16932,102.44,0
16933,106.61,0
16934,109.87,0
16935,107.45,0
16936,118.76,0
16937,109.81,0
16938,105.98,0
16939,102.88,0
16940,108.2,0
16941,94.71,0
16942,100.89,0
16943,104.15,0
16944,90.48,0
16945,98.51,0
16946,104.94,0
16947,105.75,0
16948,105.75,0
16949,107.4,0
16950,93.16,0
16951,100.31,0
16952,97.38,0
16953,101.15,0
16954,103.32,0
16955,96.83,0
16956,105.96,0
16957,102.14,0
16958,112.46,0
16959,105.96,0
16960,112.01,0
16961,105.5,0
16962,105.13,0
16963,109.51,0
16964,108.76,0
16965,111.56,0
16966,115.13,0
16967,109.23,0
16968,105.83,0
16969,99.98,0
16970,105.49,0
16971,98.45,0
16972,101.84,0
16973,107.05,0
16974,103.44,0
16975,108.72,0
16976,106.79,0
16977,137.15,0
16978,127.04,0
16979,109.81,0
16980,115.11,0
16981,116.82,0
16982,112.74,0
16983,105.84,0
16984,108.41,0
16985,100.9,0
16986,99.67,0
16987,115.79,0
16988,111.13,0
16989,115.25,0
16990,117.11,0
16991,115.77,0
16992,108.14,0
16993,122.09,0
16994,110.24,0
16995,117.66,0
16996,110.85,0
16997,112.88,0
16998,109.31,0
16999,113.72,0
17000,109.37,0
17001,105.71,0
17002,108.08,0
17003,103.21,0
17004,104.7,0
17005,106.69,0
17006,102.49,0
17007,111.31,0
17008,111.59,0
17009,111.21,0
17010,114.07,0
17011,118.9,0
17012,115.71,0
17013,105.25,0
17014,115.69,0
17015,107.41,0
17016,114.06,0
17017,112.96,0
17018,114.22,0
17019,111.84,0
17020,116.87,0
17021,122.42,0
17022,110.91,0
17023,115.97,0
17024,117.05,0
17025,119.27,0
17026,118.65,0
17027,116.32,0
17028,113.82,0
17029,110.2,0
17030,111.89,0
17031,111.41,0
17032,109.98,0
17033,117.17,0
17034,108.56,0
17035,113.41,0
17036,117.67,0
17037,121.05,0
17038,121.67,0
17039,113.5,0
17040,102.67,0
17041,110.21,0
17042,116.94,0
17043,112.26,0
17044,118.71,0
17045,109.99,0
17046,119.96,0
17047,124.37,0
17048,133.23,0
17049,153.78,0
17050,163.96,0
17051,142.85,0
17052,131.33,0
17053,127.43,0
17054,130.2,0
17055,124.81,0
17056,121.7,0
17057,126.36,0
17058,152.47,0
17059,147.58,0
17060,134.97,0
17061,127.0,0
17062,127.04,0
17063,136.22,0
17064,136.53,0
17065,136.05,0
17066,151.93,0
17067,137.02,0
17068,134.84,0
17069,131.97,0
17070,127.86,0
17071,132.93,0
17072,126.22,0
17073,133.94,0
17074,131.28,0
17075,128.58,0
17076,133.94,0
17077,131.82,0
17078,130.27,0
17079,138.79,0
17080,131.39,0
17081,132.85,0
17082,130.09,0
17083,132.94,0
17084,136.1,0
17085,139.69,0
17086,135.12,0
17087,133.63,0
17088,131.15,0
17089,140.34,0
17090,135.86,0
17091,125.48,0
17092,124.45,0
17093,134.32,0
17094,132.59,0
17095,139.0,0
17096,142.7,0
17097,134.96,0
17098,129.42,0
17099,125.7,0
17100,132.3,0
17101,132.52,0
17102,131.37,0
17103,137.66,0
17104,128.84,0
17105,125.39,0
17106,129.53,0
17107,124.68,0
17108,127.59,0
17109,129.97,0
17110,130.74,0
17111,132.92,0
17112,128.3,0
17113,126.44,0
17114,132.38,0
17115,128.9,0
17116,125.2,0
17117,128.62,0
17118,134.48,0
17119,134.6,0
17120,132.21,0
17121,126.93,0
17122,122.81,0
17123,128.37,0
17124,130.19,0
17125,135.33,0
17126,129.65,0
17127,127.86,0
17128,127.03,0
17129,120.74,0
17130,123.51,0
17131,127.88,0
17132,129.16,0
17133,132.15,0
17134,131.62,0
17135,129.33,0
17136,127.93,0
17137,132.07,0
17138,132.03,0
17139,135.45,0
17140,134.59,0
17141,136.55,0
17142,130.98,0
17143,127.55,0
17144,131.76,0
17145,133.41,0
17146,136.2,0
17147,135.11,0
17148,134.09,0
17149,132.02,0
17150,140.6,0
17151,123.73,0
17152,131.24,0
17153,133.97,0
17154,134.47,0
17155,141.28,0
17156,140.72,0
17157,137.91,0
17158,142.28,0
17159,137.48,0
17160,131.37,0
17161,137.28,0
17162,132.37,0
17163,136.09,0
17164,137.14,0
17165,129.9,0
17166,133.57,0
17167,134.58,0
17168,142.63,0
17169,135.89,0
17170,136.97,0
17171,141.59,0
17172,145.05,0
17173,136.79,0
17174,138.85,0
17175,144.03,0
17176,142.57,0
17177,137.13,0
17178,139.84,0
17179,140.57,0
17180,137.53,0
17181,138.38,0
17182,133.49,0
17183,141.87,0
17184,143.92,0
17185,143.7,0
17186,148.92,0
17187,141.84,0
17188,146.11,0
17189,142.94,0
17190,146.67,0
17191,148.89,0
17192,155.67,0
17193,155.34,0
17194,147.71,0
17195,154.25,0
17196,150.9,0
17197,152.95,0
17198,139.56,0
17199,153.28,0
17200,142.36,0
17201,148.5,0
17202,151.41,0
17203,147.61,0
17204,150.42,0
17205,152.33,0
17206,146.92,0
17207,151.28,0
17208,148.36,0
17209,148.96,0
17210,147.36,0
17211,145.87,0
17212,137.74,0
17213,157.9,0
17214,151.11,0
17215,148.78,0
17216,147.71,0
17217,148.14,0
17218,149.73,0
17219,156.42,0
17220,153.71,0
17221,154.5,0
17222,143.95,0
17223,141.1,0
17224,150.59,0
17225,146.73,0
17226,155.47,0
17227,142.42,0
17228,153.39,0
17229,146.3,0
17230,144.99,0
17231,147.37,0
17232,151.07,0
17233,153.66,0
17234,151.48,0
17235,155.61,0
17236,153.91,0
17237,155.71,0
17238,153.25,0
17239,147.82,0
17240,154.08,0
17241,147.89,0
17242,151.39,0
17243,156.17,0
17244,158.85,0
17245,150.98,0
17246,157.1,0
17247,156.51,0
17248,157.45,0
17249,152.13,0
17250,151.4,0
17251,154.24,0
17252,155.64,0
17253,155.77,0
17254,156.76,0
17255,152.87,0
17256,170.29,0
17257,161.7,0
17258,167.62,0
17259,166.24,0
17260,151.1,0
17261,156.09,0
17262,149.27,0
17263,153.29,0
17264,154.09,0
17265,159.89,0
17266,158.12,0
17267,154.5,0
17268,174.07,0
17269,167.82,0
17270,159.85,0
17271,150.39,0
17272,163.8,0
17273,178.36,0
17274,171.56,0
17275,160.97,0
17276,168.54,0
17277,168.86,0
17278,174.08,0
17279,166.64,0
17280,169.7,0
17281,182.73,0
17282,172.47,0
17283,163.29,0
17284,162.27,0
17285,161.32,0
17286,166.44,0
17287,168.9,0
17288,161.32,0
17289,162.07,0
17290,163.03,0
17291,167.5,0
17292,167.1,0
17293,167.12,0
17294,165.13,0
17295,166.23,0
17296,168.74,0
17297,193.43,0
17298,169.16,0
17299,167.52,0
17300,153.98,0
17301,155.36,0
17302,161.12,0
17303,170.24,0
17304,165.06,0
17305,165.82,0
17306,166.79,0
17307,166.51,0
17308,168.27,0
17309,163.03,0
17310,165.34,0
17311,156.85,0
17312,166.69,0
17313,170.67,0
17314,169.26,0
17315,170.39,0
17316,179.88,0
17317,174.14,0
17318,171.24,0
17319,176.85,0
17320,178.97,0
17321,173.46,0
17322,181.27,0
17323,170.61,0
17324,180.07,0
17325,178.76,0
17326,171.05,0
17327,172.23,0
17328,173.06,0
17329,162.73,0
17330,162.71,0
17331,157.09,0
17332,179.09,0
17333,169.4,0
17334,166.85,0
17335,168.46,0
17336,174.95,0
17337,177.05,0
17338,172.49,0
17339,176.0,0
17340,174.91,0
17341,161.22,0
17342,163.9,0
17343,163.27,0
17344,158.92,0
17345,156.25,0
17346,155.0,0
17347,168.32,0
17348,169.97,0
17349,162.27,0
17350,163.02,0
17351,161.89,0
17352,160.01,0
17353,167.03,0
17354,160.73,0
17355,156.81,0
17356,157.72,0
17357,155.54,0
17358,152.39,0
17359,146.42,0
17360,147.24,0
17361,163.3,0
17362,160.21,0
17363,148.95,0
17364,155.4,0
17365,179.16,0
17366,184.05,0
17367,180.04,0
17368,182.55,0
17369,180.09,0
17370,183.53,0
17371,192.82,0
17372,185.86,0
17373,183.17,0
17374,189.86,0
17375,185.67,0
17376,189.69,0
17377,196.97,0
17378,184.17,0
17379,151.07,0
17380,181.51,0
17381,171.33,0
17382,168.77,0
17383,179.33,0
17384,174.37,0
17385,176.05,0
17386,178.0,0
17387,183.42,0
17388,172.71,0
17389,172.61,0
17390,179.81,0
17391,178.47,0
17392,174.88,0
17393,179.9,0
17394,147.76,0
17395,148.5,0
17396,148.94,0
17397,148.41,0
17398,146.67,0
17399,138.68,0
17400,134.92,0
17401,141.15,0
17402,144.08,0
17403,140.95,0
17404,145.73,0
17405,144.46,0
17406,152.35,0
17407,145.26,0
17408,147.42,0
17409,143.94,0
17410,147.11,0
17411,145.23,0
17412,137.43,0
17413,137.16,0
17414,141.45,0
17415,143.03,0
17416,144.82,0
17417,143.77,0
17418,146.68,0
17419,137.77,0
17420,136.0,0
17421,143.03,0
17422,144.24,0
17423,138.19,0
17424,143.17,0
17425,137.88,0
17426,142.73,0
17427,142.04,0
17428,145.11,0
17429,147.05,0
17430,136.7,0
17431,147.79,0
17432,142.71,0
17433,143.98,0
17434,141.82,0
17435,138.87,0
17436,143.05,0
17437,147.94,0
17438,144.21,0
17439,143.79,0
17440,141.42,0
17441,149.51,0
17442,143.56,0
17443,148.79,0
17444,141.23,0
17445,142.76,0
17446,142.36,0
17447,152.22,0
17448,143.25,0
17449,137.42,0
17450,137.49,0
17451,147.06,0
17452,140.38,0
17453,157.0,0
17454,154.06,0
17455,146.95,0
17456,152.33,0
17457,151.2,0
17458,148.54,0
17459,150.98,0
17460,147.46,0
17461,145.43,0
17462,154.87,0
17463,146.1,0
17464,148.57,0
17465,146.59,0
17466,149.8,0
17467,150.56,0
17468,157.21,0
17469,146.48,0
17470,145.12,0
17471,149.42,0
17472,139.76,0
17473,141.15,0
17474,141.66,0
17475,136.32,0
17476,140.51,0
17477,142.95,0
17478,137.37,0
17479,141.4,0
17480,137.18,0
17481,145.07,0
17482,146.04,0
17483,146.97,0
17484,146.82,0
17485,145.0,0
17486,141.83,0
17487,140.12,0
17488,136.92,0
17489,137.98,0
17490,145.56,0
17491,146.73,0
17492,144.49,0
17493,141.35,0
17494,137.16,0
17495,143.25,0
17496,152.66,0
17497,154.11,0
17498,143.21,0
17499,143.05,0
17500,143.23,0
17501,148.34,0
17502,154.51,0
17503,149.29,0
17504,144.15,0
17505,144.09,0
17506,147.34,0
17507,143.56,0
17508,142.9,0
17509,144.56,0
17510,140.56,0
17511,153.89,0
17512,144.06,0
17513,148.17,0
17514,148.16,0
17515,148.58,0
17516,144.5,0
17517,144.53,0
17518,144.95,0
17519,149.52,0
17520,153.18,0
17521,150.32,0
17522,155.8,0
17523,142.47,0
17524,150.24,0
17525,147.6,0
17526,151.66,0
17527,147.23,0
17528,147.4,0
17529,141.78,0
17530,151.81,0
17531,148.49,0
17532,154.6,0
17533,150.14,0
17534,151.95,0
17535,151.51,0
17536,146.7,0
17537,144.78,0
17538,149.42,0
17539,144.95,0
17540,136.27,0
17541,151.05,0
17542,149.64,0
17543,146.19,0
17544,149.35,0
17545,147.09,0
17546,146.01,0
17547,152.67,0
17548,152.52,0
17549,142.43,0
17550,149.43,0
17551,153.08,0
17552,155.61,0
17553,155.28,0
17554,155.54,0
17555,150.84,0
17556,157.64,0
17557,154.03,0
17558,158.35,0
17559,154.62,0
17560,147.56,0
17561,159.46,0
17562,150.48,0
17563,154.34,0
17564,157.28,0
17565,153.3,0
17566,152.56,0
17567,153.47,0
17568,150.63,0
17569,140.88,0
17570,144.55,0
17571,162.46,0
17572,164.15,0
17573,160.42,0
17574,166.87,0
17575,152.89,0
17576,161.77,0
17577,166.78,0
17578,163.45,0
17579,157.2,0
17580,153.04,0
17581,142.22,0
17582,154.49,0
17583,152.88,0
17584,154.04,0
17585,155.31,0
17586,159.96,0
17587,163.87,0
17588,163.08,0
17589,163.68,0
17590,152.77,0
17591,156.22,0
17592,154.87,0
17593,164.14,0
17594,146.99,0
17595,155.33,0
17596,163.09,0
17597,151.77,0
17598,150.12,0
17599,152.76,0
17600,157.09,0
17601,160.89,0
17602,163.75,0
17603,167.48,0
17604,167.34,0
17605,156.71,0
17606,163.81,0
17607,162.24,0
17608,156.8,0
17609,159.71,0
17610,164.46,0
17611,169.96,0
17612,161.7,0
17613,164.83,0
17614,153.47,0
17615,158.5,0
17616,166.97,0
17617,167.1,0
17618,169.82,0
17619,168.68,0
17620,154.68,0
17621,152.93,0
17622,164.42,0
17623,165.2,0
17624,156.11,0
17625,162.02,0
17626,161.48,0
17627,162.69,0
17628,167.84,0
17629,154.17,0
17630,155.87,0
17631,185.85,0
17632,163.94,0
17633,164.58,0
17634,166.14,0
17635,160.4,0
17636,166.01,0
17637,170.83,0
17638,153.5,0
17639,165.27,0
17640,161.48,0
17641,174.58,0
17642,177.66,0
17643,184.98,0
17644,189.18,0
17645,186.9,0
17646,173.29,0
17647,166.01,0
17648,155.9,0
17649,170.45,0
17650,166.66,0
17651,160.06,0
17652,161.92,0
17653,160.11,0
17654,161.54,0
17655,164.85,0
17656,166.02,0
17657,171.45,0
17658,159.46,0
17659,153.52,0
17660,148.91,0
17661,172.22,0
17662,174.87,0
17663,191.06,0
17664,168.29,0
17665,156.56,0
17666,164.64,0
17667,160.67,0
17668,162.16,0
17669,166.23,0
17670,174.24,0
17671,170.19,0
17672,162.42,0
17673,162.74,0
17674,170.19,0
17675,174.68,0
17676,165.8,0
17677,175.9,0
17678,169.22,0
17679,168.01,0
17680,156.18,0
17681,167.8,0
17682,165.97,0
17683,165.42,0
17684,169.49,0
17685,159.72,0
17686,168.96,0
17687,193.26,0
17688,181.88,0
17689,161.76,0
17690,160.11,0
17691,173.25,0
17692,182.92,0
17693,183.41,0
17694,162.79,0
17695,175.55,0
17696,165.01,0
17697,167.66,0
17698,159.28,0
17699,170.78,0
17700,157.69,0
17701,153.88,0
17702,155.79,0
17703,163.47,0
17704,162.6,0
17705,169.6,0
17706,166.37,0
17707,161.39,0
17708,156.44,0
17709,158.33,0
17710,176.02,0
17711,160.18,0
17712,157.08,0
17713,155.27,0
17714,155.49,0
17715,151.76,0
17716,159.19,0
17717,150.9,0
17718,155.88,0
17719,164.96,0
17720,152.74,0
17721,165.61,0
17722,173.49,0
17723,161.01,0
17724,151.7,0
17725,148.82,0
17726,152.16,0
17727,165.52,0
17728,155.6,0
17729,158.05,0
17730,148.08,0
17731,150.19,0
17732,149.3,0
17733,152.87,0
17734,152.19,0
17735,158.87,0
17736,159.36,0
17737,160.64,0
17738,153.33,0
17739,148.2,0
17740,141.54,0
17741,157.5,0
17742,159.36,0
17743,155.42,0
17744,146.67,0
17745,152.84,0
17746,155.01,0
17747,145.48,0
17748,139.51,0
17749,148.52,0
17750,162.15,0
17751,150.72,0
17752,158.32,0
17753,162.47,0
17754,156.69,0
17755,151.9,0
17756,157.95,0
17757,157.59,0
17758,161.96,0
17759,146.97,0
17760,155.31,0
17761,156.76,0
17762,155.78,0
17763,152.39,0
17764,156.46,0
17765,152.58,0
17766,155.65,0
17767,151.44,0
17768,154.99,0
17769,155.33,0
17770,156.41,0
17771,157.25,0
17772,155.87,0
17773,147.93,0
17774,154.96,0
17775,152.98,0
17776,149.72,0
17777,144.33,0
17778,148.17,0
17779,147.58,0
17780,154.04,0
17781,154.16,0
17782,147.7,0
17783,145.51,0
17784,149.67,0
17785,153.41,0
17786,151.38,0
17787,151.78,0
17788,155.35,0
17789,154.88,0
17790,152.54,0
17791,157.72,0
17792,155.07,0
17793,148.41,0
17794,153.83,0
17795,166.03,0
17796,158.67,0
17797,150.66,0
17798,149.36,0
17799,148.62,0
17800,154.2,0
17801,150.65,0
17802,157.0,0
17803,152.42,0
17804,152.72,0
17805,157.32,0
17806,150.93,0
17807,145.19,0
17808,144.0,0
17809,153.49,0
17810,163.2,0
17811,158.09,0
17812,162.12,0
17813,155.37,0
17814,153.38,0
17815,157.41,0
17816,166.97,0
17817,151.49,0
17818,152.67,0
17819,145.54,0
17820,150.38,0
17821,150.4,0
17822,158.51,0
17823,159.88,0
17824,151.44,0
17825,161.68,0
17826,154.66,0
17827,160.94,0
17828,156.66,0
17829,157.93,0
17830,160.48,0
17831,162.6,0
17832,155.4,0
17833,155.72,0
17834,158.83,0
17835,160.32,0
17836,162.45,0
17837,164.69,0
17838,156.96,0
17839,165.61,0
17840,169.64,0
17841,161.83,0
17842,161.63,0
17843,156.78,0
17844,161.51,0
17845,157.68,0
17846,159.51,0
17847,167.48,0
17848,164.2,0
17849,171.35,0
17850,170.02,0
17851,164.21,0
17852,170.4,0
17853,168.24,0
17854,165.83,0
17855,172.71,0
17856,176.66,0
17857,166.11,0
17858,169.77,0
17859,171.76,0
17860,160.87,0
17861,178.98,0
17862,191.8,0
17863,179.42,0
17864,176.03,0
17865,180.55,0
17866,165.22,0
17867,170.26,0
17868,172.16,0
17869,211.9,0
17870,184.01,0
17871,180.61,0
17872,172.16,0
17873,181.14,0
17874,170.54,0
17875,172.14,0
17876,177.6,0
17877,174.6,0
17878,176.6,0
17879,181.71,0
17880,184.3,0
17881,168.48,0
17882,164.26,0
17883,165.78,0
17884,165.56,0
17885,167.71,0
17886,172.39,0
17887,172.17,0
17888,184.59,0
17889,193.5,0
17890,191.22,0
17891,174.51,0
17892,180.16,0
17893,172.08,0
17894,178.26,0
17895,169.23,0
17896,171.23,0
17897,177.75,0
17898,176.9,0
17899,179.14,0
17900,178.68,0
17901,186.11,0
17902,180.2,0
17903,179.29,0
17904,189.07,0
17905,171.91,0
17906,175.89,0
17907,178.56,0
17908,192.82,0
17909,185.94,0
17910,195.55,0
17911,197.9,0
17912,178.44,0
17913,177.46,0
17914,179.85,0
17915,181.03,0
17916,190.16,0
17917,191.33,0
17918,185.72,0
17919,176.76,0
17920,197.39,0
17921,188.7,0
17922,187.72,0
17923,202.46,0
17924,176.87,0
17925,187.25,0
17926,180.34,0
17927,180.92,0
17928,192.33,0
17929,200.68,0
17930,188.32,0
17931,190.51,0
17932,189.4,0
17933,182.57,0
17934,183.83,0
17935,197.17,0
17936,193.35,0
17937,200.5,0
17938,209.58,0
17939,193.78,0
17940,201.13,0
17941,189.93,0
17942,190.05,0
17943,180.88,0
17944,190.75,0
17945,191.69,0
17946,185.33,0
17947,194.78,0
17948,188.0,0
17949,197.04,0
17950,178.09,0
17951,190.8,0
17952,212.24,0
17953,192.49,0
17954,176.63,0
17955,169.48,0
17956,182.55,0
17957,188.1,0
17958,203.46,0
17959,194.83,0
17960,199.21,0
17961,191.75,0
17962,181.76,0
17963,198.26,0
17964,192.28,0
17965,171.37,0
17966,186.97,0
17967,184.91,0
17968,181.68,0
17969,184.22,0
17970,195.43,0
17971,194.19,0
17972,188.01,0
17973,189.81,0
17974,184.32,0
17975,195.18,0
17976,195.46,0
17977,203.78,0
17978,193.42,0
17979,179.77,0
17980,192.62,0
17981,188.81,0
17982,182.01,0
17983,184.74,0
17984,180.03,0
17985,182.11,0
17986,176.82,0
17987,171.46,0
17988,206.82,0
17989,189.94,0
17990,210.54,0
17991,201.29,0
17992,190.16,0
17993,196.86,0
17994,203.43,0
17995,193.55,0
17996,183.74,0
17997,184.03,0
17998,200.93,0
17999,195.36,0
18000,183.13,0
18001,199.15,0
18002,198.08,0
18003,186.04,0
18004,194.14,0
18005,178.47,0
18006,199.87,0
18007,188.06,0
18008,180.9,0
18009,181.32,0
18010,172.66,0
18011,170.27,0
18012,175.46,0
18013,175.14,0
18014,173.66,0
18015,173.72,0
18016,177.59,0
18017,177.12,0
18018,171.32,0
18019,171.86,0
18020,176.71,0
18021,168.92,0
18022,168.26,0
18023,171.19,0
18024,170.0,0
18025,183.2,0
18026,170.06,0
18027,184.48,0
18028,170.87,0
18029,169.51,0
18030,165.89,0
18031,177.29,0
18032,173.62,0
18033,168.29,0
18034,164.89,0
18035,163.3,0
18036,160.86,0
18037,162.74,0
18038,161.3,0
18039,167.62,0
18040,161.52,0
18041,165.73,0
18042,157.04,0
18043,150.77,0
18044,153.89,0
18045,149.46,0
18046,148.14,0
18047,151.98,0
18048,154.98,0
18049,157.36,0
18050,143.55,0
18051,147.95,0
18052,158.84,0
18053,154.51,0
18054,147.93,0
18055,151.51,0
18056,154.02,0
18057,154.34,0
18058,149.58,0
18059,146.45,0
18060,149.33,0
18061,142.13,0
18062,139.16,0
18063,145.0,0
18064,143.1,0
18065,145.65,0
18066,148.51,0
18067,141.5,0
18068,143.24,0
18069,136.65,0
18070,146.11,0
18071,149.68,0
18072,145.5,0
18073,140.53,0
18074,135.16,0
18075,135.02,0
18076,141.68,0
18077,142.47,0
18078,136.75,0
18079,139.47,0
18080,138.99,0
18081,139.47,0
18082,133.83,0
18083,138.18,0
18084,130.46,0
18085,135.28,0
18086,136.09,0
18087,132.9,0
18088,138.97,0
18089,136.74,0
18090,138.51,0
18091,142.1,0
18092,137.51,0
18093,135.23,0
18094,138.14,0
18095,142.72,0
18096,137.26,0
18097,137.6,0
18098,141.18,0
18099,139.7,0
18100,134.82,0
18101,134.69,0
18102,137.44,0
18103,133.04,0
18104,126.3,0
18105,131.57,0
18106,138.25,0
18107,133.48,0
18108,130.86,0
18109,139.09,0
18110,136.36,0
18111,139.61,0
18112,134.05,0
18113,128.98,0
18114,134.16,0
18115,123.77,0
18116,126.08,0
18117,134.5,0
18118,124.25,0
18119,122.5,0
18120,122.82,0
18121,128.33,0
18122,123.81,0
18123,124.95,0
18124,126.62,0
18125,127.25,0
18126,129.81,0
18127,125.57,0
18128,124.39,0
18129,129.71,0
18130,127.09,0
18131,122.99,0
18132,123.53,0
18133,123.85,0
18134,109.24,0
18135,120.83,0
18136,126.76,0
18137,134.67,0
18138,129.41,0
18139,123.35,0
18140,121.77,0
18141,120.19,0
18142,117.97,0
18143,125.98,0
18144,124.74,0
18145,124.01,0
18146,121.65,0
18147,115.51,0
18148,123.64,0
18149,129.39,0
18150,126.4,0
18151,123.39,0
18152,123.52,0
18153,119.34,0
18154,121.83,0
18155,124.08,0
18156,120.0,0
18157,118.31,0
18158,122.94,0
18159,119.82,0
18160,121.25,0
18161,118.01,0
18162,115.57,0
18163,113.41,0
18164,111.44,0
18165,126.82,0
18166,120.94,0
18167,116.49,0
18168,115.84,0
18169,129.3,0
18170,132.18,0
18171,116.57,0
18172,114.17,0
18173,116.37,0
18174,117.6,0
18175,128.78,0
18176,128.06,0
18177,122.05,0
18178,113.91,0
18179,118.3,0
18180,117.05,0
18181,114.26,0
18182,109.01,0
18183,115.87,0
18184,117.39,0
18185,129.61,0
18186,123.72,0
18187,127.35,0
18188,128.82,0
18189,123.18,0
18190,118.44,0
18191,116.42,0
18192,121.69,0
18193,118.09,0
18194,112.8,0
18195,129.37,0
18196,123.67,0
18197,123.32,0
18198,129.85,0
18199,122.09,0
18200,116.22,0
18201,119.87,0
18202,114.08,0
18203,115.24,0
18204,107.08,0
18205,104.83,0
18206,116.41,0
18207,119.98,0
18208,116.82,0
18209,125.68,0
18210,128.33,0
18211,120.88,0
18212,114.04,0
18213,119.87,0
18214,117.27,0
18215,121.42,0
18216,116.74,0
18217,119.27,0
18218,117.92,0
18219,119.87,0
18220,115.41,0
18221,100.92,0
18222,112.53,0
18223,103.0,0
18224,105.57,0
18225,120.57,0
18226,118.24,0
18227,120.82,0
18228,112.69,0
18229,122.16,0
18230,122.46,0
18231,123.53,0
18232,114.67,0
18233,122.02,0
18234,106.82,0
18235,108.21,0
18236,122.45,0
18237,113.1,0
18238,115.39,0
18239,119.02,0
18240,116.81,0
18241,119.18,0
18242,112.2,0
18243,114.18,0
18244,109.78,0
18245,112.66,0
18246,115.91,0
18247,120.04,0
18248,118.8,0
18249,113.95,0
18250,113.55,0
18251,113.96,0
18252,116.82,0
18253,105.49,0
18254,106.78,0
18255,112.92,0
18256,104.71,0
18257,104.49,0
18258,105.1,0
18259,106.28,0
18260,113.15,0
18261,106.5,0
18262,110.87,0
18263,114.72,0
18264,108.65,0
18265,108.81,0
18266,106.13,0
18267,100.31,0
18268,103.86,0
18269,110.47,0
18270,115.22,0
18271,116.14,0
18272,108.77,0
18273,107.76,0
18274,103.49,0
18275,118.25,0
18276,107.24,0
18277,124.94,0
18278,115.18,0
18279,98.69,0
18280,107.0,0
18281,112.27,0
18282,100.73,0
18283,92.98,0
18284,96.92,0
18285,100.51,0
18286,104.54,0
18287,106.41,0
18288,115.8,0
18289,116.8,0
18290,112.43,0
18291,108.35,0
18292,97.83,0
18293,109.99,0
18294,98.85,0
18295,104.84,0
18296,108.1,0
18297,96.7,0
18298,88.48,0
18299,98.15,0
18300,108.13,0
18301,109.95,0
18302,120.51,0
18303,104.99,0
18304,109.91,0
18305,110.39,0
18306,115.37,0
18307,108.32,0
18308,114.3,0
18309,106.79,0
18310,117.7,0
18311,110.15,0
18312,106.54,0
18313,105.01,0
18314,101.75,0
18315,103.18,0
18316,98.27,0
18317,102.67,0
18318,107.54,0
18319,103.25,0
18320,97.04,0
18321,106.35,0
18322,107.46,0
18323,102.84,0
18324,111.4,0
18325,108.96,0
18326,108.47,0
18327,104.58,0
18328,109.25,0
18329,115.97,0
18330,115.55,0
18331,108.16,0
18332,111.33,0
18333,110.91,0
18334,119.73,0
18335,113.59,0
18336,118.51,0
18337,114.69,0
18338,104.12,0
18339,105.08,0
18340,105.34,0
18341,100.64,0
18342,101.68,0
18343,108.45,0
18344,111.65,0
18345,120.06,0
18346,118.99,0
18347,114.97,0
18348,108.76,0
18349,102.67,0
18350,96.16,0
18351,106.58,0
18352,104.02,0
18353,102.64,0
18354,116.49,0
18355,102.4,0
18356,102.77,0
18357,109.45,0
18358,114.0,0
18359,103.67,0
18360,107.71,0
18361,108.38,0
18362,111.76,0
18363,116.1,0
18364,104.34,0
18365,115.23,0
18366,108.55,0
18367,108.3,0
18368,111.97,0
18369,106.76,0
18370,103.49,0
18371,103.59,0
18372,105.02,0
18373,110.7,0
18374,107.44,0
18375,110.99,0
18376,98.6,0
18377,103.9,0
18378,107.82,0
18379,101.3,0
18380,99.68,0
18381,107.01,0
18382,97.71,0
18383,108.34,0
18384,116.03,0
18385,111.51,0
18386,105.76,0
18387,105.81,0
18388,101.27,0
18389,102.62,0
18390,122.63,0
18391,100.47,0
18392,114.83,0
18393,111.08,0
18394,110.68,0
18395,108.3,0
18396,104.58,0
18397,108.63,0
18398,108.06,0
18399,109.39,0
18400,113.01,0
18401,103.45,0
18402,105.91,0
18403,113.83,0
18404,121.01,0
18405,125.83,0
18406,133.88,0
18407,130.4,0
18408,117.15,0
18409,118.78,0
18410,118.94,0
18411,114.59,0
18412,118.06,0
18413,105.64,0
18414,107.14,0
18415,111.28,0
18416,110.96,0
18417,113.12,0
18418,117.31,0
18419,116.37,0
18420,116.65,0
18421,117.52,0
18422,121.23,0
18423,120.84,0
18424,110.74,0
18425,114.42,0
18426,105.23,0
18427,112.85,0
18428,119.43,0
18429,120.95,0
18430,110.42,0
18431,109.66,0
18432,108.32,0
18433,104.77,0
18434,104.98,0
18435,111.8,0
18436,112.52,0
18437,117.41,0
18438,111.77,0
18439,107.85,0
18440,117.6,0
18441,110.44,0
18442,107.0,0
18443,102.96,0
18444,117.08,0
18445,109.81,0
18446,109.47,0
18447,109.62,0
18448,117.4,0
18449,119.61,0
18450,120.96,0
18451,114.43,0
18452,115.66,0
18453,122.2,0
18454,124.88,0
18455,123.23,0
18456,115.55,0
18457,110.28,0
18458,114.45,0
18459,109.29,0
18460,105.52,0
18461,122.33,0
18462,110.41,0
18463,115.41,0
18464,117.92,0
18465,115.89,0
18466,118.59,0
18467,118.13,0
18468,119.91,0
18469,117.24,0
18470,120.4,0
18471,120.01,0
18472,113.8,0
18473,113.54,0
18474,106.99,0
18475,119.65,0
18476,117.61,0
18477,118.67,0
18478,122.1,0
18479,117.05,0
18480,115.74,0
18481,112.46,0
18482,117.19,0
18483,118.96,0
18484,115.78,0
18485,116.44,0
18486,125.66,0
18487,113.38,0
18488,111.56,0
18489,114.35,0
18490,110.26,0
18491,120.54,0
18492,122.27,0
18493,115.15,0
18494,128.24,0
18495,124.23,0
18496,123.16,0
18497,118.15,0
18498,107.19,0
18499,112.69,0
18500,118.84,0
18501,119.32,0
18502,121.38,0
18503,120.41,0
18504,123.39,0
18505,115.29,0
18506,120.52,0
18507,115.56,0
18508,119.73,0
18509,126.4,0
18510,126.53,0
18511,125.01,0
18512,122.83,0
18513,129.28,0
18514,120.63,0
18515,118.17,0
18516,123.39,0
18517,119.32,0
18518,120.85,0
18519,119.16,0
18520,115.75,0
18521,113.17,0
18522,115.14,0
18523,121.03,0
18524,119.05,0
18525,125.05,0
18526,120.82,0
18527,117.0,0
18528,113.64,0
18529,120.81,0
18530,114.8,0
18531,121.77,0
18532,119.27,0
18533,113.73,0
18534,114.58,0
18535,121.68,0
18536,123.12,0
18537,129.71,0
18538,121.74,0
18539,125.59,0
18540,125.89,0
18541,126.46,0
18542,117.6,0
18543,120.6,0
18544,122.82,0
18545,124.62,0
18546,122.64,0
18547,128.78,0
18548,125.38,0
18549,120.72,0
18550,125.77,0
18551,121.1,0
18552,126.17,0
18553,122.14,0
18554,124.05,0
18555,128.12,0
18556,129.72,0
18557,120.75,0
18558,112.93,0
18559,122.62,0
18560,121.18,0
18561,119.4,0
18562,120.99,0
18563,126.59,0
18564,133.08,0
18565,127.79,0
18566,132.62,0
18567,126.35,0
18568,125.34,0
18569,127.47,0
18570,120.64,0
18571,127.18,0
18572,134.16,0
18573,136.98,0
18574,136.35,0
18575,132.32,0
18576,130.57,0
18577,137.04,0
18578,135.17,0
18579,126.43,0
18580,133.75,0
18581,137.53,0
18582,137.09,0
18583,138.93,0
18584,132.9,0
18585,139.33,0
18586,137.03,0
18587,139.75,0
18588,132.81,0
18589,127.22,0
18590,127.06,0
18591,135.2,0
18592,128.55,0
18593,125.32,0
18594,124.83,0
18595,130.6,0
18596,126.47,0
18597,130.22,0
18598,132.71,0
18599,135.12,0
18600,131.31,0
18601,132.63,0
18602,134.15,0
18603,133.3,0
18604,135.74,0
18605,130.07,0
18606,135.37,0
18607,134.18,0
18608,134.39,0
18609,136.62,0
18610,134.39,0
18611,143.78,0
18612,132.69,0
18613,136.51,0
18614,134.49,0
18615,134.85,0
18616,149.42,0
18617,142.66,0
18618,146.47,0
18619,144.45,0
18620,138.58,0
18621,142.31,0
18622,150.5,0
18623,154.43,0
18624,173.66,0
18625,172.24,0
18626,157.65,0
18627,161.84,0
18628,168.23,0
18629,172.98,0
18630,167.73,0
18631,168.46,0
18632,164.75,0
18633,167.82,0
18634,163.97,0
18635,162.09,0
18636,156.59,0
18637,158.74,0
18638,158.59,0
18639,151.39,0
18640,154.28,0
18641,159.03,0
18642,161.13,0
18643,151.93,0
18644,159.13,0
18645,155.18,0
18646,158.94,0
18647,160.79,0
18648,160.44,0
18649,160.72,0
18650,168.6,0
18651,162.47,0
18652,162.99,0
18653,155.09,0
18654,148.32,0
18655,156.99,0
18656,152.39,0
18657,153.0,0
18658,164.4,0
18659,163.49,0
18660,163.06,0
18661,161.21,0
18662,163.42,0
18663,158.48,0
18664,155.09,0
18665,157.98,0
18666,156.91,0
18667,163.52,0
18668,158.29,0
18669,151.64,0
18670,165.96,0
18671,168.14,0
18672,163.96,0
18673,160.41,0
18674,161.81,0
18675,162.24,0
18676,165.92,0
18677,164.22,0
18678,159.74,0
18679,163.72,0
18680,158.03,0
18681,157.29,0
18682,159.59,0
18683,161.88,0
18684,163.7,0
18685,159.78,0
18686,170.55,0
18687,170.83,0
18688,160.04,0
18689,166.55,0
18690,164.56,0
18691,167.87,0
18692,170.17,0
18693,169.17,0
18694,168.04,0
18695,170.18,0
18696,166.05,0
18697,163.28,0
18698,165.55,0
18699,170.87,0
18700,174.89,0
18701,167.26,0
18702,173.35,0
18703,186.1,0
18704,188.23,0
18705,165.76,0
18706,168.28,0
18707,168.81,0
18708,166.56,0
18709,180.17,0
18710,181.65,0
18711,171.41,0
18712,172.14,0
18713,171.39,0
18714,171.46,0
18715,183.2,0
18716,180.92,0
18717,170.55,0
18718,170.81,0
18719,169.43,0
18720,170.84,0
18721,173.16,0
18722,173.47,0
18723,179.21,0
18724,183.78,0
18725,175.35,0
18726,165.29,0
18727,179.55,0
18728,168.93,0
18729,178.19,0
18730,184.92,0
18731,183.66,0
18732,181.52,0
18733,190.58,0
18734,185.68,0
18735,177.01,0
18736,172.23,0
18737,172.77,0
18738,175.54,0
18739,179.37,0
18740,191.11,0
18741,180.56,0
18742,187.66,0
18743,185.66,0
18744,173.88,0
18745,187.9,0
18746,178.39,0
18747,170.05,0
18748,178.93,0
18749,180.03,0
18750,178.18,0
18751,174.25,0
18752,176.17,0
18753,175.58,0
18754,173.64,0
18755,169.88,0
18756,166.93,0
18757,174.82,0
18758,181.7,0
18759,180.42,0
18760,189.09,0
18761,191.43,0
18762,192.76,0
18763,193.24,0
18764,178.47,0
18765,183.17,0
18766,174.07,0
18767,182.35,0
18768,194.02,0
18769,171.67,0
18770,168.48,0
18771,172.26,0
18772,173.57,0
18773,180.77,0
18774,179.69,0
18775,171.86,0
18776,174.79,0
18777,178.53,0
18778,171.88,0
18779,162.8,0
18780,162.8,0
18781,166.81,0
18782,162.81,0
18783,164.37,0
18784,174.14,0
18785,170.91,0
18786,153.43,0
18787,158.44,0
18788,155.57,0
18789,153.13,0
18790,158.08,0
18791,160.7,0
18792,155.88,0
18793,148.04,0
18794,149.88,0
18795,149.32,0
18796,151.99,0
18797,151.41,0
18798,153.02,0
18799,151.6,0
18800,152.35,0
18801,149.08,0
18802,155.82,0
18803,156.29,0
18804,153.03,0
18805,150.06,0
18806,153.11,0
18807,147.7,0
18808,153.04,0
18809,154.38,0
18810,152.59,0
18811,152.19,0
18812,154.12,0
18813,154.05,0
18814,145.86,0
18815,147.02,0
18816,150.61,0
18817,169.83,0
18818,153.68,0
18819,147.52,0
18820,141.07,0
18821,144.95,0
18822,145.91,0
18823,142.33,0
18824,149.79,0
18825,149.55,0
18826,142.44,0
18827,144.13,0
18828,148.63,0
18829,147.92,0
18830,145.85,0
18831,145.92,0
18832,151.26,0
18833,148.59,0
18834,154.31,0
18835,151.48,0
18836,154.38,0
18837,149.11,0
18838,147.39,0
18839,148.96,0
18840,153.62,0
18841,153.27,0
18842,152.12,0
18843,147.61,0
18844,139.3,0
18845,144.21,0
18846,146.88,0
18847,147.92,0
18848,149.72,0
18849,149.45,0
18850,152.56,0
18851,151.26,0
18852,143.98,0
18853,149.13,0
18854,148.48,0
18855,148.35,0
18856,151.67,0
18857,153.84,0
18858,154.88,0
18859,144.6,0
18860,148.66,0
18861,162.24,0
18862,159.32,0
18863,158.6,0
18864,153.95,0
18865,154.61,0
18866,155.53,0
18867,161.15,0
18868,160.73,0
18869,157.22,0
18870,153.83,0
18871,159.58,0
18872,156.47,0
18873,154.12,0
18874,149.68,0
18875,149.2,0
18876,155.46,0
18877,152.93,0
18878,164.11,0
18879,162.19,0
18880,165.08,0
18881,162.42,0
18882,160.46,0
18883,159.05,0
18884,166.28,0
18885,166.77,0
18886,161.28,0
18887,161.22,0
18888,154.9,0
18889,163.71,0
18890,161.81,0
18891,165.31,0
18892,158.79,0
18893,161.33,0
18894,167.59,0
18895,171.17,0
18896,164.26,0
18897,166.4,0
18898,151.52,0
18899,157.37,0
18900,156.72,0
18901,156.01,0
18902,160.19,0
18903,155.3,0
18904,159.5,0
18905,163.22,0
18906,165.73,0
18907,160.24,0
18908,160.62,0
18909,159.89,0
18910,162.89,0
18911,157.66,0
18912,158.2,0
18913,160.9,0
18914,164.16,0
18915,160.21,0
18916,164.66,0
18917,161.05,0
18918,156.12,0
18919,157.91,0
18920,156.7,0
18921,166.32,0
18922,153.32,0
18923,149.26,0
18924,151.69,0
18925,154.18,0
18926,146.59,0
18927,151.95,0
18928,146.78,0
18929,149.74,0
18930,148.36,0
18931,150.44,0
18932,141.52,0
18933,142.93,0
18934,158.43,0
18935,144.05,0
18936,151.62,0
18937,153.77,0
18938,154.58,0
18939,148.65,0
18940,155.55,0
18941,154.58,0
18942,157.43,0
18943,152.08,0
18944,155.3,0
18945,153.83,0
18946,147.47,0
18947,147.17,0
18948,148.35,0
18949,155.08,0
18950,157.68,0
18951,156.18,0
18952,158.05,0
18953,156.34,0
18954,153.94,0
18955,151.33,0
18956,159.34,0
18957,151.49,0
18958,154.21,0
18959,170.57,0
18960,160.03,0
18961,154.64,0
18962,152.73,0
18963,150.08,0
18964,149.62,0
18965,152.45,0
18966,153.52,0
18967,151.02,0
18968,152.41,0
18969,161.69,0
18970,153.47,0
18971,153.27,0
18972,153.92,0
18973,154.59,0
18974,167.24,0
18975,152.64,0
18976,160.72,0
18977,165.89,0
18978,159.57,0
18979,166.16,0
18980,175.45,0
18981,166.56,0
18982,165.07,0
18983,158.96,0
18984,163.91,0
18985,164.85,0
18986,163.52,0
18987,151.3,0
18988,156.96,0
18989,158.96,0
18990,160.02,0
18991,159.66,0
18992,156.72,0
18993,152.6,0
18994,163.8,0
18995,161.64,0
18996,175.05,0
18997,169.69,0
18998,170.18,0
18999,184.77,0
19000,171.69,0
19001,160.33,0
19002,175.07,0
19003,180.26,0
19004,167.1,0
19005,160.19,0
19006,165.41,0
19007,167.37,0
19008,174.38,0
19009,176.43,0
19010,163.55,0
19011,158.54,0
19012,166.98,0
19013,169.14,0
19014,163.45,0
19015,162.14,0
19016,164.33,0
19017,167.2,0
19018,165.09,0
19019,166.3,0
19020,168.25,0
19021,156.45,0
19022,170.11,0
19023,156.59,0
19024,158.76,0
19025,158.27,0
19026,158.18,0
19027,164.17,0
19028,175.46,0
19029,178.24,0
19030,168.69,0
19031,156.79,0
19032,159.58,0
19033,172.36,0
19034,164.21,0
19035,165.54,0
19036,161.84,0
19037,165.64,0
19038,166.35,0
19039,171.69,0
19040,173.88,0
19041,169.05,0
19042,158.91,0
19043,163.32,0
19044,173.45,0
19045,165.91,0
19046,166.48,0
19047,162.35,0
19048,166.89,0
19049,170.31,0
19050,159.04,0
19051,164.48,0
19052,170.36,0
19053,182.15,0
19054,177.05,0
19055,182.13,0
19056,172.31,0
19057,174.67,0
19058,181.56,0
19059,194.65,0
19060,192.87,0
19061,183.22,0
19062,174.84,0
19063,174.59,0
19064,169.7,0
19065,164.39,0
19066,175.81,0
19067,161.84,0
19068,168.96,0
19069,162.53,0
19070,163.79,0
19071,167.78,0
19072,164.32,0
19073,172.6,0
19074,159.78,0
19075,162.98,0
19076,159.51,0
19077,163.25,0
19078,175.25,0
19079,162.14,0
19080,162.31,0
19081,173.35,0
19082,171.93,0
19083,158.94,0
19084,161.06,0
19085,164.84,0
19086,163.11,0
19087,166.48,0
19088,165.9,0
19089,183.89,0
19090,168.27,0
19091,170.42,0
19092,164.18,0
19093,170.37,0
19094,170.27,0
19095,175.39,0
19096,179.11,0
19097,174.16,0
19098,178.96,0
19099,173.97,0
19100,163.34,0
19101,172.36,0
19102,170.76,0
19103,177.19,0
19104,168.96,0
19105,162.95,0
19106,160.93,0
19107,168.79,0
19108,173.66,0
19109,166.55,0
19110,161.5,0
19111,170.33,0
19112,165.47,0
19113,166.22,0
19114,165.28,0
19115,167.21,0
19116,172.35,0
19117,173.22,0
19118,172.98,0
19119,180.49,0
19120,163.69,0
19121,176.05,0
19122,170.02,0
19123,166.3,0
19124,162.82,0
19125,186.61,0
19126,174.49,0
19127,165.39,0
19128,157.86,0
19129,153.88,0
19130,166.39,0
19131,169.35,0
19132,160.88,0
19133,160.46,0
19134,165.27,0
19135,165.18,0
19136,163.91,0
19137,171.21,0
19138,161.99,0
19139,150.62,0
19140,153.47,0
19141,152.2,0
19142,169.86,0
19143,162.6,0
19144,165.63,0
19145,160.29,0
19146,160.73,0
19147,160.82,0
19148,153.81,0
19149,159.87,0
19150,155.5,0
19151,154.06,0
19152,161.32,0
19153,165.54,0
19154,162.66,0
19155,159.85,0
19156,162.84,0
19157,153.66,0
19158,165.01,0
19159,167.94,0
19160,158.63,0
19161,160.21,0
19162,157.34,0
19163,159.85,0
19164,161.58,0
19165,156.86,0
19166,151.04,0
19167,155.77,0
19168,147.93,0
19169,153.43,0
19170,151.34,0
19171,169.05,0
19172,163.04,0
19173,155.74,0
19174,159.94,0
19175,153.61,0
19176,149.14,0
19177,150.6,0
19178,154.04,0
19179,142.05,0
19180,146.62,0
19181,157.16,0
19182,158.65,0
19183,154.63,0
19184,153.57,0
19185,156.26,0
19186,146.1,0
19187,145.77,0
19188,152.71,0
19189,147.92,0
19190,152.15,0
19191,152.32,0
19192,150.67,0
19193,157.17,0
19194,155.64,0
19195,155.17,0
19196,150.61,0
19197,160.04,0
19198,160.26,0
19199,157.5,0
19200,154.74,0
19201,162.8,0
19202,155.22,0
19203,155.78,0
19204,152.52,0
19205,151.9,0
19206,145.6,0
19207,162.35,0
19208,164.96,0
19209,164.49,0
19210,152.86,0
19211,146.19,0
19212,150.87,0
19213,148.93,0
19214,152.14,0
19215,148.47,0
19216,151.53,0
19217,146.68,0
19218,147.57,0
19219,153.26,0
19220,152.15,0
19221,149.25,0
19222,147.69,0
19223,149.54,0
19224,155.36,0
19225,150.4,0
19226,150.47,0
19227,139.35,0
19228,145.87,0
19229,147.81,0
19230,150.85,0
19231,153.98,0
19232,145.16,0
19233,146.73,0
19234,157.04,0
19235,152.38,0
19236,153.94,0
19237,156.17,0
19238,163.64,0
19239,152.6,0
19240,149.42,0
19241,150.71,0
19242,154.25,0
19243,161.36,0
19244,159.59,0
19245,146.11,0
19246,156.08,0
19247,152.32,0
19248,155.62,0
19249,156.66,0
19250,153.05,0
19251,153.64,0
19252,162.72,0
19253,159.83,0
19254,159.78,0
19255,152.51,0
19256,158.72,0
19257,155.92,0
19258,151.09,0
19259,156.85,0
19260,159.6,0
19261,166.91,0
19262,164.98,0
19263,157.68,0
19264,158.93,0
19265,165.04,0
19266,156.01,0
19267,158.39,0
19268,160.53,0
19269,160.39,0
19270,159.94,0
19271,176.48,0
19272,174.59,0
19273,166.76,0
19274,163.35,0
19275,167.36,0
19276,170.21,0
19277,171.72,0
19278,169.1,0
19279,161.45,0
19280,169.63,0
19281,166.08,0
19282,166.99,0
19283,164.69,0
19284,164.77,0
19285,166.42,0
19286,164.94,0
19287,160.13,0
19288,165.91,0
19289,190.02,0
19290,177.37,0
19291,175.84,0
19292,171.39,0
19293,167.91,0
19294,162.83,0
19295,177.29,0
19296,197.24,0
19297,204.41,0
19298,185.49,0
19299,198.17,0
19300,193.57,0
19301,184.38,0
19302,194.91,0
19303,193.27,0
19304,189.7,0
19305,176.39,0
19306,179.59,0
19307,175.74,0
19308,185.66,0
19309,194.23,0
19310,186.86,0
19311,178.71,0
19312,176.65,0
19313,176.22,0
19314,180.13,0
19315,164.7,0
19316,166.21,0
19317,164.39,0
19318,162.08,0
19319,172.1,0
19320,180.87,0
19321,193.77,0
19322,181.6,0
19323,189.14,0
19324,180.62,0
19325,168.23,0
19326,168.14,0
19327,185.75,0
19328,185.81,0
19329,187.11,0
19330,185.31,0
19331,184.98,0
19332,170.74,0
19333,179.93,0
19334,190.77,0
19335,204.36,0
19336,179.3,0
19337,178.38,0
19338,192.49,0
19339,178.85,0
19340,177.64,0
19341,178.63,0
19342,176.47,0
19343,183.46,0
19344,191.36,0
19345,195.41,0
19346,183.74,0
19347,175.86,0
19348,183.13,0
19349,184.64,0
19350,192.56,0
19351,182.26,0
19352,181.72,0
19353,186.54,0
19354,194.46,0
19355,181.4,0
19356,188.18,0
19357,190.87,0
19358,182.53,0
19359,183.18,0
19360,188.22,0
19361,191.43,0
19362,180.88,0
19363,195.92,0
19364,196.84,0
19365,183.99,0
19366,179.39,0
19367,187.39,0
19368,193.49,0
19369,195.71,0
19370,188.77,0
19371,178.19,0
19372,178.82,0
19373,183.8,0
19374,183.89,0
19375,185.13,0
19376,193.58,0
19377,183.21,0
19378,186.84,0
19379,208.8,0
19380,202.8,0
19381,185.26,0
19382,174.71,0
19383,191.26,0
19384,186.74,0
19385,186.91,0
19386,199.77,0
19387,192.65,0
19388,184.25,0
19389,177.63,0
19390,183.7,0
19391,175.4,0
19392,181.48,0
19393,199.61,0
19394,192.17,0
19395,187.61,0
19396,189.94,0
19397,184.72,0
19398,188.3,0
19399,194.49,0
19400,183.37,0
19401,181.27,0
19402,183.93,0
19403,189.11,0
19404,181.85,0
19405,182.89,0
19406,197.07,0
19407,182.94,0
19408,221.42,0
19409,184.77,0
19410,187.45,0
19411,193.02,0
19412,184.67,0
19413,180.15,0
19414,200.36,0
19415,197.03,0
19416,185.41,0
19417,187.15,0
19418,179.86,0
19419,184.73,0
19420,176.05,0
19421,174.65,0
19422,180.55,0
19423,176.77,0
19424,178.68,0
19425,176.65,0
19426,171.82,0
19427,171.81,0
19428,163.92,0
19429,182.88,0
19430,183.96,0
19431,160.5,0
19432,168.88,0
19433,161.11,0
19434,169.18,0
19435,165.95,0
19436,172.55,0
19437,170.59,0
19438,175.51,0
19439,170.25,0
19440,162.83,0
19441,158.52,0
19442,172.25,0
19443,165.72,0
19444,162.93,0
19445,174.61,0
19446,153.56,0
19447,157.86,0
19448,156.21,0
19449,157.44,0
19450,161.97,0
19451,158.23,0
19452,162.32,0
19453,165.36,0
19454,161.88,0
19455,154.81,0
19456,155.42,0
19457,153.66,0
19458,166.63,0
19459,166.99,0
19460,164.29,0
19461,160.63,0
19462,161.8,0
19463,150.01,0
19464,150.86,0
19465,152.52,0
19466,162.67,0
19467,148.96,0
19468,156.42,0
19469,148.49,0
19470,151.54,0
19471,147.31,0
19472,149.52,0
19473,148.5,0
19474,153.93,0
19475,148.28,0
19476,145.32,0
19477,142.91,0
19478,141.47,0
19479,150.02,0
19480,141.01,0
19481,141.25,0
19482,147.84,0
19483,151.41,0
19484,149.91,0
19485,149.16,0
19486,151.99,0
19487,143.12,0
19488,143.13,0
19489,144.16,0
19490,145.58,0
19491,140.37,0
19492,141.82,0
19493,144.07,0
19494,139.47,0
19495,142.21,0
19496,136.58,0
19497,136.02,0
19498,139.55,0
19499,145.13,0
19500,146.84,0
19501,147.77,0
19502,138.74,0
19503,136.89,0
19504,139.07,0
19505,139.21,0
19506,131.49,0
19507,131.75,0
19508,135.54,0
19509,138.69,0
19510,142.85,0
19511,135.09,0
19512,133.61,0
19513,138.17,0
19514,136.08,0
19515,130.2,0
19516,141.1,0
19517,140.79,0
19518,141.91,0
19519,137.87,0
19520,132.37,0
19521,135.51,0
19522,133.02,0
19523,130.75,0
19524,127.8,0
19525,125.75,0
19526,133.67,0
19527,127.41,0
19528,134.07,0
19529,137.19,0
19530,134.75,0
19531,136.27,0
19532,132.37,0
19533,126.56,0
19534,128.35,0
19535,131.71,0
19536,123.47,0
19537,127.11,0
19538,129.59,0
19539,125.17,0
19540,121.13,0
19541,123.91,0
19542,123.22,0
19543,126.17,0
19544,126.59,0
19545,130.19,0
19546,125.75,0
19547,124.52,0
19548,126.92,0
19549,128.33,0
19550,121.8,0
19551,119.53,0
19552,124.2,0
19553,122.35,0
19554,121.16,0
19555,118.78,0
19556,124.94,0
19557,125.71,0
19558,129.54,0
19559,125.7,0
19560,117.66,0
19561,123.0,0
19562,125.15,0
19563,122.99,0
19564,116.54,0
19565,120.69,0
19566,120.38,0
19567,123.5,0
19568,127.87,0
19569,122.2,0
19570,115.6,0
19571,117.93,0
19572,118.89,0
19573,125.72,0
19574,124.52,0
19575,119.16,0
19576,120.52,0
19577,123.99,0
19578,126.14,0
19579,124.27,0
19580,120.31,0
19581,121.01,0
19582,120.06,0
19583,121.72,0
19584,107.46,0
19585,111.4,0
19586,118.96,0
19587,126.53,0
19588,120.7,0
19589,123.66,0
19590,124.45,0
19591,122.56,0
19592,117.91,0
19593,123.52,0
19594,126.66,0
19595,127.73,0
19596,133.9,0
19597,123.5,0
19598,118.8,0
19599,118.63,0
19600,129.51,0
19601,127.57,0
19602,119.83,0
19603,117.55,0
19604,118.69,0
19605,116.64,0
19606,117.79,0
19607,131.56,0
19608,120.18,0
19609,120.33,0
19610,117.13,0
19611,119.08,0
19612,108.21,0
19613,113.94,0
19614,111.6,0
19615,113.09,0
19616,124.53,0
19617,111.93,0
19618,109.57,0
19619,120.51,0
19620,111.17,0
19621,112.59,0
19622,112.78,0
19623,116.35,0
19624,123.52,0
19625,100.63,0
19626,106.11,0
19627,105.92,0
19628,108.99,0
19629,115.94,0
19630,112.79,0
19631,107.96,0
19632,119.85,0
19633,110.34,0
19634,118.24,0
19635,110.94,0
19636,122.69,0
19637,113.67,0
19638,113.3,0
19639,104.74,0
19640,115.95,0
19641,113.7,0
19642,106.88,0
19643,107.47,0
19644,119.81,0
19645,122.94,0
19646,119.29,0
19647,112.57,0
19648,110.74,0
19649,114.79,0
19650,110.88,0
19651,111.81,0
19652,113.09,0
19653,113.28,0
19654,112.13,0
19655,108.64,0
19656,110.42,0
19657,113.94,0
19658,106.36,0
19659,109.11,0
19660,110.4,0
19661,106.88,0
19662,112.08,0
19663,108.5,0
19664,119.7,0
19665,118.33,0
19666,120.31,0
19667,126.72,0
19668,111.61,0
19669,120.65,0
19670,115.93,0
19671,114.02,0
19672,104.9,0
19673,109.32,0
19674,105.42,0
19675,104.52,0
19676,106.58,0
19677,112.81,0
19678,107.74,0
19679,108.07,0
19680,112.05,0
19681,98.97,0
19682,105.29,0
19683,103.56,0
19684,102.07,0
19685,101.79,0
19686,95.66,0
19687,99.98,0
19688,111.7,0
19689,107.61,0
19690,104.64,0
19691,106.46,0
19692,99.23,0
19693,98.26,0
19694,102.2,0
19695,101.76,0
19696,119.85,0
19697,113.79,0
19698,112.73,0
19699,103.93,0
19700,104.63,0
19701,115.8,0
19702,108.78,0
19703,107.46,0
19704,108.28,0
19705,108.59,0
19706,108.32,0
19707,100.57,0
19708,105.18,0
19709,116.24,0
19710,106.22,0
19711,97.4,0
19712,105.29,0
19713,102.14,0
19714,100.95,0
19715,108.42,0
19716,105.0,0
19717,89.46,0
19718,93.12,0
19719,98.83,0
19720,104.43,0
19721,113.38,0
19722,113.52,0
19723,108.31,0
19724,110.02,0
19725,100.05,0
19726,119.16,0
19727,114.61,0
19728,103.09,0
19729,102.21,0
19730,105.5,0
19731,109.58,0
19732,105.53,0
19733,88.52,0
19734,90.92,0
19735,111.79,0
19736,108.08,0
19737,103.62,0
19738,113.96,0
19739,111.54,0
19740,97.47,0
19741,98.53,0
19742,106.13,0
19743,106.39,0
19744,106.99,0
19745,97.66,0
19746,95.9,0
19747,108.74,0
19748,114.65,0
19749,117.0,0
19750,109.66,0
19751,113.46,0
19752,110.85,0
19753,108.58,0
19754,112.99,0
19755,107.13,0
19756,112.08,0
19757,104.19,0
19758,101.3,0
19759,105.0,0
19760,112.62,0
19761,120.94,0
19762,111.91,0
19763,96.19,0
19764,101.07,0
19765,103.24,0
19766,105.62,0
19767,99.99,0
19768,104.75,0
19769,113.94,0
19770,103.64,0
19771,99.84,0
19772,114.08,0
19773,108.23,0
19774,108.25,0
19775,103.2,0
19776,86.62,0
19777,90.03,0
19778,107.65,0
19779,103.82,0
19780,109.44,0
19781,109.43,0
19782,112.07,0
19783,112.54,0
19784,113.07,0
19785,109.75,0
19786,119.64,0
19787,111.68,0
19788,110.32,0
19789,112.58,0
19790,120.6,0
19791,112.37,0
19792,104.51,0
19793,104.94,0
19794,104.51,0
19795,108.9,0
19796,100.75,0
19797,96.16,0
19798,95.23,0
19799,101.52,0
19800,103.69,0
19801,95.84,0
19802,102.51,0
19803,105.77,0
19804,113.04,0
19805,101.83,0
19806,99.38,0
19807,98.7,0
19808,93.99,0
19809,92.22,0
19810,89.31,0
19811,108.1,0
19812,106.0,0
19813,115.9,0
19814,105.24,0
19815,114.74,0
19816,106.83,0
19817,112.19,0
19818,102.74,0
19819,111.86,0
19820,102.72,0
19821,101.28,0
19822,104.11,0
19823,116.35,0
19824,105.03,0
19825,112.98,0
19826,120.09,0
19827,117.05,0
19828,118.8,0
19829,108.88,0
19830,117.07,0
19831,118.59,0
19832,125.87,0
19833,114.81,0
19834,119.32,0
19835,113.21,0
19836,105.47,0
19837,113.62,0
19838,114.6,0
19839,121.0,0
19840,108.77,0
19841,106.85,0
19842,113.95,0
19843,115.2,0
19844,115.42,0
19845,113.44,0
19846,114.36,0
19847,118.04,0
19848,108.58,0
19849,116.01,0
19850,103.9,0
19851,114.02,0
19852,109.35,0
19853,106.39,0
19854,104.17,0
19855,116.08,0
19856,106.16,0
19857,105.49,0
19858,108.69,0
19859,112.95,0
19860,116.95,0
19861,118.38,0
19862,116.14,0
19863,114.25,0
19864,114.6,0
19865,119.52,0
19866,119.52,0
19867,120.25,0
19868,119.75,0
19869,121.6,0
19870,122.88,0
19871,119.79,0
19872,118.95,0
19873,116.27,0
19874,129.43,0
19875,123.79,0
19876,118.76,0
19877,117.74,0
19878,120.54,0
19879,116.66,0
19880,114.52,0
19881,111.43,0
19882,120.21,0
19883,110.91,0
19884,119.86,0
19885,117.93,0
19886,115.62,0
19887,109.38,0
19888,113.77,0
19889,105.75,0
19890,119.46,0
19891,120.21,0
19892,114.79,0
19893,113.51,0
19894,111.47,0
19895,111.8,0
19896,116.5,0
19897,115.65,0
19898,115.86,0
19899,124.8,0
19900,120.95,0
19901,122.08,0
19902,117.71,0
19903,123.38,0
19904,121.06,0
19905,124.7,0
19906,123.71,0
19907,123.8,0
19908,126.36,0
19909,117.09,0
19910,116.77,0
19911,117.12,0
19912,122.08,0
19913,122.6,0
19914,128.73,0
19915,121.4,0
19916,122.84,0
19917,119.38,0
19918,120.63,0
19919,126.36,0
19920,125.8,0
19921,130.58,0
19922,116.7,0
19923,121.11,0
19924,124.1,0
19925,116.38,0
19926,128.15,0
19927,122.72,0
19928,123.95,0
19929,124.67,0
19930,119.96,0
19931,117.06,0
19932,127.13,0
19933,125.64,0
19934,123.47,0
19935,115.99,0
19936,121.3,0
19937,120.23,0
19938,119.7,0
19939,121.37,0
19940,123.48,0
19941,125.65,0
19942,124.17,0
19943,126.35,0
19944,122.97,0
19945,118.72,0
19946,121.66,0
19947,122.88,0
19948,113.9,0
19949,121.62,0
19950,124.55,0
19951,119.85,0
19952,122.11,0
19953,120.5,0
19954,121.0,0
19955,115.87,0
19956,111.76,0
19957,118.24,0
19958,118.81,0
19959,121.56,0
19960,130.22,0
19961,137.57,0
19962,136.89,0
19963,158.54,0
19964,168.46,0
19965,138.61,0
19966,140.27,0
19967,150.8,0
19968,145.56,0
19969,147.77,0
19970,134.05,0
19971,145.81,0
19972,144.05,0
19973,140.19,0
19974,137.26,0
19975,137.43,0
19976,146.51,0
19977,137.41,0
19978,134.53,0
19979,136.36,0
19980,139.85,0
19981,142.86,0
19982,140.55,0
19983,140.38,0
19984,136.4,0
19985,143.75,0
19986,134.7,0
19987,139.85,0
19988,134.35,0
19989,142.34,0
19990,131.21,0
19991,137.09,0
19992,138.72,0
19993,136.4,0
19994,143.68,0
19995,136.85,0
19996,150.42,0
19997,140.34,0
19998,132.55,0
19999,134.21,0
20000,132.77,0
20001,141.43,0
20002,138.7,0
20003,142.64,0
20004,137.95,0
20005,143.42,0
20006,140.93,0
20007,142.58,0
20008,137.78,0
20009,136.72,0
20010,142.53,0
20011,139.27,0
20012,140.15,0
20013,139.27,0
20014,137.24,0
20015,140.06,0
20016,139.61,0
20017,135.28,0
20018,137.0,0
20019,140.17,0
20020,145.22,0
20021,135.08,0
20022,138.32,0
20023,137.36,0
20024,142.99,0
20025,144.13,0
20026,145.73,0
20027,140.93,0
20028,141.88,0
20029,143.36,0
20030,150.0,0
20031,145.5,0
20032,145.47,0
20033,141.34,0
20034,140.22,0
20035,148.77,0
20036,150.13,0
20037,150.99,0
20038,144.72,0
20039,142.81,0
20040,151.02,0
20041,145.72,0
20042,150.47,0
20043,148.74,0
20044,147.84,0
20045,147.88,0
20046,142.96,0
20047,147.68,0
20048,148.82,0
20049,148.58,0
20050,147.34,0
20051,148.4,0
20052,149.94,0
20053,149.01,0
20054,153.96,0
20055,153.14,0
20056,144.07,0
20057,149.83,0
20058,145.93,0
20059,147.69,0
20060,155.17,0
20061,154.14,0
20062,154.25,0
20063,149.52,0
20064,151.75,0
20065,152.08,0
20066,151.41,0
20067,150.79,0
20068,152.88,0
20069,155.11,0
20070,153.72,0
20071,155.08,0
20072,152.04,0
20073,152.02,0
20074,149.84,0
20075,152.68,0
20076,153.68,0
20077,157.86,0
20078,153.45,0
20079,161.94,0
20080,154.33,0
20081,156.33,0
20082,155.41,0
20083,162.35,0
20084,155.5,0
20085,157.39,0
20086,155.31,0
20087,157.05,0
20088,151.37,0
20089,155.22,0
20090,159.97,0
20091,162.34,0
20092,156.88,0
20093,150.56,0
20094,157.07,0
20095,165.52,0
20096,160.01,0
20097,154.02,0
20098,166.44,0
20099,170.45,0
20100,162.33,0
20101,159.88,0
20102,154.35,0
20103,158.66,0
20104,166.58,0
20105,162.37,0
20106,169.43,0
20107,162.27,0
20108,166.45,0
20109,167.57,0
20110,158.16,0
20111,162.67,0
20112,166.87,0
20113,157.25,0
20114,162.53,0
20115,158.23,0
20116,158.25,0
20117,154.59,0
20118,161.32,0
20119,167.57,0
20120,155.29,0
20121,160.31,0
20122,166.22,0
20123,168.9,0
20124,165.49,0
20125,163.74,0
20126,178.73,0
20127,169.99,0
20128,177.03,0
20129,161.6,0
20130,162.36,0
20131,160.33,0
20132,167.7,0
20133,171.4,0
20134,164.2,0
20135,172.8,0
20136,182.41,0
20137,166.68,0
20138,168.44,0
20139,163.07,0
20140,163.71,0
20141,161.4,0
20142,164.1,0
20143,167.54,0
20144,178.82,0
20145,171.82,0
20146,162.69,0
20147,161.81,0
20148,160.98,0
20149,179.74,0
20150,174.63,0
20151,168.89,0
20152,170.2,0
20153,166.47,0
20154,161.34,0
20155,164.91,0
20156,175.64,0
20157,171.69,0
20158,173.21,0
20159,171.65,0
20160,166.64,0
20161,173.53,0
20162,187.4,0
20163,183.9,0
20164,178.77,0
20165,173.29,0
20166,173.33,0
20167,176.7,0
20168,180.39,0
20169,164.85,0
20170,180.5,0
20171,183.42,0
20172,178.03,0
20173,166.3,0
20174,165.68,0
20175,172.63,0
20176,185.68,0
20177,186.19,0
20178,164.34,0
20179,176.12,0
20180,180.75,0
20181,174.9,0
20182,174.74,0
20183,181.27,0
20184,172.03,0
20185,172.9,0
20186,175.42,0
20187,168.4,0
20188,161.71,0
20189,173.49,0
20190,179.47,0
20191,185.27,0
20192,170.41,0
20193,164.59,0
20194,162.38,0
20195,169.04,0
20196,178.03,0
20197,164.08,0
20198,163.63,0
20199,160.42,0
20200,162.33,0
20201,157.28,0
20202,164.9,0
20203,163.78,0
20204,156.62,0
20205,152.59,0
20206,163.58,0
20207,153.07,0
20208,150.04,0
20209,154.47,0
20210,153.21,0
20211,151.13,0
20212,154.33,0
20213,154.93,0
20214,152.8,0
20215,155.22,0
20216,149.22,0
20217,150.44,0
20218,150.24,0
20219,148.89,0
20220,147.23,0
20221,156.05,0
20222,151.12,0
20223,153.86,0
20224,158.29,0
20225,156.42,0
20226,159.29,0
20227,146.56,0
20228,146.69,0
20229,152.27,0
20230,152.54,0
20231,149.4,0
20232,153.42,0
20233,146.17,0
20234,148.92,0
20235,150.28,0
20236,149.74,0
20237,144.81,0
20238,152.32,0
20239,150.86,0
20240,148.28,0
20241,145.88,0
20242,144.5,0
20243,143.79,0
20244,140.75,0
20245,146.03,0
20246,138.85,0
20247,140.84,0
20248,142.91,0
20249,143.86,0
20250,144.27,0
20251,142.43,0
20252,142.15,0
20253,143.97,0
20254,140.19,0
20255,140.2,0
20256,136.82,0
20257,149.23,0
20258,150.52,0
20259,143.18,0
20260,147.21,0
20261,148.29,0
20262,144.35,0
20263,149.96,0
20264,146.99,0
20265,145.06,0
20266,141.03,0
20267,149.24,0
20268,148.35,0
20269,147.93,0
20270,144.9,0
20271,146.32,0
20272,148.11,0
20273,154.51,0
20274,151.97,0
20275,151.07,0
20276,147.66,0
20277,146.23,0
20278,147.25,0
20279,147.93,0
20280,157.04,0
20281,151.76,0
20282,151.63,0
20283,167.8,0
20284,159.57,0
20285,153.66,0
20286,155.89,0
20287,149.98,0
20288,148.3,0
20289,147.84,0
20290,147.95,0
20291,150.63,0
20292,151.26,0
20293,151.61,0
20294,151.98,0
20295,146.75,0
20296,147.13,0
20297,160.29,0
20298,161.98,0
20299,159.35,0
20300,154.16,0
20301,152.37,0
20302,156.25,0
20303,154.79,0
20304,152.84,0
20305,156.18,0
20306,152.91,0
20307,155.07,0
20308,150.99,0
20309,147.89,0
20310,151.5,0
20311,155.32,0
20312,156.87,0
20313,153.53,0
20314,154.28,0
20315,155.53,0
20316,156.67,0
20317,160.49,0
20318,155.84,0
20319,155.28,0
20320,153.31,0
20321,144.69,0
20322,147.85,0
20323,139.25,0
20324,146.26,0
20325,147.72,0
20326,148.97,0
20327,144.15,0
20328,146.24,0
20329,145.84,0
20330,142.23,0
20331,146.66,0
20332,152.42,0
20333,151.27,0
20334,143.06,0
20335,150.94,0
20336,146.45,0
20337,146.82,0
20338,147.27,0
20339,145.71,0
20340,147.77,0
20341,140.53,0
20342,147.0,0
20343,143.73,0
20344,142.43,0
20345,147.22,0
20346,153.36,0
20347,149.58,0
20348,144.05,0
20349,147.63,0
20350,144.02,0
20351,145.11,0
20352,143.8,0
20353,144.35,0
20354,160.71,0
20355,151.91,0
20356,146.97,0
20357,149.31,0
20358,145.62,0
20359,150.9,0
20360,144.02,0
20361,155.04,0
20362,152.58,0
20363,148.85,0
20364,150.91,0
20365,155.76,0
20366,155.48,0
20367,148.96,0
20368,159.92,0
20369,148.47,0
20370,154.16,0
20371,145.23,0
20372,151.85,0
20373,151.91,0
20374,151.3,0
20375,152.03,0
20376,154.54,0
20377,148.09,0
20378,145.05,0
20379,151.51,0
20380,148.0,0
20381,153.14,0
20382,150.0,0
20383,152.56,0
20384,162.0,0
20385,160.01,0
20386,148.26,0
20387,146.74,0
20388,147.18,0
20389,152.64,0
20390,144.18,0
20391,147.12,0
20392,163.42,0
20393,164.82,0
20394,160.93,0
20395,156.37,0
20396,160.45,0
20397,166.52,0
20398,160.76,0
20399,158.35,0
20400,163.55,0
20401,161.71,0
20402,163.52,0
20403,169.59,0
20404,167.41,0
20405,161.35,0
20406,160.76,0
20407,158.89,0
20408,165.35,0
20409,170.35,0
20410,166.84,0
20411,162.6,0
20412,174.06,0
20413,169.3,0
20414,173.03,0
20415,168.22,0
20416,165.16,0
20417,170.15,0
20418,160.83,0
20419,165.19,0
20420,164.52,0
20421,174.55,0
20422,173.36,0
20423,166.95,0
20424,170.06,0
20425,163.65,0
20426,176.69,0
20427,189.56,0
20428,169.19,0
20429,162.81,0
20430,173.59,0
20431,167.83,0
20432,167.68,0
20433,181.84,0
20434,180.64,0
20435,177.31,0
20436,169.8,0
20437,174.71,0
20438,169.62,0
20439,172.08,0
20440,178.24,0
20441,171.66,0
20442,185.27,0
20443,172.91,0
20444,172.89,0
20445,183.2,0
20446,173.38,0
20447,165.45,0
20448,174.46,0
20449,184.6,0
20450,191.24,0
20451,177.48,0
20452,178.84,0
20453,191.21,0
20454,193.22,0
20455,191.21,0
20456,205.54,0
20457,184.91,0
20458,180.89,0
20459,191.7,0
20460,192.61,0
20461,198.17,0
20462,208.42,0
20463,177.04,0
20464,173.05,0
20465,220.47,0
20466,222.73,0
20467,211.36,0
20468,213.71,0
20469,213.24,0
20470,208.24,0
20471,212.35,0
20472,200.78,0
20473,222.19,0
20474,231.1,0
20475,214.62,0
20476,201.23,0
20477,207.95,0
20478,216.37,0
20479,221.91,0
20480,217.74,0
20481,204.95,0
20482,203.91,0
20483,215.76,0
20484,206.61,0
20485,204.68,0
20486,207.33,0
20487,195.98,0
20488,196.68,0
20489,205.2,0
20490,215.25,0
20491,206.64,0
20492,198.59,0
20493,191.72,0
20494,202.15,0
20495,195.76,0
20496,210.15,0
20497,209.62,0
20498,213.63,0
20499,214.31,0
20500,209.5,0
20501,206.13,0
20502,213.63,0
20503,215.9,0
20504,199.8,0
20505,190.28,0
20506,205.12,0
20507,199.42,0
20508,207.12,0
20509,198.14,0
20510,206.58,0
20511,209.41,0
20512,205.46,0
20513,199.01,0
20514,189.99,0
20515,205.12,0
20516,210.16,0
20517,209.29,0
20518,199.99,0
20519,191.97,0
20520,205.82,0
20521,200.39,0
20522,203.32,0
20523,190.3,0
20524,192.56,0
20525,185.0,0
20526,196.84,0
20527,180.88,0
20528,198.66,0
20529,203.7,0
20530,217.46,0
20531,196.84,0
20532,192.6,0
20533,204.35,0
20534,191.96,0
20535,182.86,0
20536,184.74,0
20537,180.64,0
20538,186.6,0
20539,205.87,0
20540,198.72,0
20541,189.74,0
20542,188.61,0
20543,192.33,0
20544,179.79,0
20545,184.47,0
20546,190.2,0
20547,177.09,0
20548,178.3,0
20549,176.26,0
20550,176.0,0
20551,175.74,0
20552,183.05,0
20553,166.28,0
20554,174.39,0
20555,161.16,0
20556,165.78,0
20557,167.65,0
20558,169.04,0
20559,178.63,0
20560,177.17,0
20561,167.76,0
20562,162.59,0
20563,164.41,0
20564,154.99,0
20565,163.19,0
20566,155.23,0
20567,162.73,0
20568,166.6,0
20569,169.87,0
20570,159.11,0
20571,161.01,0
20572,167.04,0
20573,164.86,0
20574,165.17,0
20575,163.93,0
20576,161.19,0
20577,169.7,0
20578,170.92,0
20579,160.85,0
20580,163.81,0
20581,158.05,0
20582,163.13,0
20583,156.23,0
20584,155.66,0
20585,159.27,0
20586,160.53,0
20587,167.85,0
20588,154.82,0
20589,156.92,0
20590,157.55,0
20591,154.96,0
20592,153.23,0
20593,152.78,0
20594,150.4,0
20595,153.14,0
20596,148.34,0
20597,149.46,0
20598,152.38,0
20599,151.68,0
20600,149.02,0
20601,151.86,0
20602,159.32,0
20603,152.4,0
20604,153.03,0
20605,155.38,0
20606,152.61,0
20607,161.94,0
20608,157.48,0
20609,156.59,0
20610,154.93,0
20611,151.25,0
20612,151.57,0
20613,156.28,0
20614,150.65,0
20615,148.4,0
20616,143.78,0
20617,157.53,0
20618,152.12,0
20619,147.53,0
20620,153.37,0
20621,155.86,0
20622,156.52,0
20623,151.94,0
20624,154.27,0
20625,152.01,0
20626,155.64,0
20627,147.28,0
20628,154.18,0
20629,152.07,0
20630,153.55,0
20631,153.39,0
20632,160.26,0
20633,162.92,0
20634,161.01,0
20635,158.42,0
20636,152.36,0
20637,154.16,0
20638,160.58,0
20639,158.97,0
20640,162.7,0
20641,158.16,0
20642,162.12,0
20643,157.88,0
20644,155.4,0
20645,156.74,0
20646,152.81,0
20647,160.31,0
20648,160.7,0
20649,161.27,0
20650,155.55,0
20651,148.68,0
20652,153.65,0
20653,150.26,0
20654,149.77,0
20655,162.35,0
20656,147.66,0
20657,162.85,0
20658,152.13,0
20659,154.89,0
20660,152.82,0
20661,155.8,0
20662,158.84,0
20663,160.93,0
20664,150.81,0
20665,160.84,0
20666,151.45,0
20667,149.1,0
20668,155.13,0
20669,159.34,0
20670,156.2,0
20671,153.94,0
20672,153.91,0
20673,152.75,0
20674,158.5,0
20675,162.29,0
20676,156.31,0
20677,155.37,0
20678,156.1,0
20679,161.55,0
20680,161.85,0
20681,158.22,0
20682,153.15,0
20683,157.98,0
20684,161.11,0
20685,159.66,0
20686,156.78,0
20687,154.84,0
20688,158.89,0
20689,152.11,0
20690,156.83,0
20691,160.47,0
20692,152.23,0
20693,155.75,0
20694,153.23,0
20695,152.0,0
20696,164.53,0
20697,161.6,0
20698,164.35,0
20699,154.99,0
20700,160.45,0
20701,159.91,0
20702,162.06,0
20703,159.1,0
20704,157.42,0
20705,165.5,0
20706,168.16,0
20707,170.13,0
20708,173.01,0
20709,160.79,0
20710,160.0,0
20711,155.19,0
20712,166.4,0
20713,163.97,0
20714,162.89,0
20715,162.78,0
20716,159.86,0
20717,165.75,0
20718,162.5,0
20719,162.24,0
20720,160.21,0
20721,161.29,0
20722,165.88,0
20723,160.21,0
20724,159.66,0
20725,159.77,0
20726,162.31,0
20727,157.03,0
20728,161.4,0
20729,159.41,0
20730,158.4,0
20731,156.15,0
20732,165.45,0
20733,162.74,0
20734,167.15,0
20735,162.4,0
20736,157.09,0
20737,163.93,0
20738,162.62,0
20739,163.91,0
20740,166.27,0
20741,165.45,0
20742,164.31,0
20743,162.75,0
20744,158.75,0
20745,163.91,0
20746,157.51,0
20747,166.62,0
20748,173.26,0
20749,164.52,0
20750,170.6,0
20751,166.69,0
20752,168.91,0
20753,163.56,0
20754,164.0,0
20755,163.12,0
20756,158.52,0
20757,163.55,0
20758,160.96,0
20759,164.27,0
20760,164.24,0
20761,161.8,0
20762,174.77,0
20763,173.15,0
20764,177.54,0
20765,172.73,0
20766,163.39,0
20767,163.55,0
20768,165.29,0
20769,164.0,0
20770,168.13,0
20771,166.0,0
20772,172.67,0
20773,172.8,0
20774,166.01,0
20775,176.11,0
20776,176.58,0
20777,168.5,0
20778,166.63,0
20779,169.27,0
20780,168.59,0
20781,174.33,0
20782,174.19,0
20783,185.7,0
20784,176.95,0
20785,162.58,0
20786,165.14,0
20787,167.3,0
20788,168.61,0
20789,169.49,0
20790,161.05,0
20791,167.29,0
20792,173.68,0
20793,165.92,0
20794,170.66,0
20795,174.6,0
20796,166.85,0
20797,165.66,0
20798,165.6,0
20799,159.12,0
20800,171.02,0
20801,168.67,0
20802,169.65,0
20803,165.01,0
20804,164.04,0
20805,168.51,0
20806,170.08,0
20807,169.92,0
20808,169.64,0
20809,168.32,0
20810,164.47,0
20811,165.9,0
20812,167.04,0
20813,174.12,0
20814,165.79,0
20815,169.3,0
20816,166.2,0
20817,167.27,0
20818,168.37,0
20819,166.17,0
20820,152.11,0
20821,176.95,0
20822,166.91,0
20823,162.79,0
20824,170.92,0
20825,164.39,0
20826,164.74,0
20827,157.91,0
20828,165.27,0
20829,160.04,0
20830,159.34,0
20831,167.24,0
20832,170.88,0
20833,169.21,0
20834,168.3,0
20835,164.91,0
20836,163.54,0
20837,163.38,0
20838,165.25,0
20839,168.0,0
20840,164.75,0
20841,158.2,0
20842,151.57,0
20843,150.79,0
20844,157.8,0
20845,156.43,0
20846,158.36,0
20847,157.24,0
20848,153.99,0
20849,154.17,0
20850,158.2,0
20851,157.62,0
20852,152.51,0
20853,157.81,0
20854,156.75,0
20855,156.51,0
20856,154.46,0
20857,151.64,0
20858,157.3,0
20859,149.64,0
20860,149.57,0
20861,145.99,0
20862,143.95,0
20863,144.83,0
20864,146.47,0
20865,156.95,0
20866,153.47,0
20867,148.29,0
20868,148.27,0
20869,148.26,0
20870,145.36,0
20871,144.89,0
20872,149.38,0
20873,149.2,0
20874,143.07,0
20875,149.19,0
20876,140.42,0
20877,145.46,0
20878,137.92,0
20879,144.45,0
20880,137.22,0
20881,147.56,0
20882,148.02,0
20883,143.53,0
20884,150.87,0
20885,143.49,0
20886,138.68,0
20887,140.75,0
20888,134.12,0
20889,131.97,0
20890,141.0,0
20891,134.39,0
20892,132.32,0
20893,128.44,0
20894,132.2,0
20895,131.61,0
20896,133.47,0
20897,135.02,0
20898,137.44,0
20899,138.08,0
20900,134.21,0
20901,134.96,0
20902,134.69,0
20903,135.31,0
20904,136.82,0
20905,133.49,0
20906,134.72,0
20907,125.48,0
20908,134.94,0
20909,139.5,0
20910,135.56,0
20911,133.3,0
20912,132.11,0
20913,129.6,0
20914,132.6,0
20915,131.27,0
20916,131.42,0
20917,127.91,0
20918,129.57,0
20919,135.28,0
20920,130.96,0
20921,130.43,0
20922,132.07,0
20923,131.21,0
20924,129.14,0
20925,125.01,0
20926,126.12,0
20927,131.0,0
20928,128.93,0
20929,128.9,0
20930,135.3,0
20931,125.2,0
20932,121.64,0
20933,120.5,0
20934,126.46,0
20935,126.23,0
20936,122.0,0
20937,129.09,0
20938,124.62,0
20939,128.88,0
20940,126.59,0
20941,126.88,0
20942,129.07,0
20943,126.42,0
20944,117.84,0
20945,118.82,0
20946,122.72,0
20947,113.22,0
20948,115.59,0
20949,119.87,0
20950,123.08,0
20951,118.56,0
20952,122.64,0
20953,119.85,0
20954,121.6,0
20955,123.87,0
20956,120.68,0
20957,121.75,0
20958,117.39,0
20959,118.64,0
20960,123.85,0
20961,122.78,0
20962,122.33,0
20963,118.87,0
20964,121.23,0
20965,117.81,0
20966,122.99,0
20967,114.45,0
20968,120.22,0
20969,125.64,0
20970,116.53,0
20971,121.04,0
20972,118.69,0
20973,119.83,0
20974,113.01,0
20975,111.79,0
20976,122.81,0
20977,120.58,0
20978,118.28,0
20979,111.52,0
20980,118.72,0
20981,121.29,0
20982,115.64,0
20983,118.89,0
20984,112.99,0
20985,119.66,0
20986,114.36,0
20987,116.91,0
20988,117.58,0
20989,117.06,0
20990,118.62,0
20991,119.98,0
20992,116.43,0
20993,110.87,0
20994,119.87,0
20995,116.39,0
20996,109.18,0
20997,115.46,0
20998,113.31,0
20999,120.08,0
21000,122.2,0
21001,117.05,0
21002,115.6,0
21003,102.58,0
21004,117.7,0
21005,110.34,0
21006,105.24,0
21007,111.5,0
21008,107.39,0
21009,107.14,0
21010,116.97,0
21011,122.38,0
21012,120.5,0
21013,115.73,0
21014,118.51,0
21015,121.21,0
21016,113.65,0
21017,109.26,0
21018,114.06,0
21019,126.98,0
21020,111.7,0
21021,120.27,0
21022,113.91,0
21023,113.06,0
21024,112.89,0
21025,116.5,0
21026,118.09,0
21027,116.44,0
21028,109.91,0
21029,111.9,0
21030,113.99,0
21031,114.69,0
21032,111.31,0
21033,110.92,0
21034,112.94,0
21035,111.72,0
21036,114.38,0
21037,108.64,0
21038,111.55,0
21039,113.73,0
21040,112.33,0
21041,105.52,0
21042,118.7,0
21043,119.74,0
21044,113.5,0
21045,110.47,0
21046,111.07,0
21047,122.95,0
21048,114.34,0
21049,114.79,0
21050,113.17,0
21051,107.42,0
21052,117.64,0
21053,113.15,0
21054,117.0,0
21055,110.63,0
21056,117.02,0
21057,116.3,0
21058,115.74,0
21059,117.67,0
21060,116.57,0
21061,126.96,0
21062,117.85,0
21063,117.96,0
21064,117.79,0
21065,117.86,0
21066,115.51,0
21067,119.81,0
21068,113.38,0
21069,106.52,0
21070,118.65,0
21071,117.88,0
21072,108.83,0
21073,115.21,0
21074,107.38,0
21075,111.93,0
21076,115.45,0
21077,110.54,0
21078,111.34,0
21079,109.39,0
21080,111.36,0
21081,108.11,0
21082,103.07,0
21083,102.91,0
21084,106.14,0
21085,108.33,0
21086,111.51,0
21087,108.31,0
21088,107.75,0
21089,119.76,0
21090,111.69,0
21091,111.81,0
21092,104.64,0
21093,109.2,0
21094,105.13,0
21095,115.53,0
21096,112.72,0
21097,123.3,0
21098,111.83,0
21099,121.01,0
21100,112.59,0
21101,118.85,0
21102,118.08,0
21103,113.5,0
21104,111.59,0
21105,113.8,0
21106,112.42,0
21107,113.28,0
21108,120.98,0
21109,109.76,0
21110,106.32,0
21111,109.13,0
21112,107.89,0
21113,113.08,0
21114,110.79,0
21115,105.32,0
21116,107.53,0
21117,114.01,0
21118,115.35,0
21119,111.85,0
21120,99.02,0
21121,101.13,0
21122,104.97,0
21123,94.69,0
21124,106.38,0
21125,109.26,0
21126,108.71,0
21127,123.39,0
21128,100.56,0
21129,114.87,0
21130,103.17,0
21131,117.84,0
21132,104.55,0
21133,112.25,0
21134,99.95,0
21135,108.99,0
21136,121.79,0
21137,108.46,0
21138,116.68,0
21139,104.78,0
21140,107.07,0
21141,117.62,0
21142,112.06,0
21143,106.79,0
21144,109.56,0
21145,105.88,0
21146,100.56,0
21147,102.56,0
21148,106.87,0
21149,111.64,0
21150,108.87,0
21151,88.54,0
21152,100.0,0
21153,97.11,0
21154,105.57,0
21155,100.66,0
21156,99.22,0
21157,98.82,0
21158,91.98,0
21159,105.5,0
21160,97.71,0
21161,109.31,0
21162,109.47,0
21163,99.84,0
21164,103.96,0
21165,100.95,0
21166,105.08,0
21167,99.71,0
21168,104.1,0
21169,99.44,0
21170,103.44,0
21171,99.51,0
21172,100.15,0
21173,99.77,0
21174,95.09,0
21175,97.68,0
21176,108.58,0
21177,111.3,0
21178,103.48,0
21179,107.15,0
21180,107.64,0
21181,105.43,0
21182,94.67,0
21183,106.5,0
21184,95.93,0
21185,99.82,0
21186,98.67,0
21187,103.83,0
21188,105.56,0
21189,105.03,0
21190,105.89,0
21191,108.63,0
21192,97.89,0
21193,97.2,0
21194,100.93,0
21195,100.56,0
21196,86.0,0
21197,91.54,0
21198,101.39,0
21199,95.26,0
21200,101.91,0
21201,96.56,0
21202,95.3,0
21203,102.0,0
21204,104.89,0
21205,105.65,0
21206,97.94,0
21207,97.11,0
21208,91.7,0
21209,96.09,0
21210,89.34,0
21211,108.56,0
21212,105.72,0
21213,99.61,0
21214,93.83,0
21215,108.29,0
21216,94.9,0
21217,103.48,0
21218,117.15,0
21219,102.5,0
21220,100.41,0
21221,103.48,0
21222,112.93,0
21223,94.08,0
21224,96.59,0
21225,94.34,0
21226,95.08,0
21227,102.5,0
21228,96.0,0
21229,101.13,0
21230,102.43,0
21231,98.97,0
21232,103.97,0
21233,105.96,0
21234,101.67,0
21235,106.98,0
21236,103.48,0
21237,97.57,0
21238,102.46,0
21239,111.67,0
21240,107.0,0
21241,106.51,0
21242,102.99,0
21243,95.57,0
21244,100.12,0
21245,100.99,0
21246,101.7,0
21247,99.75,0
21248,106.54,0
21249,101.91,0
21250,107.01,0
21251,98.76,0
21252,102.39,0
21253,97.7,0
21254,104.54,0
21255,101.52,0
21256,101.51,0
21257,97.35,0
21258,100.66,0
21259,103.17,0
21260,100.6,0
21261,111.5,0
21262,106.05,0
21263,102.78,0
21264,102.24,0
21265,108.5,0
21266,111.46,0
21267,99.21,0
21268,107.58,0
21269,100.56,0
21270,103.67,0
21271,100.03,0
21272,97.04,0
21273,107.78,0
21274,108.11,0
21275,105.1,0
21276,105.51,0
21277,103.73,0
21278,100.61,0
21279,108.02,0
21280,111.88,0
21281,110.62,0
21282,113.52,0
21283,104.62,0
21284,98.73,0
21285,103.49,0
21286,107.11,0
21287,107.75,0
21288,106.75,0
21289,111.25,0
21290,110.07,0
21291,106.26,0
21292,111.73,0
21293,108.77,0
21294,116.31,0
21295,107.91,0
21296,97.98,0
21297,111.8,0
21298,109.29,0
21299,112.73,0
21300,107.85,0
21301,109.49,0
21302,113.69,0
21303,110.9,0
21304,123.06,0
21305,122.73,0
21306,123.17,0
21307,114.85,0
21308,114.0,0
21309,119.53,0
21310,109.69,0
21311,114.78,0
21312,116.59,0
21313,117.7,0
21314,118.38,0
21315,112.5,0
21316,115.03,0
21317,118.74,0
21318,111.12,0
21319,114.52,0
21320,109.79,0
21321,110.47,0
21322,115.11,0
21323,113.13,0
21324,113.45,0
21325,107.06,0
21326,111.62,0
21327,111.15,0
21328,111.66,0
21329,118.06,0
21330,110.39,0
21331,113.16,0
21332,103.8,0
21333,109.92,0
21334,109.43,0
21335,114.18,0
21336,114.81,0
21337,116.21,0
21338,109.86,0
21339,117.44,0
21340,112.17,0
21341,117.16,0
21342,116.03,0
21343,111.26,0
21344,105.97,0
21345,110.01,0
21346,109.23,0
21347,108.72,0
21348,115.27,0
21349,111.22,0
21350,106.76,0
21351,115.24,0
21352,112.88,0
21353,117.6,0
21354,113.56,0
21355,115.71,0
21356,110.05,0
21357,113.39,0
21358,110.78,0
21359,102.82,0
21360,126.43,0
21361,139.42,0
21362,144.35,0
21363,153.46,0
21364,137.59,0
21365,127.97,0
21366,145.26,0
21367,144.7,0
21368,135.66,0
21369,136.97,0
21370,134.52,0
21371,134.9,0
21372,130.98,0
21373,132.84,0
21374,136.45,0
21375,131.36,0
21376,129.04,0
21377,128.72,0
21378,129.88,0
21379,129.51,0
21380,124.19,0
21381,133.01,0
21382,130.11,0
21383,124.58,0
21384,128.12,0
21385,125.3,0
21386,126.79,0
21387,126.32,0
21388,123.35,0
21389,129.36,0
21390,123.43,0
21391,125.09,0
21392,123.57,0
21393,126.27,0
21394,125.31,0
21395,128.11,0
21396,126.09,0
21397,129.87,0
21398,130.1,0
21399,131.95,0
21400,128.1,0
21401,132.68,0
21402,129.54,0
21403,128.06,0
21404,126.15,0
21405,126.18,0
21406,131.3,0
21407,127.59,0
21408,129.81,0
21409,130.82,0
21410,131.19,0
21411,132.87,0
21412,138.3,0
21413,133.98,0
21414,130.7,0
21415,134.86,0
21416,127.86,0
21417,130.93,0
21418,132.78,0
21419,135.65,0
21420,127.89,0
21421,131.01,0
21422,123.47,0
21423,124.43,0
21424,126.28,0
21425,127.64,0
21426,128.53,0
21427,129.86,0
21428,124.96,0
21429,131.56,0
21430,123.56,0
21431,130.43,0
21432,130.95,0
21433,137.97,0
21434,139.31,0
21435,132.44,0
21436,132.82,0
21437,136.56,0
21438,128.84,0
21439,137.46,0
21440,137.85,0
21441,135.1,0
21442,134.76,0
21443,137.21,0
21444,143.41,0
21445,142.67,0
21446,134.89,0
21447,135.1,0
21448,138.48,0
21449,131.58,0
21450,132.45,0
21451,133.48,0
21452,133.33,0
21453,134.26,0
21454,135.93,0
21455,130.87,0
21456,137.4,0
21457,135.48,0
21458,138.86,0
21459,139.68,0
21460,135.83,0
21461,141.34,0
21462,144.5,0
21463,140.8,0
21464,141.71,0
21465,140.87,0
21466,139.18,0
21467,138.37,0
21468,140.37,0
21469,147.73,0
21470,145.26,0
21471,146.83,0
21472,141.42,0
21473,146.5,0
21474,145.81,0
21475,145.42,0
21476,139.68,0
21477,135.5,0
21478,140.8,0
21479,143.22,0
21480,140.91,0
21481,137.75,0
21482,144.07,0
21483,142.97,0
21484,136.81,0
21485,136.36,0
21486,145.93,0
21487,138.78,0
21488,146.54,0
21489,147.01,0
21490,144.73,0
21491,140.77,0
21492,142.62,0
21493,144.53,0
21494,140.41,0
21495,135.73,0
21496,137.99,0
21497,136.53,0
21498,146.79,0
21499,153.74,0
21500,152.29,0
21501,149.5,0
21502,145.66,0
21503,145.75,0
21504,145.87,0
21505,152.83,0
21506,145.11,0
21507,152.7,0
21508,147.82,0
21509,147.44,0
21510,143.52,0
21511,145.76,0
21512,141.53,0
21513,147.97,0
21514,152.68,0
21515,153.17,0
21516,150.18,0
21517,146.97,0
21518,152.66,0
21519,145.44,0
21520,145.65,0
21521,141.55,0
21522,146.49,0
21523,149.33,0
21524,147.0,0
21525,145.78,0
21526,138.3,0
21527,141.74,0
21528,153.31,0
21529,147.27,0
21530,150.56,0
21531,148.85,0
21532,151.94,0
21533,149.4,0
21534,152.08,0
21535,151.23,0
21536,147.75,0
21537,148.93,0
21538,150.53,0
21539,145.93,0
21540,153.39,0
21541,151.99,0
21542,148.59,0
21543,150.67,0
21544,145.59,0
21545,146.06,0
21546,146.97,0
21547,152.96,0
21548,152.08,0
21549,152.1,0
21550,152.05,0
21551,144.34,0
21552,144.3,0
21553,150.04,0
21554,149.41,0
21555,143.03,0
21556,133.99,0
21557,153.89,0
21558,158.05,0
21559,160.56,0
21560,153.14,0
21561,151.88,0
21562,146.12,0
21563,147.76,0
21564,141.76,0
21565,147.27,0
21566,153.37,0
21567,148.87,0
21568,146.54,0
21569,146.01,0
21570,153.29,0
21571,152.12,0
21572,152.11,0
21573,146.78,0
21574,152.16,0
21575,154.33,0
21576,149.98,0
21577,148.09,0
21578,157.31,0
21579,155.47,0
21580,155.61,0
21581,155.05,0
21582,152.77,0
21583,150.25,0
21584,153.63,0
21585,152.8,0
21586,150.75,0
21587,149.44,0
21588,147.82,0
21589,155.85,0
21590,152.63,0
21591,158.08,0
21592,155.33,0
21593,153.06,0
21594,147.82,0
21595,150.43,0
21596,146.71,0
21597,152.28,0
21598,151.01,0
21599,146.39,0
21600,152.12,0
21601,147.93,0
21602,148.29,0
21603,153.83,0
21604,149.29,0
21605,141.01,0
21606,146.39,0
21607,150.14,0
21608,144.64,0
21609,142.69,0
21610,142.48,0
21611,137.58,0
21612,143.54,0
21613,142.43,0
21614,144.72,0
21615,138.7,0
21616,135.34,0
21617,139.94,0
21618,147.11,0
21619,142.72,0
21620,137.15,0
21621,147.63,0
21622,150.63,0
21623,145.5,0
21624,139.76,0
21625,142.59,0
21626,145.69,0
21627,138.87,0
21628,140.41,0
21629,143.54,0
21630,145.32,0
21631,147.36,0
21632,150.1,0
21633,145.99,0
21634,144.58,0
21635,146.01,0
21636,138.42,0
21637,147.0,0
21638,142.73,0
21639,142.06,0
21640,141.88,0
21641,140.56,0
21642,144.55,0
21643,142.09,0
21644,136.76,0
21645,143.75,0
21646,138.04,0
21647,140.91,0
21648,138.66,0
21649,148.23,0
21650,145.2,0
21651,139.55,0
21652,138.95,0
21653,135.49,0
21654,134.42,0
21655,138.54,0
21656,136.97,0
21657,138.79,0
21658,143.63,0
21659,134.49,0
21660,137.48,0
21661,141.33,0
21662,138.71,0
21663,144.06,0
21664,137.58,0
21665,139.38,0
21666,140.92,0
21667,142.14,0
21668,138.22,0
21669,132.63,0
21670,136.69,0
21671,141.2,0
21672,139.16,0
21673,132.04,0
21674,129.62,0
21675,134.12,0
21676,140.29,0
21677,137.67,0
21678,139.29,0
21679,136.14,0
21680,136.17,0
21681,138.36,0
21682,139.59,0
21683,139.53,0
21684,139.11,0
21685,139.97,0
21686,144.99,0
21687,138.42,0
21688,136.88,0
21689,143.42,0
21690,142.85,0
21691,139.46,0
21692,142.01,0
21693,134.52,0
21694,137.51,0
21695,139.08,0
21696,137.59,0
21697,141.08,0
21698,137.05,0
21699,138.71,0
21700,141.25,0
21701,141.3,0
21702,143.5,0
21703,134.53,0
21704,148.6,0
21705,148.77,0
21706,155.14,0
21707,148.81,0
21708,148.0,0
21709,149.05,0
21710,142.54,0
21711,146.54,0
21712,144.61,0
21713,142.23,0
21714,140.47,0
21715,144.99,0
21716,146.53,0
21717,147.79,0
21718,148.14,0
21719,151.87,0
21720,143.32,0
21721,143.16,0
21722,143.03,0
21723,137.84,0
21724,144.44,0
21725,136.69,0
21726,141.7,0
21727,132.2,0
21728,138.49,0
21729,134.55,0
21730,136.32,0
21731,139.32,0
21732,138.39,0
21733,139.68,0
21734,148.56,0
21735,141.37,0
21736,134.27,0
21737,132.21,0
21738,138.92,0
21739,139.95,0
21740,136.0,0
21741,136.59,0
21742,137.82,0
21743,139.94,0
21744,140.25,0
21745,137.68,0
21746,141.43,0
21747,138.86,0
21748,138.93,0
21749,141.98,0
21750,144.6,0
21751,144.28,0
21752,144.29,0
21753,137.26,0
21754,139.65,0
21755,140.71,0
21756,143.1,0
21757,140.03,0
21758,140.33,0
21759,139.67,0
21760,137.81,0
21761,137.93,0
21762,141.28,0
21763,141.52,0
21764,136.23,0
21765,142.77,0
21766,144.66,0
21767,140.63,0
21768,150.3,0
21769,148.74,0
21770,146.89,0
21771,141.93,0
21772,153.41,0
21773,144.92,0
21774,144.36,0
21775,144.09,0
21776,147.53,0
21777,138.65,0
21778,142.62,0
21779,144.39,0
21780,153.12,0
21781,145.99,0
21782,142.86,0
21783,146.28,0
21784,136.74,0
21785,142.19,0
21786,140.71,0
21787,143.32,0
21788,142.3,0
21789,142.81,0
21790,144.09,0
21791,139.13,0
21792,137.63,0
21793,142.65,0
21794,146.33,0
21795,147.62,0
21796,145.35,0
21797,148.84,0
21798,147.05,0
21799,144.04,0
21800,141.82,0
21801,146.65,0
21802,144.2,0
21803,141.11,0
21804,146.74,0
21805,147.57,0
21806,152.19,0
21807,144.47,0
21808,147.89,0
21809,148.49,0
21810,146.18,0
21811,145.34,0
21812,146.93,0
21813,150.36,0
21814,149.28,0
21815,150.49,0
21816,155.38,0
21817,147.09,0
21818,148.49,0
21819,144.09,0
21820,148.11,0
21821,152.74,0
21822,144.61,0
21823,153.54,0
21824,144.81,0
21825,151.2,0
21826,146.34,0
21827,148.55,0
21828,153.23,0
21829,146.15,0
21830,147.13,0
21831,146.78,0
21832,146.67,0
21833,144.41,0
21834,147.23,0
21835,139.32,0
21836,151.1,0
21837,146.39,0
21838,151.57,0
21839,151.44,0
21840,151.64,0
21841,144.2,0
21842,149.55,0
21843,154.28,0
21844,153.23,0
21845,150.42,0
21846,154.31,0
21847,144.09,0
21848,147.88,0
21849,146.93,0
21850,148.91,0
21851,159.93,0
21852,152.19,0
21853,156.85,0
21854,153.24,0
21855,149.09,0
21856,147.23,0
21857,145.5,0
21858,149.76,0
21859,146.92,0
21860,156.53,0
21861,148.42,0
21862,144.03,0
21863,148.69,0
21864,146.0,0
21865,150.18,0
21866,153.66,0
21867,147.55,0
21868,147.03,0
21869,158.32,0
21870,154.77,0
21871,155.9,0
21872,155.24,0
21873,156.55,0
21874,154.72,0
21875,151.75,0
21876,153.39,0
21877,155.48,0
21878,149.1,0
21879,143.05,0
21880,165.3,0
21881,159.32,0
21882,158.81,0
21883,154.57,0
21884,155.87,0
21885,149.51,0
21886,156.07,0
21887,148.41,0
21888,148.73,0
21889,148.02,0
21890,147.82,0
21891,149.15,0
21892,150.01,0
21893,146.68,0
21894,149.04,0
21895,144.62,0
21896,146.6,0
21897,153.04,0
21898,152.35,0
21899,156.01,0
21900,155.48,0
21901,146.41,0
21902,150.74,0
21903,150.51,0
21904,145.52,0
21905,149.72,0
21906,149.93,0
21907,142.83,0
21908,143.06,0
21909,141.07,0
21910,146.28,0
21911,155.54,0
21912,154.53,0
21913,151.2,0
21914,145.48,0
21915,159.47,0
21916,149.39,0
21917,151.26,0
21918,151.56,0
21919,151.98,0
21920,150.95,0
21921,148.67,0
21922,148.4,0
21923,148.74,0
21924,142.07,0
21925,148.94,0
21926,148.82,0
21927,146.18,0
21928,148.52,0
21929,145.89,0
21930,146.14,0
21931,153.13,0
21932,161.01,0
21933,154.63,0
21934,149.17,0
21935,149.13,0
21936,148.97,0
21937,152.83,0
21938,143.59,0
21939,150.06,0
21940,155.58,0
21941,158.22,0
21942,155.11,0
21943,151.33,0
21944,148.03,0
21945,152.3,0
21946,142.15,0
21947,143.94,0
21948,149.82,0
21949,147.71,0
21950,156.85,0
21951,167.35,0
21952,164.63,0
21953,154.64,0
21954,150.69,0
21955,152.7,0
21956,147.61,0
21957,153.07,0
21958,157.69,0
21959,148.55,0
21960,149.53,0
21961,148.24,0
21962,146.19,0
21963,149.07,0
21964,155.15,0
21965,149.54,0
21966,146.85,0
21967,141.23,0
21968,142.47,0
21969,139.71,0
21970,150.27,0
21971,144.5,0
21972,143.22,0
21973,147.52,0
21974,141.26,0
21975,140.9,0
21976,141.65,0
21977,147.63,0
21978,140.68,0
21979,147.56,0
21980,144.05,0
21981,146.75,0
21982,146.3,0
21983,148.24,0
21984,144.04,0
21985,153.81,0
21986,155.49,0
21987,145.13,0
21988,149.7,0
21989,149.46,0
21990,146.52,0
21991,147.15,0
21992,145.8,0
21993,140.74,0
21994,139.84,0
21995,144.83,0
21996,147.6,0
21997,139.19,0
21998,138.61,0
21999,157.87,0
22000,146.98,0
22001,146.1,0
22002,141.31,0
22003,147.34,0
22004,144.55,0
22005,136.19,0
22006,141.5,0
22007,141.82,0
22008,135.16,0
22009,135.72,0
22010,142.52,0
22011,142.33,0
22012,141.76,0
22013,141.78,0
22014,146.41,0
22015,142.6,0
22016,144.85,0
22017,141.99,0
22018,145.63,0
22019,143.25,0
22020,142.34,0
22021,145.23,0
22022,143.05,0
22023,136.91,0
22024,138.66,0
22025,142.79,0
22026,144.99,0
22027,136.56,0
22028,129.82,0
22029,134.56,0
22030,141.33,0
22031,139.83,0
22032,136.07,0
22033,141.51,0
22034,138.98,0
22035,138.5,0
22036,131.03,0
22037,146.72,0
22038,138.78,0
22039,141.03,0
22040,138.35,0
22041,136.83,0
22042,136.49,0
22043,144.08,0
22044,138.23,0
22045,139.79,0
22046,142.25,0
22047,138.27,0
22048,135.55,0
22049,140.45,0
22050,139.45,0
22051,139.58,0
22052,136.44,0
22053,138.47,0
22054,141.94,0
22055,141.67,0
22056,141.3,0
22057,137.58,0
22058,127.43,0
22059,135.65,0
22060,137.14,0
22061,140.74,0
22062,140.32,0
22063,144.71,0
22064,138.13,0
22065,139.04,0
22066,131.81,0
22067,134.78,0
22068,131.13,0
22069,138.15,0
22070,135.42,0
22071,134.29,0
22072,134.82,0
22073,134.52,0
22074,136.67,0
22075,138.8,0
22076,132.42,0
22077,132.86,0
22078,134.02,0
22079,139.8,0
22080,139.92,0
22081,137.02,0
22082,138.78,0
22083,141.58,0
22084,141.08,0
22085,137.81,0
22086,138.25,0
22087,138.21,0
22088,142.99,0
22089,141.29,0
22090,146.5,0
22091,140.18,0
22092,142.09,0
22093,143.93,0
22094,141.54,0
22095,133.0,0
22096,135.67,0
22097,138.15,0
22098,141.34,0
22099,143.7,0
22100,139.75,0
22101,142.36,0
22102,144.5,0
22103,143.69,0
22104,147.88,0
22105,143.65,0
22106,139.73,0
22107,140.71,0
22108,140.86,0
22109,141.01,0
22110,137.53,0
22111,142.99,0
22112,141.75,0
22113,142.75,0
22114,140.15,0
22115,141.63,0
22116,142.99,0
22117,140.32,0
22118,156.49,0
22119,152.37,0
22120,141.11,0
22121,141.67,0
22122,135.14,0
22123,140.74,0
22124,133.64,0
22125,135.4,0
22126,139.38,0
22127,136.21,0
22128,139.99,0
22129,140.34,0
22130,146.65,0
22131,137.55,0
22132,147.49,0
22133,148.16,0
22134,142.6,0
22135,146.82,0
22136,139.68,0
22137,136.29,0
22138,141.23,0
22139,138.93,0
22140,140.44,0
22141,143.45,0
22142,143.0,0
22143,144.3,0
22144,150.84,0
22145,142.62,0
22146,140.91,0
22147,138.8,0
22148,145.89,0
22149,146.52,0
22150,147.32,0
22151,147.65,0
22152,144.54,0
22153,142.65,0
22154,148.78,0
22155,153.71,0
22156,149.91,0
22157,148.57,0
22158,151.34,0
22159,146.46,0
22160,147.1,0
22161,143.87,0
22162,142.92,0
22163,143.87,0
22164,148.07,0
22165,147.54,0
22166,145.29,0
22167,149.14,0
22168,147.69,0
22169,142.92,0
22170,146.49,0
22171,143.07,0
22172,146.36,0
22173,147.73,0
22174,146.69,0
22175,146.37,0
22176,142.98,0
22177,141.94,0
22178,147.06,0
22179,149.41,0
22180,157.12,0
22181,160.29,0
22182,158.25,0
22183,150.76,0
22184,148.2,0
22185,148.02,0
22186,146.65,0
22187,143.27,0
22188,149.11,0
22189,153.57,0
22190,151.59,0
22191,157.13,0
22192,154.46,0
22193,149.43,0
22194,147.19,0
22195,149.63,0
22196,145.53,0
22197,159.61,0
22198,150.03,0
22199,155.24,0
22200,148.93,0
22201,152.73,0
22202,152.12,0
22203,154.41,0
22204,150.66,0
22205,149.56,0
22206,151.29,0
22207,148.13,0
22208,154.4,0
22209,158.39,0
22210,153.08,0
22211,149.11,0
22212,148.08,0
22213,144.84,0
22214,146.31,0
22215,148.35,0
22216,147.48,0
22217,151.33,0
22218,152.02,0
22219,145.54,0
22220,147.1,0
22221,146.81,0
22222,144.65,0
22223,155.56,0
22224,154.38,0
22225,155.27,0
22226,156.41,0
22227,149.31,0
22228,152.99,0
22229,146.64,0
22230,160.69,0
22231,157.6,0
22232,157.32,0
22233,151.08,0
22234,150.87,0
22235,144.57,0
22236,149.49,0
22237,146.44,0
22238,160.68,0
22239,147.23,0
22240,154.05,0
22241,151.06,0
22242,158.03,0
22243,164.02,0
22244,162.24,0
22245,156.86,0
22246,163.02,0
22247,160.2,0
22248,153.07,0
22249,153.98,0
22250,159.44,0
22251,154.99,0
22252,156.81,0
22253,157.87,0
22254,156.03,0
22255,156.39,0
22256,157.46,0
22257,161.35,0
22258,160.75,0
22259,150.06,0
22260,152.3,0
22261,152.92,0
22262,154.44,0
22263,142.68,0
22264,149.99,0
22265,149.66,0
22266,148.14,0
22267,158.6,0
22268,151.59,0
22269,149.2,0
22270,151.74,0
22271,150.62,0
22272,147.43,0
22273,145.97,0
22274,140.59,0
22275,144.1,0
22276,147.77,0
22277,145.04,0
22278,151.51,0
22279,148.86,0
22280,149.85,0
22281,149.99,0
22282,154.3,0
22283,143.43,0
22284,144.23,0
22285,140.75,0
22286,146.26,0
22287,149.13,0
22288,147.0,0
22289,146.65,0
22290,150.83,0
22291,143.5,0
22292,146.65,0
22293,139.82,0
22294,137.88,0
22295,138.05,0
22296,137.08,0
22297,140.57,0
22298,142.8,0
22299,149.95,0
22300,152.06,0
22301,147.03,0
22302,143.09,0
22303,147.11,0
22304,146.24,0
22305,141.51,0
22306,140.84,0
22307,138.49,0
22308,139.4,0
22309,136.57,0
22310,131.68,0
22311,135.9,0
22312,135.85,0
22313,134.92,0
22314,135.93,0
22315,127.62,0
22316,128.2,0
22317,128.03,0
22318,135.75,0
22319,134.32,0
22320,136.09,0
22321,128.8,0
22322,134.08,0
22323,133.22,0
22324,132.92,0
22325,128.04,0
22326,127.38,0
22327,127.11,0
22328,128.17,0
22329,126.52,0
22330,129.44,0
22331,130.82,0
22332,129.23,0
22333,129.58,0
22334,122.87,0
22335,132.43,0
22336,130.8,0
22337,130.34,0
22338,130.97,0
22339,129.75,0
22340,129.65,0
22341,136.75,0
22342,134.95,0
22343,131.57,0
22344,135.41,0
22345,131.19,0
22346,126.4,0
22347,132.51,0
22348,127.2,0
22349,131.31,0
22350,128.55,0
22351,129.0,0
22352,131.66,0
22353,124.8,0
22354,131.29,0
22355,124.82,0
22356,122.8,0
22357,125.11,0
22358,125.92,0
22359,127.23,0
22360,125.08,0
22361,126.01,0
22362,122.67,0
22363,124.97,0
22364,122.97,0
22365,120.66,0
22366,121.86,0
22367,121.39,0
22368,122.55,0
22369,118.21,0
22370,125.98,0
22371,124.73,0
22372,124.45,0
22373,127.44,0
22374,124.69,0
22375,123.01,0
22376,117.66,0
22377,126.14,0
22378,125.62,0
22379,119.96,0
22380,119.73,0
22381,120.1,0
22382,118.98,0
22383,121.65,0
22384,124.92,0
22385,115.17,0
22386,118.28,0
22387,122.33,0
22388,116.76,0
22389,122.3,0
22390,115.03,0
22391,123.16,0
22392,123.93,0
22393,122.78,0
22394,118.39,0
22395,118.31,0
22396,120.61,0
22397,120.16,0
22398,119.44,0
22399,124.19,0
22400,121.52,0
22401,116.11,0
22402,116.73,0
22403,124.91,0
22404,115.35,0
22405,119.46,0
22406,116.97,0
22407,119.96,0
22408,121.0,0
22409,123.88,0
22410,122.74,0
22411,115.24,0
22412,115.86,0
22413,115.67,0
22414,120.44,0
22415,119.49,0
22416,114.89,0
22417,117.42,0
22418,115.67,0
22419,116.46,0
22420,120.75,0
22421,112.5,0
22422,115.78,0
22423,117.69,0
22424,111.2,0
22425,111.99,0
22426,112.39,0
22427,117.4,0
22428,119.38,0
22429,119.77,0
22430,117.25,0
22431,112.78,0
22432,117.18,0
22433,125.72,0
22434,115.94,0
22435,122.39,0
22436,110.79,0
22437,111.72,0
22438,115.03,0
22439,123.37,0
22440,123.28,0
22441,121.04,0
22442,121.96,0
22443,118.34,0
22444,108.92,0
22445,110.2,0
22446,108.9,0
22447,118.45,0
22448,111.94,0
22449,112.03,0
22450,111.02,0
22451,113.29,0
22452,108.69,0
22453,107.99,0
22454,106.94,0
22455,107.97,0
22456,106.61,0
22457,108.73,0
22458,111.22,0
22459,111.23,0
22460,108.6,0
22461,111.58,0
22462,104.01,0
22463,112.97,0
22464,113.56,0
22465,114.58,0
22466,113.63,0
22467,123.7,0
22468,108.65,0
22469,105.82,0
22470,102.99,0
22471,104.81,0
22472,106.28,0
22473,110.84,0
22474,106.96,0
22475,109.61,0
22476,108.23,0
22477,119.43,0
22478,119.62,0
22479,119.15,0
22480,109.45,0
22481,110.93,0
22482,105.68,0
22483,99.25,0
22484,106.01,0
22485,108.21,0
22486,113.76,0
22487,115.81,0
22488,110.86,0
22489,109.48,0
22490,111.21,0
22491,114.02,0
22492,106.04,0
22493,111.1,0
22494,123.95,0
22495,105.86,0
22496,107.35,0
22497,115.71,0
22498,114.19,0
22499,103.55,0
22500,108.06,0
22501,112.27,0
22502,109.95,0
22503,112.57,0
22504,95.97,0
22505,99.97,0
22506,101.36,0
22507,104.45,0
22508,100.97,0
22509,98.62,0
22510,110.65,0
22511,112.45,0
22512,99.36,0
22513,97.68,0
22514,99.8,0
22515,97.3,0
22516,103.93,0
22517,113.13,0
22518,109.07,0
22519,105.83,0
22520,107.98,0
22521,110.71,0
22522,103.66,0
22523,102.33,0
22524,100.71,0
22525,108.86,0
22526,101.22,0
22527,118.06,0
22528,104.87,0
22529,96.06,0
22530,105.97,0
22531,100.58,0
22532,111.38,0
22533,100.97,0
22534,100.07,0
22535,103.65,0
22536,108.84,0
22537,109.1,0
22538,110.69,0
22539,108.13,0
22540,111.31,0
22541,114.29,0
22542,105.54,0
22543,103.95,0
22544,100.59,0
22545,103.5,0
22546,108.47,0
22547,107.45,0
22548,104.54,0
22549,111.72,0
22550,122.06,0
22551,115.58,0
22552,112.39,0
22553,112.39,0
22554,118.93,0
22555,105.61,0
22556,107.4,0
22557,110.42,0
22558,111.15,0
22559,104.03,0
22560,109.36,0
22561,111.44,0
22562,106.59,0
22563,111.83,0
22564,102.49,0
22565,109.1,0
22566,112.47,0
22567,101.41,0
22568,101.68,0
22569,100.31,0
22570,102.85,0
22571,94.83,0
22572,85.35,0
22573,91.29,0
22574,99.29,0
22575,92.43,0
22576,89.02,0
22577,88.83,0
22578,86.32,0
22579,95.37,0
22580,94.38,0
22581,106.4,0
22582,102.9,0
22583,105.93,0
22584,103.66,0
22585,105.21,0
22586,106.92,0
22587,107.74,0
22588,108.03,0
22589,101.39,0
22590,106.04,0
22591,104.03,0
22592,106.77,0
22593,107.08,0
22594,93.66,0
22595,108.18,0
22596,110.86,0
22597,107.16,0
22598,116.12,0
22599,107.11,0
22600,103.17,0
22601,104.45,0
22602,105.51,0
22603,104.09,0
22604,100.95,0
22605,103.5,0
22606,103.1,0
22607,100.66,0
22608,105.8,0
22609,107.45,0
22610,105.0,0
22611,107.67,0
22612,104.72,0
22613,107.16,0
22614,110.79,0
22615,104.55,0
22616,102.58,0
22617,99.57,0
22618,95.63,0
22619,95.33,0
22620,107.3,0
22621,104.97,0
22622,86.08,0
22623,94.02,0
22624,96.54,0
22625,93.05,0
22626,98.92,0
22627,100.32,0
22628,100.05,0
22629,91.0,0
22630,96.48,0
22631,90.14,0
22632,95.73,0
22633,101.03,0
22634,101.07,0
22635,107.64,0
22636,99.4,0
22637,103.7,0
22638,106.49,0
22639,110.82,0
22640,111.87,0
22641,107.28,0
22642,103.38,0
22643,106.75,0
22644,105.29,0
22645,116.67,0
22646,104.89,0
22647,101.81,0
22648,102.24,0
22649,106.06,0
22650,108.29,0
22651,98.82,0
22652,104.09,0
22653,109.38,0
22654,111.16,0
22655,108.74,0
22656,115.9,0
22657,115.84,0
22658,107.95,0
22659,97.06,0
22660,105.5,0
22661,105.45,0
22662,110.65,0
22663,102.84,0
22664,100.57,0
22665,98.33,0
22666,102.46,0
22667,103.25,0
22668,96.54,0
22669,92.95,0
22670,108.34,0
22671,109.43,0
22672,106.03,0
22673,101.87,0
22674,101.87,0
22675,104.89,0
22676,100.99,0
22677,103.75,0
22678,103.07,0
22679,102.95,0
22680,101.89,0
22681,99.1,0
22682,111.36,0
22683,104.9,0
22684,118.78,0
22685,107.93,0
22686,106.64,0
22687,104.19,0
22688,104.87,0
22689,103.04,0
22690,109.85,0
22691,111.76,0
22692,108.07,0
22693,107.74,0
22694,109.56,0
22695,117.69,0
22696,113.42,0
22697,110.75,0
22698,109.01,0
22699,107.88,0
22700,108.61,0
22701,115.74,0
22702,103.68,0
22703,117.3,0
22704,110.29,0
22705,112.11,0
22706,114.57,0
22707,108.11,0
22708,117.46,0
22709,113.62,0
22710,109.3,0
22711,109.65,0
22712,111.27,0
22713,116.09,0
22714,118.46,0
22715,115.04,0
22716,117.67,0
22717,117.71,0
22718,112.18,0
22719,110.27,0
22720,108.45,0
22721,108.61,0
22722,103.94,0
22723,104.68,0
22724,115.8,0
22725,115.21,0
22726,112.76,0
22727,121.9,0
22728,124.34,0
22729,119.89,0
22730,112.28,0
22731,114.88,0
22732,115.65,0
22733,114.06,0
22734,113.76,0
22735,120.15,0
22736,115.64,0
22737,112.73,0
22738,108.09,0
22739,111.26,0
22740,110.23,0
22741,105.28,0
22742,110.36,0
22743,110.21,0
22744,115.53,0
22745,115.69,0
22746,117.16,0
22747,107.16,0
22748,104.65,0
22749,112.24,0
22750,111.42,0
22751,116.05,0
22752,116.31,0
22753,129.19,0
22754,138.88,0
22755,152.3,0
22756,156.44,0
22757,139.62,0
22758,141.52,0
22759,143.51,0
22760,145.17,0
22761,135.52,0
22762,138.32,0
22763,143.81,0
22764,132.29,0
22765,130.89,0
22766,134.02,0
22767,124.08,0
22768,134.83,0
22769,126.39,0
22770,127.67,0
22771,132.96,0
22772,128.61,0
22773,135.83,0
22774,132.89,0
22775,130.87,0
22776,126.18,0
22777,117.27,0
22778,118.24,0
22779,125.99,0
22780,123.58,0
22781,127.72,0
22782,126.11,0
22783,126.16,0
22784,122.47,0
22785,132.68,0
22786,128.21,0
22787,136.19,0
22788,132.13,0
22789,131.82,0
22790,128.7,0
22791,120.6,0
22792,127.18,0
22793,126.01,0
22794,130.72,0
22795,127.75,0
22796,125.78,0
22797,126.0,0
22798,127.26,0
22799,126.48,0
22800,125.93,0
22801,126.43,0
22802,126.95,0
22803,127.75,0
22804,129.23,0
22805,119.75,0
22806,122.53,0
22807,131.2,0
22808,127.59,0
22809,128.85,0
22810,132.45,0
22811,129.26,0
22812,124.59,0
22813,130.04,0
22814,127.16,0
22815,133.51,0
22816,127.32,0
22817,133.48,0
22818,129.08,0
22819,130.21,0
22820,126.13,0
22821,129.2,0
22822,127.07,0
22823,125.23,0
22824,130.52,0
22825,133.51,0
22826,131.02,0
22827,129.78,0
22828,127.64,0
22829,124.97,0
22830,132.53,0
22831,125.95,0
22832,127.96,0
22833,130.73,0
22834,125.94,0
22835,131.66,0
22836,128.45,0
22837,130.25,0
22838,126.91,0
22839,127.57,0
22840,127.08,0
22841,128.22,0
22842,123.69,0
22843,123.02,0
22844,125.44,0
22845,124.98,0
22846,121.08,0
22847,127.65,0
22848,132.46,0
22849,125.92,0
22850,128.08,0
22851,127.61,0
22852,126.4,0
22853,139.12,0
22854,135.58,0
22855,129.78,0
22856,125.72,0
22857,132.6,0
22858,130.04,0
22859,133.73,0
22860,132.44,0
22861,135.28,0
22862,130.57,0
22863,135.8,0
22864,136.25,0
22865,131.95,0
22866,131.93,0
22867,136.78,0
22868,142.5,0
22869,136.41,0
22870,132.04,0
22871,134.11,0
22872,136.78,0
22873,131.82,0
22874,139.43,0
22875,140.3,0
22876,135.66,0
22877,131.35,0
22878,135.62,0
22879,134.88,0
22880,133.03,0
22881,135.22,0
22882,133.14,0
22883,136.27,0
22884,136.56,0
22885,136.61,0
22886,139.99,0
22887,135.47,0
22888,138.87,0
22889,136.46,0
22890,138.21,0
22891,142.35,0
22892,140.5,0
22893,131.87,0
22894,133.96,0
22895,137.91,0
22896,132.82,0
22897,141.16,0
22898,135.59,0
22899,133.14,0
22900,134.61,0
22901,137.06,0
22902,133.49,0
22903,135.68,0
22904,135.48,0
22905,136.68,0
22906,138.47,0
22907,136.76,0
22908,133.62,0
22909,134.8,0
22910,134.46,0
22911,137.88,0
22912,141.16,0
22913,136.13,0
22914,129.82,0
22915,139.8,0
22916,141.48,0
22917,135.33,0
22918,138.74,0
22919,142.2,0
22920,140.95,0
22921,141.69,0
22922,138.2,0
22923,139.89,0
22924,141.19,0
22925,145.36,0
22926,146.3,0
22927,141.2,0
22928,141.41,0
22929,142.18,0
22930,140.38,0
22931,147.82,0
22932,144.85,0
22933,139.56,0
22934,141.88,0
22935,144.2,0
22936,143.6,0
22937,143.43,0
22938,143.02,0
22939,147.48,0
22940,151.81,0
22941,144.2,0
22942,144.32,0
22943,136.79,0
22944,143.77,0
22945,145.73,0
22946,140.99,0
22947,146.37,0
22948,145.65,0
22949,144.1,0
22950,144.85,0
22951,148.14,0
22952,153.43,0
22953,153.42,0
22954,152.28,0
22955,145.75,0
22956,146.02,0
22957,149.57,0
22958,146.95,0
22959,157.08,0
22960,148.73,0
22961,147.49,0
22962,147.87,0
22963,146.8,0
22964,143.47,0
22965,149.86,0
22966,142.72,0
22967,151.96,0
22968,143.57,0
22969,145.67,0
22970,149.15,0
22971,150.33,0
22972,141.69,0
22973,152.08,0
22974,156.29,0
22975,152.97,0
22976,149.6,0
22977,151.04,0
22978,149.24,0
22979,143.11,0
22980,153.49,0
22981,153.83,0
22982,156.46,0
22983,157.03,0
22984,156.59,0
22985,149.38,0
22986,149.8,0
22987,156.73,0
22988,155.9,0
22989,158.16,0
22990,153.85,0
22991,155.33,0
22992,150.58,0
22993,152.28,0
22994,166.54,0
22995,147.49,0
22996,162.73,0
22997,160.0,0
22998,152.88,0
22999,147.78,0
23000,152.91,0
23001,150.22,0
23002,153.31,0
23003,155.84,0
23004,157.39,0
23005,156.3,0
23006,155.57,0
23007,152.11,0
23008,160.69,0
23009,149.29,0
23010,145.47,0
23011,149.9,0
23012,157.62,0
23013,154.02,0
23014,155.95,0
23015,146.86,0
23016,143.47,0
23017,151.56,0
23018,147.65,0
23019,144.24,0
23020,148.83,0
23021,146.78,0
23022,149.92,0
23023,150.8,0
23024,145.69,0
23025,141.19,0
23026,142.43,0
23027,144.01,0
23028,145.17,0
23029,146.05,0
23030,140.66,0
23031,138.57,0
23032,138.26,0
23033,153.26,0
23034,152.1,0
23035,150.33,0
23036,137.74,0
23037,149.17,0
23038,148.06,0
23039,150.53,0
23040,144.8,0
23041,142.24,0
23042,141.61,0
23043,138.96,0
23044,142.6,0
23045,141.72,0
23046,142.75,0
23047,139.46,0
23048,142.55,0
23049,148.2,0
23050,146.64,0
23051,150.22,0
23052,142.69,0
23053,146.78,0
23054,145.16,0
23055,150.94,0
23056,149.34,0
23057,147.19,0
23058,143.19,0
23059,144.15,0
23060,141.44,0
23061,136.16,0
23062,138.64,0
23063,147.33,0
23064,136.25,0
23065,145.13,0
23066,140.12,0
23067,141.53,0
23068,142.4,0
23069,148.51,0
23070,143.56,0
23071,144.14,0
23072,141.87,0
23073,142.34,0
23074,144.58,0
23075,139.07,0
23076,139.9,0
23077,139.19,0
23078,138.77,0
23079,132.87,0
23080,140.27,0
23081,141.63,0
23082,143.09,0
23083,136.61,0
23084,137.53,0
23085,143.61,0
23086,141.33,0
23087,138.79,0
23088,141.38,0
23089,140.74,0
23090,139.26,0
23091,137.79,0
23092,133.0,0
23093,137.59,0
23094,139.0,0
23095,138.71,0
23096,140.71,0
23097,139.94,0
23098,142.65,0
23099,147.39,0
23100,145.1,0
23101,144.19,0
23102,137.93,0
23103,142.11,0
23104,150.1,0
23105,140.07,0
23106,142.74,0
23107,146.62,0
23108,144.75,0
23109,135.88,0
23110,143.75,0
23111,145.71,0
23112,148.32,0
23113,145.73,0
23114,144.73,0
23115,143.21,0
23116,145.51,0
23117,142.2,0
23118,147.16,0
23119,138.65,0
23120,141.56,0
23121,142.4,0
23122,138.92,0
23123,147.29,0
23124,153.23,0
23125,155.07,0
23126,150.6,0
23127,147.42,0
23128,150.23,0
23129,145.89,0
23130,143.36,0
23131,145.07,0
23132,155.03,0
23133,148.39,0
23134,145.44,0
23135,143.57,0
23136,154.64,0
23137,150.43,0
23138,154.48,0
23139,154.64,0
23140,153.52,0
23141,153.52,0
23142,152.14,0
23143,143.26,0
23144,149.21,0
23145,145.17,0
23146,145.58,0
23147,144.97,0
23148,137.51,0
23149,137.78,0
23150,136.38,0
23151,140.41,0
23152,143.87,0
23153,149.61,0
23154,147.03,0
23155,142.51,0
23156,143.77,0
23157,147.32,0
23158,147.81,0
23159,145.28,0
23160,149.91,0
23161,151.02,0
23162,148.35,0
23163,146.51,0
23164,150.09,0
23165,157.69,0
23166,150.72,0
23167,151.64,0
23168,144.37,0
23169,145.73,0
23170,147.47,0
23171,144.86,0
23172,142.6,0
23173,148.1,0
23174,147.41,0
23175,143.28,0
23176,144.56,0
23177,138.41,0
23178,139.94,0
23179,152.59,0
23180,143.33,0
23181,145.53,0
23182,148.84,0
23183,146.95,0
23184,145.43,0
23185,147.4,0
23186,146.19,0
23187,147.83,0
23188,147.86,0
23189,151.51,0
23190,153.8,0
23191,136.52,0
23192,146.63,0
23193,143.07,0
23194,145.04,0
23195,143.26,0
23196,149.94,0
23197,153.77,0
23198,147.48,0
23199,146.27,0
23200,145.53,0
23201,141.6,0
23202,144.74,0
23203,148.57,0
23204,144.08,0
23205,141.13,0
23206,142.38,0
23207,141.74,0
23208,143.3,0
23209,146.25,0
23210,138.93,0
23211,151.51,0
23212,159.06,0
23213,155.93,0
23214,149.0,0
23215,144.79,0
23216,139.21,0
23217,141.2,0
23218,149.28,0
23219,148.2,0
23220,150.55,0
23221,153.1,0
23222,141.59,0
23223,146.24,0
23224,155.47,0
23225,149.51,0
23226,147.86,0
23227,150.86,0
23228,160.71,0
23229,153.23,0
23230,151.28,0
23231,144.9,0
23232,146.36,0
23233,143.34,0
23234,147.14,0
23235,151.15,0
23236,161.67,0
23237,151.24,0
23238,163.42,0
23239,157.65,0
23240,158.33,0
23241,153.42,0
23242,152.42,0
23243,154.93,0
23244,146.99,0
23245,160.62,0
23246,148.25,0
23247,150.79,0
23248,153.82,0
23249,151.26,0
23250,142.74,0
23251,147.96,0
23252,147.18,0
23253,142.63,0
23254,144.24,0
23255,144.33,0
23256,146.17,0
23257,156.43,0
23258,152.16,0
23259,151.63,0
23260,153.84,0
23261,150.39,0
23262,155.3,0
23263,150.2,0
23264,149.1,0
23265,159.69,0
23266,151.22,0
23267,151.63,0
23268,151.61,0
23269,153.93,0
23270,152.67,0
23271,151.8,0
23272,154.1,0
23273,152.84,0
23274,154.47,0
23275,147.49,0
23276,156.56,0
23277,153.66,0
23278,163.75,0
23279,150.59,0
23280,147.44,0
23281,147.66,0
23282,150.77,0
23283,152.53,0
23284,159.54,0
23285,155.61,0
23286,158.94,0
23287,150.47,0
23288,164.63,0
23289,167.68,0
23290,159.11,0
23291,151.33,0
23292,146.96,0
23293,154.08,0
23294,149.77,0
23295,143.74,0
23296,144.15,0
23297,145.92,0
23298,169.38,0
23299,158.56,0
23300,159.34,0
23301,149.69,0
23302,145.2,0
23303,159.02,0
23304,159.99,0
23305,148.85,0
23306,157.11,0
23307,157.44,0
23308,157.08,0
23309,154.41,0
23310,158.13,0
23311,162.9,0
23312,159.64,0
23313,155.88,0
23314,149.23,0
23315,154.21,0
23316,153.55,0
23317,156.69,0
23318,163.2,0
23319,151.87,0
23320,148.74,0
23321,153.86,0
23322,151.36,0
23323,151.29,0
23324,151.46,0
23325,150.35,0
23326,144.43,0
23327,149.8,0
23328,150.98,0
23329,157.51,0
23330,155.7,0
23331,149.62,0
23332,154.93,0
23333,151.6,0
23334,147.35,0
23335,147.43,0
23336,152.01,0
23337,155.22,0
23338,151.81,0
23339,151.33,0
23340,152.25,0
23341,151.08,0
23342,148.96,0
23343,159.39,0
23344,161.68,0
23345,167.4,0
23346,160.14,0
23347,152.7,0
23348,162.5,0
23349,154.83,0
23350,160.18,0
23351,149.74,0
23352,153.34,0
23353,156.35,0
23354,155.83,0
23355,142.51,0
23356,157.31,0
23357,154.76,0
23358,152.81,0
23359,155.12,0
23360,148.98,0
23361,155.93,0
23362,149.8,0
23363,149.04,0
23364,147.32,0
23365,146.93,0
23366,162.88,0
23367,158.83,0
23368,144.57,0
23369,151.08,0
23370,159.52,0
23371,153.83,0
23372,156.84,0
23373,152.91,0
23374,153.14,0
23375,153.21,0
23376,151.61,0
23377,151.76,0
23378,153.44,0
23379,151.66,0
23380,158.16,0
23381,153.13,0
23382,144.6,0
23383,142.3,0
23384,144.37,0
23385,147.22,0
23386,151.66,0
23387,151.44,0
23388,151.73,0
23389,148.7,0
23390,151.05,0
23391,150.5,0
23392,141.53,0
23393,140.98,0
23394,148.06,0
23395,153.28,0
23396,148.07,0
23397,147.12,0
23398,141.83,0
23399,146.3,0
23400,148.24,0
23401,145.12,0
23402,141.15,0
23403,153.19,0
23404,143.96,0
23405,144.88,0
23406,145.2,0
23407,149.26,0
23408,148.48,0
23409,150.57,0
23410,143.67,0
23411,150.64,0
23412,143.25,0
23413,144.28,0
23414,134.42,0
23415,156.21,0
23416,148.34,0
23417,143.13,0
23418,146.13,0
23419,145.56,0
23420,141.26,0
23421,140.54,0
23422,140.44,0
23423,140.42,0
23424,140.6,0
23425,143.89,0
23426,136.35,0
23427,134.26,0
23428,140.16,0
23429,144.68,0
23430,150.36,0
23431,149.03,0
23432,144.39,0
23433,138.72,0
23434,141.1,0
23435,139.85,0
23436,141.23,0
23437,145.5,0
23438,143.82,0
23439,140.59,0
23440,135.14,0
23441,141.31,0
23442,137.87,0
23443,139.19,0
23444,144.86,0
23445,139.64,0
23446,137.41,0
23447,135.06,0
23448,129.98,0
23449,137.18,0
23450,130.79,0
23451,136.31,0
23452,135.94,0
23453,137.08,0
23454,138.33,0
23455,133.47,0
23456,137.64,0
23457,137.34,0
23458,142.19,0
23459,143.26,0
23460,144.11,0
23461,143.9,0
23462,145.2,0
23463,142.61,0
23464,146.05,0
23465,139.92,0
23466,138.71,0
23467,138.32,0
23468,140.88,0
23469,140.98,0
23470,142.95,0
23471,142.21,0
23472,141.55,0
23473,139.39,0
23474,139.35,0
23475,133.57,0
23476,136.75,0
23477,145.18,0
23478,139.92,0
23479,147.26,0
23480,141.58,0
23481,142.21,0
23482,138.28,0
23483,139.06,0
23484,144.74,0
23485,133.11,0
23486,137.3,0
23487,135.62,0
23488,136.98,0
23489,138.59,0
23490,144.02,0
23491,136.65,0
23492,141.56,0
23493,141.41,0
23494,143.81,0
23495,148.36,0
23496,145.51,0
23497,141.7,0
23498,145.33,0
23499,141.43,0
23500,142.76,0
23501,138.04,0
23502,140.59,0
23503,145.9,0
23504,147.8,0
23505,147.31,0
23506,147.04,0
23507,144.8,0
23508,149.96,0
23509,148.12,0
23510,150.09,0
23511,147.21,0
23512,152.36,0
23513,144.21,0
23514,151.38,0
23515,145.27,0
23516,142.68,0
23517,143.04,0
23518,140.17,0
23519,142.14,0
23520,139.23,0
23521,141.85,0
23522,145.34,0
23523,148.31,0
23524,152.61,0
23525,141.52,0
23526,142.06,0
23527,143.62,0
23528,144.14,0
23529,160.83,0
23530,146.32,0
23531,140.7,0
23532,145.94,0
23533,145.92,0
23534,141.87,0
23535,136.24,0
23536,145.3,0
23537,141.56,0
23538,142.82,0
23539,140.69,0
23540,144.0,0
23541,137.9,0
23542,141.76,0
23543,142.31,0
23544,144.6,0
23545,140.56,0
23546,139.27,0
23547,144.62,0
23548,146.47,0
23549,152.49,0
23550,155.64,0
23551,152.62,0
23552,150.2,0
23553,147.6,0
23554,148.69,0
23555,149.54,0
23556,143.92,0
23557,138.88,0
23558,142.85,0
23559,144.11,0
23560,150.47,0
23561,157.59,0
23562,164.11,0
23563,156.38,0
23564,149.27,0
23565,147.88,0
23566,148.98,0
23567,152.63,0
23568,151.1,0
23569,152.55,0
23570,149.55,0
23571,146.46,0
23572,150.57,0
23573,140.25,0
23574,149.52,0
23575,151.16,0
23576,146.36,0
23577,151.29,0
23578,150.25,0
23579,158.19,0
23580,156.31,0
23581,161.7,0
23582,158.64,0
23583,143.95,0
23584,140.75,0
23585,152.03,0
23586,155.79,0
23587,150.93,0
23588,148.2,0
23589,157.91,0
23590,152.42,0
23591,153.08,0
23592,149.15,0
23593,151.56,0
23594,156.79,0
23595,156.88,0
23596,147.73,0
23597,156.67,0
23598,144.56,0
23599,151.79,0
23600,156.14,0
23601,159.86,0
23602,158.61,0
23603,156.84,0
23604,153.32,0
23605,154.5,0
23606,160.67,0
23607,164.03,0
23608,159.31,0
23609,152.15,0
23610,152.62,0
23611,149.59,0
23612,149.69,0
23613,153.62,0
23614,149.0,0
23615,160.5,0
23616,156.82,0
23617,145.95,0
23618,154.95,0
23619,156.21,0
23620,145.7,0
23621,150.63,0
23622,147.56,0
23623,159.68,0
23624,161.51,0
23625,154.24,0
23626,151.63,0
23627,144.43,0
23628,143.56,0
23629,145.12,0
23630,153.89,0
23631,166.98,0
23632,150.14,0
23633,154.17,0
23634,152.47,0
23635,141.74,0
23636,156.18,0
23637,154.78,0
23638,152.74,0
23639,161.09,0
23640,160.02,0
23641,145.9,0
23642,152.91,0
23643,151.81,0
23644,151.93,0
23645,147.76,0
23646,148.31,0
23647,176.08,0
23648,155.61,0
23649,156.75,0
23650,146.16,0
23651,148.07,0
23652,155.05,0
23653,155.23,0
23654,148.83,0
23655,153.55,0
23656,151.22,0
23657,153.87,0
23658,149.34,0
23659,153.27,0
23660,158.98,0
23661,148.81,0
23662,162.12,0
23663,152.96,0
23664,144.07,0
23665,147.88,0
23666,144.52,0
23667,149.0,0
23668,162.09,0
23669,150.15,0
23670,142.07,0
23671,144.73,0
23672,157.95,0
23673,142.79,0
23674,143.47,0
23675,138.33,0
23676,146.93,0
23677,148.22,0
23678,146.29,0
23679,147.89,0
23680,148.82,0
23681,147.25,0
23682,145.3,0
23683,140.25,0
23684,143.55,0
23685,148.31,0
23686,158.0,0
23687,139.62,0
23688,136.35,0
23689,141.4,0
23690,140.51,0
23691,141.81,0
23692,142.55,0
23693,141.45,0
23694,139.35,0
23695,141.63,0
23696,143.92,0
23697,143.7,0
23698,145.97,0
23699,152.96,0
23700,141.3,0
23701,148.22,0
23702,147.69,0
23703,149.87,0
23704,143.8,0
23705,134.18,0
23706,141.84,0
23707,135.29,0
23708,134.4,0
23709,136.96,0
23710,135.64,0
23711,137.11,0
23712,141.26,0
23713,133.7,0
23714,137.63,0
23715,137.92,0
23716,136.08,0
23717,130.34,0
23718,131.34,0
23719,129.93,0
23720,130.67,0
23721,136.5,0
23722,134.35,0
23723,128.89,0
23724,132.96,0
23725,127.71,0
23726,128.33,0
23727,140.22,0
23728,133.39,0
23729,132.62,0
23730,133.84,0
23731,135.85,0
23732,131.14,0
23733,122.32,0
23734,130.53,0
23735,132.89,0
23736,130.05,0
23737,130.63,0
23738,131.49,0
23739,126.7,0
23740,130.71,0
23741,132.87,0
23742,130.23,0
23743,135.34,0
23744,134.03,0
23745,126.14,0
23746,123.48,0
23747,127.29,0
23748,128.5,0
23749,131.88,0
23750,125.26,0
23751,129.56,0
23752,128.8,0
23753,130.1,0
23754,127.46,0
23755,125.6,0
23756,127.94,0
23757,127.4,0
23758,128.55,0
23759,120.19,0
23760,127.28,0
23761,124.41,0
23762,132.53,0
23763,122.25,0
23764,122.24,0
23765,126.89,0
23766,123.92,0
23767,124.66,0
23768,128.67,0
23769,127.56,0
23770,126.95,0
23771,124.29,0
23772,121.9,0
23773,124.61,0
23774,122.62,0
23775,121.47,0
23776,118.95,0
23777,118.32,0
23778,119.39,0
23779,121.24,0
23780,116.77,0
23781,114.67,0
23782,118.06,0
23783,122.1,0
23784,123.09,0
23785,117.87,0
23786,111.51,0
23787,118.12,0
23788,115.57,0
23789,117.44,0
23790,119.63,0
23791,117.34,0
23792,115.15,0
23793,113.92,0
23794,114.73,0
23795,122.22,0
23796,115.63,0
23797,117.18,0
23798,121.96,0
23799,119.64,0
23800,121.69,0
23801,110.79,0
23802,112.1,0
23803,112.86,0
23804,113.19,0
23805,117.47,0
23806,116.97,0
23807,121.11,0
23808,120.01,0
23809,110.7,0
23810,116.32,0
23811,121.99,0
23812,118.74,0
23813,116.55,0
23814,120.9,0
23815,112.98,0
23816,114.38,0
23817,121.85,0
23818,119.47,0
23819,114.06,0
23820,121.89,0
23821,118.8,0
23822,118.07,0
23823,109.35,0
23824,110.43,0
23825,109.87,0
23826,110.84,0
23827,108.21,0
23828,108.35,0
23829,101.96,0
23830,115.84,0
23831,114.11,0
23832,114.3,0
23833,106.88,0
23834,108.16,0
23835,100.51,0
23836,104.02,0
23837,105.21,0
23838,108.74,0
23839,112.44,0
23840,118.07,0
23841,112.26,0
23842,113.99,0
23843,111.07,0
23844,114.04,0
23845,110.49,0
23846,104.0,0
23847,110.51,0
23848,105.41,0
23849,115.61,0
23850,119.8,0
23851,104.37,0
23852,113.28,0
23853,111.62,0
23854,111.59,0
23855,105.1,0
23856,111.32,0
23857,103.84,0
23858,101.05,0
23859,116.46,0
23860,113.69,0
23861,109.22,0
23862,103.75,0
23863,107.56,0
23864,111.89,0
23865,110.77,0
23866,112.3,0
23867,111.42,0
23868,101.89,0
23869,101.37,0
23870,110.85,0
23871,101.07,0
23872,106.51,0
23873,114.56,0
23874,111.81,0
23875,114.61,0
23876,114.64,0
23877,113.28,0
23878,110.87,0
23879,118.43,0
23880,108.32,0
23881,107.15,0
23882,110.65,0
23883,110.31,0
23884,102.1,0
23885,96.4,0
23886,108.39,0
23887,119.64,0
23888,116.33,0
23889,117.54,0
23890,113.8,0
23891,105.65,0
23892,109.91,0
23893,116.68,0
23894,111.23,0
23895,108.18,0
23896,121.02,0
23897,95.4,0
23898,97.29,0
23899,112.93,0
23900,116.71,0
23901,108.46,0
23902,109.62,0
23903,113.24,0
23904,112.05,0
23905,109.75,0
23906,114.77,0
23907,110.92,0
23908,111.85,0
23909,110.35,0
23910,120.77,0
23911,113.04,0
23912,107.5,0
23913,98.28,0
23914,109.12,0
23915,110.51,0
23916,108.51,0
23917,107.82,0
23918,104.26,0
23919,102.31,0
23920,114.73,0
23921,98.47,0
23922,93.3,0
23923,93.64,0
23924,96.07,0
23925,99.6,0
23926,113.45,0
23927,96.94,0
23928,104.67,0
23929,104.24,0
23930,105.92,0
23931,110.83,0
23932,112.11,0
23933,101.72,0
23934,98.99,0
23935,109.09,0
23936,111.68,0
23937,108.99,0
23938,113.44,0
23939,104.8,0
23940,100.95,0
23941,101.61,0
23942,104.35,0
23943,103.26,0
23944,101.07,0
23945,104.12,0
23946,102.69,0
23947,113.47,0
23948,113.09,0
23949,98.51,0
23950,114.16,0
23951,96.53,0
23952,98.82,0
23953,99.7,0
23954,97.42,0
23955,102.65,0
23956,120.83,0
23957,99.95,0
23958,100.72,0
23959,107.19,0
23960,105.38,0
23961,105.65,0
23962,100.66,0
23963,106.2,0
23964,99.93,0
23965,100.63,0
23966,105.21,0
23967,99.48,0
23968,91.79,0
23969,89.14,0
23970,94.47,0
23971,100.44,0
23972,97.27,0
23973,93.49,0
23974,99.99,0
23975,99.31,0
23976,97.45,0
23977,98.99,0
23978,98.34,0
23979,103.71,0
23980,102.28,0
23981,88.07,0
23982,82.89,0
23983,95.68,0
23984,96.4,0
23985,99.45,0
23986,88.43,0
23987,93.18,0
23988,92.28,0
23989,103.99,0
23990,95.77,0
23991,110.43,0
23992,97.51,0
23993,97.97,0
23994,95.21,0
23995,103.05,0
23996,107.2,0
23997,126.25,0
23998,111.12,0
23999,108.75,0
24000,93.97,0
24001,105.95,0
24002,105.84,0
24003,99.48,0
24004,97.73,0
24005,112.64,0
24006,119.06,0
24007,115.54,0
24008,119.99,0
24009,115.47,0
24010,109.12,0
24011,96.8,0
24012,92.15,0
24013,98.59,0
24014,104.36,0
24015,101.43,0
24016,112.9,0
24017,93.86,0
24018,93.33,0
24019,93.59,0
24020,103.86,0
24021,103.9,0
24022,107.6,0
24023,105.59,0
24024,108.31,0
24025,106.64,0
24026,107.36,0
24027,97.61,0
24028,104.73,0
24029,99.93,0
24030,103.84,0
24031,98.47,0
24032,95.89,0
24033,106.79,0
24034,93.08,0
24035,95.69,0
24036,97.06,0
24037,104.73,0
24038,109.82,0
24039,113.16,0
24040,104.81,0
24041,104.97,0
24042,99.38,0
24043,91.7,0
24044,100.58,0
24045,97.08,0
24046,101.71,0
24047,102.88,0
24048,104.93,0
24049,103.1,0
24050,105.93,0
24051,113.07,0
24052,105.84,0
24053,110.85,0
24054,112.68,0
24055,114.72,0
24056,111.85,0
24057,118.67,0
24058,111.41,0
24059,104.75,0
24060,101.24,0
24061,111.3,0
24062,111.63,0
24063,108.41,0
24064,102.86,0
24065,115.68,0
24066,108.99,0
24067,110.76,0
24068,106.86,0
24069,114.17,0
24070,118.35,0
24071,110.6,0
24072,120.84,0
24073,112.39,0
24074,110.29,0
24075,120.23,0
24076,120.37,0
24077,113.67,0
24078,112.26,0
24079,115.87,0
24080,119.05,0
24081,115.28,0
24082,106.61,0
24083,104.24,0
24084,102.77,0
24085,110.12,0
24086,112.09,0
24087,110.05,0
24088,98.53,0
24089,101.15,0
24090,100.33,0
24091,105.95,0
24092,104.42,0
24093,103.88,0
24094,99.61,0
24095,111.58,0
24096,111.92,0
24097,103.56,0
24098,120.94,0
24099,110.7,0
24100,107.38,0
24101,105.55,0
24102,108.31,0
24103,105.7,0
24104,107.5,0
24105,108.63,0
24106,109.38,0
24107,104.47,0
24108,107.99,0
24109,107.1,0
24110,111.33,0
24111,111.52,0
24112,116.56,0
24113,111.54,0
24114,100.39,0
24115,114.2,0
24116,115.98,0
24117,123.72,0
24118,113.78,0
24119,109.89,0
24120,112.19,0
24121,110.85,0
24122,108.67,0
24123,105.11,0
24124,106.84,0
24125,101.63,0
24126,108.61,0
24127,103.53,0
24128,110.96,0
24129,111.62,0
24130,98.39,0
24131,110.29,0
24132,112.81,0
24133,104.9,0
24134,108.33,0
24135,117.79,0
24136,114.21,0
24137,116.68,0
24138,116.87,0
24139,115.5,0
24140,118.68,0
24141,123.59,0
24142,117.4,0
24143,123.85,0
24144,118.52,0
24145,115.8,0
24146,116.91,0
24147,111.97,0
24148,110.66,0
24149,107.01,0
24150,115.7,0
24151,108.57,0
24152,106.87,0
24153,111.77,0
24154,111.5,0
24155,115.03,0
24156,113.55,0
24157,108.7,0
24158,117.82,0
24159,104.7,0
24160,110.6,0
24161,105.88,0
24162,111.58,0
24163,113.19,0
24164,107.17,0
24165,116.2,0
24166,114.66,0
24167,119.23,0
24168,118.11,0
24169,117.58,0
24170,107.97,0
24171,110.41,0
24172,112.1,0
24173,113.8,0
24174,113.5,0
24175,118.33,0
24176,129.04,0
24177,118.5,0
24178,120.37,0
24179,121.25,0
24180,115.87,0
24181,112.89,0
24182,110.69,0
24183,110.52,0
24184,113.65,0
24185,110.72,0
24186,123.97,0
24187,118.22,0
24188,117.86,0
24189,119.88,0
24190,118.79,0
24191,124.22,0
24192,117.52,0
24193,118.05,0
24194,121.36,0
24195,115.7,0
24196,115.13,0
24197,123.41,0
24198,118.25,0
24199,115.46,0
24200,114.28,0
24201,114.83,0
24202,119.32,0
24203,116.58,0
24204,112.94,0
24205,118.21,0
24206,112.84,0
24207,119.03,0
24208,118.82,0
24209,117.84,0
24210,114.56,0
24211,104.81,0
24212,110.41,0
24213,119.99,0
24214,113.48,0
24215,112.98,0
24216,115.08,0
24217,112.05,0
24218,114.44,0
24219,118.68,0
24220,116.84,0
24221,125.76,0
24222,119.73,0
24223,116.95,0
24224,111.55,0
24225,113.92,0
24226,114.14,0
24227,116.41,0
24228,121.69,0
24229,115.55,0
24230,115.72,0
24231,118.59,0
24232,121.43,0
24233,118.06,0
24234,120.75,0
24235,126.91,0
24236,133.18,0
24237,138.77,0
24238,156.87,0
24239,157.98,0
24240,136.11,0
24241,136.62,0
24242,144.35,0
24243,137.35,0
24244,145.17,0
24245,146.78,0
24246,141.87,0
24247,139.32,0
24248,134.07,0
24249,133.92,0
24250,140.58,0
24251,142.35,0
24252,138.28,0
24253,134.44,0
24254,129.38,0
24255,128.22,0
24256,132.97,0
24257,134.65,0
24258,139.05,0
24259,139.9,0
24260,135.89,0
24261,134.28,0
24262,136.11,0
24263,139.36,0
24264,135.76,0
24265,138.37,0
24266,132.32,0
24267,136.49,0
24268,138.3,0
24269,143.56,0
24270,130.29,0
24271,130.23,0
24272,135.81,0
24273,133.77,0
24274,138.12,0
24275,133.71,0
24276,133.57,0
24277,136.63,0
24278,137.51,0
24279,134.8,0
24280,139.31,0
24281,139.16,0
24282,140.07,0
24283,135.23,0
24284,138.33,0
24285,139.25,0
24286,142.21,0
24287,140.82,0
24288,141.68,0
24289,141.54,0
24290,143.18,0
24291,136.25,0
24292,136.69,0
24293,144.39,0
24294,145.08,0
24295,142.77,0
24296,140.7,0
24297,146.76,0
24298,141.26,0
24299,138.05,0
24300,141.2,0
24301,139.14,0
24302,153.43,0
24303,146.88,0
24304,138.01,0
24305,145.54,0
24306,144.43,0
24307,150.33,0
24308,143.89,0
24309,135.15,0
24310,137.22,0
24311,140.23,0
24312,140.38,0
24313,143.14,0
24314,137.92,0
24315,136.6,0
24316,138.13,0
24317,138.52,0
24318,143.25,0
24319,140.56,0
24320,147.27,0
24321,147.38,0
24322,144.64,0
24323,144.8,0
24324,147.56,0
24325,142.76,0
24326,144.53,0
24327,142.9,0
24328,140.71,0
24329,144.48,0
24330,145.36,0
24331,153.25,0
24332,154.83,0
24333,147.0,0
24334,153.98,0
24335,139.89,0
24336,144.63,0
24337,147.73,0
24338,150.52,0
24339,151.52,0
24340,154.52,0
24341,146.84,0
24342,149.84,0
24343,158.25,0
24344,154.47,0
24345,155.75,0
24346,160.22,0
24347,161.55,0
24348,159.48,0
24349,165.68,0
24350,149.42,0
24351,151.07,0
24352,152.96,0
24353,153.68,0
24354,157.03,0
24355,163.41,0
24356,159.13,0
24357,164.33,0
24358,157.23,0
24359,161.41,0
24360,156.27,0
24361,158.82,0
24362,153.57,0
24363,162.24,0
24364,166.07,0
24365,165.24,0
24366,166.15,0
24367,167.02,0
24368,158.75,0
24369,152.19,0
24370,153.86,0
24371,164.86,0
24372,160.53,0
24373,157.77,0
24374,155.27,0
24375,161.9,0
24376,152.92,0
24377,153.49,0
24378,159.48,0
24379,165.04,0
24380,158.54,0
24381,160.99,0
24382,165.49,0
24383,160.31,0
24384,153.79,0
24385,150.06,0
24386,163.78,0
24387,168.36,0
24388,158.2,0
24389,166.75,0
24390,171.87,0
24391,156.57,0
24392,154.48,0
24393,152.57,0
24394,155.2,0
24395,156.36,0
24396,152.75,0
24397,157.0,0
24398,154.99,0
24399,158.5,0
24400,153.02,0
24401,162.09,0
24402,160.52,0
24403,158.77,0
24404,165.55,0
24405,167.8,0
24406,163.22,0
24407,169.89,0
24408,172.38,0
24409,156.77,0
24410,159.73,0
24411,154.23,0
24412,156.41,0
24413,146.0,0
24414,155.0,0
24415,162.15,0
24416,155.3,0
24417,164.17,0
24418,160.85,0
24419,158.56,0
24420,165.11,0
24421,161.48,0
24422,157.15,0
24423,167.21,0
24424,159.27,0
24425,162.82,0
24426,164.04,0
24427,166.58,0
24428,157.85,0
24429,162.51,0
24430,162.98,0
24431,164.7,0
24432,152.18,0
24433,151.0,0
24434,151.36,0
24435,148.69,0
24436,150.84,0
24437,152.25,0
24438,150.7,0
24439,149.85,0
24440,151.82,0
24441,154.11,0
24442,138.39,0
24443,140.53,0
24444,143.83,0
24445,151.22,0
24446,157.93,0
24447,161.74,0
24448,142.18,0
24449,151.84,0
24450,151.16,0
24451,138.43,0
24452,145.14,0
24453,142.42,0
24454,147.65,0
24455,148.33,0
24456,154.04,0
24457,148.24,0
24458,150.47,0
24459,150.41,0
24460,146.76,0
24461,141.46,0
24462,143.57,0
24463,146.74,0
24464,145.84,0
24465,145.44,0
24466,148.9,0
24467,142.15,0
24468,145.54,0
24469,147.44,0
24470,138.78,0
24471,136.2,0
24472,147.56,0
24473,137.98,0
24474,134.7,0
24475,139.31,0
24476,144.13,0
24477,140.89,0
24478,139.39,0
24479,141.72,0
24480,140.11,0
24481,138.13,0
24482,139.95,0
24483,139.21,0
24484,142.56,0
24485,139.17,0
24486,136.58,0
24487,141.01,0
24488,135.22,0
24489,145.36,0
24490,140.25,0
24491,135.62,0
24492,138.15,0
24493,139.24,0
24494,141.85,0
24495,140.73,0
24496,132.6,0
24497,141.6,0
24498,139.76,0
24499,136.22,0
24500,140.77,0
24501,139.18,0
24502,140.06,0
24503,138.54,0
24504,139.76,0
24505,140.47,0
24506,140.19,0
24507,148.16,1
24508,145.79,1
24509,142.99,1
24510,150.02,1
24511,151.3,1
24512,150.46,1
24513,150.31,1
24514,142.7,1
24515,144.76,1
24516,147.53,1
24517,148.67,1
24518,151.73,1
24519,141.19,1
24520,150.98,1
24521,149.12,1
24522,152.0,1
24523,143.5,1
24524,148.26,1
24525,149.04,1
24526,144.72,1
24527,149.53,1
24528,145.68,1
24529,147.39,1
24530,139.79,1
24531,141.79,1
24532,149.58,1
24533,150.54,1
24534,160.63,1
24535,152.05,1
24536,154.0,1
24537,161.44,1
24538,163.4,1
24539,149.65,1
24540,159.51,1
24541,156.42,1
24542,155.54,1
24543,157.62,1
24544,152.69,1
24545,151.22,1
24546,150.74,1
24547,158.66,1
24548,158.47,1
24549,158.28,1
24550,152.66,1
24551,157.21,1
24552,166.3,1
24553,155.03,1
24554,154.04,1
24555,152.47,1
24556,156.85,1
24557,154.64,1
24558,159.08,1
24559,151.37,1
24560,145.14,1
24561,140.24,1
24562,161.2,1
24563,157.01,1
24564,156.32,1
24565,147.36,1
24566,146.11,1
24567,153.26,1
24568,149.46,1
24569,147.31,1
24570,152.32,1
24571,155.64,1
24572,177.3,1
24573,162.25,1
24574,159.67,1
24575,159.26,1
24576,169.27,1
24577,0.0,1
24578,192.17,1
24579,180.46,1
24580,181.14,1
24581,172.82,1
24582,180.71,1
24583,173.23,1
24584,174.36,1
24585,179.67,1
24586,166.82,1
24587,179.72,1
24588,187.13,1
24589,180.65,1
24590,174.76,1
24591,179.2,1
24592,178.15,1
24593,184.23,1
24594,181.51,1
24595,187.94,1
24596,183.58,1
24597,179.8,1
24598,187.48,1
24599,186.37,1
24600,191.93,1
24601,185.9,1
24602,185.85,1
24603,189.86,1
24604,197.52,1
24605,193.8,1
24606,197.04,1
24607,202.05,1
24608,194.98,1
24609,199.73,1
24610,189.41,1
24611,195.05,1
24612,201.65,1
24613,189.69,1
24614,176.29,1
24615,187.48,1
24616,180.16,1
24617,179.25,1
24618,176.05,1
24619,180.76,1
24620,185.39,1
24621,178.71,1
24622,192.44,1
24623,189.19,1
24624,200.73,1
24625,194.99,1
24626,180.64,1
24627,181.39,1
24628,189.49,1
24629,179.81,1
24630,170.55,1
24631,177.94,1
24632,172.06,1
24633,170.35,1
24634,181.44,1
24635,177.63,1
24636,194.77,1
24637,179.23,1
24638,189.86,1
24639,187.96,1
24640,191.55,1
24641,181.29,1
24642,189.46,1
24643,193.32,1
24644,200.72,1
24645,186.19,1
24646,189.33,1
24647,183.13,1
24648,182.51,0
24649,170.4,0
24650,177.45,0
24651,185.33,0
24652,187.24,0
24653,191.73,0
24654,198.1,0
24655,187.8,0
24656,181.68,0
24657,180.01,0
24658,190.23,0
24659,184.07,0
24660,183.15,0
24661,187.85,0
24662,205.32,0
24663,186.49,0
24664,175.64,0
24665,176.51,0
24666,184.25,0
24667,174.61,0
24668,180.67,0
24669,175.54,0
24670,189.46,0
24671,184.17,0
24672,175.74,0
24673,172.44,0
24674,176.23,0
24675,177.77,0
24676,174.83,0
24677,173.19,0
24678,189.12,0
24679,187.72,0
24680,173.05,0
24681,182.75,0
24682,171.87,0
24683,170.0,0
24684,163.26,0
24685,167.91,0
24686,178.84,0
24687,180.18,0
24688,173.36,0
24689,173.88,0
24690,170.71,0
24691,171.85,0
24692,176.56,0
24693,162.37,0
24694,180.69,0
24695,180.86,0
24696,176.94,0
24697,185.26,0
24698,189.35,0
24699,176.32,0
24700,162.31,0
24701,164.59,0
24702,174.37,0
24703,168.28,0
24704,169.31,0
24705,170.57,0
24706,160.67,0
24707,159.87,0
24708,168.77,0
24709,166.49,0
24710,186.85,0
24711,173.42,0
24712,178.85,0
24713,183.95,0
24714,187.86,0
24715,173.85,0
24716,182.99,0
24717,176.47,0
24718,167.04,0
24719,169.24,0
24720,174.03,0
24721,172.87,0
24722,182.59,0
24723,160.71,0
24724,157.74,0
24725,156.08,0
24726,167.33,0
24727,174.38,0
24728,168.7,0
24729,168.64,0
24730,165.92,0
24731,163.86,0
24732,171.62,0
24733,167.64,0
24734,175.67,0
24735,165.99,0
24736,172.95,0
24737,167.49,0
24738,161.0,0
24739,171.23,0
24740,191.54,0
24741,183.25,0
24742,173.46,0
24743,173.14,0
24744,176.2,0
24745,171.97,0
24746,172.19,0
24747,171.47,0
24748,175.34,0
24749,167.05,0
24750,170.42,0
24751,168.42,0
24752,173.48,0
24753,170.7,0
24754,184.51,0
24755,172.7,0
24756,171.68,0
24757,164.47,0
24758,165.7,0
24759,169.52,0
24760,162.95,0
24761,167.4,0
24762,180.13,0
24763,166.81,0
24764,160.1,0
24765,156.85,0
24766,170.69,0
24767,160.86,0
24768,158.12,0
24769,172.94,0
24770,156.12,0
24771,167.25,0
24772,168.24,0
24773,175.93,0
24774,175.42,0
24775,163.4,0
24776,173.32,0
24777,169.32,0
24778,167.7,0
24779,164.97,0
24780,163.25,0
24781,157.17,0
24782,158.55,0
24783,168.69,0
24784,187.24,0
24785,177.15,0
24786,161.75,0
24787,167.99,0
24788,175.67,0
24789,164.27,0
24790,163.74,0
24791,158.24,0
24792,155.55,0
24793,156.41,0
24794,162.39,0
24795,166.73,0
24796,166.1,0
24797,157.95,0
24798,146.66,0
24799,159.79,0
24800,162.91,0
24801,157.41,0
24802,161.15,0
24803,159.93,0
24804,173.55,0
24805,166.87,0
24806,171.36,0
24807,169.16,0
24808,166.75,0
24809,159.52,0
24810,152.7,0
24811,159.14,0
24812,153.92,0
24813,155.58,0
24814,155.68,0
24815,156.26,0
24816,151.02,0
24817,153.75,0
24818,153.27,0
24819,162.35,0
24820,159.46,0
24821,159.64,0
24822,154.32,0
24823,155.58,0
24824,156.55,0
24825,159.3,0
24826,157.85,0
24827,156.59,0
24828,170.33,0
24829,162.34,0
24830,165.61,0
24831,162.61,0
24832,157.86,0
24833,164.96,0
24834,159.48,0
24835,166.86,0
24836,163.41,0
24837,174.28,0
24838,167.87,0
24839,168.19,0
24840,164.88,0
24841,168.1,0
24842,166.38,0
24843,169.68,0
24844,177.76,0
24845,172.49,0
24846,173.54,0
24847,179.44,0
24848,168.71,0
24849,171.06,0
24850,168.64,0
24851,163.21,0
24852,166.87,0
24853,170.63,0
24854,172.17,0
24855,159.85,0
24856,156.36,0
24857,169.02,0
24858,180.67,0
24859,183.88,0
24860,172.25,0
24861,175.11,0
24862,178.98,0
24863,182.19,0
24864,177.08,0
24865,171.5,0
24866,177.94,0
24867,173.9,0
24868,174.36,0
24869,177.59,0
24870,179.86,0
24871,189.24,0
24872,181.88,0
24873,180.23,0
24874,179.38,0
24875,175.69,0
24876,182.01,0
24877,176.95,0
24878,171.79,0
24879,178.17,0
24880,179.85,0
24881,188.86,0
24882,193.31,0
24883,180.38,0
24884,183.31,0
24885,185.83,0
24886,180.66,0
24887,189.06,0
24888,189.56,0
24889,187.39,0
24890,195.12,0
24891,188.45,0
24892,194.71,0
24893,189.78,0
24894,191.88,0
24895,198.54,0
24896,196.36,0
24897,194.27,0
24898,186.94,0
24899,184.81,0
24900,174.52,0
24901,172.71,0
24902,230.29,0
24903,213.14,0
24904,217.29,0
24905,218.11,0
24906,212.32,0
24907,216.28,0
24908,218.44,0
24909,207.3,0
24910,221.44,0
24911,219.56,0
24912,214.67,0
24913,214.38,0
24914,211.02,0
24915,210.22,0
24916,217.43,0
24917,223.64,0
24918,222.16,0
24919,218.4,0
24920,229.03,0
24921,222.22,0
24922,225.6,0
24923,224.68,0
24924,219.14,0
24925,231.37,0
24926,229.02,0
24927,214.39,0
24928,215.69,0
24929,222.66,0
24930,224.54,0
24931,235.61,0
24932,225.13,0
24933,224.06,0
24934,221.84,0
24935,220.63,0
24936,223.59,0
24937,218.18,0
24938,215.95,0
24939,219.46,0
24940,218.38,0
24941,228.13,0
24942,217.85,0
24943,213.5,0
24944,211.2,0
24945,209.99,0
24946,212.93,0
24947,215.98,0
24948,212.74,0
24949,216.76,0
24950,209.31,0
24951,214.0,0
24952,217.12,0
24953,221.82,0
24954,222.05,0
24955,223.16,0
24956,218.72,0
24957,213.16,0
24958,218.83,0
24959,211.44,0
24960,218.44,0
24961,224.48,0
24962,215.78,0
24963,229.42,0
24964,224.8,0
24965,214.56,0
24966,219.01,0
24967,215.67,0
24968,217.33,0
24969,211.37,0
24970,220.6,0
24971,226.87,0
24972,215.67,0
24973,214.58,0
24974,216.34,0
24975,204.44,0
24976,206.27,0
24977,206.15,0
24978,213.81,0
24979,213.84,0
24980,225.22,0
24981,215.97,0
24982,214.56,0
24983,215.87,0
24984,207.38,0
24985,209.34,0
24986,209.55,0
24987,211.98,0
24988,208.99,0
24989,215.27,0
24990,212.12,0
24991,217.37,0
24992,213.89,0
24993,218.09,0
24994,217.64,0
24995,215.8,0
24996,213.64,0
24997,210.72,0
24998,219.74,0
24999,237.21,0
25000,223.29,0
25001,218.22,0
25002,224.22,0
25003,223.33,0
25004,209.1,0
25005,224.95,0
25006,211.71,0
25007,205.94,0
25008,206.68,0
25009,211.46,0
25010,218.75,0
25011,225.77,0
25012,225.99,0
25013,227.82,0
25014,206.26,0
25015,210.39,0
25016,212.48,0
25017,210.88,0
25018,200.75,0
25019,213.87,0
25020,223.23,0
25021,208.91,0
25022,212.41,0
25023,205.72,0
25024,220.09,0
25025,218.93,0
25026,206.39,0
25027,211.32,0
25028,201.96,0
25029,200.87,0
25030,206.52,0
25031,209.45,0
25032,213.13,0
25033,204.74,0
25034,206.06,0
25035,196.95,0
25036,214.06,0
25037,220.55,0
25038,211.85,0
25039,196.0,0
25040,196.01,0
25041,205.01,0
25042,201.3,0
25043,196.63,0
25044,203.61,0
25045,208.89,0
25046,207.54,0
25047,195.0,0
25048,203.71,0
25049,200.45,0
25050,203.5,0
25051,198.08,0
25052,191.64,0
25053,185.44,0
25054,193.8,0
25055,214.65,0
25056,197.39,0
25057,196.04,0
25058,195.31,0
25059,198.51,0
25060,193.36,0
25061,197.47,0
25062,199.04,0
25063,186.86,0
25064,184.13,0
25065,199.04,0
25066,195.49,0
25067,200.06,0
25068,197.89,0
25069,182.77,0
25070,182.81,0
25071,203.64,0
25072,185.19,0
25073,189.37,0
25074,180.16,0
25075,182.47,0
25076,211.73,0
25077,209.1,0
25078,195.14,0
25079,180.78,0
25080,189.45,0
25081,188.05,0
25082,182.39,0
25083,183.2,0
25084,188.13,0
25085,179.05,0
25086,181.55,0
25087,170.97,0
25088,174.34,0
25089,176.62,0
25090,185.03,0
25091,168.7,0
25092,177.85,0
25093,170.33,0
25094,165.45,0
25095,177.13,0
25096,168.83,0
25097,172.81,0
25098,170.28,0
25099,168.4,0
25100,179.0,0
25101,176.61,0
25102,173.27,0
25103,173.54,0
25104,181.64,0
25105,168.6,0
25106,191.63,0
25107,176.54,0
25108,166.55,0
25109,162.42,0
25110,159.29,0
25111,156.17,0
25112,157.28,0
25113,158.57,0
25114,171.51,0
25115,162.68,0
25116,160.36,0
25117,162.59,0
25118,169.25,0
25119,167.7,0
25120,157.37,0
25121,161.54,0
25122,146.8,0
25123,148.02,0
25124,144.33,0
25125,143.65,0
25126,152.21,0
25127,158.06,0
25128,153.97,0
25129,148.82,0
25130,153.96,0
25131,144.66,0
25132,155.09,0
25133,148.89,0
25134,147.56,0
25135,151.02,0
25136,147.71,0
25137,141.76,0
25138,144.95,0
25139,150.36,0
25140,152.66,0
25141,140.49,0
25142,148.33,0
25143,149.54,0
25144,144.18,0
25145,148.41,0
25146,144.07,0
25147,137.59,0
25148,146.08,0
25149,150.19,0
25150,147.15,0
25151,146.05,0
25152,144.98,0
25153,149.78,0
25154,147.12,0
25155,136.61,0
25156,136.0,0
25157,134.66,0
25158,135.65,0
25159,133.8,0
25160,138.37,0
25161,134.53,0
25162,139.49,0
25163,137.74,0
25164,138.3,0
25165,139.09,0
25166,139.86,0
25167,136.58,0
25168,138.76,0
25169,135.94,0
25170,139.31,0
25171,139.46,0
25172,135.96,0
25173,136.71,0
25174,136.76,0
25175,140.84,0
25176,137.02,0
25177,136.95,0
25178,136.27,0
25179,136.34,0
25180,141.05,0
25181,130.1,0
25182,129.33,0
25183,136.21,0
25184,133.56,0
25185,134.9,0
25186,136.96,0
25187,141.04,0
25188,139.34,0
25189,138.93,0
25190,136.09,0
25191,131.35,0
25192,130.08,0
25193,130.54,0
25194,136.85,0
25195,139.34,0
25196,130.11,0
25197,127.86,0
25198,130.32,0
25199,125.25,0
25200,127.56,0
25201,134.65,0
25202,128.21,0
25203,132.18,0
25204,124.87,0
25205,135.41,0
25206,130.38,0
25207,129.34,0
25208,126.2,0
25209,129.16,0
25210,133.96,0
25211,129.34,0
25212,128.27,0
25213,137.13,0
25214,133.2,0
25215,132.98,0
25216,136.46,0
25217,130.67,0
25218,123.33,0
25219,125.11,0
25220,124.61,0
25221,123.79,0
25222,123.19,0
25223,131.18,0
25224,125.21,0
25225,128.94,0
25226,127.78,0
25227,131.08,0
25228,121.84,0
25229,126.25,0
25230,134.06,0
25231,128.73,0
25232,128.52,0
25233,123.94,0
25234,123.9,0
25235,155.37,0
25236,151.86,0
25237,159.15,0
25238,151.06,0
25239,152.95,0
25240,141.44,0
25241,150.41,0
25242,159.72,0
25243,143.6,0
25244,149.15,0
25245,137.94,0
25246,151.8,0
25247,151.9,0
25248,146.42,0
25249,132.21,0
25250,143.46,0
25251,136.87,0
25252,142.49,0
25253,142.28,0
25254,137.7,0
25255,138.34,0
25256,141.24,0
25257,141.36,0
25258,148.8,0
25259,141.81,0
25260,148.52,0
25261,150.4,0
25262,143.89,0
25263,154.54,0
25264,155.86,0
25265,151.35,0
25266,152.81,0
25267,156.85,0
25268,153.35,0
25269,152.26,0
25270,143.14,0
25271,155.09,0
25272,145.97,0
25273,160.3,0
25274,175.43,0
25275,151.0,0
25276,162.58,0
25277,155.34,0
25278,148.98,0
25279,155.06,0
25280,156.81,0
25281,145.39,0
25282,143.88,0
25283,144.01,0
25284,140.47,0
25285,137.74,0
25286,146.67,0
25287,150.46,0
25288,149.18,0
25289,144.93,0
25290,152.07,0
25291,153.02,0
25292,145.92,0
25293,146.92,0
25294,151.59,0
25295,141.21,0
25296,137.62,0
25297,141.92,0
25298,137.64,0
25299,133.61,0
25300,122.87,0
25301,129.94,0
25302,128.41,0
25303,135.22,0
25304,141.53,0
25305,142.73,0
25306,145.74,0
25307,144.26,0
25308,133.13,0
25309,129.39,0
25310,138.83,0
25311,140.78,0
25312,132.38,0
25313,150.5,0
25314,140.49,0
25315,142.79,0
25316,140.32,0
25317,147.23,0
25318,142.6,0
25319,133.14,0
25320,143.65,0
25321,146.84,0
25322,149.64,0
25323,149.94,0
25324,152.64,0
25325,143.25,0
25326,147.05,0
25327,157.36,0
25328,151.03,0
25329,169.18,0
25330,155.03,0
25331,155.45,0
25332,144.58,0
25333,143.89,0
25334,146.61,0
25335,140.01,0
25336,142.12,0
25337,161.93,0
25338,143.69,0
25339,151.13,0
25340,144.84,0
25341,140.08,0
25342,136.89,0
25343,175.78,0
25344,144.65,0
25345,139.16,0
25346,146.11,0
25347,142.6,0
25348,140.32,0
25349,154.74,0
25350,147.99,0
25351,149.97,0
25352,146.98,0
25353,138.3,0
25354,146.44,0
25355,137.52,0
25356,137.03,0
25357,143.35,0
25358,143.94,0
25359,145.64,0
25360,165.52,0
25361,143.21,0
25362,143.29,0
25363,144.62,0
25364,140.47,0
25365,143.43,0
25366,134.59,0
25367,125.49,0
25368,143.59,0
25369,131.23,0
25370,139.0,0
25371,142.9,0
25372,149.07,0
25373,143.86,0
25374,140.08,0
25375,144.26,0
25376,141.99,0
25377,146.23,0
25378,139.37,0
25379,137.96,0
25380,137.98,0
25381,142.81,0
25382,146.49,0
25383,153.37,0
25384,151.22,0
25385,147.31,0
25386,138.92,0
25387,135.64,0
25388,147.81,0
25389,139.99,0
25390,139.11,0
25391,146.24,0
25392,155.1,0
25393,144.45,0
25394,144.87,0
25395,142.4,0
25396,130.29,0
25397,146.76,0
25398,143.1,0
25399,139.66,0
25400,150.72,0
25401,139.98,0
25402,144.13,0
25403,145.17,0
25404,138.97,0
25405,143.71,0
25406,146.34,0
25407,146.01,0
25408,159.81,0
25409,157.96,0
25410,150.92,0
25411,147.93,0
25412,151.04,0
25413,150.74,0
25414,152.02,0
25415,145.84,0
25416,143.53,0
25417,152.14,0
25418,159.47,0
25419,159.41,0
25420,152.27,0
25421,162.45,0
25422,164.22,0
25423,160.51,0
25424,158.98,0
25425,143.47,0
25426,147.68,0
25427,147.67,0
25428,147.99,0
25429,150.65,0
25430,147.83,0
25431,146.65,0
25432,150.11,0
25433,147.66,0
25434,145.44,0
25435,157.37,0
25436,154.93,0
25437,145.87,0
25438,146.32,0
25439,151.97,0
25440,160.36,0
25441,150.05,0
25442,152.21,0
25443,154.53,0
25444,158.35,0
25445,146.89,0
25446,145.95,0
25447,140.51,0
25448,145.57,0
25449,140.72,0
25450,143.77,0
25451,160.3,0
25452,140.54,0
25453,144.05,0
25454,153.41,0
25455,151.84,0
25456,148.71,0
25457,140.17,0
25458,139.01,0
25459,148.09,0
25460,138.23,0
25461,136.99,0
25462,140.21,0
25463,141.69,0
25464,135.27,0
25465,136.9,0
25466,143.75,0
25467,160.83,0
25468,152.84,0
25469,159.22,0
25470,154.34,0
25471,141.17,0
25472,151.75,0
25473,170.1,0
25474,145.27,0
25475,146.12,0
25476,152.0,0
25477,142.57,0
25478,135.92,0
25479,131.94,0
25480,131.06,0
25481,123.16,0
25482,115.45,0
25483,122.95,0
25484,132.1,0
25485,118.51,0
25486,108.37,0
25487,106.85,0
25488,115.44,0
25489,107.32,0
25490,126.86,0
25491,122.14,0
25492,123.92,0
25493,113.36,0
25494,116.41,0
25495,110.93,0
25496,108.2,0
25497,116.73,0
25498,118.48,0
25499,120.27,0
25500,117.67,0
25501,109.0,0
25502,118.49,0
25503,114.31,0
25504,114.68,0
25505,110.18,0
25506,119.97,0
25507,107.98,0
25508,125.46,0
25509,128.0,0
25510,130.63,0
25511,122.95,0
25512,129.09,0
25513,113.55,0
25514,118.62,0
25515,117.69,0
25516,128.85,0
25517,130.81,0
25518,122.83,0
25519,120.14,0
25520,129.83,0
25521,123.98,0
25522,124.9,0
25523,123.52,0
25524,125.61,0
25525,127.25,0
25526,125.9,0
25527,126.34,0
25528,118.56,0
25529,116.28,0
25530,123.26,0
25531,122.66,0
25532,120.69,0
25533,122.02,0
25534,116.18,0
25535,125.18,0
25536,128.02,0
25537,130.1,0
25538,124.56,0
25539,117.14,0
25540,113.2,0
25541,130.16,0
25542,117.68,0
25543,121.53,0
25544,117.93,0
25545,115.92,0
25546,132.21,0
25547,122.35,0
25548,116.87,0
25549,133.02,0
25550,120.43,0
25551,128.81,0
25552,135.44,0
25553,136.57,0
25554,138.88,0
25555,126.95,0
25556,127.76,0
25557,136.73,0
25558,155.25,0
25559,152.46,0
25560,170.17,0
25561,175.96,0
25562,150.97,0
25563,145.44,0
25564,149.11,0
25565,141.48,0
25566,145.16,0
25567,129.57,0
25568,147.01,0
25569,139.2,0
25570,141.22,0
25571,137.81,0
25572,131.5,0
25573,133.36,0
25574,134.39,0
25575,140.2,0
25576,144.87,0
25577,136.33,0
25578,128.41,0
25579,136.1,0
25580,137.92,0
25581,143.24,0
25582,140.61,0
25583,138.79,0
25584,143.17,0
25585,138.96,0
25586,139.26,0
25587,133.92,0
25588,139.59,0
25589,133.84,0
25590,138.94,0
25591,134.37,0
25592,133.24,0
25593,132.1,0
25594,139.61,0
25595,135.67,0
25596,140.43,0
25597,133.89,0
25598,135.71,0
25599,133.78,0
25600,128.61,0
25601,125.78,0
25602,135.3,0
25603,135.09,0
25604,133.79,0
25605,129.97,0
25606,134.39,0
25607,134.97,0
25608,134.6,0
25609,138.82,0
25610,127.29,0
25611,125.72,0
25612,128.68,0
25613,131.59,0
25614,129.73,0
25615,134.09,0
25616,131.4,0
25617,136.63,0
25618,140.65,0
25619,139.97,0
25620,134.78,0
25621,133.71,0
25622,131.46,0
25623,136.42,0
25624,130.36,0
25625,128.08,0
25626,135.44,0
25627,131.4,0
25628,138.65,0
25629,134.67,0
25630,131.06,0
25631,128.04,0
25632,128.66,0
25633,125.83,0
25634,129.16,0
25635,127.7,0
25636,130.51,0
25637,131.83,0
25638,140.87,0
25639,133.34,0
25640,138.78,0
25641,137.95,0
25642,133.42,0
25643,139.85,0
25644,136.03,0
25645,136.38,0
25646,136.97,0
25647,137.28,0
25648,142.29,0
25649,140.16,0
25650,135.78,0
25651,133.67,0
25652,130.37,0
25653,134.05,0
25654,130.54,0
25655,136.01,0
25656,134.22,0
25657,139.29,0
25658,137.22,0
25659,141.37,0
25660,139.16,0
25661,139.96,0
25662,138.62,0
25663,135.81,0
25664,142.92,0
25665,145.41,0
25666,137.02,0
25667,138.73,0
25668,140.82,0
25669,139.07,0
25670,145.42,0
25671,137.56,0
25672,135.93,0
25673,137.47,0
25674,139.06,0
25675,131.33,0
25676,141.48,0
25677,140.73,0
25678,139.45,0
25679,144.8,0
25680,150.42,0
25681,145.71,0
25682,140.44,0
25683,142.31,0
25684,145.45,0
25685,144.87,0
25686,145.27,0
25687,150.63,0
25688,141.06,0
25689,143.55,0
25690,146.37,0
25691,146.19,0
25692,141.55,0
25693,139.11,0
25694,140.75,0
25695,142.74,0
25696,144.18,0
25697,147.96,0
25698,142.44,0
25699,145.29,0
25700,148.21,0
25701,143.66,0
25702,153.4,0
25703,148.53,0
25704,149.14,0
25705,148.45,0
25706,151.26,0
25707,156.83,0
25708,150.81,0
25709,149.42,0
25710,146.07,0
25711,151.73,0
25712,147.09,0
25713,149.69,0
25714,159.56,0
25715,159.16,0
25716,158.03,0
25717,153.34,0
25718,157.43,0
25719,155.19,0
25720,148.1,0
25721,154.53,0
25722,146.86,0
25723,154.05,0
25724,145.07,0
25725,146.62,0
25726,157.29,0
25727,160.31,0
25728,158.26,0
25729,148.08,0
25730,151.0,0
25731,153.27,0
25732,153.37,0
25733,159.29,0
25734,152.32,0
25735,148.59,0
25736,144.89,0
25737,147.71,0
25738,142.95,0
25739,152.84,0
25740,148.57,0
25741,151.2,0
25742,155.63,0
25743,149.8,0
25744,145.47,0
25745,154.94,0
25746,155.21,0
25747,158.41,0
25748,157.92,0
25749,148.63,0
25750,155.47,0
25751,154.59,0
25752,145.82,0
25753,154.39,0
25754,145.8,0
25755,157.09,0
25756,158.19,0
25757,158.63,0
25758,161.64,0
25759,172.09,0
25760,158.76,0
25761,160.02,0
25762,164.75,0
25763,159.16,0
25764,167.34,0
25765,152.89,0
25766,157.28,0
25767,162.52,0
25768,166.65,0
25769,158.85,0
25770,156.12,0
25771,160.02,0
25772,155.88,0
25773,153.75,0
25774,155.12,0
25775,164.83,0
25776,162.81,0
25777,161.45,0
25778,166.74,0
25779,153.82,0
25780,154.92,0
25781,157.56,0
25782,159.78,0
25783,159.13,0
25784,169.32,0
25785,169.23,0
25786,162.59,0
25787,170.94,0
25788,168.6,0
25789,167.51,0
25790,154.6,0
25791,154.49,0
25792,161.23,0
25793,163.35,0
25794,170.24,0
25795,170.58,0
25796,163.92,0
25797,163.95,0
25798,164.8,0
25799,162.18,0
25800,161.25,0
25801,161.6,0
25802,166.35,0
25803,158.93,0
25804,161.96,0
25805,155.82,0
25806,156.48,0
25807,158.54,0
25808,160.96,0
25809,170.79,0
25810,167.16,0
25811,166.07,0
25812,162.77,0
25813,171.79,0
25814,171.28,0
25815,173.82,0
25816,169.28,0
25817,171.72,0
25818,159.41,0
25819,168.87,0
25820,171.77,0
25821,176.32,0
25822,170.54,0
25823,163.43,0
25824,171.53,0
25825,173.4,0
25826,170.05,0
25827,176.22,0
25828,167.15,0
25829,163.39,0
25830,157.67,0
25831,171.4,0
25832,169.79,0
25833,172.2,0
25834,166.17,0
25835,165.05,0
25836,176.2,0
25837,172.04,0
25838,163.3,0
25839,173.81,0
25840,169.71,0
25841,161.79,0
25842,162.78,0
25843,166.48,0
25844,179.39,0
25845,164.57,0
25846,164.44,0
25847,164.68,0
25848,168.37,0
25849,175.73,0
25850,181.03,0
25851,172.92,0
25852,175.36,0
25853,168.57,0
25854,169.56,0
25855,172.49,0
25856,168.7,0
25857,163.06,0
25858,170.78,0
25859,171.61,0
25860,169.43,0
25861,163.29,0
25862,158.86,0
25863,152.0,0
25864,157.62,0
25865,155.26,0
25866,155.7,0
25867,153.96,0
25868,155.89,0
25869,153.35,0
25870,145.64,0
25871,150.55,0
25872,152.15,0
25873,157.66,0
25874,153.53,0
25875,147.54,0
25876,151.78,0
25877,153.18,0
25878,153.75,0
25879,150.55,0
25880,145.68,0
25881,147.58,0
25882,146.47,0
25883,157.45,0
25884,150.55,0
25885,149.48,0
25886,157.52,0
25887,152.0,0
25888,153.22,0
25889,147.26,0
25890,157.48,0
25891,148.88,0
25892,145.08,0
25893,149.91,0
25894,143.1,0
25895,143.95,0
25896,142.77,0
25897,148.92,0
25898,150.04,0
25899,150.6,0
25900,146.86,0
25901,151.03,0
25902,149.43,0
25903,142.45,0
25904,145.21,0
25905,136.6,0
25906,147.26,0
25907,144.24,0
25908,142.3,0
25909,138.57,0
25910,142.21,0
25911,146.96,0
25912,147.9,0
25913,140.38,0
25914,146.01,0
25915,142.39,0
25916,146.11,0
25917,141.58,0
25918,146.39,0
25919,145.69,0
25920,147.86,0
25921,143.61,0
25922,142.53,0
25923,149.71,0
25924,150.32,0
25925,150.68,0
25926,157.45,0
25927,163.89,0
25928,162.88,0
25929,156.82,0
25930,152.86,0
25931,156.7,0
25932,163.0,0
25933,156.81,0
25934,154.65,0
25935,156.45,0
25936,156.16,0
25937,160.99,0
25938,166.97,0
25939,166.4,0
25940,165.2,0
25941,164.73,0
25942,155.01,0
25943,160.6,0
25944,171.17,0
25945,156.43,0
25946,175.87,0
25947,165.06,0
25948,167.32,0
25949,164.83,0
25950,164.31,0
25951,164.77,0
25952,162.18,0
25953,165.51,0
25954,165.29,0
25955,184.97,0
25956,179.13,0
25957,184.13,0
25958,168.39,0
25959,178.98,0
25960,187.74,0
25961,189.55,0
25962,188.8,0
25963,189.75,0
25964,181.05,0
25965,184.05,0
25966,190.47,0
25967,191.68,0
25968,193.3,0
25969,190.32,0
25970,180.63,0
25971,183.9,0
25972,187.25,0
25973,183.14,0
25974,172.63,0
25975,175.74,0
25976,175.31,0
25977,175.27,0
25978,167.12,0
25979,173.45,0
25980,166.03,0
25981,168.42,0
25982,167.52,0
25983,177.73,0
25984,178.39,0
25985,172.86,0
25986,163.42,0
25987,168.63,0
25988,163.91,0
25989,166.79,0
25990,166.65,0
25991,165.98,0
25992,164.81,0
25993,164.36,0
25994,164.34,0
25995,160.37,0
25996,166.78,0
25997,164.34,0
25998,175.94,0
25999,170.25,0
26000,169.73,0
26001,166.4,0
26002,168.47,0
26003,173.4,0
26004,178.24,0
26005,176.12,0
26006,168.31,0
26007,170.96,0
26008,157.88,0
26009,151.55,0
26010,157.81,0
26011,152.17,0
26012,160.09,0
26013,166.58,0
26014,166.92,0
26015,167.5,0
26016,162.6,0
26017,165.18,0
26018,176.55,0
26019,171.51,0
26020,173.14,0
26021,181.38,0
26022,177.27,0
26023,169.13,0
26024,165.53,0
26025,155.58,0
26026,156.79,0
26027,155.83,0
26028,154.54,0
26029,170.88,0
26030,171.03,0
26031,170.66,0
26032,169.86,0
26033,157.39,0
26034,166.09,0
26035,164.27,0
26036,161.69,0
26037,163.68,0
26038,174.12,0
26039,160.53,0
26040,155.41,0
26041,153.55,0
26042,155.45,0
26043,172.16,0
26044,170.52,0
26045,167.55,0
26046,171.35,0
26047,171.66,0
26048,174.34,0
26049,158.46,0
26050,154.18,0
26051,157.08,0
26052,160.72,0
26053,165.88,0
26054,167.98,0
26055,168.62,0
26056,178.14,0
26057,170.44,0
26058,168.57,0
26059,166.62,0
26060,165.66,0
26061,158.04,0
26062,179.72,0
26063,180.98,0
26064,184.22,0
26065,173.31,0
26066,166.17,0
26067,169.51,0
26068,170.72,0
26069,168.5,0
26070,169.24,0
26071,163.3,0
26072,174.08,0
26073,171.08,0
26074,180.56,0
26075,173.38,0
26076,172.72,0
26077,185.41,0
26078,173.03,0
26079,176.59,0
26080,183.76,0
26081,174.32,0
26082,186.58,0
26083,195.56,0
26084,175.1,0
26085,182.51,0
26086,180.0,0
26087,178.37,0
26088,168.1,0
26089,165.03,0
26090,166.06,0
26091,161.32,0
26092,165.58,0
26093,169.06,0
26094,166.21,0
26095,166.34,0
26096,175.73,0
26097,173.03,0
26098,160.06,0
26099,158.04,0
26100,161.73,0
26101,175.13,0
26102,174.97,0
26103,188.79,0
26104,189.29,0
26105,187.54,0
26106,175.85,0
26107,171.52,0
26108,169.14,0
26109,174.38,0
26110,193.06,0
26111,167.78,0
26112,177.09,0
26113,166.44,0
26114,170.39,0
26115,163.22,0
26116,167.18,0
26117,180.1,0
26118,189.7,0
26119,180.39,0
26120,178.03,0
26121,166.5,0
26122,168.37,0
26123,173.64,0
26124,177.01,0
26125,172.09,0
26126,174.18,0
26127,171.86,0
26128,176.18,0
26129,170.46,0
26130,167.26,0
26131,179.11,0
26132,190.46,0
26133,185.6,0
26134,175.98,0
26135,188.49,0
26136,172.77,0
26137,174.34,0
26138,188.29,0
26139,193.53,0
26140,173.07,0
26141,194.22,0
26142,178.37,0
26143,189.53,0
26144,174.66,0
26145,166.74,0
26146,176.04,0
26147,178.04,0
26148,168.11,0
26149,169.5,0
26150,170.6,0
26151,160.45,0
26152,167.77,0
26153,166.76,0
26154,170.06,0
26155,176.33,0
26156,169.66,0
26157,168.12,0
26158,169.99,0
26159,175.63,0
26160,180.56,0
26161,171.8,0
26162,173.66,0
26163,171.58,0
26164,176.81,0
26165,162.39,0
26166,174.21,0
26167,172.06,0
26168,177.45,0
26169,165.91,0
26170,161.42,0
26171,161.99,0
26172,166.92,0
26173,158.96,0
26174,172.92,0
26175,170.53,0
26176,167.26,0
26177,165.52,0
26178,163.97,0
26179,161.62,0
26180,171.84,0
26181,179.0,0
26182,169.07,0
26183,174.2,0
26184,176.74,0
26185,184.72,0
26186,177.45,0
26187,165.52,0
26188,160.45,0
26189,160.95,0
26190,157.28,0
26191,168.24,0
26192,177.39,0
26193,170.33,0
26194,173.81,0
26195,180.57,0
26196,168.75,0
26197,168.19,0
26198,165.78,0
26199,170.68,0
26200,178.82,0
26201,172.78,0
26202,161.27,0
26203,171.54,0
26204,165.86,0
26205,161.78,0
26206,155.5,0
26207,157.31,0
26208,160.22,0
26209,150.7,0
26210,164.06,0
26211,171.09,0
26212,158.52,0
26213,156.24,0
26214,162.3,0
26215,152.71,0
26216,164.2,0
26217,163.19,0
26218,168.3,0
26219,164.39,0
26220,163.62,0
26221,159.89,0
26222,167.65,0
26223,159.77,0
26224,152.5,0
26225,158.63,0
26226,149.23,0
26227,145.37,0
26228,142.89,0
26229,151.93,0
26230,156.36,0
26231,162.87,0
26232,161.36,0
26233,153.87,0
26234,148.67,0
26235,145.64,0
26236,151.84,0
26237,155.15,0
26238,151.72,0
26239,155.22,0
26240,147.61,0
26241,148.66,0
26242,155.3,0
26243,154.39,0
26244,156.97,0
26245,157.0,0
26246,161.09,0
26247,161.04,0
26248,151.2,0
26249,147.77,0
26250,150.49,0
26251,154.27,0
26252,157.13,0
26253,154.13,0
26254,152.29,0
26255,154.37,0
26256,158.37,0
26257,150.78,0
26258,151.51,0
26259,157.28,0
26260,156.61,0
26261,151.89,0
26262,151.79,0
26263,152.87,0
26264,146.47,0
26265,150.08,0
26266,153.68,0
26267,149.51,0
26268,147.74,0
26269,151.86,0
26270,150.85,0
26271,154.76,0
26272,144.98,0
26273,148.16,0
26274,149.09,0
26275,143.69,0
26276,147.65,0
26277,155.81,0
26278,147.17,0
26279,157.14,0
26280,148.09,0
26281,143.44,0
26282,149.08,0
26283,158.13,0
26284,152.61,0
26285,149.38,0
26286,151.31,0
26287,150.55,0
26288,155.81,0
26289,154.45,0
26290,150.18,0
26291,155.77,0
26292,152.53,0
26293,152.85,0
26294,154.68,0
26295,153.05,0
26296,156.26,0
26297,150.47,0
26298,160.63,0
26299,158.65,0
26300,159.11,0
26301,159.3,0
26302,158.72,0
26303,160.52,0
26304,165.73,0
26305,164.46,0
26306,157.64,0
26307,149.78,0
26308,152.2,0
26309,157.72,0
26310,160.46,0
26311,158.83,0
26312,158.58,0
26313,161.84,0
26314,153.91,0
26315,161.63,0
26316,160.33,0
26317,156.28,0
26318,155.99,0
26319,151.64,0
26320,153.7,0
26321,159.09,0
26322,160.6,0
26323,153.54,0
26324,161.21,0
26325,143.92,0
26326,140.81,0
26327,150.76,0
26328,146.81,0
26329,143.71,0
26330,147.35,0
26331,141.76,0
26332,137.91,0
26333,140.23,0
26334,139.27,0
26335,142.82,0
26336,143.2,0
26337,140.42,0
26338,145.2,0
26339,145.04,0
26340,145.53,0
26341,153.44,0
26342,151.78,0
26343,139.29,0
26344,139.47,0
26345,144.61,0
26346,148.02,0
26347,145.92,0
26348,141.18,0
26349,141.51,0
26350,143.32,0
26351,149.77,0
26352,152.67,0
26353,158.68,0
26354,155.74,0
26355,144.5,0
26356,144.38,0
26357,148.07,0
26358,153.39,0
26359,153.12,0
26360,147.59,0
26361,156.23,0
26362,160.21,0
26363,150.52,0
26364,150.08,0
26365,153.29,0
26366,153.11,0
26367,145.7,0
26368,155.91,0
26369,145.29,0
26370,154.36,0
26371,151.03,0
26372,149.64,0
26373,157.38,0
26374,167.2,0
26375,167.19,0
26376,165.76,0
26377,157.8,0
26378,155.58,0
26379,155.96,0
26380,159.22,0
26381,152.4,0
26382,149.85,0
26383,161.44,0
26384,160.64,0
26385,166.5,0
26386,162.94,0
26387,159.66,0
26388,162.81,0
26389,158.7,0
26390,162.09,0
26391,151.74,0
26392,151.83,0
26393,168.54,0
26394,151.83,0
26395,150.26,0
26396,151.35,0
26397,153.72,0
26398,154.12,0
26399,164.69,0
26400,166.53,0
26401,160.61,0
26402,151.27,0
26403,157.66,0
26404,167.99,0
26405,170.67,0
26406,173.22,0
26407,166.6,0
26408,176.82,0
26409,172.19,0
26410,164.42,0
26411,157.64,0
26412,157.82,0
26413,163.1,0
26414,157.85,0
26415,158.38,0
26416,162.43,0
26417,164.26,0
26418,173.22,0
26419,165.39,0
26420,163.77,0
26421,160.92,0
26422,161.47,0
26423,169.72,0
26424,168.36,0
26425,168.38,0
26426,164.5,0
26427,159.29,0
26428,163.73,0
26429,169.55,0
26430,166.22,0
26431,173.49,0
26432,168.75,0
26433,175.39,0
26434,175.65,0
26435,180.95,0
26436,179.04,0
26437,176.92,0
26438,186.08,0
26439,182.55,0
26440,182.88,0
26441,169.16,0
26442,168.53,0
26443,170.03,0
26444,171.73,0
26445,170.8,0
26446,167.91,0
26447,178.68,0
26448,178.67,0
26449,163.32,0
26450,162.87,0
26451,162.3,0
26452,177.87,0
26453,179.67,0
26454,182.35,0
26455,172.64,0
26456,173.44,0
26457,161.28,0
26458,170.1,0
26459,176.89,0
26460,174.86,0
26461,173.03,0
26462,170.97,0
26463,171.25,0
26464,170.49,0
26465,168.4,0
26466,171.74,0
26467,167.76,0
26468,166.78,0
26469,157.59,0
26470,168.26,0
26471,167.23,0
26472,165.96,0
26473,163.79,0
26474,173.22,0
26475,162.1,0
26476,161.74,0
26477,168.86,0
26478,162.38,0
26479,166.8,0
26480,164.12,0
26481,154.75,0
26482,153.77,0
26483,154.57,0
26484,159.99,0
26485,164.01,0
26486,156.66,0
26487,180.27,0
26488,169.83,0
26489,163.0,0
26490,160.57,0
26491,158.84,0
26492,161.94,0
26493,161.88,0
26494,153.87,0
26495,164.19,0
26496,164.45,0
26497,164.33,0
26498,158.77,0
26499,166.48,0
26500,158.99,0
26501,167.81,0
26502,166.05,0
26503,165.07,0
26504,161.23,0
26505,153.95,0
26506,161.57,0
26507,161.88,0
26508,152.31,0
26509,156.21,0
26510,151.05,0
26511,155.16,0
26512,158.73,0
26513,164.74,0
26514,164.56,0
26515,151.8,0
26516,155.81,0
26517,153.31,0
26518,160.35,0
26519,159.49,0
26520,155.82,0
26521,157.68,0
26522,159.65,0
26523,157.28,0
26524,148.61,0
26525,151.75,0
26526,153.31,0
26527,154.22,0
26528,149.08,0
26529,144.61,0
26530,143.6,0
26531,140.47,0
26532,152.77,0
26533,155.13,0
26534,151.29,0
26535,150.91,0
26536,148.45,0
26537,157.89,0
26538,155.65,0
26539,150.03,0
26540,152.12,0
26541,149.47,0
26542,149.31,0
26543,139.47,0
26544,143.16,0
26545,141.23,0
26546,143.23,0
26547,154.06,0
26548,153.29,0
26549,145.48,0
26550,141.5,0
26551,144.87,0
26552,138.34,0
26553,140.77,0
26554,146.88,0
26555,144.24,0
26556,134.29,0
26557,139.09,0
26558,137.62,0
26559,139.86,0
26560,136.61,0
26561,137.11,0
26562,140.32,0
26563,139.56,0
26564,144.15,0
26565,142.3,0
26566,141.25,0
26567,139.82,0
26568,135.8,0
26569,137.88,0
26570,135.3,0
26571,137.96,0
26572,142.49,0
26573,142.96,0
26574,133.72,0
26575,135.5,0
26576,133.65,0
26577,134.63,0
26578,134.81,0
26579,130.87,0
26580,137.0,0
26581,138.29,0
26582,129.6,0
26583,136.7,0
26584,134.2,0
26585,130.66,0
26586,131.26,0
26587,127.86,0
26588,130.94,0
26589,133.26,0
26590,131.34,0
26591,130.22,0
26592,137.48,0
26593,139.34,0
26594,127.26,0
26595,129.05,0
26596,131.99,0
26597,129.83,0
26598,133.82,0
26599,131.03,0
26600,137.12,0
26601,131.25,0
26602,137.82,0
26603,133.85,0
26604,129.69,0
26605,126.84,0
26606,126.4,0
26607,127.92,0
26608,129.53,0
26609,130.59,0
26610,134.41,0
26611,136.36,0
26612,133.82,0
26613,135.14,0
26614,133.74,0
26615,133.08,0
26616,131.38,0
26617,134.74,0
26618,125.39,0
26619,130.35,0
26620,126.51,0
26621,127.54,0
26622,126.27,0
26623,123.0,0
26624,120.84,0
26625,130.29,0
26626,128.42,0
26627,126.82,0
26628,124.71,0
26629,133.66,0
26630,131.86,0
26631,127.14,0
26632,125.42,0
26633,126.01,0
26634,129.41,0
26635,125.71,0
26636,120.23,0
26637,131.22,0
26638,129.41,0
26639,134.65,0
26640,126.75,0
26641,133.9,0
26642,123.12,0
26643,127.42,0
26644,130.04,0
26645,127.76,0
26646,126.56,0
26647,121.78,0
26648,121.87,0
26649,126.01,0
26650,127.87,0
26651,125.49,0
26652,125.69,0
26653,124.33,0
26654,124.26,0
26655,126.89,0
26656,131.22,0
26657,134.36,0
26658,130.21,0
26659,128.03,0
26660,122.13,0
26661,123.0,0
26662,120.72,0
26663,128.29,0
26664,124.83,0
26665,122.73,0
26666,120.56,0
26667,128.52,0
26668,130.21,0
26669,127.23,0
26670,127.63,0
26671,126.1,0
26672,133.7,0
26673,125.34,0
26674,110.42,0
26675,115.07,0
26676,120.9,0
26677,119.6,0
26678,116.45,0
26679,118.13,0
26680,121.95,0
26681,110.67,0
26682,114.99,0
26683,113.18,0
26684,125.24,0
26685,124.75,0
26686,119.55,0
26687,116.24,0
26688,117.82,0
26689,129.4,0
26690,124.04,0
26691,123.36,0
26692,116.89,0
26693,121.02,0
26694,117.39,0
26695,123.73,0
26696,128.86,0
26697,122.52,0
26698,112.99,0
26699,122.3,0
26700,115.74,0
26701,117.45,0
26702,124.81,0
26703,107.05,0
26704,110.53,0
26705,120.81,0
26706,118.66,0
26707,115.96,0
26708,121.31,0
26709,116.84,0
26710,115.36,0
26711,115.14,0
26712,118.48,0
26713,121.21,0
26714,118.96,0
26715,107.45,0
26716,123.28,0
26717,121.17,0
26718,117.59,0
26719,119.1,0
26720,116.37,0
26721,106.68,0
26722,103.53,0
26723,114.7,0
26724,108.73,0
26725,113.9,0
26726,113.16,0
26727,129.52,0
26728,126.41,0
26729,118.08,0
26730,114.7,0
26731,110.12,0
26732,112.98,0
26733,103.73,0
26734,118.91,0
26735,120.32,0
26736,113.63,0
26737,112.55,0
26738,120.98,0
26739,115.89,0
26740,116.35,0
26741,119.77,0
26742,117.95,0
26743,113.53,0
26744,122.13,0
26745,116.45,0
26746,125.57,0
26747,117.27,0
26748,108.83,0
26749,106.59,0
26750,122.53,0
26751,126.38,0
26752,117.94,0
26753,114.06,0
26754,116.67,0
26755,96.34,0
26756,108.57,0
26757,105.0,0
26758,107.31,0
26759,103.51,0
26760,103.1,0
26761,102.6,0
26762,105.82,0
26763,109.94,0
26764,112.11,0
26765,107.56,0
26766,105.16,0
26767,105.31,0
26768,106.7,0
26769,104.0,0
26770,109.79,0
26771,106.2,0
26772,110.08,0
26773,102.74,0
26774,101.53,0
26775,110.11,0
26776,110.73,0
26777,107.31,0
26778,119.54,0
26779,114.31,0
26780,115.29,0
26781,110.65,0
26782,117.61,0
26783,106.16,0
26784,112.33,0
26785,111.1,0
26786,118.75,0
26787,112.12,0
26788,105.92,0
26789,103.34,0
26790,112.12,0
26791,122.73,0
26792,104.48,0
26793,98.46,0
26794,103.5,0
26795,108.6,0
26796,108.53,0
26797,115.68,0
26798,113.18,0
26799,108.01,0
26800,96.13,0
26801,108.86,0
26802,111.7,0
26803,118.07,0
26804,106.41,0
26805,105.49,0
26806,105.43,0
26807,103.09,0
26808,111.8,0
26809,112.81,0
26810,110.47,0
26811,110.63,0
26812,99.4,0
26813,115.67,0
26814,106.27,0
26815,109.48,0
26816,107.32,0
26817,108.93,0
26818,106.53,0
26819,104.63,0
26820,102.98,0
26821,99.71,0
26822,96.69,0
26823,105.14,0
26824,107.12,0
26825,99.95,0
26826,107.85,0
26827,97.64,0
26828,107.85,0
26829,108.95,0
26830,99.74,0
26831,108.77,0
26832,107.95,0
26833,106.72,0
26834,112.89,0
26835,103.01,0
26836,109.72,0
26837,118.57,0
26838,110.84,0
26839,107.42,0
26840,117.99,0
26841,110.74,0
26842,108.61,0
26843,105.33,0
26844,108.96,0
26845,110.59,0
26846,106.97,0
26847,106.49,0
26848,98.1,0
26849,103.46,0
26850,109.42,0
26851,101.08,0
26852,98.68,0
26853,97.13,0
26854,97.61,0
26855,103.96,0
26856,100.14,0
26857,97.16,0
26858,117.22,0
26859,101.32,0
26860,103.54,0
26861,92.7,0
26862,100.29,0
26863,114.53,0
26864,110.03,0
26865,107.61,0
26866,106.31,0
26867,100.21,0
26868,94.69,0
26869,97.71,0
26870,108.66,0
26871,113.63,0
26872,108.07,0
26873,100.49,0
26874,103.74,0
26875,98.66,0
26876,92.89,0
26877,104.43,0
26878,117.16,0
26879,108.46,0
26880,108.4,0
26881,104.5,0
26882,102.56,0
26883,108.7,0
26884,108.31,0
26885,110.21,0
26886,100.76,0
26887,100.81,0
26888,100.11,0
26889,98.24,0
26890,109.76,0
26891,97.35,0
26892,90.89,0
26893,115.06,0
26894,109.97,0
26895,112.12,0
26896,117.56,0
26897,114.26,0
26898,114.32,0
26899,106.06,0
26900,103.41,0
26901,99.67,0
26902,103.97,0
26903,108.34,0
26904,101.72,0
26905,114.36,0
26906,105.65,0
26907,112.84,0
26908,112.42,0
26909,108.08,0
26910,112.44,0
26911,105.58,0
26912,109.68,0
26913,96.56,0
26914,103.78,0
26915,107.48,0
26916,110.17,0
26917,105.59,0
26918,111.81,0
26919,112.69,0
26920,100.94,0
26921,105.72,0
26922,105.9,0
26923,111.23,0
26924,106.48,0
26925,107.81,0
26926,111.27,0
26927,105.62,0
26928,107.43,0
26929,108.26,0
26930,107.65,0
26931,110.44,0
26932,105.6,0
26933,101.88,0
26934,98.31,0
26935,104.88,0
26936,114.33,0
26937,113.61,0
26938,110.51,0
26939,105.77,0
26940,104.29,0
26941,103.4,0
26942,107.74,0
26943,100.16,0
26944,111.73,0
26945,106.08,0
26946,107.44,0
26947,101.76,0
26948,111.44,0
26949,107.66,0
26950,115.39,0
26951,113.2,0
26952,114.29,0
26953,117.49,0
26954,113.36,0
26955,116.4,0
26956,112.2,0
26957,114.05,0
26958,118.31,0
26959,117.9,0
26960,114.95,0
26961,113.19,0
26962,116.99,0
26963,110.53,0
26964,120.34,0
26965,122.37,0
26966,119.89,0
26967,123.03,0
26968,113.14,0
26969,111.34,0
26970,111.32,0
26971,117.43,0
26972,115.78,0
26973,117.57,0
26974,117.1,0
26975,122.12,0
26976,119.61,0
26977,119.77,0
26978,124.07,0
26979,121.17,0
26980,129.69,0
26981,123.12,0
26982,117.76,0
26983,120.55,0
26984,122.99,0
26985,116.98,0
26986,118.88,0
26987,115.25,0
26988,112.94,0
26989,114.64,0
26990,119.0,0
26991,119.02,0
26992,116.67,0
26993,122.92,0
26994,118.03,0
26995,124.99,0
26996,125.02,0
26997,115.58,0
26998,124.27,0
26999,118.53,0
