,ts,label
0,37,0
1,39,0
2,36,0
3,37,0
4,34,0
5,31,0
6,31,0
7,27,0
8,26,0
9,23,0
10,24,0
11,24,0
12,25,0
13,25,0
14,20,0
15,20,0
16,20,0
17,21,0
18,19,0
19,19,0
20,16,0
21,16,0
22,16,0
23,15,0
24,18,0
25,23,0
26,31,0
27,36,0
28,40,0
29,39,0
30,39,0
31,41,0
32,44,0
33,51,0
34,59,0
35,68,0
36,67,0
37,65,0
38,60,0
39,54,0
40,52,0
41,53,0
42,53,0
43,47,0
44,43,0
45,36,0
46,30,0
47,25,0
48,20,0
49,15,0
50,11,0
51,5,0
52,-3,0
53,-6,0
54,-9,0
55,-13,0
56,-13,0
57,-14,0
58,-9,0
59,-11,0
60,-10,0
61,-10,0
62,-5,0
63,2,0
64,12,0
65,28,0
66,38,0
67,56,0
68,86,0
69,146,0
70,221,0
71,322,0
72,409,0
73,482,0
74,525,0
75,513,0
76,469,0
77,385,0
78,314,0
79,255,0
80,208,0
81,153,0
82,88,0
83,35,0
84,-1,0
85,-24,0
86,-35,0
87,-42,0
88,-49,0
89,-57,0
90,-58,0
91,-61,0
92,-62,0
93,-60,0
94,-59,0
95,-59,0
96,-60,0
97,-60,0
98,-60,0
99,-57,0
100,-56,0
101,-55,0
102,-53,0
103,-52,0
104,-52,0
105,-51,0
106,-48,0
107,-46,0
108,-46,0
109,-42,0
110,-37,0
111,-35,0
112,-33,0
113,-33,0
114,-31,0
115,-27,0
116,-22,0
117,-15,0
118,-14,0
119,-9,0
120,-6,0
121,-2,0
122,6,0
123,14,0
124,20,0
125,27,0
126,36,0
127,39,0
128,45,0
129,51,0
130,56,0
131,60,0
132,65,0
133,73,0
134,73,0
135,77,0
136,78,0
137,79,0
138,76,0
139,76,0
140,80,0
141,72,0
142,71,0
143,66,0
144,62,0
145,55,0
146,48,0
147,44,0
148,39,0
149,36,0
150,31,0
151,31,0
152,29,0
153,28,0
154,25,0
155,21,0
156,22,0
157,20,0
158,22,0
159,21,0
160,23,0
161,20,0
162,19,0
163,19,0
164,17,0
165,20,0
166,23,0
167,26,0
168,26,0
169,28,0
170,27,0
171,24,0
172,24,0
173,24,0
174,28,0
175,31,0
176,37,0
177,41,0
178,46,0
179,46,0
180,47,0
181,47,0
182,48,0
183,50,0
184,56,0
185,63,0
186,67,0
187,71,0
188,67,0
189,62,0
190,59,0
191,57,0
192,60,0
193,52,0
194,49,0
195,42,0
196,39,0
197,34,0
198,29,0
199,28,0
200,23,0
201,19,0
202,12,0
203,8,0
204,4,0
205,1,0
206,0,0
207,-1,0
208,3,0
209,1,0
210,3,0
211,1,0
212,3,0
213,6,0
214,14,0
215,28,0
216,36,0
217,52,0
218,68,0
219,100,0
220,145,0
221,227,0
222,317,0
223,400,0
224,470,0
225,497,0
226,503,0
227,453,0
228,382,0
229,305,0
230,255,0
231,212,0
232,158,0
233,102,0
234,45,0
235,3,0
236,-24,0
237,-37,0
238,-45,0
239,-52,0
240,-58,0
241,-61,0
242,-64,0
243,-65,0
244,-69,0
245,-69,0
246,-70,0
247,-68,0
248,-66,0
249,-63,0
250,-60,0
251,-59,0
252,-59,0
253,-59,0
254,-57,0
255,-57,0
256,-55,0
257,-52,0
258,-49,0
259,-47,0
260,-47,0
261,-47,0
262,-48,0
263,-49,0
264,-47,0
265,-43,0
266,-36,0
267,-30,0
268,-29,0
269,-26,0
270,-24,0
271,-18,0
272,-12,0
273,-5,0
274,4,0
275,6,0
276,12,0
277,17,0
278,23,0
279,29,0
280,35,0
281,43,0
282,49,0
283,58,0
284,59,0
285,64,0
286,67,0
287,72,0
288,71,0
289,73,0
290,75,0
291,71,0
292,72,0
293,68,0
294,66,0
295,60,0
296,55,0
297,53,0
298,44,0
299,40,0
300,35,0
301,32,0
302,26,0
303,22,0
304,19,0
305,17,0
306,19,0
307,18,0
308,16,0
309,15,0
310,14,0
311,12,0
312,12,0
313,14,0
314,13,0
315,12,0
316,11,0
317,12,0
318,10,0
319,10,0
320,8,0
321,7,0
322,7,0
323,6,0
324,7,0
325,6,0
326,10,0
327,8,0
328,7,0
329,9,0
330,13,0
331,18,0
332,22,0
333,27,0
334,28,0
335,29,0
336,28,0
337,31,0
338,35,0
339,40,0
340,43,0
341,43,0
342,43,0
343,37,0
344,33,0
345,30,0
346,29,0
347,25,0
348,21,0
349,23,0
350,16,0
351,11,0
352,4,0
353,-2,0
354,-8,0
355,-15,0
356,-20,0
357,-26,0
358,-28,0
359,-31,0
360,-34,0
361,-38,0
362,-42,0
363,-45,0
364,-41,0
365,-36,0
366,-34,0
367,-28,0
368,-19,0
369,-6,0
370,5,0
371,22,0
372,48,0
373,90,0
374,157,0
375,246,0
376,347,0
377,422,0
378,486,0
379,506,0
380,499,0
381,444,0
382,355,0
383,283,0
384,224,0
385,179,0
386,122,0
387,65,0
388,16,0
389,-22,0
390,-41,0
391,-50,0
392,-57,0
393,-63,0
394,-68,0
395,-71,0
396,-75,0
397,-76,0
398,-77,0
399,-77,0
400,-77,0
401,-74,0
402,-75,0
403,-75,0
404,-74,0
405,-73,0
406,-69,0
407,-66,0
408,-64,0
409,-63,0
410,-63,0
411,-61,0
412,-59,0
413,-56,0
414,-54,0
415,-52,0
416,-49,0
417,-43,0
418,-43,0
419,-43,0
420,-44,0
421,-42,0
422,-37,0
423,-29,0
424,-21,0
425,-17,0
426,-10,0
427,-4,0
428,3,0
429,10,0
430,20,0
431,33,0
432,37,0
433,46,0
434,52,0
435,59,0
436,63,0
437,69,0
438,71,0
439,76,0
440,80,0
441,80,0
442,83,0
443,82,0
444,83,0
445,78,0
446,77,0
447,76,0
448,69,0
449,65,0
450,60,0
451,59,0
452,54,0
453,49,0
454,44,0
455,38,0
456,38,0
457,33,0
458,29,0
459,26,0
460,24,0
461,20,0
462,18,0
463,16,0
464,17,0
465,18,0
466,16,0
467,17,0
468,17,0
469,18,0
470,18,0
471,20,0
472,22,0
473,22,0
474,24,0
475,24,0
476,25,0
477,21,0
478,21,0
479,20,0
480,21,0
481,18,0
482,18,0
483,23,0
484,24,0
485,28,0
486,30,0
487,32,0
488,34,0
489,36,0
490,40,0
491,41,0
492,44,0
493,44,0
494,48,0
495,52,0
496,57,0
497,56,0
498,50,0
499,45,0
500,39,0
501,39,0
502,38,0
503,36,0
504,34,0
505,34,0
506,38,0
507,28,0
508,26,0
509,22,0
510,17,0
511,11,0
512,5,0
513,7,0
514,6,0
515,8,0
516,4,0
517,3,0
518,3,0
519,4,0
520,1,0
521,4,0
522,8,0
523,12,0
524,19,0
525,26,0
526,38,0
527,52,0
528,81,0
529,127,0
530,206,0
531,302,0
532,403,0
533,487,0
534,534,0
535,560,0
536,529,0
537,464,0
538,369,0
539,293,0
540,240,0
541,190,0
542,144,0
543,90,0
544,46,0
545,9,0
546,-12,0
547,-21,0
548,-31,0
549,-36,0
550,-41,0
551,-44,0
552,-48,0
553,-47,0
554,-48,0
555,-47,0
556,-48,0
557,-46,0
558,-45,0
559,-47,0
560,-45,0
561,-42,0
562,-42,0
563,-41,0
564,-42,0
565,-38,0
566,-38,0
567,-37,0
568,-40,0
569,-38,0
570,-37,0
571,-36,0
572,-34,0
573,-32,0
574,-30,0
575,-30,0
576,-29,0
577,-28,0
578,-24,0
579,-20,0
580,-10,0
581,1,0
582,3,0
583,9,0
584,12,0
585,18,0
586,24,0
587,32,0
588,40,0
589,47,0
590,54,0
591,57,0
592,63,0
593,66,0
594,70,0
595,70,0
596,73,0
597,73,0
598,74,0
599,77,0
600,73,0
601,72,0
602,68,0
603,67,0
604,62,0
605,57,0
606,52,0
607,49,0
608,45,0
609,38,0
610,35,0
611,29,0
612,25,0
613,23,0
614,22,0
615,19,0
616,16,0
617,16,0
618,11,0
619,7,0
620,6,0
621,6,0
622,4,0
623,3,0
624,4,0
625,4,0
626,4,0
627,2,0
628,3,0
629,3,0
630,4,0
631,3,0
632,3,0
633,5,0
634,2,0
635,1,0
636,2,0
637,4,0
638,6,0
639,10,0
640,18,0
641,17,0
642,22,0
643,22,0
644,26,0
645,25,0
646,25,0
647,24,0
648,24,0
649,30,0
650,31,0
651,32,0
652,25,0
653,18,0
654,12,0
655,9,0
656,11,0
657,10,0
658,13,0
659,10,0
660,8,0
661,6,0
662,7,0
663,8,0
664,-2,0
665,-4,0
666,-6,0
667,-11,0
668,-14,0
669,-18,0
670,-18,0
671,-19,0
672,-20,0
673,-21,0
674,-21,0
675,-21,0
676,-18,0
677,-15,0
678,-8,0
679,-1,0
680,6,0
681,21,0
682,46,0
683,92,0
684,165,0
685,261,0
686,359,0
687,447,0
688,497,0
689,522,0
690,495,0
691,412,0
692,327,0
693,246,0
694,196,0
695,145,0
696,96,0
697,46,0
698,3,0
699,-21,0
700,-36,0
701,-44,0
702,-54,0
703,-62,0
704,-66,0
705,-68,0
706,-70,0
707,-70,0
708,-68,0
709,-69,0
710,-71,0
711,-73,0
712,-74,0
713,-73,0
714,-72,0
715,-64,0
716,-68,0
717,-66,0
718,-67,0
719,-69,0
720,-71,0
721,-71,0
722,-68,0
723,-68,0
724,-68,0
725,-64,0
726,-63,0
727,-61,0
728,-60,0
729,-58,0
730,-56,0
731,-53,0
732,-50,0
733,-45,0
734,-40,0
735,-37,0
736,-33,0
737,-26,0
738,-15,0
739,-10,0
740,-4,0
741,1,0
742,7,0
743,10,0
744,14,0
745,18,0
746,17,0
747,20,0
748,23,0
749,23,0
750,22,0
751,25,0
752,27,0
753,26,0
754,25,0
755,25,0
756,23,0
757,20,0
758,16,0
759,12,0
760,11,0
761,2,0
762,-3,0
763,-8,0
764,-13,0
765,-20,0
766,-20,0
767,-17,0
768,-22,0
769,-26,0
770,-32,0
771,-36,0
772,-37,0
773,-40,0
774,-37,0
775,-39,0
776,-37,0
777,-39,0
778,-38,0
779,-39,0
780,-37,0
781,-38,0
782,-37,0
783,-35,0
784,-35,0
785,-34,0
786,-33,0
787,-33,0
788,-35,0
789,-35,0
790,-30,0
791,-30,0
792,-31,0
793,-33,0
794,-33,0
795,-33,0
796,-33,0
797,-27,0
798,-26,0
799,-22,0
800,-22,0
801,-23,0
802,-26,0
803,-26,0
804,-25,0
805,-24,0
806,-23,0
807,-25,0
808,-29,0
809,-33,0
810,-36,0
811,-37,0
812,-39,0
813,-40,0
814,-44,0
815,-44,0
816,-48,0
817,-53,0
818,-57,0
819,-60,0
820,-61,0
821,-67,0
822,-69,0
823,-70,0
824,-72,0
825,-73,0
826,-74,0
827,-74,0
828,-79,0
829,-80,0
830,-81,0
831,-77,0
832,-73,0
833,-64,0
834,-52,0
835,-41,0
836,-23,0
837,8,0
838,71,0
839,154,0
840,248,0
841,336,0
842,403,0
843,431,0
844,427,0
845,364,0
846,280,0
847,201,0
848,143,0
849,97,0
850,43,0
851,-7,0
852,-56,0
853,-88,0
854,-110,0
855,-122,0
856,-128,0
857,-133,0
858,-137,0
859,-139,0
860,-144,0
861,-145,0
862,-148,0
863,-148,0
864,-146,0
865,-142,0
866,-142,0
867,-144,0
868,-143,0
869,-142,0
870,-141,0
871,-139,0
872,-135,0
873,-138,0
874,-137,0
875,-136,0
876,-136,0
877,-136,0
878,-139,0
879,-137,0
880,-137,0
881,-134,0
882,-132,0
883,-130,0
884,-128,0
885,-126,0
886,-122,0
887,-118,0
888,-111,0
889,-106,0
890,-100,0
891,-94,0
892,-89,0
893,-80,0
894,-75,0
895,-69,0
896,-68,0
897,-60,0
898,-53,0
899,-50,0
900,-46,0
901,-40,0
902,-35,0
903,-36,0
904,-34,0
905,-30,0
906,-26,0
907,-25,0
908,-27,0
909,-32,0
910,-34,0
911,-38,0
912,-43,0
913,-48,0
914,-53,0
915,-61,0
916,-67,0
917,-70,0
918,-76,0
919,-81,0
920,-86,0
921,-91,0
922,-95,0
923,-98,0
924,-100,0
925,-106,0
926,-109,0
927,-109,0
928,-107,0
929,-106,0
930,-106,0
931,-105,0
932,-105,0
933,-103,0
934,-104,0
935,-106,0
936,-107,0
937,-108,0
938,-108,0
939,-108,0
940,-106,0
941,-107,0
942,-107,0
943,-108,0
944,-111,0
945,-113,0
946,-112,0
947,-106,0
948,-108,0
949,-107,0
950,-106,0
951,-105,0
952,-101,0
953,-98,0
954,-92,0
955,-95,0
956,-94,0
957,-94,0
958,-94,0
959,-94,0
960,-97,0
961,-99,0
962,-104,0
963,-107,0
964,-112,0
965,-113,0
966,-115,0
967,-116,0
968,-118,0
969,-121,0
970,-126,0
971,-132,0
972,-133,0
973,-134,0
974,-136,0
975,-136,0
976,-140,0
977,-143,0
978,-146,0
979,-148,0
980,-152,0
981,-154,0
982,-152,0
983,-148,0
984,-144,0
985,-138,0
986,-126,0
987,-116,0
988,-100,0
989,-84,0
990,-56,0
991,-7,0
992,66,0
993,156,0
994,240,0
995,304,0
996,336,0
997,331,0
998,282,0
999,207,0
1000,133,0
1001,88,0
1002,44,0
1003,-6,0
1004,-66,0
1005,-111,0
1006,-142,0
1007,-163,0
1008,-176,0
1009,-184,0
1010,-192,0
1011,-192,0
1012,-194,0
1013,-193,0
1014,-195,0
1015,-198,0
1016,-198,0
1017,-197,0
1018,-194,0
1019,-195,0
1020,-194,0
1021,-195,0
1022,-192,0
1023,-192,0
1024,-191,0
1025,-188,0
1026,-187,0
1027,-185,0
1028,-187,0
1029,-181,0
1030,-184,0
1031,-182,0
1032,-179,0
1033,-180,0
1034,-180,0
1035,-180,0
1036,-174,0
1037,-175,0
1038,-170,0
1039,-167,0
1040,-161,0
1041,-155,0
1042,-152,0
1043,-148,0
1044,-143,0
1045,-136,0
1046,-133,0
1047,-128,0
1048,-123,0
1049,-119,0
1050,-115,0
1051,-113,0
1052,-107,0
1053,-104,0
1054,-97,0
1055,-93,0
1056,-89,0
1057,-87,0
1058,-84,0
1059,-85,0
1060,-89,0
1061,-93,0
1062,-97,0
1063,-98,0
1064,-100,0
1065,-105,0
1066,-111,0
1067,-116,0
1068,-120,0
1069,-126,0
1070,-131,0
1071,-135,0
1072,-139,0
1073,-140,0
1074,-142,0
1075,-146,0
1076,-150,0
1077,-150,0
1078,-149,0
1079,-149,0
1080,-146,0
1081,-146,0
1082,-151,0
1083,-154,0
1084,-154,0
1085,-157,0
1086,-155,0
1087,-155,0
1088,-153,0
1089,-157,0
1090,-157,0
1091,-157,0
1092,-158,0
1093,-158,0
1094,-159,0
1095,-157,0
1096,-158,0
1097,-157,0
1098,-158,0
1099,-158,0
1100,-157,0
1101,-160,0
1102,-156,0
1103,-154,0
1104,-149,0
1105,-151,0
1106,-148,0
1107,-150,0
1108,-154,0
1109,-153,0
1110,-152,0
1111,-145,0
1112,-148,0
1113,-148,0
1114,-150,0
1115,-152,0
1116,-156,0
1117,-160,0
1118,-161,0
1119,-164,0
1120,-164,0
1121,-168,0
1122,-170,0
1123,-173,0
1124,-180,0
1125,-183,0
1126,-188,0
1127,-188,0
1128,-193,0
1129,-194,0
1130,-197,0
1131,-199,0
1132,-199,0
1133,-200,0
1134,-200,0
1135,-200,0
1136,-199,0
1137,-197,0
1138,-190,0
1139,-181,0
1140,-169,0
1141,-159,0
1142,-141,0
1143,-112,0
1144,-66,0
1145,10,0
1146,99,0
1147,184,0
1148,247,0
1149,287,0
1150,283,0
1151,243,0
1152,167,0
1153,95,0
1154,42,0
1155,2,0
1156,-42,0
1157,-98,0
1158,-154,0
1159,-192,0
1160,-219,0
1161,-230,0
1162,-241,0
1163,-244,0
1164,-252,0
1165,-257,0
1166,-258,0
1167,-264,0
1168,-265,0
1169,-269,0
1170,-265,0
1171,-265,0
1172,-264,0
1173,-263,0
1174,-263,0
1175,-261,0
1176,-266,0
1177,-260,0
1178,-260,0
1179,-256,0
1180,-261,0
1181,-259,0
1182,-257,0
1183,-259,0
1184,-254,0
1185,-254,0
1186,-247,0
1187,-252,0
1188,-250,0
1189,-250,0
1190,-249,0
1191,-244,0
1192,-244,0
1193,-237,0
1194,-237,0
1195,-230,0
1196,-225,0
1197,-218,0
1198,-208,0
1199,-205,0
1200,-197,0
1201,-191,0
1202,-182,0
1203,-178,0
1204,-170,0
1205,-165,0
1206,-162,0
1207,-159,0
1208,-154,0
1209,-150,0
1210,-148,0
1211,-144,0
1212,-143,0
1213,-143,0
1214,-144,0
1215,-143,0
1216,-148,0
1217,-152,0
1218,-156,0
1219,-161,0
1220,-164,0
1221,-168,0
1222,-172,0
1223,-178,0
1224,-184,0
1225,-185,0
1226,-189,0
1227,-189,0
1228,-192,0
1229,-196,0
1230,-197,0
1231,-198,0
1232,-202,0
1233,-207,0
1234,-207,0
1235,-211,0
1236,-210,0
1237,-210,0
1238,-206,0
1239,-209,0
1240,-211,0
1241,-210,0
1242,-212,0
1243,-208,0
1244,-207,0
1245,-204,0
1246,-208,0
1247,-209,0
1248,-210,0
1249,-211,0
1250,-209,0
1251,-210,0
1252,-208,0
1253,-207,0
1254,-205,0
1255,-207,0
1256,-205,0
1257,-200,0
1258,-202,0
1259,-197,0
1260,-197,0
1261,-194,0
1262,-196,0
1263,-194,0
1264,-190,0
1265,-189,0
1266,-192,0
1267,-197,0
1268,-200,0
1269,-207,0
1270,-208,0
1271,-212,0
1272,-212,0
1273,-213,0
1274,-219,0
1275,-221,0
1276,-227,0
1277,-228,0
1278,-237,0
1279,-238,0
1280,-240,0
1281,-242,0
1282,-241,0
1283,-242,0
1284,-244,0
1285,-247,0
1286,-245,0
1287,-244,0
1288,-242,0
1289,-242,0
1290,-238,0
1291,-238,0
1292,-231,0
1293,-215,0
1294,-199,0
1295,-181,0
1296,-159,0
1297,-119,0
1298,-64,0
1299,22,0
1300,107,0
1301,193,0
1302,245,0
1303,270,0
1304,258,0
1305,203,0
1306,125,0
1307,55,0
1308,8,0
1309,-34,0
1310,-90,0
1311,-144,0
1312,-196,0
1313,-228,0
1314,-250,0
1315,-261,0
1316,-265,0
1317,-275,0
1318,-276,0
1319,-283,0
1320,-279,0
1321,-284,0
1322,-285,0
1323,-286,0
1324,-288,0
1325,-285,0
1326,-290,0
1327,-286,0
1328,-286,0
1329,-286,0
1330,-287,0
1331,-286,0
1332,-283,0
1333,-283,0
1334,-276,0
1335,-275,0
1336,-269,0
1337,-271,0
1338,-269,0
1339,-268,0
1340,-268,0
1341,-264,0
1342,-264,0
1343,-256,0
1344,-257,0
1345,-250,0
1346,-248,0
1347,-244,0
1348,-237,0
1349,-232,0
1350,-224,0
1351,-221,0
1352,-211,0
1353,-207,0
1354,-197,0
1355,-190,0
1356,-184,0
1357,-180,0
1358,-173,0
1359,-168,0
1360,-163,0
1361,-156,0
1362,-152,0
1363,-148,0
1364,-143,0
1365,-141,0
1366,-143,0
1367,-143,0
1368,-143,0
1369,-145,0
1370,-146,0
1371,-149,0
1372,-150,0
1373,-161,0
1374,-166,0
1375,-169,0
1376,-174,0
1377,-179,0
1378,-183,0
1379,-185,0
1380,-189,0
1381,-193,0
1382,-198,0
1383,-203,0
1384,-202,0
1385,-205,0
1386,-203,0
1387,-202,0
1388,-198,0
1389,-201,0
1390,-203,0
1391,-201,0
1392,-202,0
1393,-198,0
1394,-198,0
1395,-196,0
1396,-202,0
1397,-206,0
1398,-208,0
1399,-211,0
1400,-208,0
1401,-210,0
1402,-206,0
1403,-206,0
1404,-204,0
1405,-206,0
1406,-207,0
1407,-202,0
1408,-200,0
1409,-194,0
1410,-192,0
1411,-185,0
1412,-186,0
1413,-185,0
1414,-185,0
1415,-184,0
1416,-180,0
1417,-177,0
1418,-177,0
1419,-183,0
1420,-185,0
1421,-189,0
1422,-193,0
1423,-194,0
1424,-194,0
1425,-198,0
1426,-202,0
1427,-201,0
1428,-206,0
1429,-208,0
1430,-212,0
1431,-216,0
1432,-220,0
1433,-224,0
1434,-224,0
1435,-225,0
1436,-224,0
1437,-226,0
1438,-230,0
1439,-230,0
1440,-230,0
1441,-232,0
1442,-234,0
1443,-229,0
1444,-224,0
1445,-213,0
1446,-201,0
1447,-185,0
1448,-173,0
1449,-150,0
1450,-108,0
1451,-34,0
1452,57,0
1453,159,0
1454,238,0
1455,285,0
1456,299,0
1457,263,0
1458,193,0
1459,111,0
1460,47,0
1461,1,0
1462,-52,0
1463,-106,0
1464,-165,0
1465,-208,0
1466,-232,0
1467,-250,0
1468,-254,0
1469,-262,0
1470,-260,0
1471,-269,0
1472,-272,0
1473,-273,0
1474,-277,0
1475,-273,0
1476,-276,0
1477,-271,0
1478,-276,0
1479,-277,0
1480,-280,0
1481,-280,0
1482,-275,0
1483,-277,0
1484,-274,0
1485,-275,0
1486,-269,0
1487,-268,0
1488,-265,0
1489,-264,0
1490,-263,0
1491,-260,0
1492,-258,0
1493,-257,0
1494,-257,0
1495,-253,0
1496,-249,0
1497,-246,0
1498,-240,0
1499,-235,0
1500,-232,0
1501,-228,0
1502,-220,0
1503,-215,0
1504,-203,0
1505,-194,0
1506,-186,0
1507,-179,0
1508,-172,0
1509,-166,0
1510,-160,0
1511,-153,0
1512,-148,0
1513,-144,0
1514,-139,0
1515,-135,0
1516,-131,0
1517,-128,0
1518,-124,0
1519,-126,0
1520,-127,0
1521,-129,0
1522,-129,0
1523,-136,0
1524,-139,0
1525,-141,0
1526,-146,0
1527,-149,0
1528,-153,0
1529,-153,0
1530,-162,0
1531,-167,0
1532,-169,0
1533,-173,0
1534,-174,0
1535,-177,0
1536,-177,0
1537,-179,0
1538,-183,0
1539,-189,0
1540,-189,0
1541,-186,0
1542,-186,0
1543,-182,0
1544,-183,0
1545,-181,0
1546,-185,0
1547,-184,0
1548,-184,0
1549,-188,0
1550,-186,0
1551,-185,0
1552,-182,0
1553,-186,0
1554,-187,0
1555,-189,0
1556,-188,0
1557,-184,0
1558,-180,0
1559,-176,0
1560,-175,0
1561,-172,0
1562,-174,0
1563,-174,0
1564,-174,0
1565,-174,0
1566,-171,0
1567,-164,0
1568,-154,0
1569,-150,0
1570,-153,0
1571,-158,0
1572,-164,0
1573,-165,0
1574,-165,0
1575,-167,0
1576,-170,0
1577,-172,0
1578,-177,0
1579,-181,0
1580,-187,0
1581,-190,0
1582,-196,0
1583,-201,0
1584,-203,0
1585,-208,0
1586,-208,0
1587,-212,0
1588,-213,0
1589,-214,0
1590,-217,0
1591,-217,0
1592,-218,0
1593,-217,0
1594,-222,0
1595,-217,0
1596,-212,0
1597,-201,0
1598,-192,0
1599,-179,0
1600,-163,0
1601,-144,0
1602,-111,0
1603,-53,0
1604,26,0
1605,121,0
1606,208,0
1607,269,0
1608,304,0
1609,294,0
1610,254,0
1611,175,0
1612,98,0
1613,46,0
1614,-2,0
1615,-50,0
1616,-108,0
1617,-163,0
1618,-203,0
1619,-232,0
1620,-240,0
1621,-252,0
1622,-255,0
1623,-256,0
1624,-260,0
1625,-260,0
1626,-264,0
1627,-260,0
1628,-264,0
1629,-263,0
1630,-263,0
1631,-264,0
1632,-263,0
1633,-265,0
1634,-263,0
1635,-264,0
1636,-261,0
1637,-263,0
1638,-258,0
1639,-254,0
1640,-254,0
1641,-251,0
1642,-251,0
1643,-250,0
1644,-252,0
1645,-250,0
1646,-247,0
1647,-246,0
1648,-242,0
1649,-241,0
1650,-237,0
1651,-235,0
1652,-230,0
1653,-228,0
1654,-224,0
1655,-218,0
1656,-208,0
1657,-204,0
1658,-201,0
1659,-198,0
1660,-196,0
1661,-190,0
1662,-184,0
1663,-176,0
1664,-170,0
1665,-164,0
1666,-156,0
1667,-153,0
1668,-146,0
1669,-144,0
1670,-141,0
1671,-140,0
1672,-138,0
1673,-140,0
1674,-140,0
1675,-138,0
1676,-141,0
1677,-142,0
1678,-146,0
1679,-146,0
1680,-153,0
1681,-155,0
1682,-159,0
1683,-165,0
1684,-167,0
1685,-170,0
1686,-171,0
1687,-177,0
1688,-179,0
1689,-184,0
1690,-186,0
1691,-185,0
1692,-187,0
1693,-187,0
1694,-190,0
1695,-189,0
1696,-192,0
1697,-189,0
1698,-187,0
1699,-188,0
1700,-189,0
1701,-188,0
1702,-189,0
1703,-190,0
1704,-189,0
1705,-188,0
1706,-187,0
1707,-186,0
1708,-185,0
1709,-181,0
1710,-181,0
1711,-177,0
1712,-175,0
1713,-171,0
1714,-170,0
1715,-171,0
1716,-172,0
1717,-171,0
1718,-169,0
1719,-166,0
1720,-160,0
1721,-157,0
1722,-156,0
1723,-158,0
1724,-164,0
1725,-169,0
1726,-172,0
1727,-172,0
1728,-172,0
1729,-172,0
1730,-174,0
1731,-174,0
1732,-179,0
1733,-183,0
1734,-185,0
1735,-194,0
1736,-200,0
1737,-206,0
1738,-205,0
1739,-212,0
1740,-215,0
1741,-215,0
1742,-217,0
1743,-217,0
1744,-222,0
1745,-221,0
1746,-221,0
1747,-218,0
1748,-213,0
1749,-206,0
1750,-194,0
1751,-186,0
1752,-173,0
1753,-160,0
1754,-129,0
1755,-82,0
1756,-8,0
1757,90,0
1758,186,0
1759,259,0
1760,303,0
1761,303,0
1762,270,0
1763,195,0
1764,113,0
1765,56,0
1766,10,0
1767,-38,0
1768,-99,0
1769,-156,0
1770,-199,0
1771,-230,0
1772,-242,0
1773,-251,0
1774,-258,0
1775,-262,0
1776,-268,0
1777,-269,0
1778,-275,0
1779,-274,0
1780,-274,0
1781,-273,0
1782,-272,0
1783,-272,0
1784,-272,0
1785,-275,0
1786,-271,0
1787,-272,0
1788,-269,0
1789,-269,0
1790,-264,0
1791,-264,0
1792,-264,0
1793,-263,0
1794,-263,0
1795,-260,0
1796,-258,0
1797,-256,0
1798,-255,0
1799,-253,0
1800,-250,0
1801,-250,0
1802,-244,0
1803,-243,0
1804,-240,0
1805,-236,0
1806,-228,0
1807,-224,0
1808,-218,0
1809,-208,0
1810,-203,0
1811,-194,0
1812,-186,0
1813,-173,0
1814,-172,0
1815,-168,0
1816,-161,0
1817,-156,0
1818,-150,0
1819,-148,0
1820,-141,0
1821,-139,0
1822,-136,0
1823,-133,0
1824,-131,0
1825,-128,0
1826,-131,0
1827,-132,0
1828,-135,0
1829,-137,0
1830,-142,0
1831,-147,0
1832,-149,0
1833,-154,0
1834,-157,0
1835,-163,0
1836,-164,0
1837,-170,0
1838,-170,0
1839,-169,0
1840,-170,0
1841,-169,0
1842,-173,0
1843,-175,0
1844,-179,0
1845,-179,0
1846,-180,0
1847,-177,0
1848,-175,0
1849,-177,0
1850,-179,0
1851,-183,0
1852,-184,0
1853,-187,0
1854,-186,0
1855,-185,0
1856,-186,0
1857,-186,0
1858,-185,0
1859,-184,0
1860,-185,0
1861,-180,0
1862,-180,0
1863,-176,0
1864,-171,0
1865,-159,0
1866,-159,0
1867,-160,0
1868,-159,0
1869,-161,0
1870,-160,0
1871,-159,0
1872,-152,0
1873,-147,0
1874,-143,0
1875,-141,0
1876,-145,0
1877,-149,0
1878,-156,0
1879,-160,0
1880,-161,0
1881,-161,0
1882,-162,0
1883,-166,0
1884,-167,0
1885,-173,0
1886,-178,0
1887,-181,0
1888,-179,0
1889,-187,0
1890,-192,0
1891,-191,0
1892,-197,0
1893,-199,0
1894,-204,0
1895,-203,0
1896,-207,0
1897,-206,0
1898,-206,0
1899,-205,0
1900,-201,0
1901,-200,0
1902,-192,0
1903,-183,0
1904,-169,0
1905,-156,0
1906,-139,0
1907,-109,0
1908,-61,0
1909,18,0
1910,113,0
1911,211,0
1912,294,0
1913,344,0
1914,364,0
1915,339,0
1916,264,0
1917,185,0
1918,110,0
1919,59,0
1920,6,0
1921,-51,0
1922,-109,0
1923,-157,0
1924,-189,0
1925,-210,0
1926,-223,0
1927,-228,0
1928,-235,0
1929,-238,0
1930,-239,0
1931,-239,0
1932,-235,0
1933,-235,0
1934,-235,0
1935,-237,0
1936,-236,0
1937,-235,0
1938,-235,0
1939,-230,0
1940,-221,0
1941,-221,0
1942,-219,0
1943,-218,0
1944,-217,0
1945,-214,0
1946,-214,0
1947,-209,0
1948,-211,0
1949,-212,0
1950,-209,0
1951,-209,0
1952,-206,0
1953,-206,0
1954,-203,0
1955,-200,0
1956,-198,0
1957,-194,0
1958,-189,0
1959,-183,0
1960,-179,0
1961,-173,0
1962,-167,0
1963,-158,0
1964,-152,0
1965,-146,0
1966,-136,0
1967,-127,0
1968,-120,0
1969,-114,0
1970,-106,0
1971,-103,0
1972,-99,0
1973,-94,0
1974,-90,0
1975,-85,0
1976,-82,0
1977,-81,0
1978,-82,0
1979,-79,0
1980,-80,0
1981,-81,0
1982,-85,0
1983,-90,0
1984,-95,0
1985,-101,0
1986,-105,0
1987,-110,0
1988,-115,0
1989,-119,0
1990,-121,0
1991,-123,0
1992,-125,0
1993,-129,0
1994,-132,0
1995,-132,0
1996,-134,0
1997,-134,0
1998,-134,0
1999,-133,0
2000,-136,0
2001,-140,0
2002,-139,0
2003,-140,0
2004,-137,0
2005,-136,0
2006,-136,0
2007,-135,0
2008,-135,0
2009,-136,0
2010,-138,0
2011,-138,0
2012,-136,0
2013,-132,0
2014,-129,0
2015,-129,0
2016,-131,0
2017,-128,0
2018,-122,0
2019,-117,0
2020,-113,0
2021,-110,0
2022,-105,0
2023,-109,0
2024,-108,0
2025,-104,0
2026,-100,0
2027,-93,0
2028,-89,0
2029,-88,0
2030,-96,0
2031,-102,0
2032,-106,0
2033,-106,0
2034,-105,0
2035,-109,0
2036,-109,0
2037,-112,0
2038,-112,0
2039,-116,0
2040,-120,0
2041,-125,0
2042,-132,0
2043,-137,0
2044,-143,0
2045,-144,0
2046,-148,0
2047,-151,0
2048,-154,0
2049,-154,0
2050,-152,0
2051,-154,0
2052,-152,0
2053,-155,0
2054,-153,0
2055,-153,0
2056,-146,0
2057,-137,0
2058,-125,0
2059,-111,0
2060,-90,0
2061,-53,0
2062,7,0
2063,95,0
2064,190,0
2065,280,0
2066,347,0
2067,384,0
2068,378,0
2069,328,0
2070,232,0
2071,147,0
2072,86,0
2073,44,0
2074,3,0
2075,-50,0
2076,-97,0
2077,-135,0
2078,-158,0
2079,-169,0
2080,-174,0
2081,-177,0
2082,-184,0
2083,-189,0
2084,-193,0
2085,-198,0
2086,-199,0
2087,-202,0
2088,-203,0
2089,-205,0
2090,-202,0
2091,-202,0
2092,-202,0
2093,-200,0
2094,-198,0
2095,-199,0
2096,-197,0
2097,-192,0
2098,-194,0
2099,-196,0
2100,-193,0
2101,-194,0
2102,-192,0
2103,-193,0
2104,-186,0
2105,-188,0
2106,-187,0
2107,-184,0
2108,-180,0
2109,-174,0
2110,-173,0
2111,-166,0
2112,-162,0
2113,-154,0
2114,-147,0
2115,-141,0
2116,-132,0
2117,-125,0
2118,-117,0
2119,-114,0
2120,-104,0
2121,-98,0
2122,-90,0
2123,-84,0
2124,-78,0
2125,-72,0
2126,-69,0
2127,-67,0
2128,-67,0
2129,-65,0
2130,-64,0
2131,-63,0
2132,-64,0
2133,-66,0
2134,-70,0
2135,-74,0
2136,-77,0
2137,-81,0
2138,-84,0
2139,-90,0
2140,-95,0
2141,-99,0
2142,-105,0
2143,-111,0
2144,-115,0
2145,-115,0
2146,-117,0
2147,-120,0
2148,-123,0
2149,-122,0
2150,-125,0
2151,-128,0
2152,-128,0
2153,-127,0
2154,-126,0
2155,-124,0
2156,-118,0
2157,-122,0
2158,-124,0
2159,-126,0
2160,-128,0
2161,-127,0
2162,-128,0
2163,-128,0
2164,-128,0
2165,-125,0
2166,-124,0
2167,-123,0
2168,-120,0
2169,-117,0
2170,-114,0
2171,-109,0
2172,-105,0
2173,-105,0
2174,-103,0
2175,-101,0
2176,-101,0
2177,-100,0
2178,-97,0
2179,-87,0
2180,-83,0
2181,-82,0
2182,-85,0
2183,-92,0
2184,-97,0
2185,-102,0
2186,-102,0
2187,-104,0
2188,-103,0
2189,-108,0
2190,-110,0
2191,-113,0
2192,-118,0
2193,-123,0
2194,-128,0
2195,-132,0
2196,-138,0
2197,-142,0
2198,-146,0
2199,-150,0
2200,-150,0
2201,-153,0
2202,-154,0
2203,-158,0
2204,-157,0
2205,-156,0
2206,-151,0
2207,-147,0
2208,-142,0
2209,-140,0
2210,-133,0
2211,-121,0
2212,-101,0
2213,-63,0
2214,-4,0
2215,83,0
2216,176,0
2217,274,0
2218,340,0
2219,379,0
2220,367,0
2221,304,0
2222,206,0
2223,127,0
2224,70,0
2225,14,0
2226,-37,0
2227,-85,0
2228,-126,0
2229,-157,0
2230,-173,0
2231,-178,0
2232,-187,0
2233,-196,0
2234,-199,0
2235,-205,0
2236,-204,0
2237,-206,0
2238,-205,0
2239,-208,0
2240,-210,0
2241,-213,0
2242,-214,0
2243,-210,0
2244,-212,0
2245,-210,0
2246,-212,0
2247,-208,0
2248,-208,0
2249,-207,0
2250,-205,0
2251,-206,0
2252,-204,0
2253,-207,0
2254,-205,0
2255,-206,0
2256,-204,0
2257,-201,0
2258,-200,0
2259,-194,0
2260,-194,0
2261,-190,0
2262,-191,0
2263,-185,0
2264,-183,0
2265,-179,0
2266,-173,0
2267,-163,0
2268,-153,0
2269,-147,0
2270,-139,0
2271,-134,0
2272,-126,0
2273,-122,0
2274,-118,0
2275,-113,0
2276,-109,0
2277,-105,0
2278,-102,0
2279,-97,0
2280,-94,0
2281,-94,0
2282,-94,0
2283,-93,0
2284,-96,0
2285,-99,0
2286,-104,0
2287,-108,0
2288,-111,0
2289,-117,0
2290,-120,0
2291,-126,0
2292,-132,0
2293,-139,0
2294,-144,0
2295,-145,0
2296,-148,0
2297,-150,0
2298,-153,0
2299,-156,0
2300,-162,0
2301,-164,0
2302,-163,0
2303,-163,0
2304,-163,0
2305,-163,0
2306,-160,0
2307,-165,0
2308,-166,0
2309,-164,0
2310,-163,0
2311,-160,0
2312,-162,0
2313,-158,0
2314,-162,0
2315,-162,0
2316,-164,0
2317,-164,0
2318,-162,0
2319,-163,0
2320,-159,0
2321,-156,0
2322,-151,0
2323,-148,0
2324,-146,0
2325,-142,0
2326,-142,0
2327,-141,0
2328,-142,0
2329,-138,0
2330,-136,0
2331,-129,0
2332,-124,0
2333,-125,0
2334,-126,0
2335,-128,0
2336,-126,0
2337,-129,0
2338,-131,0
2339,-137,0
2340,-144,0
2341,-149,0
2342,-150,0
2343,-153,0
2344,-159,0
2345,-163,0
2346,-168,0
2347,-172,0
2348,-177,0
2349,-184,0
2350,-186,0
2351,-192,0
2352,-193,0
2353,-197,0
2354,-196,0
2355,-200,0
2356,-202,0
2357,-202,0
2358,-199,0
2359,-198,0
2360,-193,0
2361,-183,0
2362,-173,0
2363,-160,0
2364,-138,0
2365,-95,0
2366,-34,0
2367,55,0
2368,141,0
2369,224,0
2370,279,0
2371,304,0
2372,283,0
2373,214,0
2374,127,0
2375,56,0
2376,10,0
2377,-32,0
2378,-86,0
2379,-141,0
2380,-185,0
2381,-212,0
2382,-227,0
2383,-238,0
2384,-239,0
2385,-246,0
2386,-247,0
2387,-255,0
2388,-253,0
2389,-258,0
2390,-261,0
2391,-261,0
2392,-264,0
2393,-263,0
2394,-266,0
2395,-262,0
2396,-263,0
2397,-263,0
2398,-266,0
2399,-265,0
2400,-262,0
2401,-264,0
2402,-259,0
2403,-260,0
2404,-257,0
2405,-260,0
2406,-258,0
2407,-253,0
2408,-251,0
2409,-245,0
2410,-245,0
2411,-240,0
2412,-240,0
2413,-234,0
2414,-229,0
2415,-227,0
2416,-219,0
2417,-212,0
2418,-205,0
2419,-200,0
2420,-190,0
2421,-187,0
2422,-180,0
2423,-176,0
2424,-171,0
2425,-163,0
2426,-157,0
2427,-151,0
2428,-145,0
2429,-140,0
2430,-139,0
2431,-139,0
2432,-139,0
2433,-134,0
2434,-135,0
2435,-134,0
2436,-133,0
2437,-135,0
2438,-136,0
2439,-144,0
2440,-145,0
2441,-152,0
2442,-159,0
2443,-162,0
2444,-165,0
2445,-169,0
2446,-176,0
2447,-178,0
2448,-184,0
2449,-190,0
2450,-192,0
2451,-197,0
2452,-198,0
2453,-202,0
2454,-204,0
2455,-207,0
2456,-206,0
2457,-207,0
2458,-208,0
2459,-204,0
2460,-206,0
2461,-203,0
2462,-207,0
2463,-201,0
2464,-203,0
2465,-203,0
2466,-201,0
2467,-202,0
2468,-198,0
2469,-199,0
2470,-194,0
2471,-197,0
2472,-197,0
2473,-196,0
2474,-190,0
2475,-182,0
2476,-180,0
2477,-173,0
2478,-173,0
2479,-172,0
2480,-173,0
2481,-172,0
2482,-168,0
2483,-163,0
2484,-156,0
2485,-159,0
2486,-161,0
2487,-167,0
2488,-169,0
2489,-173,0
2490,-178,0
2491,-180,0
2492,-184,0
2493,-190,0
2494,-195,0
2495,-200,0
2496,-204,0
2497,-210,0
2498,-217,0
2499,-222,0
2500,-227,0
2501,-232,0
2502,-234,0
2503,-237,0
2504,-238,0
2505,-237,0
2506,-236,0
2507,-234,0
2508,-233,0
2509,-234,0
2510,-233,0
2511,-227,0
2512,-220,0
2513,-212,0
2514,-204,0
2515,-186,0
2516,-166,0
2517,-124,0
2518,-57,0
2519,28,0
2520,108,0
2521,185,0
2522,235,0
2523,250,0
2524,230,0
2525,156,0
2526,75,0
2527,18,0
2528,-24,0
2529,-71,0
2530,-129,0
2531,-179,0
2532,-219,0
2533,-243,0
2534,-249,0
2535,-259,0
2536,-263,0
2537,-271,0
2538,-274,0
2539,-278,0
2540,-278,0
2541,-277,0
2542,-280,0
2543,-275,0
2544,-277,0
2545,-271,0
2546,-276,0
2547,-274,0
2548,-275,0
2549,-273,0
2550,-266,0
2551,-264,0
2552,-261,0
2553,-266,0
2554,-264,0
2555,-265,0
2556,-262,0
2557,-259,0
2558,-258,0
2559,-252,0
2560,-250,0
2561,-245,0
2562,-249,0
2563,-246,0
2564,-244,0
2565,-240,0
2566,-234,0
2567,-227,0
2568,-224,0
2569,-220,0
2570,-213,0
2571,-207,0
2572,-201,0
2573,-194,0
2574,-185,0
2575,-179,0
2576,-173,0
2577,-168,0
2578,-167,0
2579,-161,0
2580,-157,0
2581,-151,0
2582,-146,0
2583,-142,0
2584,-141,0
2585,-142,0
2586,-140,0
2587,-142,0
2588,-145,0
2589,-146,0
2590,-149,0
2591,-154,0
2592,-160,0
2593,-164,0
2594,-172,0
2595,-174,0
2596,-180,0
2597,-177,0
2598,-184,0
2599,-188,0
2600,-189,0
2601,-193,0
2602,-195,0
2603,-203,0
2604,-205,0
2605,-207,0
2606,-207,0
2607,-208,0
2608,-210,0
2609,-206,0
2610,-208,0
2611,-203,0
2612,-206,0
2613,-205,0
2614,-208,0
2615,-207,0
2616,-205,0
2617,-206,0
2618,-201,0
2619,-201,0
2620,-201,0
2621,-206,0
2622,-204,0
2623,-203,0
2624,-202,0
2625,-199,0
2626,-193,0
2627,-188,0
2628,-188,0
2629,-185,0
2630,-187,0
2631,-184,0
2632,-182,0
2633,-179,0
2634,-173,0
2635,-168,0
2636,-161,0
2637,-163,0
2638,-164,0
2639,-169,0
2640,-173,0
2641,-173,0
2642,-172,0
2643,-172,0
2644,-178,0
2645,-183,0
2646,-189,0
2647,-193,0
2648,-195,0
2649,-196,0
2650,-202,0
2651,-209,0
2652,-214,0
2653,-220,0
2654,-220,0
2655,-222,0
2656,-222,0
2657,-225,0
2658,-226,0
2659,-224,0
2660,-224,0
2661,-222,0
2662,-222,0
2663,-220,0
2664,-212,0
2665,-202,0
2666,-192,0
2667,-179,0
2668,-162,0
2669,-138,0
2670,-98,0
2671,-31,0
2672,51,0
2673,131,0
2674,201,0
2675,240,0
2676,252,0
2677,217,0
2678,151,0
2679,80,0
2680,25,0
2681,-12,0
2682,-58,0
2683,-109,0
2684,-161,0
2685,-204,0
2686,-228,0
2687,-246,0
2688,-251,0
2689,-256,0
2690,-257,0
2691,-259,0
2692,-264,0
2693,-263,0
2694,-265,0
2695,-264,0
2696,-268,0
2697,-263,0
2698,-260,0
2699,-258,0
2700,-256,0
2701,-255,0
2702,-255,0
2703,-257,0
2704,-255,0
2705,-254,0
2706,-250,0
2707,-247,0
2708,-246,0
2709,-245,0
2710,-245,0
2711,-241,0
2712,-239,0
2713,-235,0
2714,-232,0
2715,-231,0
2716,-228,0
2717,-224,0
2718,-221,0
2719,-220,0
2720,-217,0
2721,-214,0
2722,-210,0
2723,-204,0
2724,-196,0
2725,-192,0
2726,-186,0
2727,-176,0
2728,-171,0
2729,-164,0
2730,-157,0
2731,-148,0
2732,-144,0
2733,-140,0
2734,-134,0
2735,-129,0
2736,-124,0
2737,-122,0
2738,-120,0
2739,-120,0
2740,-120,0
2741,-122,0
2742,-124,0
2743,-125,0
2744,-128,0
2745,-132,0
2746,-137,0
2747,-138,0
2748,-143,0
2749,-147,0
2750,-152,0
2751,-158,0
2752,-162,0
2753,-167,0
2754,-168,0
2755,-175,0
2756,-175,0
2757,-178,0
2758,-180,0
2759,-180,0
2760,-180,0
2761,-179,0
2762,-182,0
2763,-182,0
2764,-184,0
2765,-183,0
2766,-180,0
2767,-182,0
2768,-180,0
2769,-182,0
2770,-181,0
2771,-186,0
2772,-183,0
2773,-179,0
2774,-177,0
2775,-176,0
2776,-175,0
2777,-177,0
2778,-178,0
2779,-176,0
2780,-169,0
2781,-161,0
2782,-155,0
2783,-151,0
2784,-151,0
2785,-153,0
2786,-153,0
2787,-152,0
2788,-143,0
2789,-136,0
2790,-130,0
2791,-129,0
2792,-133,0
2793,-138,0
2794,-142,0
2795,-144,0
2796,-145,0
2797,-149,0
2798,-154,0
2799,-160,0
2800,-165,0
2801,-170,0
2802,-173,0
2803,-180,0
2804,-185,0
2805,-191,0
2806,-192,0
2807,-201,0
2808,-208,0
2809,-210,0
2810,-214,0
2811,-213,0
2812,-218,0
2813,-217,0
2814,-216,0
2815,-215,0
2816,-209,0
2817,-205,0
2818,-193,0
2819,-185,0
2820,-173,0
2821,-163,0
2822,-142,0
2823,-114,0
2824,-64,0
2825,11,0
2826,97,0
2827,178,0
2828,247,0
2829,279,0
2830,282,0
2831,246,0
2832,170,0
2833,103,0
2834,49,0
2835,12,0
2836,-38,0
2837,-93,0
2838,-140,0
2839,-181,0
2840,-204,0
2841,-215,0
2842,-225,0
2843,-229,0
2844,-238,0
2845,-240,0
2846,-246,0
2847,-244,0
2848,-242,0
2849,-243,0
2850,-241,0
2851,-240,0
2852,-240,0
2853,-241,0
2854,-237,0
2855,-235,0
2856,-232,0
2857,-229,0
2858,-225,0
2859,-225,0
2860,-228,0
2861,-224,0
2862,-225,0
2863,-221,0
2864,-218,0
2865,-217,0
2866,-216,0
2867,-213,0
2868,-212,0
2869,-210,0
2870,-206,0
2871,-202,0
2872,-197,0
2873,-192,0
2874,-187,0
2875,-181,0
2876,-177,0
2877,-169,0
2878,-166,0
2879,-160,0
2880,-154,0
2881,-145,0
2882,-142,0
2883,-136,0
2884,-129,0
2885,-122,0
2886,-115,0
2887,-111,0
2888,-105,0
2889,-104,0
2890,-100,0
2891,-98,0
2892,-98,0
2893,-96,0
2894,-96,0
2895,-97,0
2896,-98,0
2897,-100,0
2898,-104,0
2899,-105,0
2900,-109,0
2901,-114,0
2902,-118,0
2903,-120,0
2904,-123,0
2905,-129,0
2906,-130,0
2907,-132,0
2908,-135,0
2909,-136,0
2910,-138,0
2911,-138,0
2912,-143,0
2913,-145,0
2914,-148,0
2915,-147,0
2916,-145,0
2917,-146,0
2918,-145,0
2919,-149,0
2920,-147,0
2921,-148,0
2922,-145,0
2923,-147,0
2924,-146,0
2925,-145,0
2926,-144,0
2927,-144,0
2928,-145,0
2929,-145,0
2930,-143,0
2931,-140,0
2932,-133,0
2933,-125,0
2934,-123,0
2935,-122,0
2936,-121,0
2937,-123,0
2938,-123,0
2939,-120,0
2940,-113,0
2941,-109,0
2942,-99,0
2943,-95,0
2944,-99,0
2945,-104,0
2946,-106,0
2947,-112,0
2948,-112,0
2949,-113,0
2950,-117,0
2951,-121,0
2952,-126,0
2953,-132,0
2954,-136,0
2955,-141,0
2956,-143,0
2957,-149,0
2958,-154,0
2959,-156,0
2960,-162,0
2961,-164,0
2962,-169,0
2963,-167,0
2964,-173,0
2965,-173,0
2966,-172,0
2967,-175,0
2968,-173,0
2969,-176,0
2970,-170,0
2971,-165,0
2972,-152,0
2973,-136,0
2974,-117,0
2975,-89,0
2976,-46,0
2977,26,0
2978,114,0
2979,204,0
2980,281,0
2981,322,0
2982,329,0
2983,296,0
2984,219,0
2985,151,0
2986,95,0
2987,55,0
2988,8,0
2989,-45,0
2990,-98,0
2991,-141,0
2992,-163,0
2993,-176,0
2994,-185,0
2995,-191,0
2996,-199,0
2997,-200,0
2998,-203,0
2999,-204,0
3000,-202,0
3001,-204,0
3002,-206,0
3003,-209,0
3004,-205,0
3005,-201,0
3006,-199,0
3007,-196,0
3008,-192,0
3009,-190,0
3010,-190,0
3011,-189,0
3012,-192,0
3013,-191,0
3014,-191,0
3015,-186,0
3016,-186,0
3017,-183,0
3018,-180,0
3019,-181,0
3020,-180,0
3021,-178,0
3022,-173,0
3023,-168,0
3024,-162,0
3025,-160,0
3026,-157,0
3027,-151,0
3028,-145,0
3029,-140,0
3030,-134,0
3031,-126,0
3032,-118,0
3033,-109,0
3034,-102,0
3035,-99,0
3036,-93,0
3037,-87,0
3038,-76,0
3039,-73,0
3040,-66,0
3041,-61,0
3042,-56,0
3043,-54,0
3044,-52,0
3045,-50,0
3046,-51,0
3047,-50,0
3048,-50,0
3049,-52,0
3050,-56,0
3051,-62,0
3052,-65,0
3053,-69,0
3054,-72,0
3055,-76,0
3056,-79,0
3057,-83,0
3058,-89,0
3059,-91,0
3060,-91,0
3061,-90,0
3062,-92,0
3063,-92,0
3064,-93,0
3065,-92,0
3066,-92,0
3067,-90,0
3068,-89,0
3069,-93,0
3070,-94,0
3071,-95,0
3072,-96,0
3073,-98,0
3074,-99,0
3075,-100,0
3076,-98,0
3077,-100,0
3078,-99,0
3079,-98,0
3080,-98,0
3081,-97,0
3082,-94,0
3083,-90,0
3084,-86,0
3085,-83,0
3086,-77,0
3087,-74,0
3088,-71,0
3089,-70,0
3090,-67,0
3091,-73,0
3092,-73,0
3093,-68,0
3094,-60,0
3095,-53,0
3096,-50,0
3097,-51,0
3098,-59,0
3099,-63,0
3100,-65,0
3101,-68,0
3102,-71,0
3103,-76,0
3104,-82,0
3105,-88,0
3106,-87,0
3107,-91,0
3108,-96,0
3109,-102,0
3110,-108,0
3111,-111,0
3112,-114,0
3113,-111,0
3114,-114,0
3115,-114,0
3116,-114,0
3117,-116,0
3118,-114,0
3119,-116,0
3120,-113,0
3121,-114,0
3122,-108,0
3123,-101,0
3124,-95,0
3125,-84,0
3126,-73,0
3127,-55,0
3128,-30,0
3129,18,0
3130,86,0
3131,174,0
3132,256,0
3133,319,0
3134,351,0
3135,360,0
3136,320,0
3137,256,0
3138,179,0
3139,132,0
3140,91,0
3141,48,0
3142,0,0
3143,-54,0
3144,-93,0
3145,-119,0
3146,-130,0
3147,-135,0
3148,-138,0
3149,-140,0
3150,-144,0
3151,-148,0
3152,-151,0
3153,-154,0
3154,-151,0
3155,-147,0
3156,-146,0
3157,-144,0
3158,-144,0
3159,-143,0
3160,-145,0
3161,-144,0
3162,-145,0
3163,-144,0
3164,-144,0
3165,-138,0
3166,-139,0
3167,-137,0
3168,-135,0
3169,-136,0
3170,-134,0
3171,-132,0
3172,-126,0
3173,-125,0
3174,-123,0
3175,-119,0
3176,-119,0
3177,-117,0
3178,-114,0
3179,-106,0
3180,-99,0
3181,-92,0
3182,-88,0
3183,-82,0
3184,-74,0
3185,-68,0
3186,-62,0
3187,-58,0
3188,-51,0
3189,-48,0
3190,-42,0
3191,-34,0
3192,-28,0
3193,-26,0
3194,-23,0
3195,-19,0
3196,-20,0
3197,-18,0
3198,-14,0
3199,-13,0
3200,-14,0
3201,-16,0
3202,-21,0
3203,-25,0
3204,-27,0
3205,-31,0
3206,-35,0
3207,-39,0
3208,-42,0
3209,-46,0
3210,-50,0
3211,-56,0
3212,-58,0
3213,-61,0
3214,-64,0
3215,-66,0
3216,-69,0
3217,-69,0
3218,-70,0
3219,-73,0
3220,-76,0
3221,-77,0
3222,-78,0
3223,-78,0
3224,-75,0
3225,-77,0
3226,-75,0
3227,-80,0
3228,-82,0
3229,-81,0
3230,-81,0
3231,-80,0
3232,-81,0
3233,-78,0
3234,-77,0
3235,-79,0
3236,-78,0
3237,-77,0
3238,-74,0
3239,-70,0
3240,-64,0
3241,-64,0
3242,-60,0
3243,-58,0
3244,-57,0
3245,-57,0
3246,-54,0
3247,-45,0
3248,-41,0
3249,-38,0
3250,-40,0
3251,-46,0
3252,-54,0
3253,-58,0
3254,-58,0
3255,-60,0
3256,-61,0
3257,-64,0
3258,-65,0
3259,-70,0
3260,-75,0
3261,-80,0
3262,-86,0
3263,-91,0
3264,-98,0
3265,-99,0
3266,-100,0
3267,-102,0
3268,-104,0
3269,-106,0
3270,-106,0
3271,-106,0
3272,-104,0
3273,-102,0
3274,-102,0
3275,-103,0
3276,-103,0
3277,-97,0
3278,-85,0
3279,-69,0
3280,-53,0
3281,-26,0
3282,14,0
3283,81,0
3284,166,0
3285,255,0
3286,325,0
3287,370,0
3288,378,0
3289,353,0
3290,284,0
3291,210,0
3292,157,0
3293,110,0
3294,63,0
3295,7,0
3296,-40,0
3297,-84,0
3298,-111,0
3299,-125,0
3300,-136,0
3301,-143,0
3302,-148,0
3303,-151,0
3304,-153,0
3305,-154,0
3306,-153,0
3307,-153,0
3308,-152,0
3309,-151,0
3310,-152,0
3311,-149,0
3312,-148,0
3313,-147,0
3314,-147,0
3315,-143,0
3316,-142,0
3317,-142,0
3318,-139,0
3319,-137,0
3320,-134,0
3321,-135,0
3322,-132,0
3323,-135,0
3324,-133,0
3325,-128,0
3326,-130,0
3327,-127,0
3328,-124,0
3329,-115,0
3330,-113,0
3331,-109,0
3332,-106,0
3333,-102,0
3334,-95,0
3335,-89,0
3336,-79,0
3337,-74,0
3338,-68,0
3339,-63,0
3340,-57,0
3341,-54,0
3342,-48,0
3343,-42,0
3344,-35,0
3345,-30,0
3346,-25,0
3347,-18,0
3348,-14,0
3349,-11,0
3350,-10,0
3351,-10,0
3352,-11,0
3353,-12,0
3354,-14,0
3355,-16,0
3356,-19,0
3357,-25,0
3358,-28,0
3359,-32,0
3360,-35,0
3361,-41,0
3362,-46,0
3363,-49,0
3364,-52,0
3365,-56,0
3366,-59,0
3367,-62,0
3368,-64,0
3369,-64,0
3370,-65,0
3371,-65,0
3372,-65,0
3373,-63,0
3374,-61,0
3375,-64,0
3376,-64,0
3377,-64,0
3378,-64,0
3379,-62,0
3380,-60,0
3381,-56,0
3382,-59,0
3383,-59,0
3384,-60,0
3385,-62,0
3386,-61,0
3387,-62,0
3388,-61,0
3389,-61,0
3390,-61,0
3391,-60,0
3392,-59,0
3393,-58,0
3394,-55,0
3395,-52,0
3396,-48,0
3397,-42,0
3398,-44,0
3399,-43,0
3400,-40,0
3401,-36,0
3402,-33,0
3403,-36,0
3404,-37,0
3405,-44,0
3406,-45,0
3407,-46,0
3408,-47,0
3409,-46,0
3410,-45,0
3411,-43,0
3412,-46,0
3413,-52,0
3414,-60,0
3415,-64,0
3416,-69,0
3417,-74,0
3418,-75,0
3419,-75,0
3420,-74,0
3421,-77,0
3422,-77,0
3423,-76,0
3424,-79,0
3425,-83,0
3426,-86,0
3427,-84,0
3428,-81,0
3429,-72,0
3430,-63,0
3431,-51,0
3432,-37,0
3433,-16,0
3434,12,0
3435,71,0
3436,154,0
3437,251,0
3438,348,0
3439,418,0
3440,455,0
3441,454,0
3442,409,0
3443,323,0
3444,245,0
3445,184,0
3446,137,0
3447,84,0
3448,31,0
3449,-17,0
3450,-56,0
3451,-80,0
3452,-90,0
3453,-96,0
3454,-99,0
3455,-102,0
3456,-104,0
3457,-111,0
3458,-114,0
3459,-114,0
3460,-115,0
3461,-112,0
3462,-111,0
3463,-105,0
3464,-107,0
3465,-108,0
3466,-110,0
3467,-110,0
3468,-105,0
3469,-103,0
3470,-102,0
3471,-101,0
3472,-101,0
3473,-101,0
3474,-98,0
3475,-97,0
3476,-94,0
3477,-92,0
3478,-89,0
3479,-84,0
3480,-81,0
3481,-76,0
3482,-73,0
3483,-72,0
3484,-68,0
3485,-63,0
3486,-53,0
3487,-50,0
3488,-43,0
3489,-36,0
3490,-28,0
3491,-20,0
3492,-12,0
3493,-2,0
3494,7,0
3495,16,0
3496,23,0
3497,29,0
3498,36,0
3499,41,0
3500,46,0
3501,52,0
3502,53,0
3503,54,0
3504,53,0
3505,53,0
3506,56,0
3507,55,0
3508,53,0
3509,45,0
3510,45,0
3511,41,0
3512,38,0
3513,35,0
3514,32,0
3515,27,0
3516,21,0
3517,18,0
3518,14,0
3519,12,0
3520,11,0
3521,12,0
3522,12,0
3523,10,0
3524,10,0
3525,6,0
3526,6,0
3527,5,0
3528,8,0
3529,8,0
3530,7,0
3531,9,0
3532,8,0
3533,11,0
3534,13,0
3535,14,0
3536,15,0
3537,16,0
3538,21,0
3539,21,0
3540,22,0
3541,20,0
3542,20,0
3543,17,0
3544,19,0
3545,21,0
3546,27,0
3547,29,0
3548,30,0
3549,34,0
3550,35,0
3551,36,0
3552,36,0
3553,37,0
3554,39,0
3555,39,0
3556,44,0
3557,43,0
3558,40,0
3559,33,0
3560,33,0
3561,34,0
3562,35,0
3563,33,0
3564,33,0
3565,34,0
3566,31,0
3567,30,0
3568,28,0
3569,26,0
3570,22,0
3571,19,0
3572,18,0
3573,17,0
3574,15,0
3575,14,0
3576,14,0
3577,12,0
3578,10,0
3579,9,0
3580,12,0
3581,12,0
3582,15,0
3583,22,0
3584,26,0
3585,38,0
3586,50,0
3587,72,0
3588,107,0
3589,164,0
3590,253,0
3591,341,0
3592,436,0
3593,494,0
3594,531,0
3595,522,0
3596,467,0
3597,380,0
3598,309,0
3599,257,0
3600,206,0
3601,157,0
3602,103,0
3603,57,0
3604,23,0
3605,4,0
3606,-5,0
3607,-13,0
3608,-18,0
3609,-21,0
3610,-24,0
3611,-26,0
3612,-26,0
3613,-23,0
3614,-28,0
3615,-26,0
3616,-26,0
3617,-24,0
3618,-23,0
3619,-22,0
3620,-21,0
3621,-23,0
3622,-24,0
3623,-24,0
3624,-25,0
3625,-27,0
3626,-28,0
3627,-26,0
3628,-24,0
3629,-22,0
3630,-22,0
3631,-19,0
3632,-18,0
3633,-15,0
3634,-12,0
3635,-5,0
3636,2,0
3637,6,0
3638,9,0
3639,13,0
3640,19,0
3641,26,0
3642,35,0
3643,40,0
3644,47,0
3645,55,0
3646,63,0
3647,68,0
3648,73,0
3649,78,0
3650,83,0
3651,90,0
3652,93,0
3653,98,0
3654,100,0
3655,100,0
3656,98,0
3657,98,0
3658,101,0
3659,97,0
3660,97,0
3661,92,0
3662,90,0
3663,85,0
3664,81,0
3665,79,0
3666,69,0
3667,67,0
3668,62,0
3669,58,0
3670,55,0
3671,51,0
3672,50,0
3673,47,0
3674,44,0
3675,38,0
3676,39,0
3677,36,0
3678,36,0
3679,36,0
3680,37,0
3681,41,0
3682,37,0
3683,37,0
3684,37,0
3685,39,0
3686,40,0
3687,43,0
3688,47,0
3689,43,0
3690,41,0
3691,39,0
3692,40,0
3693,38,0
3694,39,0
3695,40,0
3696,37,0
3697,38,0
3698,37,0
3699,37,0
3700,37,0
3701,42,0
3702,46,0
3703,54,0
3704,56,0
3705,57,0
3706,57,0
3707,55,0
3708,56,0
3709,59,0
3710,64,0
3711,61,0
3712,57,0
3713,53,0
3714,50,0
3715,50,0
3716,51,0
3717,54,0
3718,54,0
3719,55,0
3720,53,0
3721,51,0
3722,48,0
3723,43,0
3724,43,0
3725,40,0
3726,40,0
3727,38,0
3728,36,0
3729,36,0
3730,35,0
3731,33,0
3732,30,0
3733,30,0
3734,30,0
3735,34,0
3736,41,0
3737,48,0
3738,53,0
3739,63,0
3740,84,0
3741,110,0
3742,170,0
3743,244,0
3744,342,0
3745,428,0
3746,498,0
3747,542,0
3748,537,0
3749,492,0
3750,400,0
3751,319,0
3752,258,0
3753,217,0
3754,172,0
3755,124,0
3756,79,0
3757,44,0
3758,25,0
3759,15,0
3760,9,0
3761,2,0
3762,-2,0
3763,-4,0
3764,-10,0
3765,-11,0
3766,-15,0
3767,-16,0
3768,-16,0
3769,-14,0
3770,-10,0
3771,-12,0
3772,-14,0
3773,-15,0
3774,-15,0
3775,-16,0
3776,-12,0
3777,-9,0
3778,-9,0
3779,-10,0
3780,-14,0
3781,-19,0
3782,-23,0
3783,-21,0
3784,-17,0
3785,-13,0
3786,-11,0
3787,-11,0
3788,-8,0
3789,-6,0
3790,-3,0
3791,0,0
3792,7,0
3793,13,0
3794,22,0
3795,31,0
3796,39,0
3797,42,0
3798,47,0
3799,55,0
3800,59,0
3801,66,0
3802,71,0
3803,78,0
3804,82,0
3805,84,0
3806,88,0
3807,90,0
3808,97,0
3809,96,0
3810,97,0
3811,94,0
3812,90,0
3813,87,0
3814,83,0
3815,82,0
3816,75,0
3817,71,0
3818,64,0
3819,60,0
3820,56,0
3821,53,0
3822,51,0
3823,41,0
3824,39,0
3825,36,0
3826,34,0
3827,28,0
3828,26,0
3829,25,0
3830,24,0
3831,25,0
3832,25,0
3833,28,0
3834,30,0
3835,32,0
3836,32,0
3837,34,0
3838,35,0
3839,33,0
3840,32,0
3841,32,0
3842,33,0
3843,33,0
3844,37,0
3845,38,0
3846,35,0
3847,34,0
3848,34,0
3849,36,0
3850,35,0
3851,36,0
3852,37,0
3853,38,0
3854,40,0
3855,43,0
3856,46,0
3857,50,0
3858,49,0
3859,48,0
3860,50,0
3861,54,0
3862,56,0
3863,52,0
3864,47,0
3865,44,0
3866,43,0
3867,44,0
3868,43,0
3869,43,0
3870,40,0
3871,38,0
3872,35,0
3873,35,0
3874,35,0
3875,25,0
3876,22,0
3877,17,0
3878,14,0
3879,12,0
3880,11,0
3881,10,0
3882,6,0
3883,7,0
3884,6,0
3885,9,0
3886,10,0
3887,14,0
3888,17,0
3889,23,0
3890,31,0
3891,37,0
3892,51,0
3893,70,0
3894,107,0
3895,161,0
3896,244,0
3897,339,0
3898,412,0
3899,479,0
3900,504,0
3901,507,0
3902,450,0
3903,366,0
3904,293,0
3905,237,0
3906,193,0
3907,142,0
3908,93,0
3909,49,0
3910,18,0
3911,0,0
3912,-11,0
3913,-18,0
3914,-27,0
3915,-33,0
3916,-34,0
3917,-36,0
3918,-38,0
3919,-38,0
3920,-36,0
3921,-39,0
3922,-40,0
3923,-41,0
3924,-39,0
3925,-37,0
3926,-33,0
3927,-29,0
3928,-29,0
3929,-30,0
3930,-31,0
3931,-29,0
3932,-28,0
3933,-25,0
3934,-24,0
3935,-20,0
3936,-17,0
3937,-20,0
3938,-18,0
3939,-13,0
3940,-12,0
3941,-9,0
3942,-4,0
3943,1,0
3944,7,0
3945,9,0
3946,12,0
3947,16,0
3948,24,0
3949,35,0
3950,40,0
3951,48,0
3952,54,0
3953,60,0
3954,63,0
3955,66,0
3956,74,0
3957,73,0
3958,80,0
3959,82,0
3960,85,0
3961,87,0
3962,88,0
3963,87,0
3964,86,0
3965,86,0
3966,82,0
3967,80,0
3968,76,0
3969,74,0
3970,68,0
3971,63,0
3972,60,0
3973,51,0
3974,48,0
3975,44,0
3976,41,0
3977,37,0
3978,35,0
3979,36,0
3980,29,0
3981,26,0
3982,24,0
3983,23,0
3984,22,0
3985,21,0
3986,20,0
3987,18,0
3988,19,0
3989,19,0
3990,19,0
3991,18,0
3992,21,0
3993,22,0
3994,24,0
3995,24,0
3996,19,0
3997,18,0
3998,18,0
3999,19,0
4000,19,0
4001,23,0
4002,24,0
4003,25,0
4004,24,0
4005,22,0
4006,23,0
4007,27,0
4008,33,0
4009,37,0
4010,41,0
4011,39,0
4012,37,0
4013,39,0
4014,40,0
4015,42,0
4016,43,0
4017,44,0
4018,40,0
4019,39,0
4020,35,0
4021,33,0
4022,31,0
4023,33,0
4024,34,0
4025,29,0
4026,28,0
4027,24,0
4028,19,0
4029,15,0
4030,14,0
4031,19,0
4032,15,0
4033,16,0
4034,13,0
4035,10,0
4036,6,0
4037,7,0
4038,11,0
4039,10,0
4040,15,0
4041,17,0
4042,26,0
4043,35,0
4044,44,0
4045,52,0
4046,71,0
4047,107,0
4048,161,0
4049,245,0
4050,325,0
4051,410,0
4052,452,0
4053,480,0
4054,470,0
4055,411,0
4056,338,0
4057,269,0
4058,231,0
4059,189,0
4060,143,0
4061,95,0
4062,52,0
4063,22,0
4064,4,0
4065,-3,0
4066,-10,0
4067,-16,0
4068,-20,0
4069,-22,0
4070,-21,0
4071,-24,0
4072,-24,0
4073,-26,0
4074,-30,0
4075,-32,0
4076,-31,0
4077,-30,0
4078,-28,0
4079,-27,0
4080,-25,0
4081,-24,0
4082,-21,0
4083,-18,0
4084,-18,0
4085,-18,0
4086,-17,0
4087,-15,0
4088,-10,0
4089,-6,0
4090,-2,0
4091,-1,0
4092,-2,0
4093,-2,0
4094,2,0
4095,3,0
4096,6,0
4097,12,0
4098,18,0
4099,26,0
4100,31,0
4101,36,0
4102,42,0
4103,48,0
4104,54,0
4105,60,0
4106,69,0
4107,68,0
4108,76,0
4109,81,0
4110,88,0
4111,90,0
4112,95,0
4113,100,0
4114,98,0
4115,100,0
4116,100,0
4117,103,0
4118,100,0
4119,99,0
4120,97,0
4121,93,0
4122,91,0
4123,84,0
4124,81,0
4125,75,0
4126,72,0
4127,66,0
4128,63,0
4129,62,0
4130,57,0
4131,56,0
4132,54,0
4133,54,0
4134,53,0
4135,53,0
4136,53,0
4137,50,0
4138,50,0
4139,48,0
4140,48,0
4141,47,0
4142,50,0
4143,50,0
4144,50,0
4145,49,0
4146,46,0
4147,46,0
4148,46,0
4149,49,0
4150,50,0
4151,52,0
4152,50,0
4153,51,0
4154,48,0
4155,49,0
4156,51,0
4157,52,0
4158,54,0
4159,52,0
4160,53,0
4161,52,0
4162,53,0
4163,55,0
4164,57,0
4165,62,0
4166,57,0
4167,60,0
4168,62,0
4169,62,0
4170,56,0
4171,54,0
4172,53,0
4173,54,0
4174,54,0
4175,52,0
4176,52,0
4177,48,0
4178,45,0
4179,41,0
4180,38,0
4181,35,0
4182,28,0
4183,26,0
4184,25,0
4185,23,0
4186,20,0
4187,16,0
4188,16,0
4189,13,0
4190,11,0
4191,10,0
4192,11,0
4193,12,0
4194,15,0
4195,23,0
4196,32,0
4197,44,0
4198,54,0
4199,73,0
4200,101,0
4201,155,0
4202,223,0
4203,315,0
4204,396,0
4205,459,0
4206,495,0
4207,488,0
4208,456,0
4209,377,0
4210,313,0
4211,264,0
4212,221,0
4213,171,0
4214,115,0
4215,69,0
4216,32,0
4217,10,0
4218,-4,0
4219,-16,0
4220,-23,0
4221,-26,0
4222,-28,0
4223,-28,0
4224,-28,0
4225,-29,0
4226,-28,0
4227,-29,0
4228,-28,0
4229,-26,0
4230,-23,0
4231,-21,0
4232,-19,0
4233,-20,0
4234,-17,0
4235,-15,0
4236,-14,0
4237,-15,0
4238,-15,0
4239,-12,0
4240,-4,0
4241,-5,0
4242,-3,0
4243,-3,0
4244,1,0
4245,3,0
4246,6,0
4247,11,0
4248,11,0
4249,18,0
4250,20,0
4251,25,0
4252,27,0
4253,30,0
4254,35,0
4255,41,0
4256,50,0
4257,54,0
4258,63,0
4259,69,0
4260,77,0
4261,81,0
4262,87,0
4263,95,0
4264,95,0
4265,100,0
4266,104,0
4267,110,0
4268,112,0
4269,114,0
4270,116,0
4271,114,0
4272,114,0
4273,111,0
4274,111,0
4275,104,0
4276,104,0
4277,97,0
4278,93,0
4279,87,0
4280,79,0
4281,76,0
4282,71,0
4283,71,0
4284,67,0
4285,65,0
4286,59,0
4287,50,0
4288,49,0
4289,50,0
4290,51,0
4291,48,0
4292,49,0
4293,48,0
4294,45,0
4295,42,0
4296,40,0
4297,40,0
4298,39,0
4299,43,0
4300,42,0
4301,44,0
4302,40,0
4303,42,0
4304,39,0
4305,39,0
4306,40,0
4307,41,0
4308,44,0
4309,43,0
4310,46,0
4311,46,0
4312,46,0
4313,44,0
4314,47,0
4315,55,0
4316,54,0
4317,60,0
4318,63,0
4319,65,0
4320,63,0
4321,64,0
4322,71,0
4323,67,0
4324,68,0
4325,65,0
4326,66,0
4327,63,0
4328,60,0
4329,58,0
4330,58,0
4331,59,0
4332,57,0
4333,57,0
4334,53,0
4335,49,0
4336,43,0
4337,41,0
4338,43,0
4339,37,0
4340,36,0
4341,34,0
4342,32,0
4343,32,0
4344,31,0
4345,33,0
4346,32,0
4347,34,0
4348,38,0
4349,44,0
4350,53,0
4351,68,0
4352,79,0
4353,94,0
4354,120,0
4355,167,0
4356,236,0
4357,321,0
4358,410,0
4359,470,0
4360,515,0
4361,516,0
4362,483,0
4363,413,0
4364,336,0
4365,287,0
4366,241,0
4367,201,0
4368,145,0
4369,98,0
4370,57,0
4371,30,0
4372,18,0
4373,9,0
4374,9,0
4375,4,0
4376,1,0
4377,-1,0
4378,0,0
4379,-2,0
4380,-1,0
4381,2,0
4382,3,0
4383,5,0
4384,6,0
4385,6,0
4386,7,0
4387,7,0
4388,8,0
4389,9,0
4390,12,0
4391,11,0
4392,13,0
4393,12,0
4394,12,0
4395,11,0
4396,11,0
4397,15,0
4398,11,0
4399,12,0
4400,13,0
4401,16,0
4402,18,0
4403,20,0
4404,24,0
4405,28,0
4406,36,0
4407,38,0
4408,44,0
4409,51,0
4410,56,0
4411,57,0
4412,63,0
4413,70,0
4414,73,0
4415,79,0
4416,82,0
4417,92,0
4418,95,0
4419,101,0
4420,107,0
4421,108,0
4422,113,0
4423,113,0
4424,116,0
4425,116,0
4426,117,0
4427,115,0
4428,110,0
4429,108,0
4430,104,0
4431,103,0
4432,99,0
4433,97,0
4434,92,0
4435,89,0
4436,83,0
4437,79,0
4438,75,0
4439,72,0
4440,72,0
4441,70,0
4442,70,0
4443,69,0
4444,67,0
4445,66,0
4446,63,0
4447,64,0
4448,65,0
4449,71,0
4450,68,0
4451,70,0
4452,67,0
4453,65,0
4454,63,0
4455,62,0
4456,65,0
4457,64,0
4458,68,0
4459,67,0
4460,66,0
4461,65,0
4462,65,0
4463,69,0
4464,72,0
4465,76,0
4466,73,0
4467,76,0
4468,78,0
4469,81,0
4470,79,0
4471,80,0
4472,83,0
4473,79,0
4474,83,0
4475,83,0
4476,83,0
4477,80,0
4478,79,0
4479,82,0
4480,76,0
4481,76,0
4482,73,0
4483,74,0
4484,71,0
4485,68,0
4486,63,0
4487,59,0
4488,57,0
4489,54,0
4490,53,0
4491,51,0
4492,50,0
4493,47,0
4494,44,0
4495,44,0
4496,40,0
4497,40,0
4498,41,0
4499,44,0
4500,46,0
4501,51,0
4502,60,0
4503,70,0
4504,84,0
4505,98,0
4506,118,0
4507,151,0
4508,208,0
4509,283,0
4510,370,0
4511,439,0
4512,494,0
4513,509,0
4514,492,0
4515,445,0
4516,368,0
4517,317,0
4518,270,0
4519,231,0
4520,183,0
4521,132,0
4522,89,0
4523,54,0
4524,40,0
4525,32,0
4526,25,0
4527,18,0
4528,16,0
4529,15,0
4530,16,0
4531,17,0
4532,14,0
4533,15,0
4534,13,0
4535,11,0
4536,10,0
4537,9,0
4538,12,0
4539,14,0
4540,16,0
4541,13,0
4542,13,0
4543,11,0
4544,7,0
4545,5,0
4546,6,0
4547,12,0
4548,10,0
4549,15,0
4550,18,0
4551,22,0
4552,23,0
4553,26,0
4554,36,0
4555,35,0
4556,42,0
4557,46,0
4558,54,0
4559,57,0
4560,64,0
4561,69,0
4562,73,0
4563,80,0
4564,86,0
4565,95,0
4566,97,0
4567,105,0
4568,108,0
4569,113,0
4570,119,0
4571,121,0
4572,124,0
4573,126,0
4574,131,0
4575,130,0
4576,134,0
4577,131,0
4578,126,0
4579,122,0
4580,118,0
4581,116,0
4582,112,0
4583,110,0
4584,104,0
4585,98,0
4586,94,0
4587,90,0
4588,87,0
4589,85,0
4590,85,0
4591,83,0
4592,83,0
4593,79,0
4594,80,0
4595,79,0
4596,79,0
4597,79,0
4598,80,0
4599,82,0
4600,78,0
4601,77,0
4602,77,0
4603,81,0
4604,81,0
4605,80,0
4606,84,0
4607,82,0
4608,82,0
4609,78,0
4610,76,0
4611,75,0
4612,78,0
4613,83,0
4614,83,0
4615,88,0
4616,87,0
4617,88,0
4618,85,0
4619,90,0
4620,92,0
4621,96,0
4622,100,0
4623,95,0
4624,96,0
4625,94,0
4626,94,0
4627,92,0
4628,94,0
4629,98,0
4630,94,0
4631,95,0
4632,91,0
4633,90,0
4634,84,0
4635,83,0
4636,86,0
4637,82,0
4638,81,0
4639,76,0
4640,72,0
4641,66,0
4642,65,0
4643,62,0
4644,63,0
4645,62,0
4646,60,0
4647,61,0
4648,59,0
4649,62,0
4650,61,0
4651,63,0
4652,65,0
4653,69,0
4654,79,0
4655,89,0
4656,103,0
4657,117,0
4658,145,0
4659,190,0
4660,261,0
4661,348,0
4662,435,0
4663,499,0
4664,535,0
4665,541,0
4666,500,0
4667,436,0
4668,356,0
4669,305,0
4670,262,0
4671,214,0
4672,159,0
4673,109,0
4674,72,0
4675,45,0
4676,32,0
4677,27,0
4678,24,0
4679,19,0
4680,16,0
4681,16,0
4682,13,0
4683,11,0
4684,8,0
4685,9,0
4686,8,0
4687,8,0
4688,13,0
4689,8,0
4690,10,0
4691,9,0
4692,9,0
4693,11,0
4694,15,0
4695,16,0
4696,16,0
4697,17,0
4698,16,0
4699,17,0
4700,17,0
4701,18,0
4702,20,0
4703,22,0
4704,26,0
4705,28,0
4706,30,0
4707,30,0
4708,32,0
4709,33,0
4710,39,0
4711,46,0
4712,49,0
4713,57,0
4714,62,0
4715,67,0
4716,70,0
4717,77,0
4718,83,0
4719,93,0
4720,101,0
4721,108,0
4722,113,0
4723,112,0
4724,116,0
4725,116,0
4726,123,0
4727,124,0
4728,125,0
4729,124,0
4730,120,0
4731,118,0
4732,110,0
4733,108,0
4734,104,0
4735,100,0
4736,97,0
4737,95,0
4738,93,0
4739,89,0
4740,87,0
4741,78,0
4742,74,0
4743,70,0
4744,70,0
4745,70,0
4746,69,0
4747,70,0
4748,69,0
4749,70,0
4750,64,0
4751,64,0
4752,62,0
4753,64,0
4754,62,0
4755,61,0
4756,64,0
4757,60,0
4758,60,0
4759,57,0
4760,58,0
4761,57,0
4762,56,0
4763,63,0
4764,60,0
4765,60,0
4766,59,0
4767,64,0
4768,63,0
4769,67,0
4770,72,0
4771,77,0
4772,82,0
4773,83,0
4774,82,0
4775,80,0
4776,81,0
4777,79,0
4778,81,0
4779,84,0
4780,80,0
4781,78,0
4782,72,0
4783,68,0
4784,63,0
4785,61,0
4786,61,0
4787,58,0
4788,56,0
4789,52,0
4790,47,0
4791,38,0
4792,30,0
4793,28,0
4794,30,0
4795,30,0
4796,32,0
4797,30,0
4798,29,0
4799,27,0
4800,25,0
4801,27,0
4802,28,0
4803,30,0
4804,34,0
4805,39,0
4806,50,0
4807,61,0
4808,78,0
4809,100,0
4810,139,0
4811,200,0
4812,283,0
4813,373,0
4814,449,0
4815,503,0
4816,517,0
4817,501,0
4818,432,0
4819,360,0
4820,295,0
4821,252,0
4822,208,0
4823,152,0
4824,100,0
4825,52,0
4826,24,0
4827,3,0
4828,-6,0
4829,-15,0
4830,-22,0
4831,-27,0
4832,-32,0
4833,-35,0
4834,-36,0
4835,-37,0
4836,-36,0
4837,-35,0
4838,-31,0
4839,-31,0
4840,-27,0
4841,-25,0
4842,-23,0
4843,-22,0
4844,-18,0
4845,-13,0
4846,-15,0
4847,-13,0
4848,-13,0
4849,-13,0
4850,-13,0
4851,-10,0
4852,-7,0
4853,-5,0
4854,-3,0
4855,-4,0
4856,-2,0
4857,-2,0
4858,1,0
4859,3,0
4860,8,0
4861,15,0
4862,21,0
4863,28,0
4864,33,0
4865,38,0
4866,43,0
4867,50,0
4868,55,0
4869,59,0
4870,64,0
4871,69,0
4872,73,0
4873,76,0
4874,83,0
4875,88,0
4876,92,0
4877,95,0
4878,98,0
4879,100,0
4880,99,0
4881,98,0
4882,92,0
4883,91,0
4884,86,0
4885,83,0
4886,78,0
4887,75,0
4888,70,0
4889,66,0
4890,64,0
4891,58,0
4892,56,0
4893,51,0
4894,48,0
4895,44,0
4896,40,0
4897,40,0
4898,35,0
4899,33,0
4900,28,0
4901,30,0
4902,30,0
4903,31,0
4904,31,0
4905,31,0
4906,32,0
4907,30,0
4908,30,0
4909,31,0
4910,32,0
4911,32,0
4912,34,0
4913,38,0
4914,33,0
4915,35,0
4916,34,0
4917,36,0
4918,37,0
4919,40,0
4920,44,0
4921,39,0
4922,42,0
4923,44,0
4924,47,0
4925,49,0
4926,54,0
4927,56,0
4928,56,0
4929,60,0
4930,60,0
4931,60,0
4932,55,0
4933,51,0
4934,49,0
4935,50,0
4936,51,0
4937,49,0
4938,47,0
4939,42,0
4940,40,0
4941,35,0
4942,33,0
4943,28,0
4944,22,0
4945,20,0
4946,19,0
4947,16,0
4948,13,0
4949,11,0
4950,11,0
4951,12,0
4952,12,0
4953,13,0
4954,18,0
4955,20,0
4956,26,0
4957,35,0
4958,52,0
4959,67,0
4960,87,0
4961,118,0
4962,172,0
4963,255,0
4964,350,0
4965,447,0
4966,515,0
4967,557,0
4968,554,0
4969,514,0
4970,428,0
4971,348,0
4972,294,0
4973,240,0
4974,189,0
4975,127,0
4976,77,0
4977,34,0
4978,9,0
4979,-1,0
4980,-9,0
4981,-14,0
4982,-19,0
4983,-21,0
4984,-24,0
4985,-23,0
4986,-22,0
4987,-23,0
4988,-22,0
4989,-24,0
4990,-23,0
4991,-25,0
4992,-25,0
4993,-22,0
4994,-17,0
4995,-10,0
4996,-11,0
4997,-11,0
4998,-10,0
4999,-8,0
5000,-7,0
5001,-4,0
5002,1,0
5003,3,0
5004,5,0
5005,5,0
5006,7,0
5007,9,0
5008,14,0
5009,15,0
5010,20,0
5011,24,0
5012,28,0
5013,37,0
5014,41,0
5015,48,0
5016,54,0
5017,64,0
5018,71,0
5019,78,0
5020,84,0
5021,91,0
5022,98,0
5023,102,0
5024,110,0
5025,116,0
5026,122,0
5027,127,0
5028,132,0
5029,136,0
5030,136,0
5031,140,0
5032,137,0
5033,139,0
5034,135,0
5035,136,0
5036,131,0
5037,126,0
5038,122,0
5039,116,0
5040,110,0
5041,105,0
5042,106,0
5043,103,0
5044,106,0
5045,104,0
5046,100,0
5047,95,0
5048,87,0
5049,89,0
5050,87,0
5051,91,0
5052,91,0
5053,92,0
5054,96,0
5055,95,0
5056,99,0
5057,97,0
5058,99,0
5059,97,0
5060,96,0
5061,96,0
5062,97,0
5063,100,0
5064,97,0
5065,99,0
5066,98,0
5067,101,0
5068,100,0
5069,103,0
5070,107,0
5071,104,0
5072,104,0
5073,104,0
5074,107,0
5075,108,0
5076,113,0
5077,117,0
5078,117,0
5079,116,0
5080,112,0
5081,114,0
5082,117,0
5083,125,0
5084,123,0
5085,123,0
5086,121,0
5087,117,0
5088,116,0
5089,112,0
5090,111,0
5091,110,0
5092,111,0
5093,110,0
5094,110,0
5095,107,0
5096,102,0
5097,97,0
5098,93,0
5099,93,0
5100,93,0
5101,94,0
5102,91,0
5103,88,0
5104,89,0
5105,88,0
5106,91,0
5107,86,0
5108,90,0
5109,92,0
5110,101,0
5111,109,0
5112,121,0
5113,136,0
5114,162,0
5115,209,0
5116,271,0
5117,362,0
5118,456,0
5119,543,0
5120,605,0
5121,631,0
5122,620,0
5123,551,0
5124,462,0
5125,379,0
5126,329,0
5127,279,0
5128,226,0
5129,177,0
5130,128,0
5131,99,0
5132,79,0
5133,69,0
5134,61,0
5135,54,0
5136,49,0
5137,44,0
5138,43,0
5139,40,0
5140,40,0
5141,41,0
5142,43,0
5143,43,0
5144,46,0
5145,49,0
5146,49,0
5147,49,0
5148,50,0
5149,53,0
5150,55,0
5151,61,0
5152,64,0
5153,64,0
5154,65,0
5155,65,0
5156,66,0
5157,63,0
5158,67,0
5159,72,0
5160,77,0
5161,79,0
5162,82,0
5163,85,0
5164,88,0
5165,94,0
5166,98,0
5167,105,0
5168,109,0
5169,116,0
5170,122,0
5171,131,0
5172,140,0
5173,146,0
5174,153,0
5175,158,0
5176,167,0
5177,173,0
5178,177,0
5179,181,0
5180,180,0
5181,185,0
5182,183,0
5183,188,0
5184,188,0
5185,191,0
5186,187,0
5187,186,0
5188,184,0
5189,180,0
5190,178,0
5191,172,0
5192,169,0
5193,165,0
5194,164,0
5195,160,0
5196,155,0
5197,154,0
5198,146,0
5199,146,0
5200,142,0
5201,142,0
5202,140,0
5203,139,0
5204,141,0
5205,134,0
5206,135,0
5207,133,0
5208,132,0
5209,129,0
5210,131,0
5211,135,0
5212,133,0
5213,137,0
5214,136,0
5215,141,0
5216,138,0
5217,141,0
5218,139,0
5219,139,0
5220,138,0
5221,136,0
5222,136,0
5223,135,0
5224,140,0
5225,137,0
5226,141,0
5227,143,0
5228,145,0
5229,147,0
5230,148,0
5231,152,0
5232,153,0
5233,153,0
5234,151,0
5235,154,0
5236,155,0
5237,153,0
5238,148,0
5239,143,0
5240,140,0
5241,135,0
5242,138,0
5243,137,0
5244,140,0
5245,136,0
5246,132,0
5247,131,0
5248,128,0
5249,129,0
5250,124,0
5251,121,0
5252,118,0
5253,119,0
5254,118,0
5255,115,0
5256,118,0
5257,115,0
5258,118,0
5259,116,0
5260,116,0
5261,117,0
5262,118,0
5263,125,0
5264,127,0
5265,138,0
5266,148,0
5267,167,0
5268,199,0
5269,255,0
5270,335,0
5271,425,0
5272,524,0
5273,585,0
5274,633,0
5275,631,0
5276,585,0
5277,498,0
5278,417,0
5279,359,0
5280,307,0
5281,261,0
5282,209,0
5283,163,0
5284,126,0
5285,105,0
5286,95,0
5287,81,0
5288,74,0
5289,67,0
5290,66,0
5291,61,0
5292,60,0
5293,60,0
5294,62,0
5295,60,0
5296,54,0
5297,49,0
5298,49,0
5299,55,0
5300,52,0
5301,50,0
5302,50,0
5303,48,0
5304,47,0
5305,44,0
5306,45,0
5307,44,0
5308,48,0
5309,50,0
5310,51,0
5311,51,0
5312,51,0
5313,53,0
5314,56,0
5315,64,0
5316,67,0
5317,71,0
5318,75,0
5319,80,0
5320,84,0
5321,88,0
5322,94,0
5323,99,0
5324,108,0
5325,112,0
5326,120,0
5327,124,0
5328,127,0
5329,133,0
5330,138,0
5331,148,0
5332,148,0
5333,156,0
5334,157,0
5335,162,0
5336,163,0
5337,161,0
5338,162,0
5339,155,0
5340,155,0
5341,152,0
5342,150,0
5343,146,0
5344,143,0
5345,141,0
5346,134,0
5347,131,0
5348,122,0
5349,119,0
5350,112,0
5351,109,0
5352,105,0
5353,106,0
5354,107,0
5355,103,0
5356,103,0
5357,100,0
5358,99,0
5359,96,0
5360,96,0
5361,98,0
5362,92,0
5363,93,0
5364,89,0
5365,91,0
5366,87,0
5367,89,0
5368,89,0
5369,88,0
5370,90,0
5371,90,0
5372,92,0
5373,91,0
5374,94,0
5375,96,0
5376,99,0
5377,98,0
5378,99,0
5379,101,0
5380,101,0
5381,106,0
5382,107,0
5383,112,0
5384,116,0
5385,116,0
5386,115,0
5387,112,0
5388,113,0
5389,114,0
5390,118,0
5391,114,0
5392,112,0
5393,107,0
5394,107,0
5395,104,0
5396,103,0
5397,101,0
5398,98,0
5399,96,0
5400,93,0
5401,92,0
5402,88,0
5403,83,0
5404,78,0
5405,72,0
5406,70,0
5407,67,0
5408,70,0
5409,69,0
5410,69,0
5411,66,0
5412,64,0
5413,64,0
5414,61,0
5415,64,0
5416,67,0
5417,74,0
5418,80,0
5419,87,0
5420,101,0
5421,115,0
5422,153,0
5423,207,0
5424,296,0
5425,382,0
5426,473,0
5427,530,0
5428,563,0
5429,564,0
5430,498,0
5431,412,0
5432,336,0
5433,287,0
5434,240,0
5435,194,0
5436,147,0
5437,98,0
5438,66,0
5439,47,0
5440,39,0
5441,32,0
5442,27,0
5443,25,0
5444,19,0
5445,15,0
5446,11,0
5447,12,0
5448,11,0
5449,12,0
5450,12,0
5451,11,0
5452,10,0
5453,9,0
5454,8,0
5455,7,0
5456,9,0
5457,10,0
5458,14,0
5459,16,0
5460,19,0
5461,19,0
5462,19,0
5463,19,0
5464,19,0
5465,21,0
5466,21,0
5467,22,0
5468,24,0
5469,27,0
5470,29,0
5471,32,0
5472,40,0
5473,42,0
5474,47,0
5475,52,0
5476,58,0
5477,64,0
5478,70,0
5479,77,0
5480,81,0
5481,89,0
5482,94,0
5483,104,0
5484,107,0
5485,111,0
5486,115,0
5487,119,0
5488,122,0
5489,119,0
5490,123,0
5491,121,0
5492,124,0
5493,121,0
5494,120,0
5495,123,0
5496,113,0
5497,110,0
5498,103,0
5499,102,0
5500,96,0
5501,91,0
5502,87,0
5503,82,0
5504,77,0
5505,73,0
5506,72,0
5507,67,0
5508,65,0
5509,63,0
5510,63,0
5511,63,0
5512,57,0
5513,54,0
5514,52,0
5515,50,0
5516,49,0
5517,53,0
5518,56,0
5519,55,0
5520,53,0
5521,52,0
5522,52,0
5523,47,0
5524,48,0
5525,51,0
5526,52,0
5527,53,0
5528,50,0
5529,50,0
5530,49,0
5531,50,0
5532,50,0
5533,54,0
5534,54,0
5535,55,0
5536,57,0
5537,59,0
5538,62,0
5539,61,0
5540,62,0
5541,60,0
5542,63,0
5543,63,0
5544,60,0
5545,56,0
5546,52,0
5547,51,0
5548,45,0
5549,46,0
5550,46,0
5551,46,0
5552,42,0
5553,39,0
5554,36,0
5555,33,0
5556,30,0
5557,24,0
5558,24,0
5559,21,0
5560,19,0
5561,17,0
5562,16,0
5563,16,0
5564,13,0
5565,14,0
5566,14,0
5567,16,0
5568,17,0
5569,23,0
5570,37,0
5571,44,0
5572,56,0
5573,67,0
5574,97,0
5575,139,0
5576,218,0
5577,307,0
5578,399,0
5579,473,0
5580,505,0
5581,511,0
5582,454,0
5583,375,0
5584,297,0
5585,248,0
5586,205,0
5587,147,0
5588,96,0
5589,45,0
5590,10,0
5591,-12,0
5592,-25,0
5593,-32,0
5594,-41,0
5595,-44,0
5596,-48,0
5597,-53,0
5598,-57,0
5599,-57,0
5600,-54,0
5601,-54,0
5602,-53,0
5603,-52,0
5604,-54,0
5605,-53,0
5606,-53,0
5607,-51,0
5608,-51,0
5609,-50,0
5610,-52,0
5611,-52,0
5612,-53,0
5613,-50,0
5614,-50,0
5615,-49,0
5616,-49,0
5617,-48,0
5618,-48,0
5619,-46,0
5620,-44,0
5621,-40,0
5622,-31,0
5623,-30,0
5624,-28,0
5625,-26,0
5626,-22,0
5627,-15,0
5628,-8,0
5629,3,0
5630,8,0
5631,18,0
5632,26,0
5633,33,0
5634,39,0
5635,43,0
5636,48,0
5637,51,0
5638,57,0
5639,61,0
5640,68,0
5641,68,0
5642,70,0
5643,65,0
5644,64,0
5645,64,0
5646,58,0
5647,56,0
5648,51,0
5649,49,0
5650,42,0
5651,38,0
5652,36,0
5653,27,0
5654,20,0
5655,14,0
5656,12,0
5657,8,0
5658,6,0
5659,3,0
5660,-1,0
5661,-2,0
5662,-7,0
5663,-8,0
5664,-10,0
5665,-10,0
5666,-11,0
5667,-10,0
5668,-12,0
5669,-16,0
5670,-17,0
5671,-16,0
5672,-16,0
5673,-15,0
5674,-14,0
5675,-16,0
5676,-18,0
5677,-18,0
5678,-18,0
5679,-19,0
5680,-18,0
5681,-14,0
5682,-13,0
5683,-12,0
5684,-13,0
5685,-13,0
5686,-12,0
5687,-11,0
5688,-8,0
5689,-6,0
5690,-5,0
5691,-7,0
5692,-8,0
5693,-6,0
5694,-4,0
5695,-4,0
5696,-6,0
5697,-6,0
5698,-12,0
5699,-18,0
5700,-21,0
5701,-24,0
5702,-27,0
5703,-29,0
5704,-27,0
5705,-33,0
5706,-35,0
5707,-40,0
5708,-46,0
5709,-50,0
5710,-53,0
5711,-54,0
5712,-56,0
5713,-56,0
5714,-57,0
5715,-57,0
5716,-59,0
5717,-61,0
5718,-64,0
5719,-62,0
5720,-55,0
5721,-48,0
5722,-34,0
5723,-20,0
5724,-5,0
5725,11,0
5726,44,0
5727,103,0
5728,187,0
5729,280,0
5730,366,0
5731,432,0
5732,451,0
5733,445,0
5734,377,0
5735,292,0
5736,221,0
5737,171,0
5738,129,0
5739,73,0
5740,19,0
5741,-34,0
5742,-72,0
5743,-93,0
5744,-105,0
5745,-110,0
5746,-114,0
5747,-116,0
5748,-118,0
5749,-123,0
5750,-124,0
5751,-128,0
5752,-126,0
5753,-125,0
5754,-124,0
5755,-120,0
5756,-119,0
5757,-122,0
5758,-124,0
5759,-124,0
5760,-125,0
5761,-124,0
5762,-123,0
5763,-120,0
5764,-115,0
5765,-112,0
5766,-112,0
5767,-111,0
5768,-112,0
5769,-110,0
5770,-110,0
5771,-109,0
5772,-104,0
5773,-99,0
5774,-96,0
5775,-93,0
5776,-90,0
5777,-85,0
5778,-79,0
5779,-70,0
5780,-67,0
5781,-58,0
5782,-51,0
5783,-45,0
5784,-38,0
5785,-33,0
5786,-26,0
5787,-25,0
5788,-18,0
5789,-13,0
5790,-9,0
5791,-8,0
5792,-7,0
5793,-8,0
5794,-5,0
5795,-2,0
5796,-4,0
5797,-5,0
5798,-8,0
5799,-10,0
5800,-16,0
5801,-21,0
5802,-27,0
5803,-35,0
5804,-37,0
5805,-41,0
5806,-46,0
5807,-51,0
5808,-55,0
5809,-59,0
5810,-66,0
5811,-67,0
5812,-69,0
5813,-75,0
5814,-78,0
5815,-81,0
5816,-81,0
5817,-84,0
5818,-85,0
5819,-88,0
5820,-87,0
5821,-87,0
5822,-85,0
5823,-86,0
5824,-87,0
5825,-90,0
5826,-93,0
5827,-93,0
5828,-93,0
5829,-97,0
5830,-96,0
5831,-93,0
5832,-93,0
5833,-95,0
5834,-95,0
5835,-94,0
5836,-92,0
5837,-89,0
5838,-84,0
5839,-86,0
5840,-84,0
5841,-80,0
5842,-77,0
5843,-75,0
5844,-76,0
5845,-75,0
5846,-70,0
5847,-63,0
5848,-63,0
5849,-64,0
5850,-70,0
5851,-74,0
5852,-79,0
5853,-80,0
5854,-78,0
5855,-82,0
5856,-82,0
5857,-84,0
5858,-88,0
5859,-96,0
5860,-104,0
5861,-105,0
5862,-113,0
5863,-114,0
5864,-115,0
5865,-116,0
5866,-116,0
5867,-119,0
5868,-119,0
5869,-123,0
5870,-122,0
5871,-123,0
5872,-122,0
5873,-119,0
5874,-115,0
5875,-103,0
5876,-93,0
5877,-79,0
5878,-64,0
5879,-38,0
5880,10,0
5881,79,0
5882,171,0
5883,267,0
5884,337,0
5885,386,0
5886,391,0
5887,357,0
5888,287,0
5889,207,0
5890,155,0
5891,106,0
5892,55,0
5893,-8,0
5894,-65,0
5895,-107,0
5896,-134,0
5897,-146,0
5898,-154,0
5899,-161,0
5900,-166,0
5901,-173,0
5902,-172,0
5903,-173,0
5904,-174,0
5905,-173,0
5906,-173,0
5907,-174,0
5908,-176,0
5909,-175,0
5910,-177,0
5911,-176,0
5912,-176,0
5913,-170,0
5914,-172,0
5915,-172,0
5916,-170,0
5917,-172,0
5918,-172,0
5919,-171,0
5920,-170,0
5921,-169,0
5922,-169,0
5923,-167,0
5924,-166,0
5925,-162,0
5926,-160,0
5927,-156,0
5928,-154,0
5929,-149,0
5930,-147,0
5931,-142,0
5932,-136,0
5933,-132,0
5934,-126,0
5935,-119,0
5936,-107,0
5937,-104,0
5938,-98,0
5939,-92,0
5940,-85,0
5941,-82,0
5942,-78,0
5943,-70,0
5944,-67,0
5945,-64,0
5946,-61,0
5947,-58,0
5948,-54,0
5949,-54,0
5950,-54,0
5951,-57,0
5952,-60,0
5953,-64,0
5954,-64,0
5955,-67,0
5956,-72,0
5957,-79,0
5958,-88,0
5959,-91,0
5960,-97,0
5961,-99,0
5962,-101,0
5963,-103,0
5964,-104,0
5965,-107,0
5966,-110,0
5967,-114,0
5968,-117,0
5969,-118,0
5970,-116,0
5971,-116,0
5972,-116,0
5973,-118,0
5974,-122,0
5975,-124,0
5976,-122,0
5977,-118,0
5978,-120,0
5979,-120,0
5980,-120,0
5981,-120,0
5982,-121,0
5983,-122,0
5984,-120,0
5985,-120,0
5986,-120,0
5987,-121,0
5988,-117,0
5989,-117,0
5990,-116,0
5991,-116,0
5992,-115,0
5993,-115,0
5994,-109,0
5995,-103,0
5996,-103,0
5997,-104,0
5998,-106,0
5999,-106,0
6000,-102,0
6001,-100,0
6002,-101,0
6003,-103,0
6004,-104,0
6005,-106,0
6006,-108,0
6007,-109,0
6008,-113,0
6009,-116,0
6010,-118,0
6011,-119,0
6012,-124,0
6013,-128,0
6014,-131,0
6015,-137,0
6016,-144,0
6017,-150,0
6018,-148,0
6019,-151,0
6020,-153,0
6021,-155,0
6022,-157,0
6023,-155,0
6024,-156,0
6025,-157,0
6026,-158,0
6027,-152,0
6028,-141,0
6029,-127,0
6030,-112,0
6031,-95,0
6032,-65,0
6033,-19,0
6034,55,0
6035,142,0
6036,234,0
6037,306,0
6038,347,0
6039,350,0
6040,314,0
6041,232,0
6042,160,0
6043,103,0
6044,64,0
6045,14,0
6046,-41,0
6047,-89,0
6048,-132,0
6049,-158,0
6050,-173,0
6051,-180,0
6052,-186,0
6053,-191,0
6054,-194,0
6055,-196,0
6056,-202,0
6057,-204,0
6058,-205,0
6059,-203,0
6060,-204,0
6061,-203,0
6062,-204,0
6063,-202,0
6064,-204,0
6065,-204,0
6066,-202,0
6067,-201,0
6068,-196,0
6069,-195,0
6070,-191,0
6071,-193,0
6072,-192,0
6073,-191,0
6074,-192,0
6075,-189,0
6076,-188,0
6077,-185,0
6078,-186,0
6079,-184,0
6080,-183,0
6081,-183,0
6082,-178,0
6083,-174,0
6084,-167,0
6085,-160,0
6086,-150,0
6087,-144,0
6088,-138,0
6089,-130,0
6090,-126,0
6091,-119,0
6092,-116,0
6093,-108,0
6094,-104,0
6095,-97,0
6096,-90,0
6097,-88,0
6098,-85,0
6099,-84,0
6100,-82,0
6101,-84,0
6102,-84,0
6103,-85,0
6104,-83,0
6105,-86,0
6106,-89,0
6107,-92,0
6108,-98,0
6109,-101,0
6110,-107,0
6111,-111,0
6112,-114,0
6113,-114,0
6114,-119,0
6115,-125,0
6116,-131,0
6117,-136,0
6118,-138,0
6119,-142,0
6120,-141,0
6121,-140,0
6122,-140,0
6123,-146,0
6124,-148,0
6125,-148,0
6126,-147,0
6127,-146,0
6128,-145,0
6129,-144,0
6130,-144,0
6131,-146,0
6132,-146,0
6133,-146,0
6134,-146,0
6135,-146,0
6136,-143,0
6137,-143,0
6138,-142,0
6139,-141,0
6140,-141,0
6141,-140,0
6142,-138,0
6143,-138,0
6144,-138,0
6145,-131,0
6146,-131,0
6147,-130,0
6148,-125,0
6149,-128,0
6150,-128,0
6151,-130,0
6152,-121,0
6153,-122,0
6154,-121,0
6155,-125,0
6156,-130,0
6157,-132,0
6158,-135,0
6159,-136,0
6160,-137,0
6161,-136,0
6162,-140,0
6163,-141,0
6164,-144,0
6165,-151,0
6166,-155,0
6167,-162,0
6168,-163,0
6169,-168,0
6170,-168,0
6171,-170,0
6172,-175,0
6173,-178,0
6174,-179,0
6175,-176,0
6176,-178,0
6177,-178,0
6178,-180,0
6179,-178,0
6180,-170,0
6181,-159,0
6182,-146,0
6183,-133,0
6184,-114,0
6185,-85,0
6186,-30,0
6187,46,0
6188,136,0
6189,220,0
6190,285,0
6191,315,0
6192,313,0
6193,263,0
6194,189,0
6195,118,0
6196,71,0
6197,31,0
6198,-24,0
6199,-82,0
6200,-134,0
6201,-171,0
6202,-196,0
6203,-209,0
6204,-214,0
6205,-223,0
6206,-231,0
6207,-233,0
6208,-237,0
6209,-236,0
6210,-237,0
6211,-236,0
6212,-237,0
6213,-239,0
6214,-242,0
6215,-244,0
6216,-243,0
6217,-244,0
6218,-241,0
6219,-243,0
6220,-242,0
6221,-244,0
6222,-242,0
6223,-237,0
6224,-236,0
6225,-231,0
6226,-231,0
6227,-223,0
6228,-226,0
6229,-225,0
6230,-224,0
6231,-221,0
6232,-215,0
6233,-215,0
6234,-211,0
6235,-212,0
6236,-206,0
6237,-202,0
6238,-199,0
6239,-193,0
6240,-190,0
6241,-181,0
6242,-177,0
6243,-165,0
6244,-160,0
6245,-152,0
6246,-147,0
6247,-146,0
6248,-142,0
6249,-139,0
6250,-135,0
6251,-134,0
6252,-128,0
6253,-126,0
6254,-125,0
6255,-125,0
6256,-124,0
6257,-128,0
6258,-130,0
6259,-133,0
6260,-138,0
6261,-142,0
6262,-145,0
6263,-150,0
6264,-152,0
6265,-155,0
6266,-157,0
6267,-161,0
6268,-164,0
6269,-167,0
6270,-170,0
6271,-173,0
6272,-174,0
6273,-177,0
6274,-176,0
6275,-173,0
6276,-175,0
6277,-178,0
6278,-181,0
6279,-177,0
6280,-183,0
6281,-186,0
6282,-184,0
6283,-185,0
6284,-182,0
6285,-185,0
6286,-186,0
6287,-188,0
6288,-189,0
6289,-189,0
6290,-193,0
6291,-190,0
6292,-191,0
6293,-190,0
6294,-188,0
6295,-186,0
6296,-187,0
6297,-188,0
6298,-185,0
6299,-184,0
6300,-180,0
6301,-183,0
6302,-181,0
6303,-183,0
6304,-183,0
6305,-181,0
6306,-183,0
6307,-184,0
6308,-188,0
6309,-185,0
6310,-191,0
6311,-193,0
6312,-199,0
6313,-204,0
6314,-205,0
6315,-208,0
6316,-210,0
6317,-215,0
6318,-218,0
6319,-223,0
6320,-225,0
6321,-225,0
6322,-229,0
6323,-230,0
6324,-235,0
6325,-236,0
6326,-242,0
6327,-242,0
6328,-242,0
6329,-242,0
6330,-240,0
6331,-238,0
6332,-236,0
6333,-228,0
6334,-216,0
6335,-201,0
6336,-182,0
6337,-160,0
6338,-115,0
6339,-51,0
6340,38,0
6341,124,0
6342,198,0
6343,241,0
6344,252,0
6345,222,0
6346,156,0
6347,79,0
6348,18,0
6349,-24,0
6350,-68,0
6351,-127,0
6352,-181,0
6353,-225,0
6354,-252,0
6355,-270,0
6356,-283,0
6357,-290,0
6358,-300,0
6359,-301,0
6360,-307,0
6361,-303,0
6362,-307,0
6363,-308,0
6364,-304,0
6365,-308,0
6366,-303,0
6367,-306,0
6368,-304,0
6369,-306,0
6370,-305,0
6371,-304,0
6372,-306,0
6373,-300,0
6374,-303,0
6375,-296,0
6376,-298,0
6377,-293,0
6378,-294,0
6379,-293,0
6380,-290,0
6381,-288,0
6382,-280,0
6383,-280,0
6384,-271,0
6385,-271,0
6386,-265,0
6387,-262,0
6388,-259,0
6389,-253,0
6390,-249,0
6391,-243,0
6392,-244,0
6393,-235,0
6394,-232,0
6395,-221,0
6396,-215,0
6397,-213,0
6398,-207,0
6399,-204,0
6400,-198,0
6401,-193,0
6402,-185,0
6403,-181,0
6404,-180,0
6405,-178,0
6406,-176,0
6407,-175,0
6408,-178,0
6409,-178,0
6410,-181,0
6411,-185,0
6412,-189,0
6413,-193,0
6414,-197,0
6415,-204,0
6416,-206,0
6417,-210,0
6418,-210,0
6419,-215,0
6420,-218,0
6421,-221,0
6422,-227,0
6423,-232,0
6424,-235,0
6425,-234,0
6426,-236,0
6427,-235,0
6428,-236,0
6429,-236,0
6430,-238,0
6431,-243,0
6432,-238,0
6433,-240,0
6434,-237,0
6435,-240,0
6436,-237,0
6437,-241,0
6438,-241,0
6439,-240,0
6440,-240,0
6441,-237,0
6442,-241,0
6443,-236,0
6444,-239,0
6445,-239,0
6446,-242,0
6447,-240,0
6448,-235,0
6449,-236,0
6450,-231,0
6451,-231,0
6452,-225,0
6453,-224,0
6454,-223,0
6455,-221,0
6456,-223,0
6457,-220,0
6458,-220,0
6459,-213,0
6460,-217,0
6461,-218,0
6462,-222,0
6463,-229,0
6464,-232,0
6465,-234,0
6466,-234,0
6467,-237,0
6468,-234,0
6469,-237,0
6470,-239,0
6471,-243,0
6472,-250,0
6473,-256,0
6474,-260,0
6475,-260,0
6476,-264,0
6477,-261,0
6478,-264,0
6479,-269,0
6480,-270,0
6481,-272,0
6482,-273,0
6483,-275,0
6484,-270,0
6485,-266,0
6486,-258,0
6487,-248,0
6488,-233,0
6489,-222,0
6490,-204,0
6491,-168,0
6492,-107,0
6493,-23,0
6494,72,0
6495,159,0
6496,219,0
6497,251,0
6498,235,0
6499,179,0
6500,98,0
6501,29,0
6502,-22,0
6503,-73,0
6504,-128,0
6505,-187,0
6506,-237,0
6507,-267,0
6508,-290,0
6509,-293,0
6510,-302,0
6511,-303,0
6512,-313,0
6513,-319,0
6514,-320,0
6515,-325,0
6516,-320,0
6517,-324,0
6518,-317,0
6519,-320,0
6520,-320,0
6521,-320,0
6522,-320,0
6523,-314,0
6524,-316,0
6525,-311,0
6526,-310,0
6527,-303,0
6528,-303,0
6529,-302,0
6530,-300,0
6531,-303,0
6532,-300,0
6533,-302,0
6534,-300,0
6535,-302,0
6536,-296,0
6537,-294,0
6538,-293,0
6539,-289,0
6540,-283,0
6541,-276,0
6542,-273,0
6543,-269,0
6544,-265,0
6545,-255,0
6546,-245,0
6547,-236,0
6548,-226,0
6549,-219,0
6550,-212,0
6551,-208,0
6552,-202,0
6553,-197,0
6554,-192,0
6555,-188,0
6556,-182,0
6557,-180,0
6558,-177,0
6559,-171,0
6560,-167,0
6561,-166,0
6562,-169,0
6563,-171,0
6564,-177,0
6565,-184,0
6566,-185,0
6567,-189,0
6568,-191,0
6569,-194,0
6570,-198,0
6571,-205,0
6572,-210,0
6573,-213,0
6574,-216,0
6575,-214,0
6576,-215,0
6577,-215,0
6578,-216,0
6579,-217,0
6580,-218,0
6581,-221,0
6582,-220,0
6583,-222,0
6584,-219,0
6585,-221,0
6586,-219,0
6587,-224,0
6588,-222,0
6589,-217,0
6590,-217,0
6591,-213,0
6592,-213,0
6593,-208,0
6594,-214,0
6595,-212,0
6596,-214,0
6597,-215,0
6598,-213,0
6599,-217,0
6600,-215,0
6601,-216,0
6602,-212,0
6603,-211,0
6604,-208,0
6605,-207,0
6606,-206,0
6607,-199,0
6608,-198,0
6609,-195,0
6610,-197,0
6611,-195,0
6612,-194,0
6613,-196,0
6614,-195,0
6615,-198,0
6616,-204,0
6617,-209,0
6618,-208,0
6619,-209,0
6620,-209,0
6621,-211,0
6622,-212,0
6623,-212,0
6624,-215,0
6625,-215,0
6626,-219,0
6627,-221,0
6628,-226,0
6629,-230,0
6630,-233,0
6631,-236,0
6632,-237,0
6633,-241,0
6634,-240,0
6635,-240,0
6636,-238,0
6637,-239,0
6638,-237,0
6639,-236,0
6640,-233,0
6641,-222,0
6642,-214,0
6643,-203,0
6644,-189,0
6645,-162,0
6646,-124,0
6647,-58,0
6648,32,0
6649,130,0
6650,207,0
6651,270,0
6652,291,0
6653,275,0
6654,211,0
6655,117,0
6656,49,0
6657,-1,0
6658,-46,0
6659,-97,0
6660,-154,0
6661,-197,0
6662,-234,0
6663,-251,0
6664,-257,0
6665,-264,0
6666,-266,0
6667,-275,0
6668,-275,0
6669,-282,0
6670,-281,0
6671,-280,0
6672,-281,0
6673,-280,0
6674,-282,0
6675,-278,0
6676,-282,0
6677,-279,0
6678,-281,0
6679,-278,0
6680,-276,0
6681,-280,0
6682,-276,0
6683,-276,0
6684,-271,0
6685,-272,0
6686,-264,0
6687,-261,0
6688,-262,0
6689,-261,0
6690,-260,0
6691,-255,0
6692,-255,0
6693,-249,0
6694,-245,0
6695,-243,0
6696,-237,0
6697,-230,0
6698,-225,0
6699,-221,0
6700,-212,0
6701,-205,0
6702,-197,0
6703,-193,0
6704,-185,0
6705,-181,0
6706,-175,0
6707,-168,0
6708,-164,0
6709,-157,0
6710,-153,0
6711,-149,0
6712,-146,0
6713,-144,0
6714,-144,0
6715,-144,0
6716,-145,0
6717,-148,0
6718,-150,0
6719,-156,0
6720,-157,0
6721,-164,0
6722,-170,0
6723,-172,0
6724,-178,0
6725,-181,0
6726,-187,0
6727,-187,0
6728,-197,0
6729,-202,0
6730,-205,0
6731,-207,0
6732,-206,0
6733,-210,0
6734,-209,0
6735,-213,0
6736,-213,0
6737,-216,0
6738,-216,0
6739,-213,0
6740,-213,0
6741,-211,0
6742,-214,0
6743,-210,0
6744,-212,0
6745,-209,0
6746,-210,0
6747,-208,0
6748,-206,0
6749,-205,0
6750,-205,0
6751,-211,0
6752,-209,0
6753,-212,0
6754,-212,0
6755,-211,0
6756,-212,0
6757,-209,0
6758,-208,0
6759,-202,0
6760,-198,0
6761,-193,0
6762,-191,0
6763,-194,0
6764,-193,0
6765,-189,0
6766,-185,0
6767,-185,0
6768,-186,0
6769,-193,0
6770,-199,0
6771,-202,0
6772,-201,0
6773,-204,0
6774,-203,0
6775,-200,0
6776,-201,0
6777,-202,0
6778,-209,0
6779,-211,0
6780,-219,0
6781,-224,0
6782,-224,0
6783,-227,0
6784,-226,0
6785,-232,0
6786,-235,0
6787,-240,0
6788,-241,0
6789,-241,0
6790,-241,0
6791,-238,0
6792,-238,0
6793,-232,0
6794,-228,0
6795,-219,0
6796,-214,0
6797,-199,0
6798,-172,0
6799,-131,0
6800,-58,0
6801,38,0
6802,134,0
6803,219,0
6804,272,0
6805,295,0
6806,278,0
6807,199,0
6808,109,0
6809,35,0
6810,-13,0
6811,-61,0
6812,-120,0
6813,-170,0
6814,-210,0
6815,-238,0
6816,-248,0
6817,-260,0
6818,-262,0
6819,-269,0
6820,-270,0
6821,-272,0
6822,-276,0
6823,-276,0
6824,-275,0
6825,-275,0
6826,-280,0
6827,-281,0
6828,-281,0
6829,-281,0
6830,-280,0
6831,-279,0
6832,-279,0
6833,-279,0
6834,-277,0
6835,-283,0
6836,-281,0
6837,-281,0
6838,-277,0
6839,-274,0
6840,-271,0
6841,-269,0
6842,-271,0
6843,-268,0
6844,-267,0
6845,-267,0
6846,-265,0
6847,-260,0
6848,-253,0
6849,-250,0
6850,-243,0
6851,-238,0
6852,-230,0
6853,-224,0
6854,-213,0
6855,-210,0
6856,-207,0
6857,-200,0
6858,-194,0
6859,-186,0
6860,-182,0
6861,-177,0
6862,-173,0
6863,-167,0
6864,-164,0
6865,-161,0
6866,-154,0
6867,-153,0
6868,-153,0
6869,-156,0
6870,-157,0
6871,-160,0
6872,-162,0
6873,-163,0
6874,-168,0
6875,-170,0
6876,-176,0
6877,-180,0
6878,-190,0
6879,-196,0
6880,-200,0
6881,-205,0
6882,-205,0
6883,-209,0
6884,-208,0
6885,-216,0
6886,-216,0
6887,-221,0
6888,-223,0
6889,-221,0
6890,-224,0
6891,-221,0
6892,-223,0
6893,-222,0
6894,-225,0
6895,-220,0
6896,-216,0
6897,-214,0
6898,-212,0
6899,-213,0
6900,-213,0
6901,-215,0
6902,-214,0
6903,-214,0
6904,-215,0
6905,-214,0
6906,-213,0
6907,-213,0
6908,-213,0
6909,-209,0
6910,-209,0
6911,-207,0
6912,-204,0
6913,-196,0
6914,-190,0
6915,-188,0
6916,-187,0
6917,-189,0
6918,-189,0
6919,-191,0
6920,-189,0
6921,-187,0
6922,-189,0
6923,-195,0
6924,-200,0
6925,-198,0
6926,-199,0
6927,-199,0
6928,-201,0
6929,-198,0
6930,-201,0
6931,-202,0
6932,-202,0
6933,-208,0
6934,-211,0
6935,-217,0
6936,-216,0
6937,-221,0
6938,-223,0
6939,-221,0
6940,-223,0
6941,-220,0
6942,-224,0
6943,-225,0
6944,-229,0
6945,-227,0
6946,-225,0
6947,-220,0
6948,-209,0
6949,-202,0
6950,-187,0
6951,-173,0
6952,-143,0
6953,-95,0
6954,-18,0
6955,77,0
6956,167,0
6957,243,0
6958,296,0
6959,307,0
6960,275,0
6961,180,0
6962,86,0
6963,22,0
6964,-25,0
6965,-69,0
6966,-121,0
6967,-173,0
6968,-212,0
6969,-237,0
6970,-245,0
6971,-250,0
6972,-256,0
6973,-260,0
6974,-265,0
6975,-269,0
6976,-276,0
6977,-275,0
6978,-276,0
6979,-280,0
6980,-279,0
6981,-279,0
6982,-281,0
6983,-285,0
6984,-283,0
6985,-285,0
6986,-285,0
6987,-283,0
6988,-280,0
6989,-281,0
6990,-281,0
6991,-279,0
6992,-280,0
6993,-275,0
6994,-270,0
6995,-267,0
6996,-264,0
6997,-261,0
6998,-257,0
6999,-256,0
7000,-250,0
7001,-250,0
7002,-244,0
7003,-238,0
7004,-227,0
7005,-222,0
7006,-215,0
7007,-207,0
7008,-204,0
7009,-196,0
7010,-189,0
7011,-176,0
7012,-171,0
7013,-166,0
7014,-159,0
7015,-154,0
7016,-149,0
7017,-148,0
7018,-144,0
7019,-143,0
7020,-139,0
7021,-140,0
7022,-141,0
7023,-141,0
7024,-144,0
7025,-145,0
7026,-151,0
7027,-153,0
7028,-160,0
7029,-162,0
7030,-166,0
7031,-171,0
7032,-176,0
7033,-181,0
7034,-183,0
7035,-191,0
7036,-192,0
7037,-193,0
7038,-195,0
7039,-197,0
7040,-198,0
7041,-200,0
7042,-204,0
7043,-204,0
7044,-206,0
7045,-206,0
7046,-206,0
7047,-205,0
7048,-203,0
7049,-202,0
7050,-200,0
7051,-201,0
7052,-196,0
7053,-193,0
7054,-193,0
7055,-192,0
7056,-191,0
7057,-193,0
7058,-194,0
7059,-193,0
7060,-192,0
7061,-190,0
7062,-189,0
7063,-179,0
7064,-177,0
7065,-174,0
7066,-175,0
7067,-175,0
7068,-171,0
7069,-170,0
7070,-168,0
7071,-166,0
7072,-162,0
7073,-160,0
7074,-163,0
7075,-165,0
7076,-171,0
7077,-171,0
7078,-176,0
7079,-176,0
7080,-178,0
7081,-177,0
7082,-177,0
7083,-181,0
7084,-181,0
7085,-185,0
7086,-184,0
7087,-189,0
7088,-192,0
7089,-193,0
7090,-199,0
7091,-197,0
7092,-201,0
7093,-200,0
7094,-206,0
7095,-208,0
7096,-207,0
7097,-206,0
7098,-202,0
7099,-201,0
7100,-193,0
7101,-187,0
7102,-175,0
7103,-165,0
7104,-143,0
7105,-113,0
7106,-61,0
7107,15,0
7108,105,0
7109,193,0
7110,260,0
7111,292,0
7112,293,0
7113,239,0
7114,155,0
7115,84,0
7116,32,0
7117,-11,0
7118,-62,0
7119,-116,0
7120,-164,0
7121,-197,0
7122,-215,0
7123,-225,0
7124,-234,0
7125,-239,0
7126,-245,0
7127,-245,0
7128,-244,0
7129,-244,0
7130,-244,0
7131,-246,0
7132,-247,0
7133,-251,0
7134,-249,0
7135,-248,0
7136,-245,0
7137,-244,0
7138,-239,0
7139,-241,0
7140,-241,0
7141,-239,0
7142,-240,0
7143,-234,0
7144,-232,0
7145,-227,0
7146,-228,0
7147,-226,0
7148,-225,0
7149,-225,0
7150,-221,0
7151,-218,0
7152,-211,0
7153,-209,0
7154,-204,0
7155,-201,0
7156,-198,0
7157,-189,0
7158,-186,0
7159,-176,0
7160,-170,0
7161,-161,0
7162,-158,0
7163,-151,0
7164,-144,0
7165,-140,0
7166,-131,0
7167,-127,0
7168,-120,0
7169,-119,0
7170,-114,0
7171,-109,0
7172,-106,0
7173,-104,0
7174,-105,0
7175,-103,0
7176,-106,0
7177,-105,0
7178,-110,0
7179,-111,0
7180,-115,0
7181,-121,0
7182,-127,0
7183,-130,0
7184,-133,0
7185,-140,0
7186,-143,0
7187,-143,0
7188,-145,0
7189,-148,0
7190,-152,0
7191,-154,0
7192,-157,0
7193,-157,0
7194,-160,0
7195,-158,0
7196,-160,0
7197,-160,0
7198,-165,0
7199,-166,0
7200,-165,0
7201,-164,0
7202,-162,0
7203,-162,0
7204,-163,0
7205,-163,0
7206,-164,0
7207,-166,0
7208,-171,0
7209,-170,0
7210,-171,0
7211,-169,0
7212,-167,0
7213,-165,0
7214,-167,0
7215,-168,0
7216,-167,0
7217,-166,0
7218,-162,0
7219,-158,0
7220,-148,0
7221,-146,0
7222,-145,0
7223,-145,0
7224,-149,0
7225,-148,0
7226,-145,0
7227,-140,0
7228,-143,0
7229,-145,0
7230,-151,0
7231,-152,0
7232,-153,0
7233,-156,0
7234,-154,0
7235,-156,0
7236,-156,0
7237,-161,0
7238,-164,0
7239,-170,0
7240,-178,0
7241,-185,0
7242,-189,0
7243,-187,0
7244,-190,0
7245,-188,0
7246,-186,0
7247,-188,0
7248,-188,0
7249,-189,0
7250,-186,0
7251,-186,0
7252,-184,0
7253,-181,0
7254,-172,0
7255,-160,0
7256,-150,0
7257,-138,0
7258,-118,0
7259,-85,0
7260,-30,0
7261,54,0
7262,142,0
7263,224,0
7264,276,0
7265,299,0
7266,279,0
7267,224,0
7268,143,0
7269,83,0
7270,39,0
7271,-4,0
7272,-53,0
7273,-108,0
7274,-155,0
7275,-184,0
7276,-202,0
7277,-211,0
7278,-217,0
7279,-224,0
7280,-230,0
7281,-235,0
7282,-234,0
7283,-235,0
7284,-231,0
7285,-231,0
7286,-225,0
7287,-222,0
7288,-221,0
7289,-221,0
7290,-220,0
7291,-214,0
7292,-215,0
7293,-212,0
7294,-210,0
7295,-204,0
7296,-207,0
7297,-206,0
7298,-203,0
7299,-201,0
7300,-196,0
7301,-196,0
7302,-189,0
7303,-188,0
7304,-185,0
7305,-185,0
7306,-184,0
7307,-179,0
7308,-176,0
7309,-170,0
7310,-165,0
7311,-159,0
7312,-154,0
7313,-148,0
7314,-141,0
7315,-138,0
7316,-132,0
7317,-128,0
7318,-121,0
7319,-116,0
7320,-108,0
7321,-101,0
7322,-100,0
7323,-97,0
7324,-92,0
7325,-89,0
7326,-89,0
7327,-85,0
7328,-85,0
7329,-83,0
7330,-83,0
7331,-85,0
7332,-89,0
7333,-93,0
7334,-96,0
7335,-103,0
7336,-105,0
7337,-107,0
7338,-114,0
7339,-118,0
7340,-122,0
7341,-125,0
7342,-128,0
7343,-127,0
7344,-127,0
7345,-128,0
7346,-128,0
7347,-124,0
7348,-128,0
7349,-129,0
7350,-128,0
7351,-128,0
7352,-125,0
7353,-125,0
7354,-122,0
7355,-125,0
7356,-126,0
7357,-125,0
7358,-124,0
7359,-122,0
7360,-122,0
7361,-121,0
7362,-120,0
7363,-120,0
7364,-120,0
7365,-121,0
7366,-118,0
7367,-118,0
7368,-118,0
7369,-117,0
7370,-110,0
7371,-109,0
7372,-105,0
7373,-103,0
7374,-102,0
7375,-100,0
7376,-99,0
7377,-94,0
7378,-93,0
7379,-86,0
7380,-84,0
7381,-85,0
7382,-91,0
7383,-97,0
7384,-101,0
7385,-105,0
7386,-106,0
7387,-109,0
7388,-113,0
7389,-116,0
7390,-121,0
7391,-123,0
7392,-124,0
7393,-125,0
7394,-131,0
7395,-131,0
7396,-132,0
7397,-134,0
7398,-135,0
7399,-137,0
7400,-137,0
7401,-140,0
7402,-139,0
7403,-139,0
7404,-139,0
7405,-138,0
7406,-139,0
7407,-138,0
7408,-134,0
7409,-124,0
7410,-113,0
7411,-97,0
7412,-82,0
7413,-61,0
7414,-25,0
7415,40,0
7416,119,0
7417,206,0
7418,283,0
7419,336,0
7420,358,0
7421,342,0
7422,287,0
7423,206,0
7424,147,0
7425,105,0
7426,66,0
7427,16,0
7428,-38,0
7429,-80,0
7430,-114,0
7431,-132,0
7432,-140,0
7433,-146,0
7434,-149,0
7435,-153,0
7436,-154,0
7437,-155,0
7438,-156,0
7439,-157,0
7440,-157,0
7441,-154,0
7442,-154,0
7443,-153,0
7444,-152,0
7445,-149,0
7446,-149,0
7447,-149,0
7448,-148,0
7449,-149,0
7450,-145,0
7451,-144,0
7452,-137,0
7453,-137,0
7454,-135,0
7455,-134,0
7456,-135,0
7457,-132,0
7458,-128,0
7459,-124,0
7460,-122,0
7461,-121,0
7462,-120,0
7463,-116,0
7464,-110,0
7465,-107,0
7466,-103,0
7467,-98,0
7468,-92,0
7469,-85,0
7470,-77,0
7471,-69,0
7472,-66,0
7473,-62,0
7474,-58,0
7475,-53,0
7476,-49,0
7477,-43,0
7478,-38,0
7479,-32,0
7480,-29,0
7481,-26,0
7482,-25,0
7483,-22,0
7484,-21,0
7485,-20,0
7486,-20,0
7487,-17,0
7488,-18,0
7489,-23,0
7490,-28,0
7491,-34,0
7492,-37,0
7493,-40,0
7494,-42,0
7495,-45,0
7496,-48,0
7497,-48,0
7498,-52,0
7499,-55,0
7500,-59,0
7501,-60,0
7502,-60,0
7503,-60,0
7504,-57,0
7505,-63,0
7506,-63,0
7507,-63,0
7508,-64,0
7509,-64,0
7510,-66,0
7511,-62,0
7512,-64,0
7513,-65,0
7514,-67,0
7515,-66,0
7516,-64,0
7517,-63,0
7518,-62,0
7519,-60,0
7520,-59,0
7521,-59,0
7522,-57,0
7523,-52,0
7524,-47,0
7525,-46,0
7526,-43,0
7527,-40,0
7528,-41,0
7529,-41,0
7530,-40,0
7531,-36,0
7532,-29,0
7533,-20,0
7534,-13,0
7535,-15,0
7536,-18,0
7537,-22,0
7538,-21,0
7539,-23,0
7540,-25,0
7541,-29,0
7542,-31,0
7543,-35,0
7544,-36,0
7545,-38,0
7546,-40,0
7547,-45,0
7548,-50,0
7549,-52,0
7550,-55,0
7551,-57,0
7552,-58,0
7553,-58,0
7554,-58,0
7555,-62,0
7556,-64,0
7557,-70,0
7558,-69,0
7559,-68,0
7560,-64,0
7561,-60,0
7562,-51,0
7563,-41,0
7564,-33,0
7565,-20,0
7566,-5,0
7567,21,0
7568,63,0
7569,136,0
7570,224,0
7571,310,0
7572,388,0
7573,425,0
7574,443,0
7575,413,0
7576,353,0
7577,276,0
7578,223,0
7579,188,0
7580,140,0
7581,88,0
7582,35,0
7583,-8,0
7584,-37,0
7585,-54,0
7586,-58,0
7587,-67,0
7588,-71,0
7589,-76,0
7590,-80,0
7591,-80,0
7592,-79,0
7593,-80,0
7594,-82,0
7595,-82,0
7596,-83,0
7597,-81,0
7598,-82,0
7599,-82,0
7600,-80,0
7601,-77,0
7602,-74,0
7603,-73,0
7604,-69,0
7605,-67,0
7606,-64,0
7607,-63,0
7608,-62,0
7609,-58,0
7610,-55,0
7611,-52,0
7612,-51,0
7613,-49,0
7614,-48,0
7615,-46,0
7616,-42,0
7617,-39,0
7618,-34,0
7619,-29,0
7620,-22,0
7621,-14,0
7622,-9,0
7623,-3,0
7624,3,0
7625,8,0
7626,13,0
7627,21,0
7628,28,0
7629,32,0
7630,38,0
7631,48,0
7632,49,0
7633,55,0
7634,57,0
7635,62,0
7636,65,0
7637,68,0
7638,75,0
7639,71,0
7640,67,0
7641,64,0
7642,63,0
7643,60,0
7644,56,0
7645,55,0
7646,51,0
7647,47,0
7648,40,0
7649,36,0
7650,32,0
7651,29,0
7652,22,0
7653,19,0
7654,20,0
7655,19,0
7656,18,0
7657,14,0
7658,14,0
7659,14,0
7660,16,0
7661,20,0
7662,18,0
7663,19,0
7664,17,0
7665,18,0
7666,17,0
7667,20,0
7668,20,0
7669,21,0
7670,21,0
7671,22,0
7672,23,0
7673,19,0
7674,20,0
7675,21,0
7676,26,0
7677,32,0
7678,36,0
7679,42,0
7680,46,0
7681,48,0
7682,48,0
7683,52,0
7684,56,0
7685,61,0
7686,67,0
7687,75,0
7688,79,0
7689,74,0
7690,71,0
7691,65,0
7692,64,0
7693,60,0
7694,57,0
7695,51,0
7696,43,0
7697,37,0
7698,32,0
7699,32,0
7700,27,0
7701,24,0
7702,22,0
7703,19,0
7704,15,0
7705,11,0
7706,11,0
7707,6,0
7708,6,0
7709,4,0
7710,6,0
7711,6,0
7712,9,0
7713,13,0
7714,12,0
7715,18,0
7716,24,0
7717,36,0
7718,46,0
7719,62,0
7720,87,0
7721,124,0
7722,192,0
7723,273,0
7724,369,0
7725,436,0
7726,486,0
7727,489,0
7728,464,0
7729,408,0
7730,331,0
7731,277,0
7732,233,0
7733,192,0
7734,140,0
7735,90,0
7736,52,0
7737,21,0
7738,5,0
7739,-6,0
7740,-15,0
7741,-20,0
7742,-22,0
7743,-20,0
7744,-21,0
7745,-21,0
7746,-22,0
7747,-21,0
7748,-19,0
7749,-18,0
7750,-18,0
7751,-16,0
7752,-14,0
7753,-12,0
7754,-10,0
7755,-9,0
7756,-9,0
7757,-8,0
7758,-5,0
7759,-5,0
7760,-5,0
7761,-4,0
7762,-4,0
7763,-3,0
7764,-2,0
7765,4,0
7766,5,0
7767,8,0
7768,10,0
7769,14,0
7770,17,0
7771,21,0
7772,25,0
7773,27,0
7774,33,0
7775,37,0
7776,43,0
7777,48,0
7778,53,0
7779,59,0
7780,64,0
7781,72,0
7782,75,0
7783,83,0
7784,87,0
7785,92,0
7786,94,0
7787,99,0
7788,105,0
7789,103,0
7790,106,0
7791,106,0
7792,107,0
7793,104,0
7794,103,0
7795,104,0
7796,99,0
7797,99,0
7798,90,0
7799,86,0
7800,79,0
7801,76,0
7802,73,0
7803,71,0
7804,70,0
7805,66,0
7806,65,0
7807,64,0
7808,65,0
7809,61,0
7810,62,0
7811,63,0
7812,60,0
7813,60,0
7814,59,0
7815,60,0
7816,60,0
7817,63,0
7818,65,0
7819,66,0
7820,66,0
7821,66,0
7822,63,0
7823,57,0
7824,58,0
7825,58,0
7826,62,0
7827,62,0
7828,64,0
7829,68,0
7830,70,0
7831,75,0
7832,77,0
7833,84,0
7834,85,0
7835,88,0
7836,86,0
7837,86,0
7838,93,0
7839,98,0
7840,103,0
7841,101,0
7842,100,0
7843,96,0
7844,97,0
7845,96,0
7846,91,0
7847,89,0
7848,78,0
7849,76,0
7850,68,0
7851,62,0
7852,59,0
7853,55,0
7854,48,0
7855,39,0
7856,37,0
7857,33,0
7858,34,0
7859,34,0
7860,36,0
7861,35,0
7862,37,0
7863,37,0
7864,31,0
7865,32,0
7866,35,0
7867,41,0
7868,48,0
7869,59,0
7870,75,0
7871,86,0
7872,112,0
7873,156,0
7874,232,0
7875,315,0
7876,409,0
7877,472,0
7878,511,0
7879,518,0
7880,475,0
7881,408,0
7882,331,0
7883,281,0
7884,239,0
7885,195,0
7886,144,0
7887,89,0
7888,51,0
7889,24,0
7890,13,0
7891,7,0
7892,3,0
7893,1,0
7894,-2,0
7895,-2,0
7896,-2,0
7897,-2,0
7898,-1,0
7899,0,0
7900,-1,0
7901,0,0
7902,-1,0
7903,-1,0
7904,-1,0
7905,-1,0
7906,1,0
7907,2,0
7908,4,0
7909,6,0
7910,8,0
7911,10,0
7912,12,0
7913,12,0
7914,13,0
7915,14,0
7916,12,0
7917,15,0
7918,18,0
7919,20,0
7920,21,0
7921,22,0
7922,28,0
7923,31,0
7924,39,0
7925,45,0
7926,52,0
7927,60,0
7928,65,0
7929,73,0
7930,76,0
7931,85,0
7932,89,0
7933,97,0
7934,100,0
7935,105,0
7936,107,0
7937,114,0
7938,120,0
7939,118,0
7940,124,0
7941,124,0
7942,129,0
7943,126,0
7944,127,0
7945,129,0
7946,121,0
7947,121,0
7948,116,0
7949,113,0
7950,107,0
7951,105,0
7952,101,0
7953,94,0
7954,89,0
7955,85,0
7956,85,0
7957,81,0
7958,82,0
7959,81,0
7960,81,0
7961,79,0
7962,73,0
7963,69,0
7964,67,0
7965,68,0
7966,67,0
7967,69,0
7968,71,0
7969,72,0
7970,69,0
7971,67,0
7972,69,0
7973,68,0
7974,70,0
7975,70,0
7976,72,0
7977,68,0
7978,66,0
7979,67,0
7980,71,0
7981,78,0
7982,83,0
7983,89,0
7984,95,0
7985,100,0
7986,99,0
7987,97,0
7988,97,0
7989,100,0
7990,108,0
7991,112,0
7992,119,0
7993,118,0
7994,116,0
7995,112,0
7996,109,0
7997,113,0
7998,108,0
7999,105,0
8000,99,0
8001,93,0
8002,87,0
8003,81,0
8004,83,0
8005,75,0
8006,72,0
8007,63,0
8008,58,0
8009,52,0
8010,49,0
8011,44,0
8012,40,0
8013,41,0
8014,39,0
8015,39,0
8016,37,0
8017,39,0
8018,41,0
8019,48,0
8020,59,0
8021,67,0
8022,78,0
8023,95,0
8024,124,0
8025,167,0
8026,245,0
8027,332,0
8028,426,0
8029,503,0
8030,546,0
8031,568,0
8032,529,0
8033,466,0
8034,382,0
8035,320,0
8036,275,0
8037,221,0
8038,167,0
8039,111,0
8040,71,0
8041,43,0
8042,30,0
8043,23,0
8044,15,0
8045,7,0
8046,1,0
8047,1,0
8048,-1,0
8049,-1,0
8050,-1,0
8051,2,0
8052,3,0
8053,4,0
8054,4,0
8055,8,0
8056,14,0
8057,17,0
8058,18,0
8059,20,0
8060,22,0
8061,25,0
8062,26,0
8063,28,0
8064,29,0
8065,32,0
8066,33,0
8067,37,0
8068,38,0
8069,41,0
8070,43,0
8071,47,0
8072,52,0
8073,52,0
8074,60,0
8075,68,0
8076,74,0
8077,76,0
8078,82,0
8079,95,0
8080,96,0
8081,103,0
8082,106,0
8083,114,0
8084,119,0
8085,127,0
8086,134,0
8087,138,0
8088,146,0
8089,149,0
8090,155,0
8091,156,0
8092,160,0
8093,158,0
8094,163,0
8095,165,0
8096,160,0
8097,160,0
8098,156,0
8099,157,0
8100,153,0
8101,151,0
8102,148,0
8103,142,0
8104,138,0
8105,133,0
8106,131,0
8107,126,0
8108,129,0
8109,127,0
8110,125,0
8111,123,0
8112,120,0
8113,119,0
8114,117,0
8115,118,0
8116,117,0
8117,120,0
8118,115,0
8119,113,0
8120,111,0
8121,111,0
8122,114,0
8123,113,0
8124,116,0
8125,114,0
8126,115,0
8127,110,0
8128,110,0
8129,107,0
8130,107,0
8131,112,0
8132,111,0
8133,112,0
8134,110,0
8135,111,0
8136,110,0
8137,112,0
8138,118,0
8139,122,0
8140,127,0
8141,127,0
8142,129,0
8143,127,0
8144,127,0
8145,128,0
8146,135,0
8147,144,0
8148,146,0
8149,146,0
8150,140,0
8151,137,0
8152,133,0
8153,132,0
8154,135,0
8155,129,0
8156,130,0
8157,123,0
8158,120,0
8159,115,0
8160,112,0
8161,111,0
8162,102,0
8163,99,0
8164,95,0
8165,93,0
8166,90,0
8167,89,0
8168,86,0
8169,85,0
8170,85,0
8171,83,0
8172,84,0
8173,84,0
8174,85,0
8175,88,0
8176,98,0
8177,110,0
8178,117,0
8179,129,0
8180,150,0
8181,191,0
8182,253,0
8183,342,0
8184,427,0
8185,512,0
8186,560,0
8187,582,0
8188,570,0
8189,503,0
8190,430,0
8191,356,0
8192,315,0
8193,270,0
8194,223,0
8195,170,0
8196,123,0
8197,96,0
8198,79,0
8199,72,0
8200,64,0
8201,58,0
8202,50,0
8203,44,0
8204,44,0
8205,46,0
8206,46,0
8207,43,0
8208,45,0
8209,47,0
8210,49,0
8211,49,0
8212,51,0
8213,55,0
8214,52,0
8215,55,0
8216,55,0
8217,57,0
8218,56,0
8219,55,0
8220,55,0
8221,57,0
8222,61,0
8223,61,0
8224,66,0
8225,68,0
8226,68,0
8227,69,0
8228,70,0
8229,76,0
8230,75,0
8231,82,0
8232,85,0
8233,91,0
8234,94,0
8235,100,0
8236,108,0
8237,110,0
8238,119,0
8239,125,0
8240,135,0
8241,137,0
8242,144,0
8243,148,0
8244,152,0
8245,158,0
8246,159,0
8247,164,0
8248,166,0
8249,172,0
8250,173,0
8251,176,0
8252,174,0
8253,170,0
8254,168,0
8255,163,0
8256,161,0
8257,155,0
8258,155,0
8259,151,0
8260,148,0
8261,142,0
8262,137,0
8263,136,0
8264,131,0
8265,130,0
8266,124,0
8267,122,0
8268,118,0
8269,115,0
8270,113,0
8271,113,0
8272,116,0
8273,113,0
8274,115,0
8275,112,0
8276,113,0
8277,112,0
8278,110,0
8279,109,0
8280,110,0
8281,116,0
8282,115,0
8283,118,0
8284,117,0
8285,115,0
8286,115,0
8287,114,0
8288,120,0
8289,116,0
8290,119,0
8291,119,0
8292,123,0
8293,125,0
8294,130,0
8295,134,0
8296,133,0
8297,135,0
8298,132,0
8299,136,0
8300,137,0
8301,144,0
8302,149,0
8303,148,0
8304,147,0
8305,137,0
8306,134,0
8307,128,0
8308,128,0
8309,122,0
8310,121,0
8311,121,0
8312,117,0
8313,116,0
8314,112,0
8315,109,0
8316,100,0
8317,96,0
8318,93,0
8319,88,0
8320,87,0
8321,83,0
8322,82,0
8323,77,0
8324,76,0
8325,70,0
8326,64,0
8327,58,0
8328,51,0
8329,54,0
8330,60,0
8331,70,0
8332,74,0
8333,84,0
8334,97,0
8335,126,0
8336,174,0
8337,251,0
8338,350,0
8339,452,0
8340,540,0
8341,587,0
8342,608,0
8343,567,0
8344,490,0
8345,396,0
8346,322,0
8347,277,0
8348,226,0
8349,181,0
8350,128,0
8351,89,0
8352,62,0
8353,47,0
8354,40,0
8355,36,0
8356,33,0
8357,28,0
8358,25,0
8359,23,0
8360,23,0
8361,24,0
8362,23,0
8363,27,0
8364,23,0
8365,24,0
8366,24,0
8367,26,0
8368,23,0
8369,21,0
8370,25,0
8371,23,0
8372,25,0
8373,26,0
8374,29,0
8375,28,0
8376,28,0
8377,28,0
8378,28,0
8379,31,0
8380,30,0
8381,34,0
8382,37,0
8383,40,0
8384,38,0
8385,40,0
8386,45,0
8387,48,0
8388,56,0
8389,60,0
8390,68,0
8391,72,0
8392,80,0
8393,86,0
8394,89,0
8395,95,0
8396,100,0
8397,106,0
8398,110,0
8399,118,0
8400,122,0
8401,127,0
8402,127,0
8403,128,0
8404,130,0
8405,129,0
8406,132,0
8407,128,0
8408,128,0
8409,124,0
8410,122,0
8411,118,0
8412,112,0
8413,107,0
8414,102,0
8415,101,0
8416,96,0
8417,92,0
8418,87,0
8419,84,0
8420,80,0
8421,77,0
8422,77,0
8423,72,0
8424,73,0
8425,70,0
8426,68,0
8427,66,0
8428,66,0
8429,67,0
8430,69,0
8431,70,0
8432,70,0
8433,71,0
8434,70,0
8435,69,0
8436,68,0
8437,69,0
8438,73,0
8439,70,0
8440,71,0
8441,69,0
8442,70,0
8443,69,0
8444,71,0
8445,79,0
8446,79,0
8447,86,0
8448,88,0
8449,92,0
8450,92,0
8451,90,0
8452,87,0
8453,89,0
8454,96,0
8455,96,0
8456,101,0
8457,99,0
8458,96,0
8459,87,0
8460,82,0
8461,83,0
8462,81,0
8463,85,0
8464,83,0
8465,82,0
8466,77,0
8467,71,0
8468,68,0
8469,61,0
8470,57,0
8471,54,0
8472,54,0
8473,51,0
8474,50,0
8475,48,0
8476,45,0
8477,45,0
8478,44,0
8479,42,0
8480,41,0
8481,42,0
8482,39,0
8483,42,0
8484,44,0
8485,50,0
8486,57,0
8487,68,0
8488,88,0
8489,123,0
8490,184,0
8491,269,0
8492,367,0
8493,454,0
8494,517,0
8495,548,0
8496,546,0
8497,503,0
8498,412,0
8499,338,0
8500,272,0
8501,227,0
8502,173,0
8503,123,0
8504,78,0
8505,44,0
8506,24,0
8507,10,0
8508,2,0
8509,-4,0
8510,-7,0
8511,-6,0
8512,-7,0
8513,-6,0
8514,-8,0
8515,-7,0
8516,-10,0
8517,-11,0
8518,-11,0
8519,-10,0
8520,-4,0
8521,-4,0
8522,0,0
8523,1,0
8524,2,0
8525,0,0
8526,-1,0
8527,5,0
8528,4,0
8529,7,0
8530,8,0
8531,12,0
8532,12,0
8533,14,0
8534,12,0
8535,16,0
8536,19,0
8537,20,0
8538,23,0
8539,27,0
8540,33,0
8541,35,0
8542,41,0
8543,48,0
8544,54,0
8545,59,0
8546,64,0
8547,71,0
8548,77,0
8549,86,0
8550,91,0
8551,94,0
8552,98,0
8553,102,0
8554,107,0
8555,109,0
8556,114,0
8557,114,0
8558,116,0
8559,114,0
8560,114,0
8561,112,0
8562,108,0
8563,106,0
8564,102,0
8565,100,0
8566,92,0
8567,89,0
8568,84,0
8569,79,0
8570,73,0
8571,68,0
8572,68,0
8573,62,0
8574,61,0
8575,55,0
8576,53,0
8577,51,0
8578,50,0
8579,53,0
8580,52,0
8581,54,0
8582,51,0
8583,47,0
8584,48,0
8585,49,0
8586,50,0
8587,51,0
8588,56,0
8589,56,0
8590,59,0
8591,56,0
8592,55,0
8593,52,0
8594,55,0
8595,57,0
8596,53,0
8597,51,0
8598,51,0
8599,52,0
8600,54,0
8601,55,0
8602,63,0
8603,60,0
8604,63,0
8605,64,0
8606,67,0
8607,67,0
8608,73,0
8609,76,0
8610,78,0
8611,77,0
8612,70,0
8613,66,0
8614,62,0
8615,61,0
8616,58,0
8617,58,0
8618,58,0
8619,53,0
8620,50,0
8621,46,0
8622,43,0
8623,37,0
8624,35,0
8625,32,0
8626,28,0
8627,26,0
8628,24,0
8629,22,0
8630,20,0
8631,21,0
8632,20,0
8633,18,0
8634,18,0
8635,20,0
8636,22,0
8637,26,0
8638,33,0
8639,42,0
8640,55,0
8641,68,0
8642,91,0
8643,135,0
8644,199,0
8645,286,0
8646,369,0
8647,440,0
8648,472,0
8649,481,0
8650,440,0
8651,374,0
8652,297,0
8653,247,0
8654,210,0
8655,162,0
8656,111,0
8657,62,0
8658,26,0
8659,4,0
8660,-7,0
8661,-12,0
8662,-19,0
8663,-22,0
8664,-25,0
8665,-29,0
8666,-32,0
8667,-34,0
8668,-37,0
8669,-38,0
8670,-37,0
8671,-40,0
8672,-42,0
8673,-44,0
8674,-40,0
8675,-37,0
8676,-34,0
8677,-27,0
8678,-29,0
8679,-27,0
8680,-28,0
8681,-26,0
8682,-25,0
8683,-24,0
8684,-22,0
8685,-22,0
8686,-19,0
8687,-17,0
8688,-16,0
8689,-14,0
8690,-12,0
8691,-11,0
8692,-7,0
8693,-2,0
8694,3,0
8695,9,0
8696,15,0
8697,23,0
8698,28,0
8699,32,0
8700,39,0
8701,46,0
8702,53,0
8703,61,0
8704,64,0
8705,68,0
8706,73,0
8707,75,0
8708,76,0
8709,75,0
8710,76,0
8711,76,0
8712,75,0
8713,75,0
8714,72,0
8715,70,0
8716,63,0
8717,60,0
8718,54,0
8719,52,0
8720,49,0
8721,47,0
8722,48,0
8723,43,0
8724,39,0
8725,32,0
8726,30,0
8727,29,0
8728,28,0
8729,32,0
8730,28,0
8731,29,0
8732,27,0
8733,23,0
8734,22,0
8735,20,0
8736,23,0
8737,17,0
8738,17,0
8739,16,0
8740,17,0
8741,16,0
8742,16,0
8743,15,0
8744,16,0
8745,19,0
8746,17,0
8747,16,0
8748,15,0
8749,16,0
8750,12,0
8751,15,0
8752,21,0
8753,23,0
8754,25,0
8755,27,0
8756,28,0
8757,28,0
8758,30,0
8759,34,0
8760,33,0
8761,36,0
8762,37,0
8763,38,0
8764,33,0
8765,27,0
8766,19,0
8767,16,0
8768,15,0
8769,14,0
8770,15,0
8771,14,0
8772,15,0
8773,10,0
8774,7,0
8775,2,0
8776,-5,0
8777,-11,0
8778,-13,0
8779,-16,0
8780,-19,0
8781,-20,0
8782,-26,0
8783,-30,0
8784,-31,0
8785,-31,0
8786,-31,0
8787,-28,0
8788,-24,0
8789,-24,0
8790,-20,0
8791,-12,0
8792,-2,0
8793,11,0
8794,26,0
8795,48,0
8796,79,0
8797,140,0
8798,216,0
8799,303,0
8800,374,0
8801,420,0
8802,437,0
8803,417,0
8804,359,0
8805,280,0
8806,224,0
8807,181,0
8808,137,0
8809,84,0
8810,33,0
8811,-5,0
8812,-39,0
8813,-56,0
8814,-68,0
8815,-74,0
8816,-80,0
8817,-84,0
8818,-86,0
8819,-87,0
8820,-86,0
8821,-86,0
8822,-85,0
8823,-84,0
8824,-84,0
8825,-83,0
8826,-81,0
8827,-78,0
8828,-77,0
8829,-76,0
8830,-74,0
8831,-73,0
8832,-74,0
8833,-72,0
8834,-66,0
8835,-65,0
8836,-66,0
8837,-68,0
8838,-69,0
8839,-69,0
8840,-68,0
8841,-66,0
8842,-68,0
8843,-66,0
8844,-61,0
8845,-55,0
8846,-51,0
8847,-49,0
8848,-46,0
8849,-42,0
8850,-37,0
8851,-33,0
8852,-25,0
8853,-19,0
8854,-15,0
8855,-9,0
8856,-4,0
8857,-2,0
8858,1,0
8859,7,0
8860,12,0
8861,15,0
8862,19,0
8863,24,0
8864,23,0
8865,26,0
8866,24,0
8867,25,0
8868,24,0
8869,20,0
8870,17,0
8871,12,0
8872,11,0
8873,6,0
8874,2,0
8875,-2,0
8876,-3,0
8877,-8,0
8878,-10,0
8879,-12,0
8880,-17,0
8881,-21,0
8882,-26,0
8883,-27,0
8884,-28,0
8885,-27,0
8886,-24,0
8887,-29,0
8888,-29,0
8889,-29,0
8890,-30,0
8891,-31,0
8892,-32,0
8893,-31,0
8894,-35,0
8895,-35,0
8896,-35,0
8897,-35,0
8898,-35,0
8899,-34,0
8900,-33,0
8901,-33,0
8902,-33,0
8903,-34,0
8904,-33,0
8905,-30,0
8906,-27,0
8907,-26,0
8908,-24,0
8909,-20,0
8910,-21,0
8911,-21,0
8912,-21,0
8913,-21,0
8914,-16,0
8915,-9,0
8916,-5,0
8917,-4,0
8918,-8,0
8919,-14,0
8920,-20,0
8921,-21,0
8922,-22,0
8923,-25,0
8924,-28,0
8925,-32,0
8926,-39,0
8927,-41,0
8928,-45,0
8929,-48,0
8930,-51,0
8931,-53,0
8932,-56,0
8933,-59,0
8934,-61,0
8935,-62,0
8936,-65,0
8937,-66,0
8938,-65,0
8939,-66,0
8940,-67,0
8941,-66,0
8942,-66,0
8943,-63,0
8944,-57,0
8945,-46,0
8946,-39,0
8947,-27,0
8948,-11,0
8949,15,0
8950,51,0
8951,111,0
8952,192,0
8953,274,0
8954,354,0
8955,391,0
8956,403,0
8957,370,0
8958,306,0
8959,229,0
8960,180,0
8961,147,0
8962,102,0
8963,52,0
8964,2,0
8965,-39,0
8966,-63,0
8967,-77,0
8968,-78,0
8969,-88,0
8970,-90,0
8971,-95,0
8972,-98,0
8973,-99,0
8974,-101,0
8975,-99,0
8976,-100,0
8977,-98,0
8978,-98,0
8979,-99,0
8980,-97,0
8981,-97,0
8982,-97,0
8983,-99,0
8984,-95,0
8985,-94,0
8986,-92,0
8987,-90,0
8988,-90,0
8989,-88,0
8990,-89,0
8991,-89,0
8992,-91,0
8993,-89,0
8994,-86,0
8995,-84,0
8996,-81,0
8997,-78,0
8998,-75,0
8999,-73,0
9000,-68,0
9001,-65,0
9002,-60,0
9003,-57,0
9004,-52,0
9005,-47,0
9006,-42,0
9007,-37,0
9008,-33,0
9009,-27,0
9010,-21,0
9011,-15,0
9012,-10,0
9013,-4,0
9014,-1,0
9015,5,0
9016,7,0
9017,10,0
9018,11,0
9019,11,0
9020,16,0
9021,12,0
9022,12,0
9023,8,0
9024,5,0
9025,2,0
9026,-3,0
9027,-6,0
9028,-10,0
9029,-13,0
9030,-16,0
9031,-20,0
9032,-24,0
9033,-29,0
9034,-32,0
9035,-34,0
9036,-34,0
9037,-36,0
9038,-37,0
9039,-38,0
9040,-41,0
9041,-44,0
9042,-44,0
9043,-40,0
9044,-42,0
9045,-38,0
9046,-37,0
9047,-37,0
9048,-37,0
9049,-39,0
9050,-36,0
9051,-39,0
9052,-38,0
9053,-39,0
9054,-39,0
9055,-41,0
9056,-42,0
9057,-40,0
9058,-38,0
9059,-33,0
9060,-29,0
9061,-26,0
9062,-24,0
9063,-23,0
9064,-24,0
9065,-24,0
9066,-25,0
9067,-23,0
9068,-18,0
9069,-13,0
9070,-14,0
9071,-20,0
9072,-23,0
9073,-26,0
9074,-26,0
9075,-28,0
9076,-30,0
9077,-28,0
9078,-28,0
9079,-27,0
9080,-32,0
9081,-36,0
9082,-44,0
9083,-50,0
9084,-54,0
9085,-52,0
9086,-54,0
9087,-58,0
9088,-59,0
9089,-63,0
9090,-65,0
9091,-67,0
9092,-69,0
9093,-70,0
9094,-68,0
9095,-62,0
9096,-62,0
9097,-55,0
9098,-45,0
9099,-32,0
9100,-18,0
9101,0,0
9102,32,0
9103,75,0
9104,147,0
9105,223,0
9106,305,0
9107,359,0
9108,394,0
9109,394,0
9110,358,0
9111,297,0
9112,232,0
9113,191,0
9114,153,0
9115,108,0
9116,58,0
9117,11,0
9118,-21,0
9119,-44,0
9120,-52,0
9121,-56,0
9122,-60,0
9123,-68,0
9124,-72,0
9125,-70,0
9126,-76,0
9127,-77,0
9128,-77,0
9129,-77,0
9130,-78,0
9131,-79,0
9132,-77,0
9133,-78,0
9134,-77,0
9135,-78,0
9136,-76,0
9137,-77,0
9138,-79,0
9139,-81,0
9140,-81,0
9141,-80,0
9142,-81,0
9143,-80,0
9144,-78,0
9145,-78,0
9146,-78,0
9147,-78,0
9148,-77,0
9149,-79,0
9150,-76,0
9151,-74,0
9152,-70,0
9153,-68,0
9154,-64,0
9155,-63,0
9156,-58,0
9157,-54,0
9158,-47,0
9159,-38,0
9160,-32,0
9161,-27,0
9162,-21,0
9163,-16,0
9164,-15,0
9165,-10,0
9166,-4,0
9167,1,0
9168,6,0
9169,10,0
9170,18,0
9171,18,0
9172,20,0
9173,19,0
9174,19,0
9175,16,0
9176,13,0
9177,15,0
9178,10,0
9179,9,0
9180,4,0
9181,0,0
9182,-3,0
9183,-6,0
9184,-7,0
9185,-12,0
9186,-13,0
9187,-17,0
9188,-20,0
9189,-26,0
9190,-29,0
9191,-32,0
9192,-27,0
9193,-26,0
9194,-28,0
9195,-27,0
9196,-28,0
9197,-32,0
9198,-33,0
9199,-33,0
9200,-29,0
9201,-31,0
9202,-29,0
9203,-27,0
9204,-27,0
9205,-29,0
9206,-31,0
9207,-31,0
9208,-33,0
9209,-33,0
9210,-31,0
9211,-24,0
9212,-20,0
9213,-19,0
9214,-20,0
9215,-19,0
9216,-19,0
9217,-20,0
9218,-16,0
9219,-11,0
9220,-8,0
9221,-4,0
9222,-4,0
9223,-10,0
9224,-16,0
9225,-20,0
9226,-22,0
9227,-23,0
9228,-24,0
9229,-23,0
9230,-28,0
9231,-29,0
9232,-32,0
9233,-36,0
9234,-42,0
9235,-47,0
9236,-51,0
9237,-57,0
9238,-60,0
9239,-64,0
9240,-69,0
9241,-73,0
9242,-75,0
9243,-75,0
9244,-75,0
9245,-76,0
9246,-80,0
9247,-80,0
9248,-76,0
9249,-70,0
9250,-60,0
9251,-46,0
9252,-28,0
9253,-14,0
9254,14,0
9255,55,0
9256,128,0
9257,207,0
9258,294,0
9259,358,0
9260,388,0
9261,389,0
9262,336,0
9263,262,0
9264,194,0
9265,151,0
9266,109,0
9267,61,0
9268,13,0
9269,-37,0
9270,-69,0
9271,-88,0
9272,-99,0
9273,-107,0
9274,-114,0
9275,-117,0
9276,-121,0
9277,-122,0
9278,-121,0
9279,-124,0
9280,-124,0
9281,-123,0
9282,-120,0
9283,-122,0
9284,-119,0
9285,-117,0
9286,-115,0
9287,-115,0
9288,-114,0
9289,-114,0
9290,-112,0
9291,-109,0
9292,-108,0
9293,-104,0
9294,-102,0
9295,-103,0
9296,-104,0
9297,-104,0
9298,-103,0
9299,-103,0
9300,-101,0
9301,-101,0
9302,-99,0
9303,-101,0
9304,-98,0
9305,-97,0
9306,-92,0
9307,-85,0
9308,-79,0
9309,-73,0
9310,-64,0
9311,-56,0
9312,-52,0
9313,-47,0
9314,-40,1
9315,-32,1
9316,-26,1
9317,-21,1
9318,-18,1
9319,-14,1
9320,-11,1
9321,-11,1
9322,-8,1
9323,-7,1
9324,-6,1
9325,-6,1
9326,-7,1
9327,-7,1
9328,-14,1
9329,-20,1
9330,-24,1
9331,-28,1
9332,-33,1
9333,-37,1
9334,-36,1
9335,-42,1
9336,-46,1
9337,-51,1
9338,-61,1
9339,-66,1
9340,-66,1
9341,-65,1
9342,-69,1
9343,-70,1
9344,-71,1
9345,-72,1
9346,-74,1
9347,-76,1
9348,-78,1
9349,-77,1
9350,-76,1
9351,-77,1
9352,-77,1
9353,-77,1
9354,-79,1
9355,-78,1
9356,-77,1
9357,-77,1
9358,-79,1
9359,-79,1
9360,-77,1
9361,-74,1
9362,-70,1
9363,-65,1
9364,-60,1
9365,-57,1
9366,-55,1
9367,-55,1
9368,-53,1
9369,-52,1
9370,-48,1
9371,-42,1
9372,-37,1
9373,-36,1
9374,-38,1
9375,-43,1
9376,-46,1
9377,-48,1
9378,-50,1
9379,-49,1
9380,-54,1
9381,-57,1
9382,-59,1
9383,-62,1
9384,-64,1
9385,-65,1
9386,-63,1
9387,-66,1
9388,-59,1
9389,-48,1
9390,-31,1
9391,-11,1
9392,9,1
9393,33,1
9394,52,1
9395,75,1
9396,95,1
9397,124,1
9398,146,1
9399,171,1
9400,183,1
9401,194,1
9402,203,1
9403,213,1
9404,236,1
9405,254,1
9406,274,1
9407,273,1
9408,267,1
9409,251,1
9410,220,1
9411,197,1
9412,164,1
9413,128,1
9414,79,1
9415,39,1
9416,12,1
9417,-20,1
9418,-53,1
9419,-94,1
9420,-126,1
9421,-153,1
9422,-174,1
9423,-180,1
9424,-187,1
9425,-191,1
9426,-200,1
9427,-203,1
9428,-205,1
9429,-207,1
9430,-205,1
9431,-206,1
9432,-202,1
9433,-204,1
9434,-200,1
9435,-196,1
9436,-196,1
9437,-193,1
9438,-192,1
9439,-191,1
9440,-190,1
9441,-188,1
9442,-189,1
9443,-188,1
9444,-191,1
9445,-192,1
9446,-189,1
9447,-187,1
9448,-181,1
9449,-180,1
9450,-176,1
9451,-173,1
9452,-170,1
9453,-165,1
9454,-155,1
9455,-145,1
9456,-139,1
9457,-129,1
9458,-121,1
9459,-113,1
9460,-108,1
9461,-101,1
9462,-99,1
9463,-91,1
9464,-82,1
9465,-76,1
9466,-70,1
9467,-66,1
9468,-57,1
9469,-57,1
9470,-55,1
9471,-53,1
9472,-52,1
9473,-52,1
9474,-53,1
9475,-57,1
9476,-61,1
9477,-64,1
9478,-69,1
9479,-75,1
9480,-78,1
9481,-83,1
9482,-89,1
9483,-93,1
9484,-92,1
9485,-98,1
9486,-97,1
9487,-98,1
9488,-99,1
9489,-98,1
9490,-97,1
9491,-94,1
9492,-101,1
9493,-103,1
9494,-104,1
9495,-103,1
9496,-102,1
9497,-102,1
9498,-99,1
9499,-101,1
9500,-100,1
9501,-102,1
9502,-102,1
9503,-100,1
9504,-102,1
9505,-101,1
9506,-102,1
9507,-101,1
9508,-103,1
9509,-103,1
9510,-102,1
9511,-102,1
9512,-100,1
9513,-96,1
9514,-90,1
9515,-84,1
9516,-82,1
9517,-80,1
9518,-82,1
9519,-81,1
9520,-77,1
9521,-74,1
9522,-70,1
9523,-65,1
9524,-63,1
9525,-64,1
9526,-69,1
9527,-75,1
9528,-80,1
9529,-81,1
9530,-83,1
9531,-83,1
9532,-84,1
9533,-85,1
9534,-91,1
9535,-93,1
9536,-95,1
9537,-100,1
9538,-102,1
9539,-104,1
9540,-108,1
9541,-110,1
9542,-114,1
9543,-113,1
9544,-121,1
9545,-123,1
9546,-123,1
9547,-125,1
9548,-125,1
9549,-125,1
9550,-121,1
9551,-119,1
9552,-114,1
9553,-104,1
9554,-93,1
9555,-79,1
9556,-59,1
9557,-29,1
9558,28,1
9559,103,0
9560,191,0
9561,272,0
9562,326,0
9563,359,0
9564,344,0
9565,305,0
9566,232,0
9567,161,0
9568,115,0
9569,67,0
9570,20,0
9571,-35,0
9572,-82,0
9573,-116,0
9574,-140,0
9575,-151,0
9576,-160,0
9577,-164,0
9578,-164,0
9579,-164,0
9580,-164,0
9581,-167,0
9582,-166,0
9583,-166,0
9584,-166,0
9585,-168,0
9586,-169,0
9587,-167,0
9588,-167,0
9589,-167,0
9590,-166,0
9591,-159,0
9592,-158,0
9593,-159,0
9594,-159,0
9595,-155,0
9596,-154,0
9597,-153,0
9598,-152,0
9599,-151,0
9600,-147,0
9601,-144,0
9602,-143,0
9603,-142,0
9604,-136,0
9605,-132,0
9606,-129,0
9607,-124,0
9608,-119,0
9609,-113,0
9610,-106,0
9611,-99,0
9612,-93,0
9613,-85,0
9614,-80,0
9615,-73,0
9616,-66,0
9617,-60,0
9618,-49,0
9619,-45,0
9620,-38,0
9621,-32,0
9622,-25,0
9623,-19,0
9624,-15,0
9625,-10,0
9626,-12,0
9627,-15,0
9628,-16,0
9629,-17,0
9630,-18,0
9631,-20,0
9632,-22,0
9633,-25,0
9634,-30,0
9635,-38,0
9636,-45,0
9637,-48,0
9638,-53,0
9639,-57,0
9640,-61,0
9641,-62,0
9642,-68,0
9643,-69,0
9644,-71,0
9645,-73,0
9646,-70,0
9647,-71,0
9648,-67,0
9649,-68,0
9650,-68,0
9651,-71,0
9652,-70,0
9653,-69,0
9654,-67,0
9655,-68,0
9656,-69,0
9657,-70,0
9658,-73,0
9659,-73,0
9660,-74,0
9661,-73,0
9662,-72,0
9663,-72,0
9664,-73,0
9665,-72,0
9666,-69,0
9667,-64,0
9668,-63,0
9669,-61,0
9670,-58,0
9671,-58,0
9672,-58,0
9673,-57,0
9674,-54,0
9675,-49,0
9676,-44,0
9677,-39,0
9678,-43,0
9679,-47,0
9680,-52,0
9681,-56,0
9682,-57,0
9683,-58,0
9684,-60,0
9685,-60,0
9686,-61,0
9687,-67,0
9688,-69,0
9689,-73,0
9690,-80,0
9691,-87,0
9692,-92,0
9693,-95,0
9694,-103,0
9695,-108,0
9696,-110,0
9697,-112,0
9698,-114,0
9699,-116,0
9700,-112,0
9701,-115,0
9702,-112,0
9703,-109,0
9704,-103,0
9705,-95,0
9706,-87,0
9707,-74,0
9708,-59,0
9709,-35,0
9710,6,0
9711,70,0
9712,158,0
9713,251,0
9714,331,0
9715,395,0
9716,417,0
9717,407,0
9718,346,0
9719,255,0
9720,189,0
9721,137,0
9722,100,0
9723,48,0
9724,0,0
9725,-48,0
9726,-83,0
9727,-103,0
9728,-112,0
9729,-117,0
9730,-124,0
9731,-129,0
9732,-131,0
9733,-137,0
9734,-140,0
9735,-142,0
9736,-143,0
9737,-144,0
9738,-143,0
9739,-142,0
9740,-141,0
9741,-138,0
9742,-138,0
9743,-137,0
9744,-135,0
9745,-129,0
9746,-125,0
9747,-123,0
9748,-121,0
9749,-122,0
9750,-122,0
9751,-123,0
9752,-120,0
9753,-122,0
9754,-121,0
9755,-117,0
9756,-113,0
9757,-111,0
9758,-108,0
9759,-104,0
9760,-101,0
9761,-96,0
9762,-93,0
9763,-88,0
9764,-82,0
9765,-78,0
9766,-71,0
9767,-67,0
9768,-61,0
9769,-58,0
9770,-52,0
9771,-44,0
9772,-38,0
9773,-32,0
9774,-25,0
9775,-18,0
9776,-16,0
9777,-12,0
9778,-10,0
9779,-8,0
9780,-5,0
9781,-3,0
9782,-3,0
9783,-8,0
9784,-11,0
9785,-18,0
9786,-20,0
9787,-24,0
9788,-28,0
9789,-32,0
9790,-38,0
9791,-43,0
9792,-48,0
9793,-50,0
9794,-55,0
9795,-57,0
9796,-59,0
9797,-59,0
9798,-60,0
9799,-60,0
9800,-62,0
9801,-63,0
9802,-64,0
9803,-63,0
9804,-63,0
9805,-64,0
9806,-64,0
9807,-63,0
9808,-64,0
9809,-63,0
9810,-66,0
9811,-67,0
9812,-71,0
9813,-70,0
9814,-70,0
9815,-71,0
9816,-71,0
9817,-72,0
9818,-71,0
9819,-69,0
9820,-61,0
9821,-60,0
9822,-57,0
9823,-56,0
9824,-56,0
9825,-59,0
9826,-57,0
9827,-51,0
9828,-50,0
9829,-44,0
9830,-41,0
9831,-41,0
9832,-47,0
9833,-53,0
9834,-55,0
9835,-59,0
9836,-59,0
9837,-61,0
9838,-64,0
9839,-65,0
9840,-66,0
9841,-70,0
9842,-76,0
9843,-83,0
9844,-88,0
9845,-89,0
9846,-90,0
9847,-92,0
9848,-93,0
9849,-96,0
9850,-96,0
9851,-103,0
9852,-106,0
9853,-109,0
9854,-110,0
9855,-112,0
9856,-110,0
9857,-104,0
9858,-100,0
9859,-97,0
9860,-93,0
9861,-84,0
9862,-65,0
9863,-37,0
9864,16,0
9865,91,0
9866,179,0
9867,268,0
9868,335,0
9869,378,0
9870,394,0
9871,358,0
9872,290,0
9873,198,0
9874,136,0
9875,90,0
9876,50,0
9877,4,0
9878,-43,0
9879,-79,0
9880,-107,0
9881,-121,0
9882,-125,0
9883,-130,0
9884,-135,0
9885,-140,0
9886,-140,0
9887,-144,0
9888,-146,0
9889,-148,0
9890,-149,0
9891,-151,0
9892,-152,0
9893,-153,0
9894,-154,0
9895,-154,0
9896,-153,0
9897,-150,0
9898,-148,0
9899,-145,0
9900,-144,0
9901,-146,0
9902,-145,0
9903,-148,0
9904,-149,0
9905,-149,0
9906,-149,0
9907,-146,0
9908,-146,0
9909,-142,0
9910,-144,0
9911,-141,0
9912,-136,0
9913,-134,0
9914,-127,0
9915,-123,0
9916,-115,0
9917,-109,0
9918,-105,0
9919,-100,0
9920,-93,0
9921,-85,0
9922,-79,0
9923,-74,0
9924,-66,0
9925,-58,0
9926,-56,0
9927,-54,0
9928,-51,0
9929,-48,0
9930,-42,0
9931,-38,0
9932,-34,0
9933,-36,0
9934,-36,0
9935,-38,0
9936,-39,0
9937,-41,0
9938,-45,0
9939,-50,0
9940,-56,0
9941,-59,0
9942,-64,0
9943,-69,0
9944,-73,0
9945,-76,0
9946,-78,0
9947,-82,0
9948,-86,0
9949,-89,0
9950,-91,0
9951,-95,0
9952,-98,0
9953,-98,0
9954,-101,0
9955,-101,0
9956,-103,0
9957,-102,0
9958,-102,0
9959,-102,0
9960,-101,0
9961,-96,0
9962,-98,0
9963,-97,0
9964,-97,0
9965,-97,0
9966,-97,0
9967,-96,0
9968,-96,0
9969,-95,0
9970,-93,0
9971,-92,0
9972,-90,0
9973,-86,0
9974,-83,0
9975,-82,0
9976,-81,0
9977,-79,0
9978,-82,0
9979,-82,0
9980,-80,0
9981,-74,0
9982,-69,0
9983,-67,0
9984,-64,0
9985,-74,0
9986,-83,0
9987,-88,0
9988,-90,0
9989,-89,0
9990,-88,0
9991,-84,0
9992,-86,0
9993,-89,0
9994,-93,0
9995,-98,0
9996,-101,0
9997,-104,0
9998,-107,0
9999,-108,0
10000,-111,0
10001,-118,0
10002,-120,0
10003,-119,0
10004,-121,0
10005,-121,0
10006,-123,0
10007,-121,0
10008,-123,0
10009,-122,0
10010,-121,0
10011,-118,0
10012,-111,0
10013,-104,0
10014,-92,0
10015,-80,0
10016,-53,0
10017,-10,0
10018,60,0
10019,152,0
10020,248,0
10021,330,0
10022,390,0
10023,407,0
10024,386,0
10025,297,0
10026,204,0
10027,134,0
10028,87,0
10029,44,0
10030,-5,0
10031,-50,0
10032,-89,0
10033,-117,0
10034,-133,0
10035,-141,0
10036,-144,0
10037,-151,0
10038,-154,0
10039,-156,0
10040,-159,0
10041,-160,0
10042,-162,0
10043,-161,0
10044,-163,0
10045,-165,0
10046,-165,0
10047,-166,0
10048,-164,0
10049,-164,0
10050,-162,0
10051,-164,0
10052,-165,0
10053,-165,0
10054,-164,0
10055,-161,0
10056,-160,0
10057,-158,0
10058,-158,0
10059,-155,0
10060,-156,0
10061,-155,0
10062,-150,0
10063,-145,0
10064,-140,0
10065,-137,0
10066,-131,0
10067,-130,0
10068,-127,0
10069,-121,0
10070,-116,0
10071,-106,0
10072,-100,0
10073,-93,0
10074,-87,0
10075,-80,0
10076,-76,0
10077,-69,0
10078,-62,0
10079,-57,0
10080,-48,0
10081,-41,0
10082,-36,0
10083,-33,0
10084,-32,0
10085,-32,0
10086,-32,0
10087,-30,0
10088,-29,0
10089,-31,0
10090,-35,0
10091,-38,0
10092,-42,0
10093,-45,0
10094,-49,0
10095,-49,0
10096,-53,0
10097,-54,0
10098,-59,0
10099,-63,0
10100,-67,0
10101,-69,0
10102,-71,0
10103,-72,0
10104,-72,0
10105,-75,0
10106,-75,0
10107,-77,0
10108,-79,0
10109,-81,0
10110,-82,0
10111,-80,0
10112,-81,0
10113,-80,0
10114,-80,0
10115,-80,0
10116,-81,0
10117,-79,0
10118,-77,0
10119,-81,0
10120,-81,0
10121,-78,0
10122,-76,0
10123,-73,0
10124,-71,0
10125,-68,0
10126,-64,0
10127,-59,0
10128,-58,0
10129,-54,0
10130,-53,0
10131,-52,0
10132,-51,0
10133,-48,0
10134,-42,0
10135,-41,0
10136,-40,0
10137,-43,0
10138,-49,0
10139,-52,0
10140,-53,0
10141,-48,0
10142,-52,0
10143,-53,0
10144,-57,0
10145,-62,0
10146,-67,0
10147,-70,0
10148,-72,0
10149,-79,0
10150,-84,0
10151,-92,0
10152,-95,0
10153,-97,0
10154,-100,0
10155,-102,0
10156,-105,0
10157,-105,0
10158,-106,0
10159,-104,0
10160,-101,0
10161,-101,0
10162,-97,0
10163,-90,0
10164,-81,0
10165,-73,0
10166,-58,0
10167,-37,0
10168,1,0
10169,60,0
10170,150,0
10171,237,0
10172,317,0
10173,365,0
10174,385,0
10175,353,0
10176,282,0
10177,197,0
10178,138,0
10179,102,0
10180,58,0
10181,9,0
10182,-42,0
10183,-83,0
10184,-111,0
10185,-123,0
10186,-133,0
10187,-143,0
10188,-149,0
10189,-150,0
10190,-154,0
10191,-156,0
10192,-159,0
10193,-153,0
10194,-151,0
10195,-151,0
10196,-149,0
10197,-151,0
10198,-151,0
10199,-150,0
10200,-146,0
10201,-146,0
10202,-145,0
10203,-142,0
10204,-142,0
10205,-141,0
10206,-143,0
10207,-140,0
10208,-140,0
10209,-138,0
10210,-137,0
10211,-136,0
10212,-132,0
10213,-130,0
10214,-126,0
10215,-124,0
10216,-118,0
10217,-115,0
10218,-111,0
10219,-105,0
10220,-100,0
10221,-92,0
10222,-87,0
10223,-81,0
10224,-80,0
10225,-72,0
10226,-65,0
10227,-56,0
10228,-51,0
10229,-45,0
10230,-37,0
10231,-31,0
10232,-27,0
10233,-27,0
10234,-24,0
10235,-22,0
10236,-22,0
10237,-22,0
10238,-22,0
10239,-23,0
10240,-26,0
10241,-29,0
10242,-31,0
10243,-34,0
10244,-39,0
10245,-41,0
10246,-49,0
10247,-53,0
10248,-56,0
10249,-61,0
10250,-65,0
10251,-66,0
10252,-64,0
10253,-67,0
10254,-70,0
10255,-73,0
10256,-76,0
10257,-78,0
10258,-80,0
10259,-80,0
10260,-80,0
10261,-78,0
10262,-79,0
10263,-78,0
10264,-76,0
10265,-78,0
10266,-80,0
10267,-80,0
10268,-76,0
10269,-77,0
10270,-77,0
10271,-77,0
10272,-79,0
10273,-78,0
10274,-77,0
10275,-69,0
10276,-66,0
10277,-59,0
10278,-54,0
10279,-53,0
10280,-52,0
10281,-53,0
10282,-54,0
10283,-54,0
10284,-49,0
10285,-43,0
10286,-39,0
10287,-43,0
10288,-48,0
10289,-57,0
10290,-59,0
10291,-59,0
10292,-61,0
10293,-61,0
10294,-65,0
10295,-69,0
10296,-72,0
10297,-75,0
10298,-78,0
10299,-86,0
10300,-92,0
10301,-99,0
10302,-104,0
10303,-105,0
10304,-103,0
10305,-104,0
10306,-105,0
10307,-105,0
10308,-106,0
10309,-105,0
10310,-105,0
10311,-104,0
10312,-100,0
10313,-95,0
10314,-88,0
10315,-80,0
10316,-68,0
10317,-54,0
10318,-29,0
10319,11,0
10320,81,0
10321,161,0
10322,245,0
10323,312,0
10324,357,0
10325,368,0
10326,341,0
10327,274,0
10328,195,0
10329,142,0
10330,101,0
10331,60,0
10332,7,0
10333,-45,0
10334,-87,0
10335,-110,0
10336,-122,0
10337,-130,0
10338,-137,0
10339,-143,0
10340,-147,0
10341,-151,0
10342,-155,0
10343,-155,0
10344,-155,0
10345,-155,0
10346,-156,0
10347,-158,0
10348,-156,0
10349,-162,0
10350,-162,0
10351,-165,0
10352,-160,0
10353,-156,0
10354,-156,0
10355,-155,0
10356,-157,0
10357,-152,0
10358,-150,0
10359,-148,0
10360,-147,0
10361,-147,0
10362,-142,0
10363,-143,0
10364,-141,0
10365,-141,0
10366,-138,0
10367,-137,0
10368,-131,0
10369,-123,0
10370,-119,0
10371,-114,0
10372,-109,0
10373,-101,0
10374,-97,0
10375,-89,0
10376,-80,0
10377,-72,0
10378,-65,0
10379,-55,0
10380,-49,0
10381,-46,0
10382,-40,0
10383,-35,0
10384,-29,0
10385,-26,0
10386,-23,0
10387,-21,0
10388,-20,0
10389,-21,0
10390,-24,0
10391,-27,0
10392,-32,0
10393,-36,0
10394,-40,0
10395,-43,0
10396,-48,0
10397,-51,0
10398,-57,0
10399,-62,0
10400,-66,0
10401,-67,0
10402,-65,0
10403,-73,0
10404,-78,0
10405,-82,0
10406,-84,0
10407,-88,0
10408,-89,0
10409,-88,0
10410,-92,0
10411,-92,0
10412,-93,0
10413,-93,0
10414,-93,0
10415,-95,0
10416,-94,0
10417,-93,0
10418,-90,0
10419,-91,0
10420,-90,0
10421,-89,0
10422,-90,0
10423,-90,0
10424,-90,0
10425,-84,0
10426,-81,0
10427,-75,0
10428,-68,0
10429,-65,0
10430,-65,0
10431,-67,0
10432,-67,0
10433,-72,0
10434,-67,0
10435,-58,0
10436,-51,0
10437,-52,0
10438,-57,0
10439,-61,0
10440,-64,0
10441,-64,0
10442,-66,0
10443,-69,0
10444,-72,0
10445,-78,0
10446,-83,0
10447,-89,0
10448,-94,0
10449,-100,0
10450,-102,0
10451,-104,0
10452,-110,0
10453,-113,0
10454,-115,0
10455,-120,0
10456,-125,0
10457,-127,0
10458,-124,0
10459,-121,0
10460,-118,0
10461,-114,0
10462,-115,0
10463,-114,0
10464,-107,0
10465,-99,0
10466,-86,0
10467,-74,0
10468,-56,0
10469,-30,0
10470,21,0
10471,90,0
10472,180,0
10473,267,0
10474,336,0
10475,372,0
10476,374,0
10477,339,0
10478,262,0
10479,185,0
10480,131,0
10481,86,0
10482,35,0
10483,-19,0
10484,-66,0
10485,-107,0
10486,-129,0
10487,-141,0
10488,-149,0
10489,-155,0
10490,-157,0
10491,-159,0
10492,-161,0
10493,-164,0
10494,-164,0
10495,-165,0
10496,-162,0
10497,-164,0
10498,-161,0
10499,-160,0
10500,-157,0
10501,-157,0
10502,-157,0
10503,-155,0
10504,-159,0
10505,-160,0
10506,-160,0
10507,-154,0
10508,-154,0
10509,-151,0
10510,-148,0
10511,-148,0
10512,-147,0
10513,-146,0
10514,-141,0
10515,-138,0
10516,-133,0
10517,-131,0
10518,-127,0
10519,-124,0
10520,-122,0
10521,-117,0
10522,-115,0
10523,-109,0
10524,-104,0
10525,-95,0
10526,-87,0
10527,-79,0
10528,-71,0
10529,-64,0
10530,-62,0
10531,-58,0
10532,-53,0
10533,-46,0
10534,-43,0
10535,-38,0
10536,-31,0
10537,-31,0
10538,-29,0
10539,-27,0
10540,-27,0
10541,-28,0
10542,-32,0
10543,-35,0
10544,-40,0
10545,-40,0
10546,-44,0
10547,-47,0
10548,-51,0
10549,-54,0
10550,-60,0
10551,-64,0
10552,-66,0
10553,-71,0
10554,-76,0
10555,-78,0
10556,-80,0
10557,-82,0
10558,-84,0
10559,-83,0
10560,-87,0
10561,-85,0
10562,-86,0
10563,-88,0
10564,-89,0
10565,-88,0
10566,-85,0
10567,-85,0
10568,-84,0
10569,-85,0
10570,-85,0
10571,-85,0
10572,-84,0
10573,-84,0
10574,-82,0
10575,-81,0
10576,-82,0
10577,-80,0
10578,-76,0
10579,-71,0
10580,-65,0
10581,-61,0
10582,-57,0
10583,-57,0
10584,-60,0
10585,-60,0
10586,-57,0
10587,-52,0
10588,-44,0
10589,-37,0
10590,-37,0
10591,-38,0
10592,-42,0
10593,-46,0
10594,-49,0
10595,-49,0
10596,-53,0
10597,-58,0
10598,-61,0
10599,-61,0
10600,-61,0
10601,-64,0
10602,-70,0
10603,-78,0
10604,-85,0
10605,-91,0
10606,-94,0
10607,-96,0
10608,-98,0
10609,-100,0
10610,-99,0
10611,-96,0
10612,-99,0
10613,-101,0
10614,-100,0
10615,-98,0
10616,-94,0
10617,-84,0
10618,-68,0
10619,-57,0
10620,-39,0
10621,-21,0
10622,15,0
10623,70,0
10624,155,0
10625,249,0
10626,338,0
10627,409,0
10628,428,0
10629,418,0
10630,358,0
10631,275,0
10632,204,0
10633,159,0
10634,121,0
10635,61,0
10636,2,0
10637,-49,0
10638,-85,0
10639,-102,0
10640,-111,0
10641,-112,0
10642,-120,0
10643,-124,0
10644,-124,0
10645,-128,0
10646,-130,0
10647,-135,0
10648,-133,0
10649,-135,0
10650,-133,0
10651,-133,0
10652,-130,0
10653,-129,0
10654,-132,0
10655,-131,0
10656,-128,0
10657,-124,0
10658,-125,0
10659,-121,0
10660,-116,0
10661,-116,0
10662,-112,0
10663,-109,0
10664,-106,0
10665,-105,0
10666,-100,0
10667,-94,0
10668,-90,0
10669,-86,0
10670,-82,0
10671,-78,0
10672,-76,0
10673,-70,0
10674,-64,0
10675,-56,0
10676,-50,0
10677,-44,0
10678,-38,0
10679,-30,0
10680,-26,0
10681,-21,0
10682,-19,0
10683,-9,0
10684,-4,0
10685,1,0
10686,7,0
10687,6,0
10688,9,0
10689,14,0
10690,15,0
10691,16,0
10692,19,0
10693,24,0
10694,19,0
10695,14,0
10696,8,0
10697,7,0
10698,5,0
10699,1,0
10700,-2,0
10701,-5,0
10702,-7,0
10703,-12,0
10704,-16,0
10705,-21,0
10706,-23,0
10707,-25,0
10708,-27,0
10709,-25,0
10710,-28,0
10711,-30,0
10712,-35,0
10713,-37,0
10714,-35,0
10715,-36,0
10716,-31,0
10717,-33,0
10718,-32,0
10719,-31,0
10720,-33,0
10721,-32,0
10722,-31,0
10723,-29,0
10724,-30,0
10725,-31,0
10726,-31,0
10727,-31,0
10728,-31,0
10729,-32,0
10730,-29,0
10731,-24,0
10732,-18,0
10733,-13,0
10734,-7,0
10735,-5,0
10736,-6,0
10737,-9,0
10738,-8,0
10739,-5,0
10740,3,0
10741,12,0
10742,17,0
10743,16,0
10744,8,0
10745,6,0
10746,0,0
10747,0,0
10748,2,0
10749,-1,0
10750,-2,0
10751,-6,0
10752,-13,0
10753,-22,0
10754,-26,0
10755,-31,0
10756,-35,0
10757,-39,0
10758,-40,0
10759,-41,0
10760,-44,0
10761,-48,0
10762,-53,0
10763,-54,0
10764,-55,0
10765,-56,0
10766,-56,0
10767,-55,0
10768,-50,0
10769,-48,0
10770,-40,0
10771,-29,0
10772,-13,0
10773,3,0
10774,26,0
10775,60,0
10776,123,0
10777,210,0
10778,299,0
10779,387,0
10780,434,0
10781,467,0
10782,451,0
10783,400,0
10784,325,0
10785,255,0
10786,214,0
10787,164,0
10788,112,0
10789,51,0
10790,-1,0
10791,-34,0
10792,-58,0
10793,-64,0
10794,-69,0
10795,-76,0
10796,-80,0
10797,-83,0
10798,-80,0
10799,-81,0
10800,-80,0
10801,-80,0
10802,-77,0
10803,-75,0
10804,-79,0
10805,-77,0
10806,-73,0
10807,-71,0
10808,-69,0
10809,-66,0
10810,-65,0
10811,-65,0
10812,-67,0
10813,-64,0
10814,-64,0
10815,-61,0
10816,-57,0
10817,-56,0
10818,-58,0
10819,-58,0
10820,-55,0
10821,-54,0
10822,-51,0
10823,-49,0
10824,-48,0
10825,-42,0
10826,-37,0
10827,-29,0
10828,-28,0
10829,-24,0
10830,-19,0
10831,-12,0
10832,-3,0
10833,4,0
10834,10,0
10835,18,0
10836,25,0
10837,25,0
10838,30,0
10839,34,0
10840,39,0
10841,44,0
10842,49,0
10843,57,0
10844,55,0
10845,57,0
10846,52,0
10847,52,0
10848,48,0
10849,47,0
10850,44,0
10851,38,0
10852,34,0
10853,29,0
10854,22,0
10855,14,0
10856,13,0
10857,12,0
10858,12,0
10859,12,0
10860,10,0
10861,6,0
10862,2,0
10863,4,0
10864,1,0
10865,1,0
10866,2,0
10867,1,0
10868,2,0
10869,0,0
10870,-2,0
10871,-4,0
10872,-2,0
10873,1,0
10874,1,0
10875,1,0
10876,1,0
10877,1,0
10878,1,0
10879,2,0
10880,2,0
10881,3,0
10882,5,0
10883,9,0
10884,13,0
10885,19,0
10886,21,0
10887,21,0
10888,24,0
10889,22,0
10890,22,0
10891,25,0
10892,30,0
10893,34,0
10894,38,0
10895,41,0
10896,34,0
10897,28,0
10898,24,0
10899,27,0
10900,28,0
10901,26,0
10902,25,0
10903,17,0
10904,16,0
10905,12,0
10906,10,0
10907,6,0
10908,3,0
10909,-1,0
10910,-5,0
10911,-8,0
10912,-12,0
10913,-12,0
10914,-13,0
10915,-14,0
10916,-14,0
10917,-13,0
10918,-10,0
10919,-13,0
10920,-10,0
10921,-7,0
10922,-2,0
10923,6,0
10924,18,0
10925,36,0
10926,52,0
10927,79,0
10928,130,0
10929,211,0
10930,297,0
10931,393,0
10932,449,0
10933,480,0
10934,472,0
10935,416,0
10936,343,0
10937,268,0
10938,223,0
10939,175,0
10940,125,0
10941,72,0
10942,23,0
10943,-8,0
10944,-29,0
10945,-42,0
10946,-47,0
10947,-52,0
10948,-56,0
10949,-58,0
10950,-62,0
10951,-67,0
10952,-70,0
10953,-70,0
10954,-65,0
10955,-61,0
10956,-60,0
10957,-58,0
10958,-57,0
10959,-57,0
10960,-59,0
10961,-58,0
10962,-57,0
10963,-56,0
10964,-52,0
10965,-49,0
10966,-46,0
10967,-44,0
10968,-44,0
10969,-44,0
10970,-42,0
10971,-42,0
10972,-41,0
10973,-38,0
10974,-33,0
10975,-29,0
10976,-26,0
10977,-19,0
10978,-20,0
10979,-17,0
10980,-15,0
10981,-9,0
10982,-5,0
10983,0,0
10984,8,0
10985,11,0
10986,19,0
10987,23,0
10988,28,0
10989,33,0
10990,41,0
10991,46,0
10992,54,0
10993,60,0
10994,59,0
10995,62,0
10996,62,0
10997,65,0
10998,64,0
10999,64,0
11000,63,0
11001,58,0
11002,55,0
11003,52,0
11004,50,0
11005,47,0
11006,44,0
11007,43,0
11008,39,0
11009,36,0
11010,33,0
11011,32,0
11012,29,0
11013,27,0
11014,24,0
11015,24,0
11016,23,0
11017,22,0
11018,23,0
11019,19,0
11020,18,0
11021,17,0
11022,20,0
11023,20,0
11024,21,0
11025,23,0
11026,24,0
11027,22,0
11028,19,0
11029,20,0
11030,20,0
11031,19,0
11032,18,0
11033,19,0
11034,19,0
11035,19,0
11036,24,0
11037,27,0
11038,34,0
11039,34,0
11040,36,0
11041,36,0
11042,39,0
11043,39,0
11044,41,0
11045,47,0
11046,52,0
11047,55,0
11048,51,0
11049,46,0
11050,38,0
11051,34,0
11052,35,0
11053,29,0
11054,30,0
11055,28,0
11056,28,0
11057,27,0
11058,23,0
11059,21,0
11060,12,0
11061,8,0
11062,4,0
11063,2,0
11064,2,0
11065,0,0
11066,-1,0
11067,-3,0
11068,-4,0
11069,-8,0
11070,-8,0
11071,-8,0
11072,-5,0
11073,-2,0
11074,5,0
11075,15,0
11076,25,0
11077,38,0
11078,48,0
11079,67,0
11080,98,0
11081,155,0
11082,232,0
11083,324,0
11084,404,0
11085,463,0
11086,494,0
11087,486,0
11088,455,0
11089,375,0
11090,312,0
11091,260,0
11092,216,0
11093,164,0
11094,106,0
11095,60,0
11096,19,0
11097,-2,0
11098,-15,0
11099,-23,0
11100,-30,0
11101,-36,0
11102,-40,0
11103,-42,0
11104,-41,0
11105,-42,0
11106,-39,0
11107,-34,0
11108,-33,0
11109,-37,0
11110,-39,0
11111,-32,0
11112,-32,0
11113,-31,0
11114,-30,0
11115,-30,0
11116,-30,0
11117,-30,0
11118,-32,0
11119,-33,0
11120,-29,0
11121,-27,0
11122,-23,0
11123,-19,0
11124,-13,0
11125,-9,0
11126,-7,0
11127,-3,0
11128,-4,0
11129,1,0
11130,4,0
11131,11,0
11132,16,0
11133,22,0
11134,30,0
11135,32,0
11136,39,0
11137,44,0
11138,52,0
11139,58,0
11140,67,0
11141,74,0
11142,79,0
11143,86,0
11144,92,0
11145,99,0
11146,101,0
11147,108,0
11148,110,0
11149,115,0
11150,116,0
11151,115,0
11152,115,0
11153,112,0
11154,111,0
11155,106,0
11156,103,0
11157,98,0
11158,95,0
11159,90,0
11160,86,0
11161,82,0
11162,78,0
11163,79,0
11164,75,0
11165,71,0
11166,67,0
11167,64,0
11168,60,0
11169,59,0
11170,60,0
11171,60,0
11172,63,0
11173,62,0
11174,64,0
11175,65,0
11176,66,0
11177,62,0
11178,59,0
11179,60,0
11180,55,0
11181,55,0
11182,56,0
11183,61,0
11184,62,0
11185,60,0
11186,63,0
11187,57,0
11188,63,0
11189,64,0
11190,67,0
11191,70,0
11192,74,0
11193,79,0
11194,78,0
11195,83,0
11196,82,0
11197,83,0
11198,83,0
11199,88,0
11200,90,0
11201,94,0
11202,96,0
11203,87,0
11204,81,0
11205,79,0
11206,82,0
11207,79,0
11208,80,0
11209,81,0
11210,77,0
11211,76,0
11212,72,0
11213,68,0
11214,65,0
11215,64,0
11216,63,0
11217,57,0
11218,52,0
11219,51,0
11220,52,0
11221,50,0
11222,49,0
11223,47,0
11224,49,0
11225,49,0
11226,48,0
11227,50,0
11228,55,0
11229,63,0
11230,71,0
11231,86,0
11232,104,0
11233,131,0
11234,176,0
11235,248,0
11236,338,0
11237,430,0
11238,510,0
11239,554,0
11240,577,0
11241,547,0
11242,483,0
11243,396,0
11244,329,0
11245,286,0
11246,235,0
11247,187,0
11248,129,0
11249,89,0
11250,58,0
11251,48,0
11252,41,0
11253,36,0
11254,33,0
11255,28,0
11256,25,0
11257,22,0
11258,22,0
11259,23,0
11260,22,0
11261,20,0
11262,16,0
11263,16,0
11264,15,0
11265,17,0
11266,17,0
11267,18,0
11268,23,0
11269,20,0
11270,23,0
11271,22,0
11272,26,0
11273,30,0
11274,33,0
11275,33,0
11276,32,0
11277,35,0
11278,38,0
11279,44,0
11280,47,0
11281,54,0
11282,55,0
11283,59,0
11284,62,0
11285,63,0
11286,67,0
11287,72,0
11288,80,0
11289,88,0
11290,97,0
11291,104,0
11292,108,0
11293,114,0
11294,119,0
11295,126,0
11296,128,0
11297,138,0
11298,142,0
11299,149,0
11300,153,0
11301,155,0
11302,157,0
11303,156,0
11304,160,0
11305,155,0
11306,158,0
11307,154,0
11308,152,0
11309,148,0
11310,142,0
11311,138,0
11312,132,0
11313,131,0
11314,124,0
11315,120,0
11316,117,0
11317,115,0
11318,112,0
11319,105,0
11320,105,0
11321,101,0
11322,102,0
11323,98,0
11324,98,0
11325,96,0
11326,96,0
11327,92,0
11328,88,0
11329,90,0
11330,87,0
11331,92,0
11332,94,0
11333,94,0
11334,91,0
11335,89,0
11336,92,0
11337,87,0
11338,90,0
11339,86,0
11340,88,0
11341,86,0
11342,87,0
11343,94,0
11344,90,0
11345,95,0
11346,94,0
11347,100,0
11348,104,0
11349,111,0
11350,115,0
11351,115,0
11352,116,0
11353,114,0
11354,119,0
11355,120,0
11356,124,0
11357,118,0
11358,117,0
11359,113,0
11360,103,0
11361,102,0
11362,100,0
11363,102,0
11364,102,0
11365,106,0
11366,106,0
11367,100,0
11368,97,0
11369,92,0
11370,88,0
11371,83,0
11372,82,0
11373,78,0
11374,75,0
11375,72,0
11376,68,0
11377,68,0
11378,68,0
11379,72,0
11380,72,0
11381,78,0
11382,81,0
11383,92,0
11384,99,0
11385,108,0
11386,125,0
11387,154,0
11388,209,0
11389,292,0
11390,391,0
11391,486,0
11392,555,0
11393,595,0
11394,595,0
11395,550,0
11396,456,0
11397,377,0
11398,313,0
11399,272,0
11400,222,0
11401,171,0
11402,122,0
11403,84,0
11404,66,0
11405,58,0
11406,54,0
11407,48,0
11408,44,0
11409,40,0
11410,40,0
11411,44,0
11412,43,0
11413,43,0
11414,40,0
11415,42,0
11416,40,0
11417,40,0
11418,41,0
11419,36,0
11420,39,0
11421,41,0
11422,44,0
11423,45,0
11424,46,0
11425,48,0
11426,46,0
11427,49,0
11428,49,0
11429,52,0
11430,50,0
11431,53,0
11432,56,0
11433,57,0
11434,60,0
11435,61,0
11436,67,0
11437,71,0
11438,78,0
11439,86,0
11440,93,0
11441,98,0
11442,101,0
11443,105,0
11444,110,0
11445,118,0
11446,124,0
11447,134,0
11448,137,0
11449,142,0
11450,145,0
11451,150,0
11452,154,0
11453,156,0
11454,163,0
11455,163,0
11456,167,0
11457,167,0
11458,169,0
11459,166,0
11460,164,0
11461,161,0
11462,157,0
11463,155,0
11464,148,0
11465,145,0
11466,139,0
11467,132,0
11468,125,0
11469,121,0
11470,122,0
11471,116,0
11472,117,0
11473,115,0
11474,115,0
11475,114,0
11476,112,0
11477,113,0
11478,108,0
11479,109,0
11480,107,0
11481,109,0
11482,109,0
11483,109,0
11484,109,0
11485,109,0
11486,112,0
11487,110,0
11488,113,0
11489,112,0
11490,112,0
11491,110,0
11492,112,0
11493,116,0
11494,115,0
11495,117,0
11496,116,0
11497,120,0
11498,119,0
11499,122,0
11500,126,0
11501,126,0
11502,128,0
11503,129,0
11504,133,0
11505,131,0
11506,132,0
11507,134,0
11508,137,0
11509,138,0
11510,132,0
11511,130,0
11512,123,0
11513,126,0
11514,126,0
11515,128,0
11516,125,0
11517,123,0
11518,122,0
11519,119,0
11520,119,0
11521,115,0
11522,114,0
11523,109,0
11524,108,0
11525,106,0
11526,103,0
11527,101,0
11528,98,0
11529,97,0
11530,96,0
11531,99,0
11532,99,0
11533,101,0
11534,99,0
11535,100,0
11536,105,0
11537,112,0
11538,122,0
11539,134,0
11540,164,0
11541,211,0
11542,284,0
11543,380,0
11544,469,0
11545,549,0
11546,585,0
11547,601,0
11548,560,0
11549,484,0
11550,391,0
11551,332,0
11552,288,0
11553,240,0
11554,194,0
11555,146,0
11556,109,0
11557,82,0
11558,68,0
11559,61,0
11560,55,0
11561,51,0
11562,48,0
11563,50,0
11564,48,0
11565,50,0
11566,49,0
11567,48,0
11568,50,0
11569,49,0
11570,52,0
11571,51,0
11572,52,0
11573,54,0
11574,55,0
11575,55,0
11576,52,0
11577,54,0
11578,54,0
11579,56,0
11580,53,0
11581,57,0
11582,59,0
11583,59,0
11584,60,0
11585,62,0
11586,66,0
11587,67,0
11588,73,0
11589,75,0
11590,84,0
11591,86,0
11592,91,0
11593,96,0
11594,103,0
11595,110,0
11596,115,0
11597,124,0
11598,129,0
11599,135,0
11600,137,0
11601,143,0
11602,150,0
11603,154,0
11604,164,0
11605,165,0
11606,169,0
11607,167,0
11608,170,0
11609,167,0
11610,168,0
11611,169,0
11612,169,0
11613,171,0
11614,165,0
11615,161,0
11616,155,0
11617,150,0
11618,145,0
11619,140,0
11620,142,0
11621,136,0
11622,135,0
11623,126,0
11624,124,0
11625,121,0
11626,121,0
11627,125,0
11628,120,0
11629,122,0
11630,118,0
11631,118,0
11632,115,0
11633,115,0
11634,119,0
11635,116,0
11636,119,0
11637,116,0
11638,118,0
11639,116,0
11640,117,0
11641,114,0
11642,116,0
11643,120,0
11644,118,0
11645,119,0
11646,117,0
11647,119,0
11648,114,0
11649,115,0
11650,115,0
11651,113,0
11652,114,0
11653,113,0
11654,116,0
11655,117,0
11656,125,0
11657,126,0
11658,125,0
11659,123,0
11660,126,0
11661,127,0
11662,124,0
11663,126,0
11664,122,0
11665,121,0
11666,115,0
11667,115,0
11668,114,0
11669,113,0
11670,111,0
11671,108,0
11672,111,0
11673,106,0
11674,102,0
11675,97,0
11676,92,0
11677,88,0
11678,84,0
11679,85,0
11680,80,0
11681,80,0
11682,75,0
11683,76,0
11684,76,0
11685,76,0
11686,79,0
11687,79,0
11688,88,0
11689,96,0
11690,106,0
11691,115,0
11692,134,0
11693,168,0
11694,222,0
11695,306,0
11696,388,0
11697,480,0
11698,534,0
11699,564,0
11700,554,0
11701,501,0
11702,423,0
11703,351,0
11704,308,0
11705,263,0
11706,212,0
11707,157,0
11708,112,0
11709,85,0
11710,60,0
11711,54,0
11712,46,0
11713,40,0
11714,33,0
11715,28,0
11716,27,0
11717,25,0
11718,26,0
11719,24,0
11720,25,0
11721,25,0
11722,27,0
11723,27,0
11724,29,0
11725,29,0
11726,27,0
11727,29,0
11728,30,0
11729,32,0
11730,31,0
11731,31,0
11732,34,0
11733,34,0
11734,34,0
11735,35,0
11736,36,0
11737,37,0
11738,39,0
11739,40,0
11740,41,0
11741,43,0
11742,48,0
11743,52,0
11744,60,0
11745,67,0
11746,75,0
11747,83,0
11748,87,0
11749,92,0
11750,95,0
11751,101,0
11752,107,0
11753,113,0
11754,121,0
11755,123,0
11756,131,0
11757,132,0
11758,137,0
11759,142,0
11760,144,0
11761,151,0
11762,148,0
11763,152,0
11764,147,0
11765,143,0
11766,140,0
11767,140,0
11768,138,0
11769,130,0
11770,128,0
11771,122,0
11772,120,0
11773,112,0
11774,107,0
11775,104,0
11776,103,0
11777,102,0
11778,96,0
11779,95,0
11780,89,0
11781,87,0
11782,83,0
11783,84,0
11784,86,0
11785,80,0
11786,80,0
11787,79,0
11788,79,0
11789,75,0
11790,76,0
11791,78,0
11792,78,0
11793,80,0
11794,80,0
11795,82,0
11796,78,0
11797,80,0
11798,77,0
11799,78,0
11800,79,0
11801,77,0
11802,80,0
11803,81,0
11804,81,0
11805,78,0
11806,81,0
11807,82,0
11808,83,0
11809,87,0
11810,88,0
11811,89,0
11812,88,0
11813,90,0
11814,89,0
11815,91,0
11816,88,0
11817,88,0
11818,85,0
11819,83,0
11820,83,0
11821,80,0
11822,78,0
11823,77,0
11824,78,0
11825,74,0
11826,69,0
11827,65,0
11828,60,0
11829,58,0
11830,52,0
11831,53,0
11832,48,0
11833,48,0
11834,46,0
11835,47,0
11836,51,0
11837,47,0
11838,51,0
11839,50,0
11840,55,0
11841,60,0
11842,70,0
11843,86,0
11844,96,0
11845,118,0
11846,150,0
11847,212,0
11848,283,0
11849,375,0
11850,443,0
11851,493,0
11852,513,0
11853,485,0
11854,428,0
11855,348,0
11856,292,0
11857,250,0
11858,211,0
11859,165,0
11860,110,0
11861,69,0
11862,38,0
11863,25,0
11864,14,0
11865,4,0
11866,-2,0
11867,-9,0
11868,-10,0
11869,-12,0
11870,-12,0
11871,-14,0
11872,-14,0
11873,-14,0
11874,-14,0
11875,-12,0
11876,-11,0
11877,-9,0
11878,-10,0
11879,-12,0
11880,-14,0
11881,-11,0
11882,-7,0
11883,-5,0
11884,-3,0
11885,-4,0
11886,-1,0
11887,1,0
11888,3,0
11889,2,0
11890,4,0
11891,5,0
11892,7,0
11893,10,0
11894,14,0
11895,21,0
11896,24,0
11897,29,0
11898,33,0
11899,39,0
11900,44,0
11901,50,0
11902,60,0
11903,66,0
11904,75,0
11905,76,0
11906,80,0
11907,82,0
11908,88,0
11909,94,0
11910,100,0
11911,108,0
11912,106,0
11913,108,0
11914,107,0
11915,108,0
11916,108,0
11917,108,0
11918,112,0
11919,106,0
11920,103,0
11921,96,0
11922,92,0
11923,85,0
11924,83,0
11925,82,0
11926,79,0
11927,76,0
11928,71,0
11929,68,0
11930,62,0
11931,60,0
11932,56,0
11933,55,0
11934,54,0
11935,50,0
11936,50,0
11937,47,0
11938,45,0
11939,41,0
11940,42,0
11941,44,0
11942,44,0
11943,46,0
11944,47,0
11945,49,0
11946,48,0
11947,49,0
11948,49,0
11949,49,0
11950,49,0
11951,49,0
11952,50,0
11953,50,0
11954,52,0
11955,50,0
11956,52,0
11957,52,0
11958,52,0
11959,55,0
11960,59,0
11961,66,0
11962,68,0
11963,69,0
11964,66,0
11965,68,0
11966,72,0
11967,75,0
11968,73,0
11969,73,0
11970,74,0
11971,67,0
11972,62,0
11973,60,0
11974,60,0
11975,58,0
11976,56,0
11977,56,0
11978,52,0
11979,51,0
11980,45,0
11981,40,0
11982,36,0
11983,34,0
11984,33,0
11985,34,0
11986,34,0
11987,29,0
11988,29,0
11989,26,0
11990,28,0
11991,30,0
11992,33,0
11993,40,0
11994,43,0
11995,54,0
11996,61,0
11997,73,0
11998,87,0
11999,117,0
12000,167,0
12001,242,0
12002,327,0
12003,400,0
12004,462,0
12005,484,0
12006,488,0
12007,440,0
12008,371,0
12009,308,0
12010,261,0
12011,223,0
12012,169,0
12013,116,0
12014,65,0
12015,30,0
12016,12,0
12017,1,0
12018,-5,0
12019,-11,0
12020,-16,0
12021,-20,0
12022,-21,0
12023,-22,0
12024,-22,0
12025,-22,0
12026,-20,0
12027,-21,0
12028,-20,0
12029,-18,0
12030,-19,0
12031,-17,0
12032,-16,0
12033,-17,0
12034,-15,0
12035,-13,0
12036,-10,0
12037,-12,0
12038,-11,0
12039,-9,0
12040,-6,0
12041,-4,0
12042,-4,0
12043,-2,0
12044,0,0
12045,4,0
12046,2,0
12047,4,0
12048,9,0
12049,15,0
12050,20,0
12051,24,0
12052,33,0
12053,34,0
12054,40,0
12055,43,0
12056,50,0
12057,55,0
12058,62,0
12059,67,0
12060,71,0
12061,80,0
12062,83,0
12063,90,0
12064,93,0
12065,97,0
12066,99,0
12067,104,0
12068,111,0
12069,108,0
12070,107,0
12071,103,0
12072,104,0
12073,99,0
12074,97,0
12075,96,0
12076,91,0
12077,88,0
12078,82,0
12079,79,0
12080,72,0
12081,70,0
12082,65,0
12083,64,0
12084,64,0
12085,63,0
12086,61,0
12087,56,0
12088,52,0
12089,48,0
12090,49,0
12091,50,0
12092,50,0
12093,51,0
12094,51,0
12095,50,0
12096,51,0
12097,52,0
12098,52,0
12099,54,0
12100,52,0
12101,51,0
12102,49,0
12103,49,0
12104,49,0
12105,44,0
12106,46,0
12107,45,0
12108,45,0
12109,48,0
12110,50,0
12111,52,0
12112,52,0
12113,53,0
12114,52,0
12115,57,0
12116,58,0
12117,63,0
12118,67,0
12119,66,0
12120,69,0
12121,69,0
12122,73,0
12123,68,0
12124,67,0
12125,64,0
12126,61,0
12127,63,0
12128,57,0
12129,55,0
12130,52,0
12131,53,0
12132,50,0
12133,48,0
12134,46,0
12135,41,0
12136,39,0
12137,36,0
12138,35,0
12139,31,0
12140,31,0
12141,28,0
12142,27,0
12143,28,0
12144,26,0
12145,27,0
12146,28,0
12147,33,0
12148,39,0
12149,52,0
12150,63,0
12151,75,0
12152,92,0
12153,120,0
12154,166,0
12155,233,0
12156,323,0
12157,404,0
12158,477,0
12159,508,0
12160,511,0
12161,473,0
12162,393,0
12163,328,0
12164,274,0
12165,238,0
12166,188,0
12167,135,0
12168,85,0
12169,46,0
12170,25,0
12171,12,0
12172,5,0
12173,-1,0
12174,-6,0
12175,-9,0
12176,-11,0
12177,-15,0
12178,-17,0
12179,-18,0
12180,-20,0
12181,-18,0
12182,-16,0
12183,-13,0
12184,-12,0
12185,-9,0
12186,-6,0
12187,-8,0
12188,-7,0
12189,-7,0
12190,-4,0
12191,-2,0
12192,-1,0
12193,-1,0
12194,0,0
12195,3,0
12196,1,0
12197,3,0
12198,4,0
12199,4,0
12200,8,0
12201,10,0
12202,18,0
12203,16,0
12204,21,0
12205,24,0
12206,29,0
12207,34,0
12208,41,0
12209,50,0
12210,54,0
12211,62,0
12212,67,0
12213,71,0
12214,74,0
12215,81,0
12216,84,0
12217,91,0
12218,97,0
12219,99,0
12220,102,0
12221,103,0
12222,106,0
12223,104,0
12224,107,0
12225,107,0
12226,104,0
12227,102,0
12228,96,0
12229,91,0
12230,84,0
12231,86,0
12232,86,0
12233,83,0
12234,77,0
12235,72,0
12236,69,0
12237,64,0
12238,62,0
12239,56,0
12240,55,0
12241,51,0
12242,49,0
12243,47,0
12244,46,0
12245,47,0
12246,45,0
12247,44,0
12248,40,0
12249,42,0
12250,42,0
12251,43,0
12252,43,0
12253,44,0
12254,45,0
12255,41,0
12256,41,0
12257,39,0
12258,41,0
12259,41,0
12260,40,0
12261,45,0
12262,41,0
12263,42,0
12264,42,0
12265,44,0
12266,42,0
12267,44,0
12268,47,0
12269,49,0
12270,53,0
12271,51,0
12272,51,0
12273,48,0
12274,49,0
12275,51,0
12276,52,0
12277,56,0
12278,48,0
12279,45,0
12280,41,0
12281,38,0
12282,35,0
12283,35,0
12284,38,0
12285,31,0
12286,28,0
12287,23,0
12288,17,0
12289,11,0
12290,8,0
12291,7,0
12292,8,0
12293,8,0
12294,6,0
12295,4,0
12296,1,0
12297,-1,0
12298,-3,0
12299,-1,0
12300,-1,0
12301,1,0
12302,10,0
12303,20,0
12304,33,0
12305,46,0
12306,65,0
12307,96,0
12308,150,0
12309,225,0
12310,314,0
12311,395,0
12312,454,0
12313,488,0
12314,478,0
12315,442,0
12316,361,0
12317,296,0
12318,248,0
12319,204,0
12320,158,0
12321,102,0
12322,58,0
12323,19,0
12324,0,0
12325,-11,0
12326,-18,0
12327,-26,0
12328,-30,0
12329,-31,0
12330,-37,0
12331,-38,0
12332,-39,0
12333,-40,0
12334,-41,0
12335,-42,0
12336,-39,0
12337,-44,0
12338,-46,0
12339,-45,0
12340,-44,0
12341,-43,0
12342,-42,0
12343,-39,0
12344,-38,0
12345,-36,0
12346,-36,0
12347,-36,0
12348,-33,0
12349,-32,0
12350,-32,0
12351,-29,0
12352,-25,0
12353,-28,0
12354,-24,0
12355,-21,0
12356,-17,0
12357,-13,0
12358,-8,0
12359,2,0
12360,5,0
12361,12,0
12362,14,0
12363,16,0
12364,20,0
12365,24,0
12366,32,0
12367,37,0
12368,42,0
12369,46,0
12370,50,0
12371,51,0
12372,57,0
12373,62,0
12374,67,0
12375,68,0
12376,68,0
12377,69,0
12378,66,0
12379,65,0
12380,60,0
12381,60,0
12382,55,0
12383,54,0
12384,50,0
12385,46,0
12386,40,0
12387,33,0
12388,29,0
12389,21,0
12390,16,0
12391,14,0
12392,13,0
12393,11,0
12394,7,0
12395,6,0
12396,0,0
12397,-1,0
12398,-2,0
12399,0,0
12400,0,0
12401,-1,0
12402,-3,0
12403,-3,0
12404,-3,0
12405,-4,0
12406,-5,0
12407,-3,0
12408,-4,0
12409,-4,0
12410,-5,0
12411,-2,0
12412,-6,0
12413,-5,0
12414,-4,0
12415,0,0
12416,-1,0
12417,0,0
12418,3,0
12419,0,0
12420,2,0
12421,1,0
12422,4,0
12423,5,0
12424,5,0
12425,-1,0
12426,-1,0
12427,4,0
12428,4,0
12429,4,0
12430,2,0
12431,2,0
12432,-1,0
12433,-3,0
12434,-2,0
12435,-4,0
12436,-4,0
12437,-6,0
12438,-9,0
12439,-14,0
12440,-20,0
12441,-20,0
12442,-25,0
12443,-26,0
12444,-30,0
12445,-32,0
12446,-34,0
12447,-38,0
12448,-40,0
12449,-44,0
12450,-45,0
12451,-48,0
12452,-46,0
12453,-43,0
12454,-37,0
12455,-28,0
12456,-16,0
12457,-2,0
12458,13,0
12459,36,0
12460,75,0
12461,140,0
12462,224,0
12463,309,0
12464,373,0
12465,415,0
12466,419,0
12467,396,0
12468,330,0
12469,259,0
12470,214,0
12471,172,0
12472,129,0
12473,74,0
12474,25,0
12475,-16,0
12476,-40,0
12477,-53,0
12478,-60,0
12479,-64,0
12480,-69,0
12481,-74,0
12482,-74,0
12483,-77,0
12484,-78,0
12485,-79,0
12486,-76,0
12487,-80,0
12488,-81,0
12489,-80,0
12490,-76,0
12491,-75,0
12492,-72,0
12493,-69,0
12494,-73,0
12495,-74,0
12496,-73,0
12497,-74,0
12498,-74,0
12499,-73,0
12500,-72,0
12501,-70,0
12502,-68,0
12503,-69,0
12504,-67,0
12505,-64,0
12506,-59,0
12507,-60,0
12508,-60,0
12509,-57,0
12510,-57,0
12511,-54,0
12512,-51,0
12513,-48,0
12514,-45,0
12515,-38,0
12516,-31,0
12517,-26,0
12518,-18,0
12519,-14,0
12520,-10,0
12521,-7,0
12522,-3,0
12523,4,0
12524,11,0
12525,15,0
12526,17,0
12527,20,0
12528,21,0
12529,23,0
12530,20,0
12531,20,0
12532,18,0
12533,16,0
12534,13,0
12535,7,0
12536,3,0
12537,0,0
12538,-4,0
12539,-9,0
12540,-13,0
12541,-17,0
12542,-19,0
12543,-24,0
12544,-27,0
12545,-27,0
12546,-31,0
12547,-33,0
12548,-37,0
12549,-37,0
12550,-38,0
12551,-41,0
12552,-41,0
12553,-45,0
12554,-45,0
12555,-44,0
12556,-44,0
12557,-45,0
12558,-44,0
12559,-43,0
12560,-44,0
12561,-41,0
12562,-45,0
12563,-48,0
12564,-49,0
12565,-49,0
12566,-50,0
12567,-49,0
12568,-44,0
12569,-48,0
12570,-51,0
12571,-50,0
12572,-47,0
12573,-44,0
12574,-41,0
12575,-36,0
12576,-39,0
12577,-38,0
12578,-39,0
12579,-35,0
12580,-35,0
12581,-37,0
12582,-39,0
12583,-40,0
12584,-43,0
12585,-47,0
12586,-50,0
12587,-53,0
12588,-53,0
12589,-55,0
12590,-57,0
12591,-61,0
12592,-67,0
12593,-70,0
12594,-75,0
12595,-79,0
12596,-80,0
12597,-81,0
12598,-81,0
12599,-84,0
12600,-84,0
12601,-84,0
12602,-84,0
12603,-84,0
12604,-81,0
12605,-77,0
12606,-73,0
12607,-63,0
12608,-50,0
12609,-36,0
12610,-18,0
12611,12,0
12612,63,0
12613,135,0
12614,220,0
12615,300,0
12616,356,0
12617,378,0
12618,364,0
12619,314,0
12620,246,0
12621,180,0
12622,140,0
12623,96,0
12624,49,0
12625,-9,0
12626,-56,0
12627,-85,0
12628,-106,0
12629,-114,0
12630,-120,0
12631,-123,0
12632,-124,0
12633,-128,0
12634,-129,0
12635,-132,0
12636,-134,0
12637,-134,0
12638,-132,0
12639,-130,0
12640,-130,0
12641,-128,0
12642,-127,0
12643,-124,0
12644,-127,0
12645,-127,0
12646,-123,0
12647,-125,0
12648,-122,0
12649,-124,0
12650,-118,0
12651,-121,0
12652,-118,0
12653,-118,0
12654,-120,0
12655,-118,0
12656,-117,0
12657,-113,0
12658,-114,0
12659,-110,0
12660,-110,0
12661,-106,0
12662,-100,0
12663,-97,0
12664,-93,0
12665,-89,0
12666,-81,0
12667,-76,0
12668,-72,0
12669,-69,0
12670,-65,0
12671,-60,0
12672,-55,0
12673,-48,0
12674,-43,0
12675,-38,0
12676,-34,0
12677,-32,0
12678,-31,0
12679,-28,0
12680,-27,0
12681,-26,0
12682,-26,0
12683,-27,0
12684,-32,0
12685,-36,0
12686,-39,0
12687,-41,0
12688,-46,0
12689,-50,0
12690,-54,0
12691,-58,0
12692,-61,0
12693,-65,0
12694,-70,0
12695,-72,0
12696,-76,0
12697,-78,0
12698,-76,0
12699,-77,0
12700,-80,0
12701,-83,0
12702,-82,0
12703,-84,0
12704,-83,0
12705,-80,0
12706,-79,0
12707,-79,0
12708,-79,0
12709,-79,0
12710,-82,0
12711,-83,0
12712,-83,0
12713,-85,0
12714,-84,0
12715,-84,0
12716,-84,0
12717,-82,0
12718,-82,0
12719,-85,0
12720,-84,0
12721,-82,0
12722,-80,0
12723,-77,0
12724,-74,0
12725,-67,0
12726,-68,0
12727,-69,0
12728,-72,0
12729,-72,0
12730,-70,0
12731,-68,0
12732,-66,0
12733,-72,0
12734,-73,0
12735,-77,0
12736,-80,0
12737,-82,0
12738,-81,0
12739,-80,0
12740,-79,0
12741,-78,0
12742,-83,0
12743,-88,0
12744,-95,0
12745,-101,0
12746,-101,0
12747,-105,0
12748,-106,0
12749,-108,0
12750,-109,0
12751,-111,0
12752,-112,0
12753,-113,0
12754,-110,0
12755,-112,0
12756,-111,0
12757,-107,0
12758,-102,0
12759,-95,0
12760,-88,0
12761,-72,0
12762,-50,0
12763,-15,0
12764,44,0
12765,126,0
12766,219,0
12767,295,0
12768,352,0
12769,376,0
12770,372,0
12771,316,0
12772,236,0
12773,164,0
12774,118,0
12775,72,0
12776,22,0
12777,-28,0
12778,-75,0
12779,-108,0
12780,-125,0
12781,-135,0
12782,-140,0
12783,-147,0
12784,-149,0
12785,-156,0
12786,-158,0
12787,-158,0
12788,-161,0
12789,-157,0
12790,-158,0
12791,-160,0
12792,-161,0
12793,-161,0
12794,-163,0
12795,-164,0
12796,-162,0
12797,-162,0
12798,-160,0
12799,-161,0
12800,-159,0
12801,-161,0
12802,-160,0
12803,-153,0
12804,-151,0
12805,-144,0
12806,-144,0
12807,-139,0
12808,-143,0
12809,-139,0
12810,-136,0
12811,-134,0
12812,-130,0
12813,-126,0
12814,-120,0
12815,-118,0
12816,-111,0
12817,-106,0
12818,-99,0
12819,-92,0
12820,-87,0
12821,-82,0
12822,-76,0
12823,-70,0
12824,-64,0
12825,-56,0
12826,-51,0
12827,-49,0
12828,-43,0
12829,-37,0
12830,-36,0
12831,-35,0
12832,-36,0
12833,-36,0
12834,-38,0
12835,-37,0
12836,-36,0
12837,-37,0
12838,-40,0
12839,-43,0
12840,-48,0
12841,-50,0
12842,-55,0
12843,-60,0
12844,-62,0
12845,-64,0
12846,-69,0
12847,-73,0
12848,-76,0
12849,-78,0
12850,-82,0
12851,-83,0
12852,-79,0
12853,-82,0
12854,-85,0
12855,-86,0
12856,-86,0
12857,-85,0
12858,-84,0
12859,-81,0
12860,-86,0
12861,-88,0
12862,-89,0
12863,-92,0
12864,-90,0
12865,-92,0
12866,-92,0
12867,-93,0
12868,-92,0
12869,-93,0
12870,-95,0
12871,-92,0
12872,-88,0
12873,-87,0
12874,-88,0
12875,-88,0
12876,-94,0
12877,-93,0
12878,-86,0
12879,-82,0
12880,-80,0
12881,-80,0
12882,-80,0
12883,-84,0
12884,-84,0
12885,-83,0
12886,-83,0
12887,-87,0
12888,-91,0
12889,-92,0
12890,-94,0
12891,-94,0
12892,-97,0
12893,-96,0
12894,-95,0
12895,-95,0
12896,-97,0
12897,-99,0
12898,-102,0
12899,-106,0
12900,-108,0
12901,-108,0
12902,-112,0
12903,-114,0
12904,-113,0
12905,-114,0
12906,-115,0
12907,-116,0
12908,-116,0
12909,-117,0
12910,-114,0
12911,-108,0
12912,-104,0
12913,-97,0
12914,-88,0
12915,-75,0
12916,-53,0
12917,-14,0
12918,56,0
12919,139,0
12920,238,0
12921,310,0
12922,367,0
12923,387,0
12924,368,0
12925,298,0
12926,212,0
12927,145,0
12928,93,0
12929,48,0
12930,4,0
12931,-42,0
12932,-79,0
12933,-108,0
12934,-120,0
12935,-132,0
12936,-141,0
12937,-144,0
12938,-148,0
12939,-148,0
12940,-150,0
12941,-149,0
12942,-157,0
12943,-158,0
12944,-158,0
12945,-159,0
12946,-156,0
12947,-156,0
12948,-154,0
12949,-154,0
12950,-153,0
12951,-153,0
12952,-152,0
12953,-148,0
12954,-146,0
12955,-141,0
12956,-140,0
12957,-138,0
12958,-141,0
12959,-142,0
12960,-141,0
12961,-139,0
12962,-138,0
12963,-136,0
12964,-131,0
12965,-129,0
12966,-124,0
12967,-122,0
12968,-117,0
12969,-113,0
12970,-109,0
12971,-100,0
12972,-93,0
12973,-85,0
12974,-80,0
12975,-74,0
12976,-68,0
12977,-63,0
12978,-55,0
12979,-49,0
12980,-44,0
12981,-40,0
12982,-38,0
12983,-34,0
12984,-32,0
12985,-30,0
12986,-25,0
12987,-26,0
12988,-26,0
12989,-28,0
12990,-32,0
12991,-34,0
12992,-39,0
12993,-43,0
12994,-50,0
12995,-51,0
12996,-54,0
12997,-56,0
12998,-61,0
12999,-65,0
13000,-72,0
13001,-75,0
13002,-76,0
13003,-78,0
13004,-79,0
13005,-80,0
13006,-82,0
13007,-85,0
13008,-88,0
13009,-87,0
13010,-88,0
13011,-85,0
13012,-83,0
13013,-83,0
13014,-80,0
13015,-79,0
13016,-74,0
13017,-79,0
13018,-79,0
13019,-77,0
13020,-77,0
13021,-76,0
13022,-74,0
13023,-73,0
13024,-76,0
13025,-77,0
13026,-77,0
13027,-76,0
13028,-74,0
13029,-73,0
13030,-70,0
13031,-64,0
13032,-60,0
13033,-60,0
13034,-61,0
13035,-61,0
13036,-64,0
13037,-63,0
13038,-60,0
13039,-61,0
13040,-63,0
13041,-66,0
13042,-69,0
13043,-71,0
13044,-70,0
13045,-68,0
13046,-69,0
13047,-71,0
13048,-72,0
13049,-76,0
13050,-79,0
13051,-84,0
13052,-87,0
13053,-92,0
13054,-91,0
13055,-92,0
13056,-94,0
13057,-98,0
13058,-98,0
13059,-100,0
13060,-98,0
13061,-94,0
13062,-93,0
13063,-93,0
13064,-87,0
13065,-81,0
13066,-76,0
13067,-68,0
13068,-55,0
13069,-38,0
13070,1,0
13071,59,0
13072,147,0
13073,235,0
13074,323,0
13075,388,0
13076,422,0
13077,425,0
13078,366,0
13079,276,0
13080,195,0
13081,140,0
13082,93,0
13083,42,0
13084,-4,0
13085,-51,0
13086,-84,0
13087,-101,0
13088,-110,0
13089,-113,0
13090,-120,0
13091,-123,0
13092,-132,0
13093,-134,0
13094,-134,0
13095,-137,0
13096,-135,0
13097,-135,0
13098,-132,0
13099,-135,0
13100,-136,0
13101,-138,0
13102,-136,0
13103,-132,0
13104,-134,0
13105,-132,0
13106,-130,0
13107,-128,0
13108,-129,0
13109,-128,0
13110,-127,0
13111,-127,0
13112,-124,0
13113,-120,0
13114,-118,0
13115,-117,0
13116,-114,0
13117,-110,0
13118,-106,0
13119,-102,0
13120,-95,0
13121,-90,0
13122,-87,0
13123,-81,0
13124,-74,0
13125,-68,0
13126,-64,0
13127,-56,0
13128,-49,0
13129,-36,0
13130,-28,0
13131,-23,0
13132,-18,0
13133,-13,0
13134,-9,0
13135,-4,0
13136,2,0
13137,4,0
13138,7,0
13139,9,0
13140,10,0
13141,7,0
13142,5,0
13143,7,0
13144,-1,0
13145,-6,0
13146,-11,0
13147,-15,0
13148,-19,0
13149,-24,0
13150,-26,0
13151,-32,0
13152,-36,0
13153,-41,0
13154,-46,0
13155,-47,0
13156,-47,0
13157,-48,0
13158,-49,0
13159,-49,0
13160,-52,0
13161,-49,0
13162,-49,0
13163,-49,0
13164,-49,0
13165,-51,0
13166,-49,0
13167,-53,0
13168,-52,0
13169,-51,0
13170,-49,0
13171,-48,0
13172,-47,0
13173,-46,0
13174,-50,0
13175,-50,0
13176,-50,0
13177,-48,0
13178,-47,0
13179,-46,0
13180,-42,0
13181,-41,0
13182,-40,0
13183,-40,0
13184,-36,0
13185,-33,0
13186,-29,0
13187,-29,0
13188,-28,0
13189,-30,0
13190,-29,0
13191,-27,0
13192,-27,0
13193,-31,0
13194,-34,0
13195,-33,0
13196,-37,0
13197,-36,0
13198,-38,0
13199,-39,0
13200,-40,0
13201,-41,0
13202,-42,0
13203,-47,0
13204,-50,0
13205,-53,0
13206,-58,0
13207,-61,0
13208,-63,0
13209,-61,0
13210,-62,0
13211,-61,0
13212,-61,0
13213,-63,0
13214,-61,0
13215,-61,0
13216,-61,0
13217,-57,0
13218,-49,0
13219,-45,0
13220,-35,0
13221,-25,0
13222,-7,0
13223,23,0
13224,75,0
13225,152,0
13226,237,0
13227,322,0
13228,374,0
13229,410,0
13230,404,0
13231,362,0
13232,284,0
13233,212,0
13234,166,0
13235,124,0
13236,79,0
13237,28,0
13238,-16,0
13239,-48,0
13240,-66,0
13241,-70,0
13242,-77,0
13243,-81,0
13244,-88,0
13245,-95,0
13246,-99,0
13247,-103,0
13248,-102,0
13249,-105,0
13250,-104,0
13251,-103,0
13252,-104,0
13253,-105,0
13254,-105,0
13255,-102,0
13256,-106,0
13257,-106,0
13258,-110,0
13259,-107,0
13260,-107,0
13261,-106,0
13262,-105,0
13263,-102,0
13264,-102,0
13265,-103,0
13266,-102,0
13267,-99,0
13268,-100,0
13269,-96,0
13270,-91,0
13271,-87,0
13272,-84,0
13273,-78,0
13274,-75,0
13275,-69,0
13276,-63,0
13277,-52,0
13278,-49,0
13279,-41,0
13280,-37,0
13281,-32,0
13282,-29,0
13283,-22,0
13284,-18,0
13285,-15,0
13286,-8,0
13287,-5,0
13288,0,0
13289,4,0
13290,8,0
13291,9,0
13292,9,0
13293,12,0
13294,9,0
13295,10,0
13296,9,0
13297,5,0
13298,2,0
13299,-2,0
13300,-5,0
13301,-11,0
13302,-15,0
13303,-18,0
13304,-22,0
13305,-25,0
13306,-30,0
13307,-31,0
13308,-37,0
13309,-41,0
13310,-42,0
13311,-43,0
13312,-43,0
13313,-43,0
13314,-43,0
13315,-44,0
13316,-46,0
13317,-47,0
13318,-45,0
13319,-46,0
13320,-45,0
13321,-47,0
13322,-46,0
13323,-45,0
13324,-48,0
13325,-48,0
13326,-50,0
13327,-50,0
13328,-49,0
13329,-47,0
13330,-45,0
13331,-47,0
13332,-49,0
13333,-51,0
13334,-52,0
13335,-53,0
13336,-51,0
13337,-48,0
13338,-45,0
13339,-42,0
13340,-41,0
13341,-43,0
13342,-44,0
13343,-46,0
13344,-43,0
13345,-41,0
13346,-42,0
13347,-45,0
13348,-48,0
13349,-51,0
13350,-55,0
13351,-56,0
13352,-54,0
13353,-56,0
13354,-55,0
13355,-58,0
13356,-61,0
13357,-68,0
13358,-74,0
13359,-75,0
13360,-80,0
13361,-82,0
13362,-85,0
13363,-87,0
13364,-86,0
13365,-88,0
13366,-90,0
13367,-90,0
13368,-88,0
13369,-91,0
13370,-88,0
13371,-82,0
13372,-75,0
13373,-65,0
13374,-54,0
13375,-42,0
13376,-23,0
13377,15,0
13378,70,0
13379,149,0
13380,221,0
13381,292,0
13382,332,0
13383,346,0
13384,323,0
13385,254,0
13386,186,0
13387,134,0
13388,101,0
13389,59,0
13390,5,0
13391,-46,0
13392,-89,0
13393,-111,0
13394,-123,0
13395,-131,0
13396,-136,0
13397,-143,0
13398,-147,0
13399,-154,0
13400,-154,0
13401,-154,0
13402,-155,0
13403,-155,0
13404,-156,0
13405,-156,0
13406,-156,0
13407,-153,0
13408,-153,0
13409,-153,0
13410,-153,0
13411,-152,0
13412,-152,0
13413,-151,0
13414,-150,0
13415,-151,0
13416,-147,0
13417,-144,0
13418,-144,0
13419,-142,0
13420,-139,0
13421,-137,0
13422,-137,0
13423,-135,0
13424,-132,0
13425,-132,0
13426,-128,0
13427,-123,0
13428,-120,0
13429,-114,0
13430,-109,0
13431,-102,0
13432,-97,0
13433,-92,0
13434,-84,0
13435,-81,0
13436,-78,0
13437,-74,0
13438,-69,0
13439,-64,0
13440,-59,0
13441,-56,0
13442,-55,0
13443,-51,0
13444,-48,0
13445,-45,0
13446,-45,0
13447,-45,0
13448,-45,0
13449,-45,0
13450,-45,0
13451,-52,0
13452,-55,0
13453,-58,0
13454,-63,0
13455,-65,0
13456,-69,0
13457,-70,0
13458,-79,0
13459,-82,0
13460,-86,0
13461,-90,0
13462,-94,0
13463,-96,0
13464,-98,0
13465,-103,0
13466,-104,0
13467,-106,0
13468,-105,0
13469,-105,0
13470,-105,0
13471,-104,0
13472,-104,0
13473,-105,0
13474,-107,0
13475,-106,0
13476,-106,0
13477,-106,0
13478,-106,0
13479,-107,0
13480,-107,0
13481,-108,0
13482,-108,0
13483,-108,0
13484,-106,0
13485,-105,0
13486,-102,0
13487,-104,0
13488,-107,0
13489,-109,0
13490,-109,0
13491,-106,0
13492,-104,0
13493,-101,0
13494,-102,0
13495,-103,0
13496,-104,0
13497,-104,0
13498,-101,0
13499,-103,0
13500,-107,0
13501,-110,0
13502,-112,0
13503,-116,0
13504,-118,0
13505,-119,0
13506,-121,0
13507,-122,0
13508,-123,0
13509,-121,0
13510,-125,0
13511,-128,0
13512,-130,0
13513,-133,0
13514,-133,0
13515,-134,0
13516,-132,0
13517,-137,0
13518,-140,0
13519,-141,0
13520,-143,0
13521,-144,0
13522,-143,0
13523,-141,0
13524,-140,0
13525,-136,0
13526,-129,0
13527,-119,0
13528,-106,0
13529,-91,0
13530,-67,0
13531,-21,0
13532,44,0
13533,119,0
13534,189,0
13535,240,0
13536,270,0
13537,260,0
13538,222,0
13539,155,0
13540,95,0
13541,55,0
13542,17,0
13543,-26,0
13544,-76,0
13545,-118,0
13546,-148,0
13547,-169,0
13548,-178,0
13549,-188,0
13550,-194,0
13551,-198,0
13552,-200,0
13553,-197,0
13554,-199,0
13555,-197,0
13556,-201,0
13557,-201,0
13558,-202,0
13559,-204,0
13560,-203,0
13561,-203,0
13562,-205,0
13563,-206,0
13564,-206,0
13565,-206,0
13566,-206,0
13567,-206,0
13568,-203,0
13569,-203,0
13570,-203,0
13571,-200,0
13572,-202,0
13573,-199,0
13574,-200,0
13575,-199,0
13576,-198,0
13577,-192,0
13578,-189,0
13579,-187,0
13580,-185,0
13581,-182,0
13582,-179,0
13583,-172,0
13584,-166,0
13585,-160,0
13586,-154,0
13587,-147,0
13588,-142,0
13589,-137,0
13590,-135,0
13591,-127,0
13592,-126,0
13593,-123,0
13594,-117,0
13595,-111,0
13596,-107,0
13597,-106,0
13598,-106,0
13599,-108,0
13600,-109,0
13601,-109,0
13602,-108,0
13603,-109,0
13604,-111,0
13605,-114,0
13606,-116,0
13607,-121,0
13608,-129,0
13609,-132,0
13610,-134,0
13611,-138,0
13612,-141,0
13613,-146,0
13614,-144,0
13615,-152,0
13616,-153,0
13617,-154,0
13618,-157,0
13619,-158,0
13620,-161,0
13621,-160,0
13622,-161,0
13623,-160,0
13624,-162,0
13625,-163,0
13626,-162,0
13627,-164,0
13628,-163,0
13629,-165,0
13630,-163,0
13631,-167,0
13632,-166,0
13633,-166,0
13634,-163,0
13635,-162,0
13636,-165,0
13637,-169,0
13638,-169,0
13639,-168,0
13640,-168,0
13641,-168,0
13642,-165,0
13643,-159,0
13644,-159,0
13645,-159,0
13646,-155,0
13647,-154,0
13648,-154,0
13649,-157,0
13650,-154,0
13651,-152,0
13652,-153,0
13653,-152,0
13654,-153,0
13655,-154,0
13656,-156,0
13657,-159,0
13658,-161,0
13659,-161,0
13660,-163,0
13661,-166,0
13662,-166,0
13663,-172,0
13664,-175,0
13665,-181,0
13666,-182,0
13667,-190,0
13668,-194,0
13669,-193,0
13670,-196,0
13671,-194,0
13672,-196,0
13673,-191,0
13674,-196,0
13675,-197,0
13676,-193,0
13677,-190,0
13678,-180,0
13679,-173,0
13680,-159,0
13681,-145,0
13682,-125,0
13683,-90,0
13684,-35,0
13685,42,0
13686,121,0
13687,191,0
13688,250,0
13689,271,0
13690,259,0
13691,205,0
13692,130,0
13693,74,0
13694,31,0
13695,-7,0
13696,-59,0
13697,-114,0
13698,-158,0
13699,-192,0
13700,-209,0
13701,-217,0
13702,-224,0
13703,-226,0
13704,-233,0
13705,-233,0
13706,-239,0
13707,-239,0
13708,-241,0
13709,-240,0
13710,-235,0
13711,-237,0
13712,-237,0
13713,-241,0
13714,-240,0
13715,-240,0
13716,-243,0
13717,-243,0
13718,-241,0
13719,-240,0
13720,-242,0
13721,-240,0
13722,-242,0
13723,-243,0
13724,-244,0
13725,-241,0
13726,-242,0
13727,-243,0
13728,-240,0
13729,-238,0
13730,-233,0
13731,-232,0
13732,-229,0
13733,-226,0
13734,-223,0
13735,-216,0
13736,-212,0
13737,-205,0
13738,-201,0
13739,-192,0
13740,-187,0
13741,-179,0
13742,-174,0
13743,-170,0
13744,-163,0
13745,-158,0
13746,-151,0
13747,-148,0
13748,-144,0
13749,-144,0
13750,-140,0
13751,-137,0
13752,-135,0
13753,-132,0
13754,-132,0
13755,-131,0
13756,-135,0
13757,-138,0
13758,-143,0
13759,-144,0
13760,-146,0
13761,-151,0
13762,-154,0
13763,-160,0
13764,-162,0
13765,-170,0
13766,-174,0
13767,-176,0
13768,-179,0
13769,-180,0
13770,-182,0
13771,-182,0
13772,-186,0
13773,-187,0
13774,-189,0
13775,-191,0
13776,-190,0
13777,-192,0
13778,-192,0
13779,-194,0
13780,-190,0
13781,-193,0
13782,-192,0
13783,-192,0
13784,-193,0
13785,-194,0
13786,-196,0
13787,-193,0
13788,-193,0
13789,-190,0
13790,-193,0
13791,-194,0
13792,-191,0
13793,-190,0
13794,-191,0
13795,-191,0
13796,-186,0
13797,-183,0
13798,-179,0
13799,-178,0
13800,-176,0
13801,-182,0
13802,-182,0
13803,-178,0
13804,-176,0
13805,-175,0
13806,-176,0
13807,-179,0
13808,-180,0
13809,-185,0
13810,-187,0
13811,-189,0
13812,-185,0
13813,-187,0
13814,-189,0
13815,-193,0
13816,-196,0
13817,-200,0
13818,-205,0
13819,-205,0
13820,-207,0
13821,-204,0
13822,-207,0
13823,-206,0
13824,-214,0
13825,-215,0
13826,-214,0
13827,-213,0
13828,-209,0
13829,-211,0
13830,-204,0
13831,-200,0
13832,-189,0
13833,-176,0
13834,-160,0
13835,-135,0
13836,-98,0
13837,-33,0
13838,47,0
13839,131,0
13840,202,0
13841,242,0
13842,251,0
13843,226,0
13844,162,0
13845,100,0
13846,44,0
13847,7,0
13848,-40,0
13849,-91,0
13850,-141,0
13851,-183,0
13852,-209,0
13853,-225,0
13854,-236,0
13855,-240,0
13856,-248,0
13857,-252,0
13858,-256,0
13859,-257,0
13860,-259,0
13861,-260,0
13862,-259,0
13863,-261,0
13864,-259,0
13865,-260,0
13866,-261,0
13867,-261,0
13868,-262,0
13869,-262,0
13870,-264,0
13871,-261,0
13872,-261,0
13873,-260,0
13874,-259,0
13875,-252,0
13876,-251,0
13877,-250,0
13878,-245,0
13879,-245,0
13880,-243,0
13881,-243,0
13882,-240,0
13883,-242,0
13884,-242,0
13885,-239,0
13886,-237,0
13887,-232,0
13888,-229,0
13889,-221,0
13890,-215,0
13891,-206,0
13892,-201,0
13893,-195,0
13894,-188,0
13895,-184,0
13896,-179,0
13897,-177,0
13898,-170,0
13899,-170,0
13900,-166,0
13901,-161,0
13902,-161,0
13903,-158,0
13904,-157,0
13905,-152,0
13906,-156,0
13907,-156,0
13908,-155,0
13909,-155,0
13910,-155,0
13911,-158,0
13912,-158,0
13913,-164,0
13914,-167,0
13915,-172,0
13916,-174,0
13917,-179,0
13918,-183,0
13919,-185,0
13920,-189,0
13921,-191,0
13922,-195,0
13923,-196,0
13924,-197,0
13925,-198,0
13926,-197,0
13927,-197,0
13928,-199,0
13929,-205,0
13930,-205,0
13931,-208,0
13932,-210,0
13933,-208,0
13934,-205,0
13935,-204,0
13936,-206,0
13937,-207,0
13938,-208,0
13939,-204,0
13940,-204,0
13941,-204,0
13942,-202,0
13943,-201,0
13944,-198,0
13945,-197,0
13946,-194,0
13947,-192,0
13948,-192,0
13949,-192,0
13950,-188,0
13951,-185,0
13952,-183,0
13953,-181,0
13954,-183,0
13955,-182,0
13956,-182,0
13957,-176,0
13958,-179,0
13959,-184,0
13960,-186,0
13961,-192,0
13962,-192,0
13963,-196,0
13964,-194,0
13965,-197,0
13966,-198,0
13967,-200,0
13968,-204,0
13969,-208,0
13970,-214,0
13971,-218,0
13972,-224,0
13973,-224,0
13974,-227,0
13975,-228,0
13976,-227,0
13977,-229,0
13978,-228,0
13979,-230,0
13980,-226,0
13981,-230,0
13982,-224,0
13983,-216,0
13984,-211,0
13985,-199,0
13986,-186,0
13987,-165,0
13988,-137,0
13989,-82,0
13990,-7,0
13991,81,0
13992,163,0
13993,224,0
13994,254,0
13995,251,0
13996,199,0
13997,130,0
13998,62,0
13999,16,0
14000,-26,0
14001,-76,0
14002,-127,0
14003,-177,0
14004,-212,0
14005,-232,0
14006,-244,0
14007,-251,0
14008,-256,0
14009,-255,0
14010,-260,0
14011,-263,0
14012,-263,0
14013,-267,0
14014,-268,0
14015,-269,0
14016,-266,0
14017,-264,0
14018,-264,0
14019,-263,0
14020,-265,0
14021,-264,0
14022,-267,0
14023,-264,0
14024,-262,0
14025,-261,0
14026,-260,0
14027,-261,0
14028,-256,0
14029,-258,0
14030,-255,0
14031,-258,0
14032,-255,0
14033,-257,0
14034,-258,0
14035,-253,0
14036,-255,0
14037,-252,0
14038,-251,0
14039,-241,0
14040,-237,0
14041,-228,0
14042,-219,0
14043,-210,0
14044,-202,0
14045,-200,0
14046,-194,0
14047,-190,0
14048,-181,0
14049,-175,0
14050,-168,0
14051,-161,0
14052,-157,0
14053,-152,0
14054,-150,0
14055,-145,0
14056,-144,0
14057,-140,0
14058,-137,0
14059,-135,0
14060,-136,0
14061,-141,0
14062,-144,0
14063,-151,0
14064,-154,0
14065,-160,0
14066,-162,0
14067,-161,0
14068,-163,0
14069,-166,0
14070,-172,0
14071,-174,0
14072,-177,0
14073,-177,0
14074,-178,0
14075,-181,0
14076,-180,0
14077,-181,0
14078,-184,0
14079,-187,0
14080,-187,0
14081,-188,0
14082,-187,0
14083,-185,0
14084,-180,0
14085,-181,0
14086,-182,0
14087,-183,0
14088,-183,0
14089,-182,0
14090,-181,0
14091,-178,0
14092,-180,0
14093,-179,0
14094,-176,0
14095,-177,0
14096,-176,0
14097,-175,0
14098,-173,0
14099,-172,0
14100,-166,0
14101,-164,0
14102,-164,0
14103,-162,0
14104,-161,0
14105,-161,0
14106,-160,0
14107,-155,0
14108,-153,0
14109,-151,0
14110,-153,0
14111,-159,0
14112,-163,0
14113,-169,0
14114,-166,0
14115,-170,0
14116,-168,0
14117,-165,0
14118,-167,0
14119,-166,0
14120,-171,0
14121,-173,0
14122,-177,0
14123,-177,0
14124,-177,0
14125,-177,0
14126,-175,0
14127,-177,0
14128,-177,0
14129,-179,0
14130,-178,0
14131,-177,0
14132,-173,0
14133,-169,0
14134,-166,0
14135,-153,0
14136,-141,0
14137,-128,0
14138,-113,0
14139,-87,0
14140,-46,0
14141,18,0
14142,100,0
14143,188,0
14144,259,0
14145,304,0
14146,309,0
14147,288,0
14148,220,0
14149,147,0
14150,95,0
14151,58,0
14152,14,0
14153,-41,0
14154,-93,0
14155,-133,0
14156,-162,0
14157,-178,0
14158,-186,0
14159,-191,0
14160,-196,0
14161,-201,0
14162,-202,0
14163,-203,0
14164,-204,0
14165,-203,0
14166,-198,0
14167,-201,0
14168,-202,0
14169,-197,0
14170,-195,0
14171,-192,0
14172,-191,0
14173,-186,0
14174,-184,0
14175,-182,0
14176,-182,0
14177,-181,0
14178,-179,0
14179,-180,0
14180,-177,0
14181,-177,0
14182,-175,0
14183,-175,0
14184,-173,0
14185,-172,0
14186,-172,0
14187,-167,0
14188,-165,0
14189,-155,0
14190,-149,0
14191,-143,0
14192,-138,0
14193,-134,0
14194,-126,0
14195,-119,0
14196,-109,0
14197,-104,0
14198,-96,0
14199,-90,0
14200,-82,0
14201,-76,0
14202,-71,0
14203,-66,0
14204,-61,0
14205,-54,0
14206,-52,0
14207,-47,0
14208,-44,0
14209,-42,0
14210,-44,0
14211,-44,0
14212,-43,0
14213,-44,0
14214,-46,0
14215,-50,0
14216,-54,0
14217,-58,0
14218,-59,0
14219,-65,0
14220,-69,0
14221,-71,0
14222,-73,0
14223,-76,0
14224,-78,0
14225,-79,0
14226,-80,0
14227,-83,0
14228,-85,0
14229,-86,0
14230,-84,0
14231,-84,0
14232,-85,0
14233,-85,0
14234,-84,0
14235,-87,0
14236,-88,0
14237,-88,0
14238,-86,0
14239,-84,0
14240,-84,0
14241,-80,0
14242,-83,0
14243,-83,0
14244,-81,0
14245,-82,0
14246,-81,0
14247,-82,0
14248,-79,0
14249,-80,0
14250,-77,0
14251,-77,0
14252,-75,0
14253,-72,0
14254,-69,0
14255,-65,0
14256,-61,0
14257,-59,0
14258,-60,0
14259,-58,0
14260,-53,0
14261,-51,0
14262,-52,0
14263,-57,0
14264,-57,0
14265,-62,0
14266,-61,0
14267,-60,0
14268,-59,0
14269,-59,0
14270,-62,0
14271,-61,0
14272,-65,0
14273,-68,0
14274,-73,0
14275,-76,0
14276,-76,0
14277,-77,0
14278,-78,0
14279,-79,0
14280,-76,0
14281,-77,0
14282,-79,0
14283,-80,0
14284,-80,0
14285,-77,0
14286,-73,0
14287,-66,0
14288,-59,0
14289,-49,0
14290,-36,0
14291,-16,0
14292,12,0
14293,60,0
14294,130,0
14295,222,0
14296,315,0
14297,392,0
14298,437,0
14299,448,0
14300,417,0
14301,344,0
14302,270,0
14303,206,0
14304,161,0
14305,107,0
14306,50,0
14307,-3,0
14308,-42,0
14309,-68,0
14310,-84,0
14311,-93,0
14312,-98,0
14313,-103,0
14314,-106,0
14315,-106,0
14316,-105,0
14317,-110,0
14318,-112,0
14319,-111,0
14320,-109,0
14321,-107,0
14322,-104,0
14323,-98,0
14324,-97,0
14325,-97,0
14326,-97,0
14327,-97,0
14328,-96,0
14329,-96,0
14330,-96,0
14331,-93,0
14332,-89,0
14333,-88,0
14334,-86,0
14335,-84,0
14336,-83,0
14337,-80,0
14338,-77,0
14339,-70,0
14340,-69,0
14341,-64,0
14342,-59,0
14343,-54,0
14344,-47,0
14345,-40,0
14346,-32,0
14347,-28,0
14348,-22,0
14349,-15,0
14350,-8,0
14351,-4,0
14352,0,0
14353,3,0
14354,9,0
14355,15,0
14356,23,0
14357,31,0
14358,35,0
14359,39,0
14360,40,0
14361,44,0
14362,45,0
14363,45,0
14364,46,0
14365,45,0
14366,44,0
14367,41,0
14368,41,0
14369,33,0
14370,30,0
14371,24,0
14372,21,0
14373,16,0
14374,14,0
14375,11,0
14376,4,0
14377,1,0
14378,-1,0
14379,-4,0
14380,-4,0
14381,-6,0
14382,-8,0
14383,-10,0
14384,-10,0
14385,-15,0
14386,-16,0
14387,-18,0
14388,-18,0
14389,-18,0
14390,-16,0
14391,-13,0
14392,-18,0
14393,-18,0
14394,-16,0
14395,-13,0
14396,-14,0
14397,-16,0
14398,-13,0
14399,-17,0
14400,-17,0
14401,-17,0
14402,-17,0
14403,-16,0
14404,-15,0
14405,-13,0
14406,-14,0
14407,-13,0
14408,-10,0
14409,-8,0
14410,-6,0
14411,-6,0
14412,-10,0
14413,-8,0
14414,-3,0
14415,0,0
14416,0,0
14417,-5,0
14418,-8,0
14419,-10,0
14420,-10,0
14421,-10,0
14422,-12,0
14423,-12,0
14424,-12,0
14425,-13,0
14426,-18,0
14427,-21,0
14428,-27,0
14429,-32,0
14430,-33,0
14431,-34,0
14432,-34,0
14433,-33,0
14434,-35,0
14435,-34,0
14436,-31,0
14437,-30,0
14438,-31,0
14439,-29,0
14440,-26,0
14441,-24,0
14442,-17,0
14443,-8,0
14444,2,0
14445,18,0
14446,42,0
14447,82,0
14448,147,0
14449,231,0
14450,328,0
14451,403,0
14452,469,0
14453,493,0
14454,488,0
14455,430,0
14456,351,0
14457,279,0
14458,225,0
14459,179,0
14460,124,0
14461,69,0
14462,19,0
14463,-19,0
14464,-43,0
14465,-52,0
14466,-59,0
14467,-67,0
14468,-71,0
14469,-74,0
14470,-76,0
14471,-77,0
14472,-78,0
14473,-74,0
14474,-75,0
14475,-72,0
14476,-71,0
14477,-69,0
14478,-69,0
14479,-71,0
14480,-69,0
14481,-71,0
14482,-70,0
14483,-69,0
14484,-67,0
14485,-65,0
14486,-64,0
14487,-63,0
14488,-65,0
14489,-65,0
14490,-66,0
14491,-62,0
14492,-61,0
14493,-60,0
14494,-58,0
14495,-52,0
14496,-48,0
14497,-45,0
14498,-39,0
14499,-32,0
14500,-26,0
14501,-22,0
14502,-15,0
14503,-9,0
14504,-4,0
14505,-1,0
14506,6,0
14507,10,0
14508,14,0
14509,21,0
14510,26,0
14511,32,0
14512,36,0
14513,37,0
14514,41,0
14515,43,0
14516,46,0
14517,46,0
14518,46,0
14519,43,0
14520,39,0
14521,36,0
14522,32,0
14523,26,0
14524,24,0
14525,22,0
14526,15,0
14527,10,0
14528,4,0
14529,-2,0
14530,-7,0
14531,-10,0
14532,-8,0
14533,-14,0
14534,-15,0
14535,-18,0
14536,-18,0
14537,-20,0
14538,-22,0
14539,-23,0
14540,-23,0
14541,-19,0
14542,-20,0
14543,-20,0
14544,-20,0
14545,-17,0
14546,-16,0
14547,-17,0
14548,-15,0
14549,-16,0
14550,-16,0
14551,-19,0
14552,-22,0
14553,-23,0
14554,-21,0
14555,-19,0
14556,-23,0
14557,-22,0
14558,-20,0
14559,-20,0
14560,-20,0
14561,-19,0
14562,-15,0
14563,-11,0
14564,-8,0
14565,-6,0
14566,-6,0
14567,-8,0
14568,-9,0
14569,-10,0
14570,-8,0
14571,-10,0
14572,-13,0
14573,-14,0
14574,-15,0
14575,-15,0
14576,-17,0
14577,-17,0
14578,-17,0
14579,-17,0
14580,-19,0
14581,-20,0
14582,-25,0
14583,-33,0
14584,-35,0
14585,-40,0
14586,-43,0
14587,-44,0
14588,-47,0
14589,-47,0
14590,-48,0
14591,-49,0
14592,-53,0
14593,-54,0
14594,-55,0
14595,-55,0
14596,-52,0
14597,-47,0
14598,-41,0
14599,-32,0
14600,-16,0
14601,3,0
14602,43,0
14603,101,0
14604,184,0
14605,274,0
14606,359,0
14607,430,0
14608,458,0
14609,463,0
14610,410,0
14611,328,0
14612,247,0
14613,192,0
14614,148,0
14615,100,0
14616,54,0
14617,7,0
14618,-29,0
14619,-51,0
14620,-64,0
14621,-70,0
14622,-77,0
14623,-81,0
14624,-86,0
14625,-88,0
14626,-90,0
14627,-93,0
14628,-95,0
14629,-97,0
14630,-94,0
14631,-98,0
14632,-98,0
14633,-97,0
14634,-96,0
14635,-94,0
14636,-91,0
14637,-87,0
14638,-87,0
14639,-85,0
14640,-84,0
14641,-84,0
14642,-83,0
14643,-84,0
14644,-84,0
14645,-81,0
14646,-77,0
14647,-77,0
14648,-75,0
14649,-74,0
14650,-71,0
14651,-66,0
14652,-62,0
14653,-57,0
14654,-53,0
14655,-48,0
14656,-40,0
14657,-35,0
14658,-29,0
14659,-23,0
14660,-21,0
14661,-16,0
14662,-9,0
14663,-3,0
14664,2,0
14665,7,0
14666,13,0
14667,14,0
14668,19,0
14669,23,0
14670,27,0
14671,28,0
14672,28,0
14673,27,0
14674,26,0
14675,27,0
14676,22,0
14677,16,0
14678,12,0
14679,8,0
14680,4,0
14681,1,0
14682,1,0
14683,-6,0
14684,-9,0
14685,-15,0
14686,-18,0
14687,-21,0
14688,-24,0
14689,-25,0
14690,-32,0
14691,-32,0
14692,-32,0
14693,-36,0
14694,-36,0
14695,-36,0
14696,-36,0
14697,-36,0
14698,-34,0
14699,-36,0
14700,-37,0
14701,-38,0
14702,-39,0
14703,-38,0
14704,-38,0
14705,-37,0
14706,-40,0
14707,-40,0
14708,-41,0
14709,-42,0
14710,-39,0
14711,-37,0
14712,-33,0
14713,-33,0
14714,-34,0
14715,-33,0
14716,-32,0
14717,-29,0
14718,-26,0
14719,-22,0
14720,-21,0
14721,-23,0
14722,-22,0
14723,-21,0
14724,-21,0
14725,-20,0
14726,-21,0
14727,-21,0
14728,-25,0
14729,-27,0
14730,-29,0
14731,-28,0
14732,-30,0
14733,-31,0
14734,-29,0
14735,-31,0
14736,-32,0
14737,-36,0
14738,-43,0
14739,-46,0
14740,-48,0
14741,-44,0
14742,-50,0
14743,-53,0
14744,-56,0
14745,-56,0
14746,-57,0
14747,-58,0
14748,-59,0
14749,-57,0
14750,-55,0
14751,-54,0
14752,-50,0
14753,-41,0
14754,-32,0
14755,-20,0
14756,5,0
14757,50,0
14758,116,0
14759,211,0
14760,298,0
14761,377,0
14762,413,0
14763,427,0
14764,400,0
14765,324,0
14766,248,0
14767,186,0
14768,142,0
14769,93,0
14770,43,0
14771,-4,0
14772,-46,0
14773,-69,0
14774,-82,0
14775,-87,0
14776,-91,0
14777,-95,0
14778,-100,0
14779,-106,0
14780,-108,0
14781,-112,0
14782,-114,0
14783,-114,0
14784,-115,0
14785,-116,0
14786,-116,0
14787,-113,0
14788,-115,0
14789,-113,0
14790,-112,0
14791,-112,0
14792,-112,0
14793,-111,0
14794,-111,0
14795,-113,0
14796,-111,0
14797,-109,0
14798,-105,0
14799,-104,0
14800,-105,0
14801,-103,0
14802,-100,0
14803,-97,0
14804,-95,0
14805,-92,0
14806,-88,0
14807,-85,0
14808,-80,0
14809,-73,0
14810,-68,0
14811,-60,0
14812,-52,0
14813,-45,0
14814,-38,0
14815,-35,0
14816,-28,0
14817,-28,0
14818,-22,0
14819,-20,0
14820,-16,0
14821,-13,0
14822,-8,0
14823,-1,0
14824,-1,0
14825,0,0
14826,0,0
14827,1,0
14828,0,0
14829,-4,0
14830,-6,0
14831,-10,0
14832,-14,0
14833,-23,0
14834,-29,0
14835,-35,0
14836,-37,0
14837,-41,0
14838,-45,0
14839,-45,0
14840,-50,0
14841,-53,0
14842,-58,0
14843,-61,0
14844,-62,0
14845,-63,0
14846,-61,0
14847,-65,0
14848,-65,0
14849,-67,0
14850,-68,0
14851,-70,0
14852,-69,0
14853,-70,0
14854,-69,0
14855,-70,0
14856,-72,0
14857,-73,0
14858,-73,0
14859,-73,0
14860,-74,0
14861,-72,0
14862,-72,0
14863,-74,0
14864,-73,0
14865,-72,0
14866,-74,0
14867,-75,0
14868,-74,0
14869,-72,0
14870,-74,0
14871,-69,0
14872,-66,0
14873,-65,0
14874,-68,0
14875,-66,0
14876,-67,0
14877,-65,0
14878,-66,0
14879,-68,0
14880,-70,0
14881,-72,0
14882,-78,0
14883,-79,0
14884,-82,0
14885,-84,0
14886,-86,0
14887,-88,0
14888,-91,0
14889,-96,0
14890,-99,0
14891,-98,0
14892,-104,0
14893,-105,0
14894,-107,0
14895,-110,0
14896,-113,0
14897,-116,0
14898,-119,0
14899,-128,0
14900,-130,0
14901,-128,0
14902,-127,0
14903,-123,0
14904,-118,0
14905,-110,0
14906,-98,0
14907,-85,0
14908,-68,0
14909,-40,0
14910,8,0
14911,83,0
14912,162,0
14913,247,0
14914,300,0
14915,319,0
14916,307,0
14917,248,0
14918,176,0
14919,117,0
14920,80,0
14921,42,0
14922,-15,0
14923,-66,0
14924,-110,0
14925,-138,0
14926,-153,0
14927,-164,0
14928,-168,0
14929,-176,0
14930,-179,0
14931,-184,0
14932,-185,0
14933,-183,0
14934,-186,0
14935,-185,0
14936,-185,0
14937,-182,0
14938,-183,0
14939,-180,0
14940,-180,0
14941,-181,0
14942,-178,0
14943,-177,0
14944,-176,0
14945,-178,0
14946,-172,0
14947,-169,0
14948,-167,0
14949,-166,0
14950,-164,0
14951,-164,0
14952,-166,0
14953,-162,0
14954,-159,0
14955,-154,0
14956,-150,0
14957,-149,0
14958,-147,0
14959,-143,0
14960,-139,0
14961,-136,0
14962,-130,0
14963,-123,0
14964,-118,0
14965,-115,0
14966,-110,0
14967,-105,0
14968,-100,0
14969,-96,0
14970,-91,0
14971,-86,0
14972,-80,0
14973,-72,0
14974,-74,0
14975,-70,0
14976,-68,0
14977,-66,0
14978,-68,0
14979,-69,0
14980,-66,0
14981,-70,0
14982,-72,0
14983,-76,0
14984,-80,0
14985,-83,0
14986,-86,0
14987,-86,0
14988,-90,0
14989,-94,0
14990,-99,0
14991,-101,0
14992,-104,0
14993,-107,0
14994,-107,0
14995,-108,0
14996,-107,0
14997,-113,0
14998,-114,0
14999,-117,0
