,ts,label
0,2.1,0.0
1,2.135,0.0
2,2.19,0.0
3,2.285,0.0
4,2.44,0.0
5,2.62,0.0
6,2.805,0.0
7,3.045,0.0
8,3.365,0.0
9,3.695,0.0
10,3.97,0.0
11,4.24,0.0
12,4.53,0.0
13,4.8,0.0
14,5.025,0.0
15,5.215,0.0
16,5.4,0.0
17,5.575,0.0
18,5.715,0.0
19,5.795,0.0
20,5.865,0.0
21,5.925,0.0
22,5.98,0.0
23,6.02,0.0
24,6.06,0.0
25,6.08,0.0
26,6.145,0.0
27,6.18,0.0
28,6.22,0.0
29,6.275,0.0
30,6.32,0.0
31,6.355,0.0
32,6.38,0.0
33,6.45,0.0
34,6.49,0.0
35,6.53,0.0
36,6.575,0.0
37,6.645,0.0
38,6.7,0.0
39,6.735,0.0
40,6.78,0.0
41,6.835,0.0
42,6.885,0.0
43,6.92,0.0
44,6.945,0.0
45,6.985,0.0
46,7.01,0.0
47,7.035,0.0
48,7.05,0.0
49,7.065,0.0
50,7.07,0.0
51,7.085,0.0
52,7.065,0.0
53,7.045,0.0
54,7.03,0.0
55,6.995,0.0
56,6.94,0.0
57,6.885,0.0
58,6.835,0.0
59,6.775,0.0
60,6.69,0.0
61,6.6,0.0
62,6.535,0.0
63,6.455,0.0
64,6.36,0.0
65,6.27,0.0
66,6.195,0.0
67,6.115,0.0
68,6.03,0.0
69,5.945,0.0
70,5.88,0.0
71,5.815,0.0
72,5.75,0.0
73,5.68,0.0
74,5.625,0.0
75,5.61,0.0
76,5.54,0.0
77,5.49,0.0
78,5.45,0.0
79,5.425,0.0
80,5.385,0.0
81,5.34,0.0
82,5.31,0.0
83,5.3,0.0
84,5.29,0.0
85,5.265,0.0
86,5.235,0.0
87,5.23,0.0
88,5.225,0.0
89,5.205,0.0
90,5.195,0.0
91,5.18,0.0
92,5.19,0.0
93,5.175,0.0
94,5.155,0.0
95,5.145,0.0
96,5.17,0.0
97,5.165,0.0
98,5.15,0.0
99,5.15,0.0
100,5.15,0.0
101,5.145,0.0
102,5.145,0.0
103,5.14,0.0
104,5.15,0.0
105,5.145,0.0
106,5.145,0.0
107,5.13,0.0
108,5.15,0.0
109,5.155,0.0
110,5.15,0.0
111,5.14,0.0
112,5.16,0.0
113,5.155,0.0
114,5.155,0.0
115,5.14,0.0
116,5.14,0.0
117,5.15,0.0
118,5.15,0.0
119,5.14,0.0
120,5.13,0.0
121,5.14,0.0
122,5.145,0.0
123,5.115,0.0
124,5.12,0.0
125,5.125,0.0
126,5.12,0.0
127,5.095,0.0
128,5.095,0.0
129,5.095,0.0
130,5.105,0.0
131,5.085,0.0
132,5.08,0.0
133,5.085,0.0
134,5.085,0.0
135,5.065,0.0
136,5.05,0.0
137,5.065,0.0
138,5.07,0.0
139,5.055,0.0
140,5.03,0.0
141,5.035,0.0
142,5.04,0.0
143,5.03,0.0
144,5.01,0.0
145,5.015,0.0
146,5.02,0.0
147,5.015,0.0
148,5.015,0.0
149,5.0,0.0
150,5.005,0.0
151,5.02,0.0
152,5.01,0.0
153,4.98,0.0
154,5.005,0.0
155,5.0,0.0
156,5.0,0.0
157,4.99,0.0
158,5.0,0.0
159,5.01,0.0
160,5.02,0.0
161,5.01,0.0
162,5.03,0.0
163,5.035,0.0
164,5.025,0.0
165,5.02,0.0
166,5.04,0.0
167,5.04,0.0
168,5.04,0.0
169,5.025,0.0
170,5.02,0.0
171,5.015,0.0
172,4.99,0.0
173,4.985,0.0
174,4.96,0.0
175,4.965,0.0
176,4.965,0.0
177,4.94,0.0
178,4.935,0.0
179,4.935,0.0
180,4.93,0.0
181,4.93,0.0
182,4.93,0.0
183,5.02,0.0
184,5.275,0.0
185,5.805,0.0
186,5.94,0.0
187,5.585,0.0
188,5.39,0.0
189,5.32,0.0
190,5.25,0.0
191,5.21,0.0
192,5.135,0.0
193,4.975,0.0
194,4.715,0.0
195,4.39,0.0
196,4.055,0.0
197,3.69,0.0
198,3.325,0.0
199,3.055,0.0
200,2.99,0.0
201,2.74,0.0
202,2.615,0.0
203,2.47,0.0
204,2.35,0.0
205,2.26,0.0
206,2.205,0.0
207,2.15,0.0
208,2.105,0.0
209,2.08,0.0
210,2.06,0.0
211,2.05,0.0
212,2.06,0.0
213,2.075,0.0
214,2.085,0.0
215,2.13,0.0
216,2.225,0.0
217,2.37,0.0
218,2.53,0.0
219,2.715,0.0
220,2.975,0.0
221,3.315,0.0
222,3.65,0.0
223,3.96,0.0
224,4.275,0.0
225,4.37,0.0
226,4.825,0.0
227,5.04,0.0
228,5.245,0.0
229,5.435,0.0
230,5.59,0.0
231,5.7,0.0
232,5.765,0.0
233,5.835,0.0
234,5.9,0.0
235,5.94,0.0
236,5.975,0.0
237,6.04,0.0
238,6.085,0.0
239,6.125,0.0
240,6.16,0.0
241,6.22,0.0
242,6.26,0.0
243,6.31,0.0
244,6.335,0.0
245,6.385,0.0
246,6.45,0.0
247,6.495,0.0
248,6.51,0.0
249,6.56,0.0
250,6.58,0.0
251,6.68,0.0
252,6.715,0.0
253,6.75,0.0
254,6.815,0.0
255,6.855,0.0
256,6.89,0.0
257,6.915,0.0
258,6.96,0.0
259,6.99,0.0
260,7.01,0.0
261,7.015,0.0
262,7.035,0.0
263,7.045,0.0
264,7.05,0.0
265,7.015,0.0
266,6.99,0.0
267,6.97,0.0
268,6.92,0.0
269,6.86,0.0
270,6.8,0.0
271,6.75,0.0
272,6.67,0.0
273,6.575,0.0
274,6.5,0.0
275,6.475,0.0
276,6.335,0.0
277,6.25,0.0
278,6.155,0.0
279,6.09,0.0
280,6.01,0.0
281,5.93,0.0
282,5.84,0.0
283,5.785,0.0
284,5.725,0.0
285,5.655,0.0
286,5.585,0.0
287,5.535,0.0
288,5.5,0.0
289,5.44,0.0
290,5.38,0.0
291,5.365,0.0
292,5.33,0.0
293,5.3,0.0
294,5.25,0.0
295,5.24,0.0
296,5.23,0.0
297,5.215,0.0
298,5.185,0.0
299,5.175,0.0
300,5.17,0.0
301,5.155,0.0
302,5.14,0.0
303,5.125,0.0
304,5.12,0.0
305,5.12,0.0
306,5.115,0.0
307,5.095,0.0
308,5.11,0.0
309,5.11,0.0
310,5.09,0.0
311,5.085,0.0
312,5.09,0.0
313,5.095,0.0
314,5.085,0.0
315,5.08,0.0
316,5.095,0.0
317,5.095,0.0
318,5.1,0.0
319,5.08,0.0
320,5.09,0.0
321,5.11,0.0
322,5.1,0.0
323,5.09,0.0
324,5.09,0.0
325,5.1,0.0
326,5.1,0.0
327,5.08,0.0
328,5.09,0.0
329,5.11,0.0
330,5.095,0.0
331,5.085,0.0
332,5.08,0.0
333,5.085,0.0
334,5.095,0.0
335,5.08,0.0
336,5.07,0.0
337,5.075,0.0
338,5.075,0.0
339,5.08,0.0
340,5.05,0.0
341,5.055,0.0
342,5.06,0.0
343,5.05,0.0
344,5.04,0.0
345,5.035,0.0
346,5.04,0.0
347,5.04,0.0
348,5.025,0.0
349,5.01,0.0
350,5.005,0.0
351,5.015,0.0
352,5.0,0.0
353,4.995,0.0
354,4.995,0.0
355,4.99,0.0
356,4.985,0.0
357,4.965,0.0
358,4.98,0.0
359,4.985,0.0
360,4.98,0.0
361,4.965,0.0
362,4.97,0.0
363,4.97,0.0
364,4.96,0.0
365,4.955,0.0
366,4.955,0.0
367,4.97,0.0
368,4.96,0.0
369,4.945,0.0
370,4.94,0.0
371,4.965,0.0
372,4.96,0.0
373,4.945,0.0
374,4.94,0.0
375,4.945,0.0
376,4.94,0.0
377,4.935,0.0
378,4.92,0.0
379,4.93,0.0
380,4.94,0.0
381,4.93,0.0
382,4.925,0.0
383,4.94,0.0
384,4.94,0.0
385,4.935,0.0
386,4.935,0.0
387,4.945,0.0
388,4.955,0.0
389,4.965,0.0
390,4.965,0.0
391,4.98,0.0
392,4.985,0.0
393,4.97,0.0
394,4.965,0.0
395,4.955,0.0
396,5.005,0.0
397,5.18,0.0
398,5.625,0.0
399,5.85,0.0
400,5.815,0.0
401,5.335,0.0
402,5.25,0.0
403,5.165,0.0
404,5.08,0.0
405,4.935,0.0
406,4.73,0.0
407,4.495,0.0
408,4.205,0.0
409,3.89,0.0
410,3.62,0.0
411,3.385,0.0
412,3.175,0.0
413,2.92,0.0
414,2.64,0.0
415,2.455,0.0
416,2.335,0.0
417,2.23,0.0
418,2.135,0.0
419,2.08,0.0
420,2.055,0.0
421,2.055,0.0
422,2.035,0.0
423,2.025,0.0
424,2.035,0.0
425,2.04,0.0
426,2.085,0.0
427,2.14,0.0
428,2.28,0.0
429,2.44,0.0
430,2.65,0.0
431,2.89,0.0
432,3.19,0.0
433,3.505,0.0
434,3.825,0.0
435,4.135,0.0
436,4.415,0.0
437,4.685,0.0
438,4.925,0.0
439,5.145,0.0
440,5.34,0.0
441,5.515,0.0
442,5.63,0.0
443,5.7,0.0
444,5.755,0.0
445,5.815,0.0
446,5.87,0.0
447,5.91,0.0
448,5.94,0.0
449,5.98,0.0
450,6.0,0.0
451,6.055,0.0
452,6.095,0.0
453,6.115,0.0
454,6.165,0.0
455,6.205,0.0
456,6.235,0.0
457,6.265,0.0
458,6.32,0.0
459,6.35,0.0
460,6.385,0.0
461,6.42,0.0
462,6.47,0.0
463,6.525,0.0
464,6.55,0.0
465,6.585,0.0
466,6.625,0.0
467,6.67,0.0
468,6.69,0.0
469,6.71,0.0
470,6.745,0.0
471,6.77,0.0
472,6.79,0.0
473,6.805,0.0
474,6.805,0.0
475,6.81,0.0
476,6.82,0.0
477,6.79,0.0
478,6.775,0.0
479,6.755,0.0
480,6.715,0.0
481,6.66,0.0
482,6.6,0.0
483,6.56,0.0
484,6.5,0.0
485,6.41,0.0
486,6.335,0.0
487,6.26,0.0
488,6.185,0.0
489,6.095,0.0
490,6.0,0.0
491,5.93,0.0
492,5.855,0.0
493,5.77,0.0
494,5.695,0.0
495,5.63,0.0
496,5.58,0.0
497,5.52,0.0
498,5.455,0.0
499,5.415,0.0
500,5.41,0.0
501,5.35,0.0
502,5.3,0.0
503,5.275,0.0
504,5.265,0.0
505,5.24,0.0
506,5.205,0.0
507,5.185,0.0
508,5.185,0.0
509,5.17,0.0
510,5.155,0.0
511,5.14,0.0
512,5.14,0.0
513,5.145,0.0
514,5.14,0.0
515,5.12,0.0
516,5.115,0.0
517,5.13,0.0
518,5.125,0.0
519,5.1,0.0
520,5.1,0.0
521,5.125,0.0
522,5.125,0.0
523,5.12,0.0
524,5.12,0.0
525,5.13,0.0
526,5.135,0.0
527,5.115,0.0
528,5.12,0.0
529,5.13,0.0
530,5.135,0.0
531,5.125,0.0
532,5.105,0.0
533,5.125,0.0
534,5.125,0.0
535,5.12,0.0
536,5.11,0.0
537,5.12,0.0
538,5.13,0.0
539,5.11,0.0
540,5.1,0.0
541,5.105,0.0
542,5.12,0.0
543,5.11,0.0
544,5.085,0.0
545,5.085,0.0
546,5.095,0.0
547,5.085,0.0
548,5.075,0.0
549,5.07,0.0
550,5.075,0.0
551,5.075,0.0
552,5.06,0.0
553,5.05,0.0
554,5.06,0.0
555,5.055,0.0
556,5.05,0.0
557,5.035,0.0
558,5.04,0.0
559,5.045,0.0
560,5.025,0.0
561,5.01,0.0
562,5.02,0.0
563,5.02,0.0
564,5.01,0.0
565,5.0,0.0
566,5.005,0.0
567,5.005,0.0
568,5.01,0.0
569,4.985,0.0
570,4.99,0.0
571,4.995,0.0
572,4.99,0.0
573,4.98,0.0
574,4.975,0.0
575,4.975,0.0
576,4.985,0.0
577,4.98,0.0
578,4.97,0.0
579,4.99,0.0
580,4.975,0.0
581,4.965,0.0
582,4.96,0.0
583,4.97,0.0
584,4.97,0.0
585,4.96,0.0
586,4.95,0.0
587,4.955,0.0
588,4.97,0.0
589,4.97,0.0
590,4.955,0.0
591,4.96,0.0
592,4.965,0.0
593,4.96,0.0
594,4.95,0.0
595,4.95,0.0
596,4.96,0.0
597,4.96,0.0
598,4.94,0.0
599,4.94,0.0
600,4.945,0.0
601,4.965,0.0
602,4.96,0.0
603,4.95,0.0
604,4.98,0.0
605,4.985,0.0
606,5.055,0.0
607,5.335,0.0
608,5.825,0.0
609,5.815,0.0
610,5.485,0.0
611,5.36,0.0
612,5.33,0.0
613,5.285,0.0
614,5.24,0.0
615,5.135,0.0
616,4.98,0.0
617,4.735,0.0
618,4.405,0.0
619,4.07,0.0
620,3.715,0.0
621,3.335,0.0
622,3.01,0.0
623,2.745,0.0
624,2.555,0.0
625,2.51,0.0
626,2.3,0.0
627,2.17,0.0
628,2.105,0.0
629,2.085,0.0
630,2.07,0.0
631,2.045,0.0
632,2.03,0.0
633,2.05,0.0
634,2.05,0.0
635,2.045,0.0
636,2.05,0.0
637,2.09,0.0
638,2.14,0.0
639,2.22,0.0
640,2.355,0.0
641,2.535,0.0
642,2.765,0.0
643,3.045,0.0
644,3.36,0.0
645,3.69,0.0
646,4.005,0.0
647,4.32,0.0
648,4.605,0.0
649,4.865,0.0
650,4.94,0.0
651,5.315,0.0
652,5.51,0.0
653,5.65,0.0
654,5.75,0.0
655,5.81,0.0
656,5.85,0.0
657,5.9,0.0
658,5.955,0.0
659,5.995,0.0
660,6.025,0.0
661,6.06,0.0
662,6.09,0.0
663,6.13,0.0
664,6.16,0.0
665,6.18,0.0
666,6.23,0.0
667,6.255,0.0
668,6.28,0.0
669,6.295,0.0
670,6.335,0.0
671,6.38,0.0
672,6.41,0.0
673,6.435,0.0
674,6.47,0.0
675,6.485,0.0
676,6.555,0.0
677,6.575,0.0
678,6.62,0.0
679,6.67,0.0
680,6.72,0.0
681,6.745,0.0
682,6.775,0.0
683,6.815,0.0
684,6.845,0.0
685,6.865,0.0
686,6.89,0.0
687,6.91,0.0
688,6.935,0.0
689,6.935,0.0
690,6.92,0.0
691,6.92,0.0
692,6.91,0.0
693,6.87,0.0
694,6.83,0.0
695,6.775,0.0
696,6.73,0.0
697,6.66,0.0
698,6.57,0.0
699,6.495,0.0
700,6.465,0.0
701,6.325,0.0
702,6.225,0.0
703,6.14,0.0
704,6.065,0.0
705,5.985,0.0
706,5.895,0.0
707,5.81,0.0
708,5.75,0.0
709,5.695,0.0
710,5.615,0.0
711,5.545,0.0
712,5.51,0.0
713,5.47,0.0
714,5.43,0.0
715,5.39,0.0
716,5.355,0.0
717,5.35,0.0
718,5.32,0.0
719,5.285,0.0
720,5.27,0.0
721,5.275,0.0
722,5.255,0.0
723,5.24,0.0
724,5.24,0.0
725,5.245,0.0
726,5.24,0.0
727,5.225,0.0
728,5.225,0.0
729,5.235,0.0
730,5.215,0.0
731,5.22,0.0
732,5.22,0.0
733,5.225,0.0
734,5.23,0.0
735,5.22,0.0
736,5.215,0.0
737,5.22,0.0
738,5.23,0.0
739,5.23,0.0
740,5.215,0.0
741,5.225,0.0
742,5.225,0.0
743,5.22,0.0
744,5.2,0.0
745,5.205,0.0
746,5.215,0.0
747,5.22,0.0
748,5.2,0.0
749,5.19,0.0
750,5.19,0.0
751,5.195,0.0
752,5.17,0.0
753,5.185,0.0
754,5.175,0.0
755,5.175,0.0
756,5.155,0.0
757,5.145,0.0
758,5.145,0.0
759,5.155,0.0
760,5.14,0.0
761,5.12,0.0
762,5.13,0.0
763,5.135,0.0
764,5.12,0.0
765,5.105,0.0
766,5.105,0.0
767,5.105,0.0
768,5.085,0.0
769,5.08,0.0
770,5.07,0.0
771,5.08,0.0
772,5.075,0.0
773,5.065,0.0
774,5.055,0.0
775,5.06,0.0
776,5.065,0.0
777,5.055,0.0
778,5.03,0.0
779,5.035,0.0
780,5.045,0.0
781,5.03,0.0
782,5.02,0.0
783,5.035,0.0
784,5.03,0.0
785,5.02,0.0
786,5.005,0.0
787,5.015,0.0
788,5.02,0.0
789,5.005,0.0
790,5.005,0.0
791,5.01,0.0
792,5.015,0.0
793,5.01,0.0
794,4.995,0.0
795,4.99,0.0
796,5.0,0.0
797,5.0,0.0
798,4.99,0.0
799,4.98,0.0
800,4.985,0.0
801,4.99,0.0
802,4.975,0.0
803,4.98,0.0
804,4.995,0.0
805,4.99,0.0
806,4.975,0.0
807,4.975,0.0
808,4.98,0.0
809,4.99,0.0
810,4.97,0.0
811,4.965,0.0
812,4.985,0.0
813,4.99,0.0
814,5.0,0.0
815,5.03,0.0
816,5.205,0.0
817,5.73,0.0
818,5.9,0.0
819,5.535,0.0
820,5.36,0.0
821,5.3,0.0
822,5.225,0.0
823,5.095,0.0
824,4.915,0.0
825,4.845,0.0
826,4.395,0.0
827,4.06,0.0
828,3.75,0.0
829,3.51,0.0
830,3.275,0.0
831,3.02,0.0
832,2.74,0.0
833,2.54,0.0
834,2.39,0.0
835,2.275,0.0
836,2.175,0.0
837,2.13,0.0
838,2.115,0.0
839,2.075,0.0
840,2.065,0.0
841,2.07,0.0
842,2.07,0.0
843,2.08,0.0
844,2.08,0.0
845,2.12,0.0
846,2.185,0.0
847,2.28,0.0
848,2.435,0.0
849,2.66,0.0
850,2.735,0.0
851,3.285,0.0
852,3.645,0.0
853,4.015,0.0
854,4.36,0.0
855,4.66,0.0
856,4.93,0.0
857,5.175,0.0
858,5.42,0.0
859,5.63,0.0
860,5.76,0.0
861,5.835,0.0
862,5.91,0.0
863,5.96,0.0
864,5.985,0.0
865,6.02,0.0
866,6.07,0.0
867,6.1,0.0
868,6.11,0.0
869,6.13,0.0
870,6.15,0.0
871,6.19,0.0
872,6.205,0.0
873,6.22,0.0
874,6.255,0.0
875,6.275,0.0
876,6.345,0.0
877,6.375,0.0
878,6.41,0.0
879,6.46,0.0
880,6.49,0.0
881,6.515,0.0
882,6.555,0.0
883,6.6,0.0
884,6.63,0.0
885,6.66,0.0
886,6.69,0.0
887,6.73,0.0
888,6.765,0.0
889,6.78,0.0
890,6.8,0.0
891,6.83,0.0
892,6.86,0.0
893,6.865,0.0
894,6.88,0.0
895,6.875,0.0
896,6.89,0.0
897,6.875,0.0
898,6.85,0.0
899,6.825,0.0
900,6.81,0.0
901,6.745,0.0
902,6.675,0.0
903,6.61,0.0
904,6.55,0.0
905,6.48,0.0
906,6.39,0.0
907,6.31,0.0
908,6.23,0.0
909,6.145,0.0
910,6.045,0.0
911,5.955,0.0
912,5.885,0.0
913,5.815,0.0
914,5.74,0.0
915,5.665,0.0
916,5.61,0.0
917,5.57,0.0
918,5.505,0.0
919,5.45,0.0
920,5.415,0.0
921,5.385,0.0
922,5.35,0.0
923,5.325,0.0
924,5.295,0.0
925,5.285,0.0
926,5.28,0.0
927,5.255,0.0
928,5.255,0.0
929,5.25,0.0
930,5.24,0.0
931,5.225,0.0
932,5.22,0.0
933,5.225,0.0
934,5.23,0.0
935,5.22,0.0
936,5.205,0.0
937,5.215,0.0
938,5.23,0.0
939,5.205,0.0
940,5.215,0.0
941,5.215,0.0
942,5.22,0.0
943,5.215,0.0
944,5.205,0.0
945,5.2,0.0
946,5.215,0.0
947,5.21,0.0
948,5.205,0.0
949,5.2,0.0
950,5.2,0.0
951,5.185,0.0
952,5.185,0.0
953,5.18,0.0
954,5.19,0.0
955,5.175,0.0
956,5.17,0.0
957,5.155,0.0
958,5.17,0.0
959,5.17,0.0
960,5.15,0.0
961,5.135,0.0
962,5.135,0.0
963,5.125,0.0
964,5.12,0.0
965,5.105,0.0
966,5.11,0.0
967,5.115,0.0
968,5.105,0.0
969,5.085,0.0
970,5.08,0.0
971,5.08,0.0
972,5.07,0.0
973,5.06,0.0
974,5.055,0.0
975,5.055,0.0
976,5.05,0.0
977,5.035,0.0
978,5.04,0.0
979,5.045,0.0
980,5.045,0.0
981,5.025,0.0
982,5.025,0.0
983,5.02,0.0
984,5.02,0.0
985,5.015,0.0
986,5.005,0.0
987,5.02,0.0
988,5.015,0.0
989,4.995,0.0
990,4.995,0.0
991,4.995,0.0
992,5.005,0.0
993,4.995,0.0
994,4.99,0.0
995,4.985,0.0
996,5.0,0.0
997,4.995,0.0
998,4.98,0.0
999,4.98,0.0
1000,4.985,0.0
1001,4.995,0.0
1002,4.98,0.0
1003,4.97,0.0
1004,4.985,0.0
1005,4.985,0.0
1006,4.965,0.0
1007,4.96,0.0
1008,4.975,0.0
1009,4.975,0.0
1010,4.975,0.0
1011,4.965,0.0
1012,4.97,0.0
1013,4.975,0.0
1014,4.97,0.0
1015,4.95,0.0
1016,4.965,0.0
1017,4.975,0.0
1018,4.975,0.0
1019,4.975,0.0
1020,5.035,0.0
1021,5.275,0.0
1022,5.775,0.0
1023,5.905,0.0
1024,5.555,0.0
1025,5.46,0.0
1026,5.305,0.0
1027,5.215,0.0
1028,5.095,0.0
1029,4.925,0.0
1030,4.695,0.0
1031,4.415,0.0
1032,4.08,0.0
1033,3.8,0.0
1034,3.575,0.0
1035,3.33,0.0
1036,3.07,0.0
1037,2.79,0.0
1038,2.585,0.0
1039,2.43,0.0
1040,2.31,0.0
1041,2.22,0.0
1042,2.16,0.0
1043,2.12,0.0
1044,2.085,0.0
1045,2.08,0.0
1046,2.08,0.0
1047,2.07,0.0
1048,2.065,0.0
1049,2.09,0.0
1050,2.1,0.0
1051,2.18,0.0
1052,2.28,0.0
1053,2.46,0.0
1054,2.69,0.0
1055,2.985,0.0
1056,3.3,0.0
1057,3.64,0.0
1058,3.985,0.0
1059,4.285,0.0
1060,4.55,0.0
1061,4.815,0.0
1062,5.06,0.0
1063,5.29,0.0
1064,5.49,0.0
1065,5.63,0.0
1066,5.725,0.0
1067,5.795,0.0
1068,5.85,0.0
1069,5.88,0.0
1070,5.935,0.0
1071,5.985,0.0
1072,6.02,0.0
1073,6.04,0.0
1074,6.075,0.0
1075,6.095,0.0
1076,6.16,0.0
1077,6.19,0.0
1078,6.225,0.0
1079,6.265,0.0
1080,6.295,0.0
1081,6.325,0.0
1082,6.355,0.0
1083,6.41,0.0
1084,6.445,0.0
1085,6.485,0.0
1086,6.505,0.0
1087,6.555,0.0
1088,6.59,0.0
1089,6.61,0.0
1090,6.63,0.0
1091,6.67,0.0
1092,6.695,0.0
1093,6.705,0.0
1094,6.725,0.0
1095,6.745,0.0
1096,6.77,0.0
1097,6.785,0.0
1098,6.78,0.0
1099,6.805,0.0
1100,6.82,0.0
1101,6.84,0.0
1102,6.815,0.0
1103,6.78,0.0
1104,6.77,0.0
1105,6.725,0.0
1106,6.66,0.0
1107,6.605,0.0
1108,6.56,0.0
1109,6.485,0.0
1110,6.405,0.0
1111,6.32,0.0
1112,6.265,0.0
1113,6.18,0.0
1114,6.095,0.0
1115,6.0,0.0
1116,5.915,0.0
1117,5.855,0.0
1118,5.775,0.0
1119,5.69,0.0
1120,5.63,0.0
1121,5.58,0.0
1122,5.515,0.0
1123,5.46,0.0
1124,5.415,0.0
1125,5.41,0.0
1126,5.345,0.0
1127,5.31,0.0
1128,5.295,0.0
1129,5.28,0.0
1130,5.26,0.0
1131,5.235,0.0
1132,5.215,0.0
1133,5.215,0.0
1134,5.215,0.0
1135,5.195,0.0
1136,5.19,0.0
1137,5.2,0.0
1138,5.21,0.0
1139,5.2,0.0
1140,5.185,0.0
1141,5.195,0.0
1142,5.21,0.0
1143,5.2,0.0
1144,5.19,0.0
1145,5.185,0.0
1146,5.205,0.0
1147,5.195,0.0
1148,5.195,0.0
1149,5.19,0.0
1150,5.2,0.0
1151,5.205,0.0
1152,5.2,0.0
1153,5.19,0.0
1154,5.205,0.0
1155,5.195,0.0
1156,5.185,0.0
1157,5.175,0.0
1158,5.195,0.0
1159,5.19,0.0
1160,5.175,0.0
1161,5.16,0.0
1162,5.165,0.0
1163,5.165,0.0
1164,5.155,0.0
1165,5.15,0.0
1166,5.15,0.0
1167,5.16,0.0
1168,5.14,0.0
1169,5.115,0.0
1170,5.125,0.0
1171,5.135,0.0
1172,5.115,0.0
1173,5.09,0.0
1174,5.09,0.0
1175,5.1,0.0
1176,5.105,0.0
1177,5.085,0.0
1178,5.075,0.0
1179,5.085,0.0
1180,5.07,0.0
1181,5.055,0.0
1182,5.05,0.0
1183,5.055,0.0
1184,5.06,0.0
1185,5.05,0.0
1186,5.04,0.0
1187,5.04,0.0
1188,5.055,0.0
1189,5.04,0.0
1190,5.03,0.0
1191,5.03,0.0
1192,5.035,0.0
1193,5.025,0.0
1194,5.005,0.0
1195,5.01,0.0
1196,5.015,0.0
1197,5.025,0.0
1198,5.01,0.0
1199,5.005,0.0
1200,5.005,0.0
1201,5.015,0.0
1202,5.0,0.0
1203,5.005,0.0
1204,5.01,0.0
1205,5.005,0.0
1206,5.0,0.0
1207,4.98,0.0
1208,5.0,0.0
1209,5.005,0.0
1210,4.995,0.0
1211,4.985,0.0
1212,4.985,0.0
1213,4.995,0.0
1214,4.985,0.0
1215,4.97,0.0
1216,4.985,0.0
1217,4.985,0.0
1218,4.995,0.0
1219,4.98,0.0
1220,4.99,0.0
1221,5.03,0.0
1222,5.085,0.0
1223,5.33,0.0
1224,5.835,0.0
1225,5.975,0.0
1226,5.55,0.0
1227,5.39,0.0
1228,5.36,0.0
1229,5.325,0.0
1230,5.275,0.0
1231,5.155,0.0
1232,5.0,0.0
1233,4.73,0.0
1234,4.385,0.0
1235,4.0,0.0
1236,3.6,0.0
1237,3.26,0.0
1238,3.0,0.0
1239,2.76,0.0
1240,2.6,0.0
1241,2.46,0.0
1242,2.31,0.0
1243,2.21,0.0
1244,2.15,0.0
1245,2.12,0.0
1246,2.12,0.0
1247,2.095,0.0
1248,2.085,0.0
1249,2.08,0.0
1250,2.085,0.0
1251,2.11,0.0
1252,2.13,0.0
1253,2.21,0.0
1254,2.35,0.0
1255,2.535,0.0
1256,2.75,0.0
1257,3.03,0.0
1258,3.4,0.0
1259,3.76,0.0
1260,4.07,0.0
1261,4.385,0.0
1262,4.69,0.0
1263,4.93,0.0
1264,5.13,0.0
1265,5.34,0.0
1266,5.55,0.0
1267,5.7,0.0
1268,5.785,0.0
1269,5.84,0.0
1270,5.905,0.0
1271,5.955,0.0
1272,5.995,0.0
1273,6.025,0.0
1274,6.075,0.0
1275,6.095,0.0
1276,6.145,0.0
1277,6.175,0.0
1278,6.205,0.0
1279,6.255,0.0
1280,6.28,0.0
1281,6.305,0.0
1282,6.34,0.0
1283,6.4,0.0
1284,6.43,0.0
1285,6.47,0.0
1286,6.51,0.0
1287,6.56,0.0
1288,6.61,0.0
1289,6.66,0.0
1290,6.68,0.0
1291,6.745,0.0
1292,6.78,0.0
1293,6.81,0.0
1294,6.845,0.0
1295,6.89,0.0
1296,6.94,0.0
1297,6.97,0.0
1298,6.995,0.0
1299,7.005,0.0
1300,7.015,0.0
1301,7.01,0.0
1302,6.985,0.0
1303,6.95,0.0
1304,6.935,0.0
1305,6.885,0.0
1306,6.82,0.0
1307,6.745,0.0
1308,6.68,0.0
1309,6.585,0.0
1310,6.495,0.0
1311,6.4,0.0
1312,6.33,0.0
1313,6.245,0.0
1314,6.17,0.0
1315,6.08,0.0
1316,6.0,0.0
1317,5.92,0.0
1318,5.835,0.0
1319,5.75,0.0
1320,5.675,0.0
1321,5.625,0.0
1322,5.575,0.0
1323,5.51,0.0
1324,5.465,0.0
1325,5.46,0.0
1326,5.405,0.0
1327,5.365,0.0
1328,5.335,0.0
1329,5.325,0.0
1330,5.31,0.0
1331,5.285,0.0
1332,5.255,0.0
1333,5.265,0.0
1334,5.26,0.0
1335,5.245,0.0
1336,5.23,0.0
1337,5.245,0.0
1338,5.245,0.0
1339,5.235,0.0
1340,5.22,0.0
1341,5.23,0.0
1342,5.24,0.0
1343,5.24,0.0
1344,5.215,0.0
1345,5.225,0.0
1346,5.235,0.0
1347,5.225,0.0
1348,5.235,0.0
1349,5.23,0.0
1350,5.235,0.0
1351,5.235,0.0
1352,5.235,0.0
1353,5.225,0.0
1354,5.24,0.0
1355,5.235,0.0
1356,5.225,0.0
1357,5.215,0.0
1358,5.23,0.0
1359,5.22,0.0
1360,5.205,0.0
1361,5.195,0.0
1362,5.2,0.0
1363,5.205,0.0
1364,5.19,0.0
1365,5.185,0.0
1366,5.185,0.0
1367,5.18,0.0
1368,5.165,0.0
1369,5.15,0.0
1370,5.15,0.0
1371,5.16,0.0
1372,5.145,0.0
1373,5.135,0.0
1374,5.13,0.0
1375,5.13,0.0
1376,5.125,0.0
1377,5.11,0.0
1378,5.09,0.0
1379,5.11,0.0
1380,5.1,0.0
1381,5.105,0.0
1382,5.09,0.0
1383,5.09,0.0
1384,5.105,0.0
1385,5.075,0.0
1386,5.065,0.0
1387,5.07,0.0
1388,5.08,0.0
1389,5.065,0.0
1390,5.05,0.0
1391,5.055,0.0
1392,5.065,0.0
1393,5.06,0.0
1394,5.05,0.0
1395,5.05,0.0
1396,5.065,0.0
1397,5.05,0.0
1398,5.045,0.0
1399,5.04,0.0
1400,5.035,0.0
1401,5.045,0.0
1402,5.03,0.0
1403,5.025,0.0
1404,5.035,0.0
1405,5.045,0.0
1406,5.03,0.0
1407,5.02,0.0
1408,5.03,0.0
1409,5.035,0.0
1410,5.025,0.0
1411,5.02,0.0
1412,5.02,0.0
1413,5.02,0.0
1414,5.015,0.0
1415,5.01,0.0
1416,5.02,0.0
1417,5.02,0.0
1418,5.02,0.0
1419,5.02,0.0
1420,5.04,0.0
1421,5.1,0.0
1422,5.275,0.0
1423,5.76,0.0
1424,6.025,0.0
1425,6.005,0.0
1426,5.475,0.0
1427,5.39,0.0
1428,5.31,0.0
1429,5.23,0.0
1430,5.09,0.0
1431,4.865,0.0
1432,4.585,0.0
1433,4.295,0.0
1434,3.98,0.0
1435,3.69,0.0
1436,3.42,0.0
1437,3.21,0.0
1438,2.945,0.0
1439,2.65,0.0
1440,2.465,0.0
1441,2.345,0.0
1442,2.25,0.0
1443,2.155,0.0
1444,2.115,0.0
1445,2.11,0.0
1446,2.115,0.0
1447,2.1,0.0
1448,2.09,0.0
1449,2.1,0.0
1450,2.105,0.0
1451,2.15,0.0
1452,2.2,0.0
1453,2.33,0.0
1454,2.525,0.0
1455,2.76,0.0
1456,3.06,0.0
1457,3.42,0.0
1458,3.81,0.0
1459,4.17,0.0
1460,4.48,0.0
1461,4.765,0.0
1462,5.065,0.0
1463,5.31,0.0
1464,5.52,0.0
1465,5.675,0.0
1466,5.78,0.0
1467,5.845,0.0
1468,5.9,0.0
1469,5.945,0.0
1470,6.0,0.0
1471,6.04,0.0
1472,6.08,0.0
1473,6.105,0.0
1474,6.145,0.0
1475,6.16,0.0
1476,6.215,0.0
1477,6.245,0.0
1478,6.28,0.0
1479,6.335,0.0
1480,6.375,0.0
1481,6.395,0.0
1482,6.43,0.0
1483,6.47,0.0
1484,6.515,0.0
1485,6.55,0.0
1486,6.59,0.0
1487,6.635,0.0
1488,6.68,0.0
1489,6.715,0.0
1490,6.75,0.0
1491,6.805,0.0
1492,6.845,0.0
1493,6.87,0.0
1494,6.89,0.0
1495,6.92,0.0
1496,6.95,0.0
1497,6.955,0.0
1498,6.95,0.0
1499,6.94,0.0
1500,6.935,0.0
1501,6.91,0.0
1502,6.875,0.0
1503,6.835,0.0
1504,6.8,0.0
1505,6.735,0.0
1506,6.67,0.0
1507,6.59,0.0
1508,6.525,0.0
1509,6.43,0.0
1510,6.325,0.0
1511,6.225,0.0
1512,6.155,0.0
1513,6.055,0.0
1514,5.965,0.0
1515,5.885,0.0
1516,5.805,0.0
1517,5.745,0.0
1518,5.66,0.0
1519,5.595,0.0
1520,5.55,0.0
1521,5.505,0.0
1522,5.45,0.0
1523,5.39,0.0
1524,5.365,0.0
1525,5.37,0.0
1526,5.315,0.0
1527,5.285,0.0
1528,5.27,0.0
1529,5.27,0.0
1530,5.255,0.0
1531,5.235,0.0
1532,5.23,0.0
1533,5.235,0.0
1534,5.225,0.0
1535,5.215,0.0
1536,5.205,0.0
1537,5.205,0.0
1538,5.215,0.0
1539,5.215,0.0
1540,5.2,0.0
1541,5.21,0.0
1542,5.24,0.0
1543,5.25,0.0
1544,5.24,0.0
1545,5.255,0.0
1546,5.27,0.0
1547,5.265,0.0
1548,5.24,0.0
1549,5.245,0.0
1550,5.25,0.0
1551,5.255,0.0
1552,5.245,0.0
1553,5.24,0.0
1554,5.25,0.0
1555,5.24,0.0
1556,5.21,0.0
1557,5.18,0.0
1558,5.175,0.0
1559,5.16,0.0
1560,5.14,0.0
1561,5.12,0.0
1562,5.115,0.0
1563,5.115,0.0
1564,5.095,0.0
1565,5.095,0.0
1566,5.11,0.0
1567,5.125,0.0
1568,5.115,0.0
1569,5.095,0.0
1570,5.09,0.0
1571,5.105,0.0
1572,5.085,0.0
1573,5.08,0.0
1574,5.075,0.0
1575,5.09,0.0
1576,5.07,0.0
1577,5.05,0.0
1578,5.045,0.0
1579,5.055,0.0
1580,5.055,0.0
1581,5.04,0.0
1582,5.03,0.0
1583,5.03,0.0
1584,5.04,0.0
1585,5.02,0.0
1586,5.01,0.0
1587,5.005,0.0
1588,5.005,0.0
1589,5.005,0.0
1590,5.0,0.0
1591,5.005,0.0
1592,5.01,0.0
1593,4.995,0.0
1594,4.99,0.0
1595,4.99,0.0
1596,5.015,0.0
1597,4.995,0.0
1598,4.975,0.0
1599,4.975,0.0
1600,4.975,0.0
1601,4.995,0.0
1602,4.98,0.0
1603,4.975,0.0
1604,4.99,0.0
1605,4.99,0.0
1606,4.985,0.0
1607,4.975,0.0
1608,4.99,0.0
1609,4.995,0.0
1610,4.98,0.0
1611,4.97,0.0
1612,4.98,0.0
1613,4.985,0.0
1614,4.975,0.0
1615,4.965,0.0
1616,4.975,0.0
1617,4.98,0.0
1618,4.975,0.0
1619,4.965,0.0
1620,4.97,0.0
1621,4.99,0.0
1622,4.98,0.0
1623,4.975,0.0
1624,4.985,0.0
1625,5.0,0.0
1626,5.015,0.0
1627,5.095,0.0
1628,5.48,0.0
1629,5.925,0.0
1630,5.78,0.0
1631,5.485,0.0
1632,5.39,0.0
1633,5.345,0.0
1634,5.285,0.0
1635,5.215,0.0
1636,5.115,0.0
1637,4.97,0.0
1638,4.74,0.0
1639,4.42,0.0
1640,4.07,0.0
1641,3.735,0.0
1642,3.385,0.0
1643,3.045,0.0
1644,2.825,0.0
1645,2.665,0.0
1646,2.555,0.0
1647,2.48,0.0
1648,2.39,0.0
1649,2.285,0.0
1650,2.25,0.0
1651,2.165,0.0
1652,2.14,0.0
1653,2.1,0.0
1654,2.105,0.0
1655,2.095,0.0
1656,2.08,0.0
1657,2.085,0.0
1658,2.11,0.0
1659,2.14,0.0
1660,2.18,0.0
1661,2.26,0.0
1662,2.405,0.0
1663,2.585,0.0
1664,2.785,0.0
1665,3.01,0.0
1666,3.295,0.0
1667,3.605,0.0
1668,3.895,0.0
1669,4.15,0.0
1670,4.425,0.0
1671,4.69,0.0
1672,4.92,0.0
1673,5.125,0.0
1674,5.31,0.0
1675,5.37,0.0
1676,5.645,0.0
1677,5.73,0.0
1678,5.805,0.0
1679,5.875,0.0
1680,5.93,0.0
1681,5.97,0.0
1682,6.005,0.0
1683,6.065,0.0
1684,6.1,0.0
1685,6.15,0.0
1686,6.185,0.0
1687,6.24,0.0
1688,6.285,0.0
1689,6.33,0.0
1690,6.365,0.0
1691,6.43,0.0
1692,6.475,0.0
1693,6.515,0.0
1694,6.555,0.0
1695,6.62,0.0
1696,6.665,0.0
1697,6.71,0.0
1698,6.745,0.0
1699,6.795,0.0
1700,6.81,0.0
1701,6.875,0.0
1702,6.91,0.0
1703,6.95,0.0
1704,6.995,0.0
1705,7.015,0.0
1706,7.035,0.0
1707,7.055,0.0
1708,7.08,0.0
1709,7.1,0.0
1710,7.095,0.0
1711,7.08,0.0
1712,7.09,0.0
1713,7.07,0.0
1714,7.03,0.0
1715,6.98,0.0
1716,6.95,0.0
1717,6.91,0.0
1718,6.825,0.0
1719,6.765,0.0
1720,6.705,0.0
1721,6.64,0.0
1722,6.56,0.0
1723,6.465,0.0
1724,6.395,0.0
1725,6.375,0.0
1726,6.24,0.0
1727,6.15,0.0
1728,6.07,0.0
1729,6.02,0.0
1730,5.925,0.0
1731,5.855,0.0
1732,5.78,0.0
1733,5.735,0.0
1734,5.68,0.0
1735,5.62,0.0
1736,5.565,0.0
1737,5.53,0.0
1738,5.49,0.0
1739,5.45,0.0
1740,5.405,0.0
1741,5.385,0.0
1742,5.355,0.0
1743,5.335,0.0
1744,5.305,0.0
1745,5.28,0.0
1746,5.27,0.0
1747,5.24,0.0
1748,5.215,0.0
1749,5.205,0.0
1750,5.21,0.0
1751,5.19,0.0
1752,5.17,0.0
1753,5.16,0.0
1754,5.17,0.0
1755,5.155,0.0
1756,5.15,0.0
1757,5.13,0.0
1758,5.155,0.0
1759,5.155,0.0
1760,5.14,0.0
1761,5.135,0.0
1762,5.14,0.0
1763,5.14,0.0
1764,5.13,0.0
1765,5.125,0.0
1766,5.13,0.0
1767,5.14,0.0
1768,5.13,0.0
1769,5.12,0.0
1770,5.14,0.0
1771,5.15,0.0
1772,5.13,0.0
1773,5.115,0.0
1774,5.13,0.0
1775,5.135,0.0
1776,5.14,0.0
1777,5.125,0.0
1778,5.12,0.0
1779,5.125,0.0
1780,5.12,0.0
1781,5.115,0.0
1782,5.105,0.0
1783,5.125,0.0
1784,5.125,0.0
1785,5.105,0.0
1786,5.095,0.0
1787,5.095,0.0
1788,5.095,0.0
1789,5.09,0.0
1790,5.08,0.0
1791,5.07,0.0
1792,5.085,0.0
1793,5.07,0.0
1794,5.05,0.0
1795,5.055,0.0
1796,5.06,0.0
1797,5.05,0.0
1798,5.04,0.0
1799,5.04,0.0
1800,5.05,0.0
1801,5.04,0.0
1802,5.025,0.0
1803,5.015,0.0
1804,5.03,0.0
1805,5.03,0.0
1806,5.01,0.0
1807,5.0,0.0
1808,5.02,0.0
1809,5.025,0.0
1810,5.0,0.0
1811,4.99,0.0
1812,5.01,0.0
1813,5.01,0.0
1814,5.015,0.0
1815,5.015,0.0
1816,5.04,0.0
1817,5.045,0.0
1818,5.04,0.0
1819,5.03,0.0
1820,5.03,0.0
1821,5.045,0.0
1822,5.04,0.0
1823,5.025,0.0
1824,5.03,0.0
1825,5.035,0.0
1826,5.02,0.0
1827,4.995,0.0
1828,4.98,0.0
1829,4.97,0.0
1830,4.955,0.0
1831,4.945,0.0
1832,4.93,0.0
1833,4.935,0.0
1834,4.93,0.0
1835,4.915,0.0
1836,4.915,0.0
1837,4.945,0.0
1838,4.955,0.0
1839,4.945,0.0
1840,4.935,0.0
1841,4.955,0.0
1842,4.96,0.0
1843,4.98,0.0
1844,5.06,0.0
1845,5.395,0.0
1846,5.84,0.0
1847,5.74,0.0
1848,5.445,0.0
1849,5.355,0.0
1850,5.335,0.0
1851,5.29,0.0
1852,5.225,0.0
1853,5.14,0.0
1854,5.01,0.0
1855,4.79,0.0
1856,4.51,0.0
1857,4.195,0.0
1858,3.92,0.0
1859,3.6,0.0
1860,3.33,0.0
1861,3.155,0.0
1862,3.035,0.0
1863,2.92,0.0
1864,2.77,0.0
1865,2.58,0.0
1866,2.425,0.0
1867,2.335,0.0
1868,2.28,0.0
1869,2.2,0.0
1870,2.16,0.0
1871,2.135,0.0
1872,2.105,0.0
1873,2.09,0.0
1874,2.09,0.0
1875,2.095,0.0
1876,2.125,0.0
1877,2.18,0.0
1878,2.29,0.0
1879,2.445,0.0
1880,2.625,0.0
1881,2.835,0.0
1882,3.115,0.0
1883,3.45,0.0
1884,3.79,0.0
1885,4.09,0.0
1886,4.41,0.0
1887,4.695,0.0
1888,4.95,0.0
1889,5.175,0.0
1890,5.36,0.0
1891,5.53,0.0
1892,5.655,0.0
1893,5.745,0.0
1894,5.8,0.0
1895,5.865,0.0
1896,5.93,0.0
1897,5.97,0.0
1898,6.0,0.0
1899,6.055,0.0
1900,6.075,0.0
1901,6.145,0.0
1902,6.17,0.0
1903,6.215,0.0
1904,6.27,0.0
1905,6.305,0.0
1906,6.345,0.0
1907,6.39,0.0
1908,6.44,0.0
1909,6.48,0.0
1910,6.52,0.0
1911,6.565,0.0
1912,6.625,0.0
1913,6.675,0.0
1914,6.705,0.0
1915,6.75,0.0
1916,6.8,0.0
1917,6.85,0.0
1918,6.87,0.0
1919,6.91,0.0
1920,6.95,0.0
1921,6.995,0.0
1922,7.01,0.0
1923,7.0,0.0
1924,7.03,0.0
1925,7.04,0.0
1926,7.03,0.0
1927,6.995,0.0
1928,6.985,0.0
1929,6.975,0.0
1930,6.92,0.0
1931,6.855,0.0
1932,6.8,0.0
1933,6.75,0.0
1934,6.695,0.0
1935,6.6,0.0
1936,6.525,0.0
1937,6.455,0.0
1938,6.375,0.0
1939,6.28,0.0
1940,6.195,0.0
1941,6.115,0.0
1942,6.04,0.0
1943,5.955,0.0
1944,5.89,0.0
1945,5.82,0.0
1946,5.76,0.0
1947,5.685,0.0
1948,5.605,0.0
1949,5.565,0.0
1950,5.545,0.0
1951,5.47,0.0
1952,5.41,0.0
1953,5.355,0.0
1954,5.355,0.0
1955,5.32,0.0
1956,5.28,0.0
1957,5.255,0.0
1958,5.235,0.0
1959,5.225,0.0
1960,5.19,0.0
1961,5.17,0.0
1962,5.16,0.0
1963,5.155,0.0
1964,5.14,0.0
1965,5.115,0.0
1966,5.125,0.0
1967,5.125,0.0
1968,5.105,0.0
1969,5.09,0.0
1970,5.105,0.0
1971,5.1,0.0
1972,5.095,0.0
1973,5.08,0.0
1974,5.09,0.0
1975,5.09,0.0
1976,5.1,0.0
1977,5.085,0.0
1978,5.085,0.0
1979,5.1,0.0
1980,5.1,0.0
1981,5.1,0.0
1982,5.08,0.0
1983,5.105,0.0
1984,5.11,0.0
1985,5.09,0.0
1986,5.09,0.0
1987,5.095,0.0
1988,5.1,0.0
1989,5.105,0.0
1990,5.08,0.0
1991,5.095,0.0
1992,5.105,0.0
1993,5.105,0.0
1994,5.09,0.0
1995,5.09,0.0
1996,5.105,0.0
1997,5.085,0.0
1998,5.085,0.0
1999,5.08,0.0
2000,5.075,0.0
2001,5.07,0.0
2002,5.055,0.0
2003,5.045,0.0
2004,5.055,0.0
2005,5.045,0.0
2006,5.03,0.0
2007,5.025,0.0
2008,5.035,0.0
2009,5.03,0.0
2010,5.01,0.0
2011,5.005,0.0
2012,5.02,0.0
2013,5.015,0.0
2014,5.005,0.0
2015,4.985,0.0
2016,4.98,0.0
2017,4.995,0.0
2018,4.975,0.0
2019,4.97,0.0
2020,4.97,0.0
2021,4.99,0.0
2022,4.97,0.0
2023,4.95,0.0
2024,4.96,0.0
2025,4.965,0.0
2026,4.965,0.0
2027,4.935,0.0
2028,4.945,0.0
2029,4.95,0.0
2030,4.965,0.0
2031,4.945,0.0
2032,4.935,0.0
2033,4.935,0.0
2034,4.94,0.0
2035,4.925,0.0
2036,4.925,0.0
2037,4.93,0.0
2038,4.935,0.0
2039,4.92,0.0
2040,4.92,0.0
2041,4.925,0.0
2042,4.92,0.0
2043,4.92,0.0
2044,4.9,0.0
2045,4.915,0.0
2046,4.935,0.0
2047,4.92,0.0
2048,4.895,0.0
2049,4.905,0.0
2050,4.915,0.0
2051,4.91,0.0
2052,4.905,0.0
2053,4.905,0.0
2054,4.925,0.0
2055,4.955,0.0
2056,5.04,0.0
2057,5.4,0.0
2058,5.825,0.0
2059,5.73,0.0
2060,5.42,0.0
2061,5.315,0.0
2062,5.265,0.0
2063,5.225,0.0
2064,5.165,0.0
2065,5.06,0.0
2066,4.89,0.0
2067,4.595,0.0
2068,4.23,0.0
2069,3.87,0.0
2070,3.485,0.0
2071,3.125,0.0
2072,2.825,0.0
2073,2.585,0.0
2074,2.455,0.0
2075,2.42,0.0
2076,2.195,0.0
2077,2.09,0.0
2078,2.045,0.0
2079,2.03,0.0
2080,2.01,0.0
2081,1.995,0.0
2082,1.99,0.0
2083,2.0,0.0
2084,2.005,0.0
2085,2.005,0.0
2086,2.02,0.0
2087,2.07,0.0
2088,2.17,0.0
2089,2.305,0.0
2090,2.515,0.0
2091,2.775,0.0
2092,3.125,0.0
2093,3.48,0.0
2094,3.785,0.0
2095,4.115,0.0
2096,4.45,0.0
2097,4.725,0.0
2098,4.955,0.0
2099,5.19,0.0
2100,5.265,0.0
2101,5.575,0.0
2102,5.66,0.0
2103,5.74,0.0
2104,5.805,0.0
2105,5.845,0.0
2106,5.87,0.0
2107,5.915,0.0
2108,5.965,0.0
2109,6.0,0.0
2110,6.015,0.0
2111,6.045,0.0
2112,6.09,0.0
2113,6.125,0.0
2114,6.135,0.0
2115,6.175,0.0
2116,6.22,0.0
2117,6.265,0.0
2118,6.29,0.0
2119,6.325,0.0
2120,6.37,0.0
2121,6.415,0.0
2122,6.455,0.0
2123,6.49,0.0
2124,6.535,0.0
2125,6.555,0.0
2126,6.62,0.0
2127,6.64,0.0
2128,6.68,0.0
2129,6.73,0.0
2130,6.765,0.0
2131,6.795,0.0
2132,6.82,0.0
2133,6.855,0.0
2134,6.87,0.0
2135,6.88,0.0
2136,6.875,0.0
2137,6.89,0.0
2138,6.89,0.0
2139,6.865,0.0
2140,6.825,0.0
2141,6.81,0.0
2142,6.77,0.0
2143,6.725,0.0
2144,6.64,0.0
2145,6.57,0.0
2146,6.51,0.0
2147,6.415,0.0
2148,6.33,0.0
2149,6.24,0.0
2150,6.215,0.0
2151,6.055,0.0
2152,5.95,0.0
2153,5.885,0.0
2154,5.815,0.0
2155,5.735,0.0
2156,5.645,0.0
2157,5.59,0.0
2158,5.545,0.0
2159,5.48,0.0
2160,5.415,0.0
2161,5.37,0.0
2162,5.34,0.0
2163,5.31,0.0
2164,5.265,0.0
2165,5.23,0.0
2166,5.22,0.0
2167,5.205,0.0
2168,5.175,0.0
2169,5.15,0.0
2170,5.155,0.0
2171,5.145,0.0
2172,5.145,0.0
2173,5.125,0.0
2174,5.125,0.0
2175,5.12,0.0
2176,5.14,0.0
2177,5.12,0.0
2178,5.115,0.0
2179,5.135,0.0
2180,5.125,0.0
2181,5.11,0.0
2182,5.12,0.0
2183,5.125,0.0
2184,5.12,0.0
2185,5.115,0.0
2186,5.11,0.0
2187,5.11,0.0
2188,5.125,0.0
2189,5.12,0.0
2190,5.105,0.0
2191,5.115,0.0
2192,5.12,0.0
2193,5.11,0.0
2194,5.095,0.0
2195,5.11,0.0
2196,5.105,0.0
2197,5.1,0.0
2198,5.08,0.0
2199,5.085,0.0
2200,5.09,0.0
2201,5.08,0.0
2202,5.06,0.0
2203,5.055,0.0
2204,5.065,0.0
2205,5.06,0.0
2206,5.04,0.0
2207,5.04,0.0
2208,5.055,0.0
2209,5.04,0.0
2210,5.01,0.0
2211,5.0,0.0
2212,5.01,0.0
2213,5.015,0.0
2214,4.99,0.0
2215,4.98,0.0
2216,4.99,0.0
2217,4.99,0.0
2218,4.985,0.0
2219,4.95,0.0
2220,4.965,0.0
2221,4.975,0.0
2222,4.965,0.0
2223,4.94,0.0
2224,4.955,0.0
2225,4.96,0.0
2226,4.955,0.0
2227,4.935,0.0
2228,4.94,0.0
2229,4.935,0.0
2230,4.94,0.0
2231,4.93,0.0
2232,4.925,0.0
2233,4.93,0.0
2234,4.93,0.0
2235,4.915,0.0
2236,4.905,0.0
2237,4.92,0.0
2238,4.92,0.0
2239,4.915,0.0
2240,4.905,0.0
2241,4.905,0.0
2242,4.92,0.0
2243,4.905,0.0
2244,4.885,0.0
2245,4.895,0.0
2246,4.91,0.0
2247,4.9,0.0
2248,4.89,0.0
2249,4.885,0.0
2250,4.885,0.0
2251,4.895,0.0
2252,4.88,0.0
2253,4.88,0.0
2254,4.89,0.0
2255,4.88,0.0
2256,4.88,0.0
2257,4.885,0.0
2258,4.89,0.0
2259,4.89,0.0
2260,4.885,0.0
2261,4.885,0.0
2262,4.925,0.0
2263,4.975,0.0
2264,5.2,0.0
2265,5.705,0.0
2266,5.805,0.0
2267,5.46,0.0
2268,5.295,0.0
2269,5.225,0.0
2270,5.185,0.0
2271,5.12,0.0
2272,5.02,0.0
2273,4.82,0.0
2274,4.545,0.0
2275,4.45,0.0
2276,3.845,0.0
2277,3.45,0.0
2278,3.115,0.0
2279,2.85,0.0
2280,2.645,0.0
2281,2.47,0.0
2282,2.36,0.0
2283,2.235,0.0
2284,2.135,0.0
2285,2.06,0.0
2286,2.035,0.0
2287,2.02,0.0
2288,2.005,0.0
2289,1.99,0.0
2290,1.99,0.0
2291,2.005,0.0
2292,2.015,0.0
2293,2.02,0.0
2294,2.04,0.0
2295,2.12,0.0
2296,2.235,0.0
2297,2.39,0.0
2298,2.565,0.0
2299,2.84,0.0
2300,2.94,0.0
2301,3.5,0.0
2302,3.815,0.0
2303,4.15,0.0
2304,4.46,0.0
2305,4.745,0.0
2306,4.975,0.0
2307,5.195,0.0
2308,5.4,0.0
2309,5.585,0.0
2310,5.7,0.0
2311,5.775,0.0
2312,5.84,0.0
2313,5.88,0.0
2314,5.91,0.0
2315,5.945,0.0
2316,5.985,0.0
2317,6.02,0.0
2318,6.04,0.0
2319,6.055,0.0
2320,6.085,0.0
2321,6.11,0.0
2322,6.13,0.0
2323,6.135,0.0
2324,6.19,0.0
2325,6.21,0.0
2326,6.28,0.0
2327,6.31,0.0
2328,6.34,0.0
2329,6.395,0.0
2330,6.415,0.0
2331,6.445,0.0
2332,6.485,0.0
2333,6.535,0.0
2334,6.57,0.0
2335,6.595,0.0
2336,6.635,0.0
2337,6.675,0.0
2338,6.71,0.0
2339,6.73,0.0
2340,6.755,0.0
2341,6.785,0.0
2342,6.805,0.0
2343,6.81,0.0
2344,6.815,0.0
2345,6.825,0.0
2346,6.835,0.0
2347,6.805,0.0
2348,6.775,0.0
2349,6.75,0.0
2350,6.74,0.0
2351,6.665,0.0
2352,6.59,0.0
2353,6.545,0.0
2354,6.475,0.0
2355,6.4,0.0
2356,6.305,0.0
2357,6.22,0.0
2358,6.145,0.0
2359,6.055,0.0
2360,5.955,0.0
2361,5.86,0.0
2362,5.795,0.0
2363,5.725,0.0
2364,5.65,0.0
2365,5.57,0.0
2366,5.52,0.0
2367,5.465,0.0
2368,5.405,0.0
2369,5.345,0.0
2370,5.33,0.0
2371,5.3,0.0
2372,5.25,0.0
2373,5.215,0.0
2374,5.195,0.0
2375,5.195,0.0
2376,5.165,0.0
2377,5.135,0.0
2378,5.125,0.0
2379,5.14,0.0
2380,5.13,0.0
2381,5.11,0.0
2382,5.11,0.0
2383,5.115,0.0
2384,5.115,0.0
2385,5.105,0.0
2386,5.1,0.0
2387,5.11,0.0
2388,5.11,0.0
2389,5.105,0.0
2390,5.1,0.0
2391,5.105,0.0
2392,5.115,0.0
2393,5.11,0.0
2394,5.105,0.0
2395,5.105,0.0
2396,5.12,0.0
2397,5.11,0.0
2398,5.095,0.0
2399,5.095,0.0
2400,5.105,0.0
2401,5.105,0.0
2402,5.085,0.0
2403,5.085,0.0
2404,5.09,0.0
2405,5.085,0.0
2406,5.075,0.0
2407,5.08,0.0
2408,5.08,0.0
2409,5.075,0.0
2410,5.05,0.0
2411,5.05,0.0
2412,5.05,0.0
2413,5.05,0.0
2414,5.035,0.0
2415,5.025,0.0
2416,5.03,0.0
2417,5.03,0.0
2418,5.01,0.0
2419,4.985,0.0
2420,5.0,0.0
2421,5.005,0.0
2422,4.98,0.0
2423,4.97,0.0
2424,4.97,0.0
2425,4.975,0.0
2426,4.965,0.0
2427,4.95,0.0
2428,4.95,0.0
2429,4.955,0.0
2430,4.955,0.0
2431,4.935,0.0
2432,4.94,0.0
2433,4.945,0.0
2434,4.945,0.0
2435,4.935,0.0
2436,4.92,0.0
2437,4.925,0.0
2438,4.935,0.0
2439,4.925,0.0
2440,4.915,0.0
2441,4.92,0.0
2442,4.935,0.0
2443,4.91,0.0
2444,4.905,0.0
2445,4.92,0.0
2446,4.93,0.0
2447,4.915,0.0
2448,4.905,0.0
2449,4.915,0.0
2450,4.92,0.0
2451,4.915,0.0
2452,4.9,0.0
2453,4.91,0.0
2454,4.915,0.0
2455,4.905,0.0
2456,4.885,0.0
2457,4.905,0.0
2458,4.9,0.0
2459,4.915,0.0
2460,4.895,0.0
2461,4.89,0.0
2462,4.91,0.0
2463,4.915,0.0
2464,4.93,0.0
2465,4.965,0.0
2466,5.11,0.0
2467,5.62,0.0
2468,5.96,0.0
2469,5.64,0.0
2470,5.375,0.0
2471,5.315,0.0
2472,5.255,0.0
2473,5.2,0.0
2474,5.145,0.0
2475,5.115,0.0
2476,4.76,0.0
2477,4.415,0.0
2478,4.05,0.0
2479,3.69,0.0
2480,3.315,0.0
2481,3.0,0.0
2482,2.765,0.0
2483,2.605,0.0
2484,2.46,0.0
2485,2.305,0.0
2486,2.155,0.0
2487,2.105,0.0
2488,2.07,0.0
2489,2.025,0.0
2490,2.005,0.0
2491,2.02,0.0
2492,2.005,0.0
2493,2.005,0.0
2494,2.005,0.0
2495,2.035,0.0
2496,2.095,0.0
2497,2.17,0.0
2498,2.3,0.0
2499,2.51,0.0
2500,2.575,0.0
2501,3.05,0.0
2502,3.37,0.0
2503,3.72,0.0
2504,4.045,0.0
2505,4.365,0.0
2506,4.66,0.0
2507,4.935,0.0
2508,5.16,0.0
2509,5.36,0.0
2510,5.525,0.0
2511,5.645,0.0
2512,5.745,0.0
2513,5.8,0.0
2514,5.84,0.0
2515,5.89,0.0
2516,5.94,0.0
2517,5.98,0.0
2518,6.0,0.0
2519,6.035,0.0
2520,6.095,0.0
2521,6.115,0.0
2522,6.145,0.0
2523,6.17,0.0
2524,6.205,0.0
2525,6.215,0.0
2526,6.285,0.0
2527,6.315,0.0
2528,6.37,0.0
2529,6.425,0.0
2530,6.475,0.0
2531,6.505,0.0
2532,6.55,0.0
2533,6.61,0.0
2534,6.66,0.0
2535,6.685,0.0
2536,6.73,0.0
2537,6.8,0.0
2538,6.84,0.0
2539,6.855,0.0
2540,6.885,0.0
2541,6.92,0.0
2542,6.935,0.0
2543,6.93,0.0
2544,6.92,0.0
2545,6.92,0.0
2546,6.92,0.0
2547,6.89,0.0
2548,6.855,0.0
2549,6.825,0.0
2550,6.815,0.0
2551,6.74,0.0
2552,6.68,0.0
2553,6.64,0.0
2554,6.575,0.0
2555,6.485,0.0
2556,6.39,0.0
2557,6.305,0.0
2558,6.225,0.0
2559,6.145,0.0
2560,6.035,0.0
2561,5.955,0.0
2562,5.88,0.0
2563,5.805,0.0
2564,5.72,0.0
2565,5.64,0.0
2566,5.575,0.0
2567,5.53,0.0
2568,5.455,0.0
2569,5.4,0.0
2570,5.36,0.0
2571,5.325,0.0
2572,5.285,0.0
2573,5.235,0.0
2574,5.22,0.0
2575,5.215,0.0
2576,5.185,0.0
2577,5.15,0.0
2578,5.15,0.0
2579,5.145,0.0
2580,5.135,0.0
2581,5.12,0.0
2582,5.12,0.0
2583,5.135,0.0
2584,5.13,0.0
2585,5.105,0.0
2586,5.11,0.0
2587,5.11,0.0
2588,5.12,0.0
2589,5.115,0.0
2590,5.11,0.0
2591,5.125,0.0
2592,5.135,0.0
2593,5.12,0.0
2594,5.11,0.0
2595,5.13,0.0
2596,5.125,0.0
2597,5.125,0.0
2598,5.11,0.0
2599,5.12,0.0
2600,5.125,0.0
2601,5.125,0.0
2602,5.11,0.0
2603,5.115,0.0
2604,5.115,0.0
2605,5.12,0.0
2606,5.105,0.0
2607,5.095,0.0
2608,5.095,0.0
2609,5.09,0.0
2610,5.075,0.0
2611,5.065,0.0
2612,5.065,0.0
2613,5.055,0.0
2614,5.06,0.0
2615,5.04,0.0
2616,5.055,0.0
2617,5.045,0.0
2618,5.025,0.0
2619,5.0,0.0
2620,5.005,0.0
2621,5.025,0.0
2622,5.005,0.0
2623,4.99,0.0
2624,4.995,0.0
2625,5.0,0.0
2626,4.995,0.0
2627,4.98,0.0
2628,4.97,0.0
2629,4.98,0.0
2630,4.98,0.0
2631,4.96,0.0
2632,4.955,0.0
2633,4.96,0.0
2634,4.96,0.0
2635,4.94,0.0
2636,4.93,0.0
2637,4.96,0.0
2638,4.95,0.0
2639,4.94,0.0
2640,4.93,0.0
2641,4.94,0.0
2642,4.94,0.0
2643,4.93,0.0
2644,4.915,0.0
2645,4.93,0.0
2646,4.935,0.0
2647,4.925,0.0
2648,4.905,0.0
2649,4.925,0.0
2650,4.92,0.0
2651,4.92,0.0
2652,4.91,0.0
2653,4.9,0.0
2654,4.91,0.0
2655,4.905,0.0
2656,4.9,0.0
2657,4.895,0.0
2658,4.905,0.0
2659,4.91,0.0
2660,4.9,0.0
2661,4.895,0.0
2662,4.91,0.0
2663,4.91,0.0
2664,4.905,0.0
2665,4.895,0.0
2666,4.92,0.0
2667,4.94,0.0
2668,4.995,0.0
2669,5.3,0.0
2670,5.83,0.0
2671,5.845,0.0
2672,5.475,0.0
2673,5.28,0.0
2674,5.205,0.0
2675,5.18,0.0
2676,5.01,0.0
2677,4.82,0.0
2678,4.61,0.0
2679,4.37,0.0
2680,4.065,0.0
2681,3.765,0.0
2682,3.545,0.0
2683,3.365,0.0
2684,3.17,0.0
2685,2.87,0.0
2686,2.605,0.0
2687,2.44,0.0
2688,2.31,0.0
2689,2.19,0.0
2690,2.095,0.0
2691,2.065,0.0
2692,2.04,0.0
2693,2.02,0.0
2694,1.99,0.0
2695,2.01,0.0
2696,2.01,0.0
2697,2.02,0.0
2698,2.015,0.0
2699,2.08,0.0
2700,2.105,0.0
2701,2.31,0.0
2702,2.49,0.0
2703,2.755,0.0
2704,3.06,0.0
2705,3.38,0.0
2706,3.725,0.0
2707,4.08,0.0
2708,4.375,0.0
2709,4.655,0.0
2710,4.895,0.0
2711,5.11,0.0
2712,5.345,0.0
2713,5.515,0.0
2714,5.625,0.0
2715,5.695,0.0
2716,5.76,0.0
2717,5.815,0.0
2718,5.85,0.0
2719,5.89,0.0
2720,5.95,0.0
2721,5.995,0.0
2722,6.005,0.0
2723,6.04,0.0
2724,6.08,0.0
2725,6.095,0.0
2726,6.145,0.0
2727,6.16,0.0
2728,6.2,0.0
2729,6.24,0.0
2730,6.275,0.0
2731,6.295,0.0
2732,6.34,0.0
2733,6.385,0.0
2734,6.42,0.0
2735,6.45,0.0
2736,6.495,0.0
2737,6.55,0.0
2738,6.58,0.0
2739,6.605,0.0
2740,6.64,0.0
2741,6.685,0.0
2742,6.725,0.0
2743,6.755,0.0
2744,6.77,0.0
2745,6.805,0.0
2746,6.84,0.0
2747,6.86,0.0
2748,6.85,0.0
2749,6.865,0.0
2750,6.87,0.0
2751,6.865,0.0
2752,6.83,0.0
2753,6.81,0.0
2754,6.78,0.0
2755,6.73,0.0
2756,6.655,0.0
2757,6.6,0.0
2758,6.54,0.0
2759,6.48,0.0
2760,6.385,0.0
2761,6.305,0.0
2762,6.235,0.0
2763,6.15,0.0
2764,6.05,0.0
2765,5.955,0.0
2766,5.9,0.0
2767,5.825,0.0
2768,5.735,0.0
2769,5.655,0.0
2770,5.595,0.0
2771,5.555,0.0
2772,5.485,0.0
2773,5.415,0.0
2774,5.365,0.0
2775,5.35,0.0
2776,5.28,0.0
2777,5.225,0.0
2778,5.2,0.0
2779,5.18,0.0
2780,5.155,0.0
2781,5.115,0.0
2782,5.095,0.0
2783,5.105,0.0
2784,5.11,0.0
2785,5.11,0.0
2786,5.1,0.0
2787,5.1,0.0
2788,5.11,0.0
2789,5.09,0.0
2790,5.08,0.0
2791,5.095,0.0
2792,5.1,0.0
2793,5.095,0.0
2794,5.08,0.0
2795,5.095,0.0
2796,5.095,0.0
2797,5.095,0.0
2798,5.08,0.0
2799,5.1,0.0
2800,5.11,0.0
2801,5.105,0.0
2802,5.09,0.0
2803,5.09,0.0
2804,5.1,0.0
2805,5.1,0.0
2806,5.09,0.0
2807,5.075,0.0
2808,5.085,0.0
2809,5.08,0.0
2810,5.07,0.0
2811,5.06,0.0
2812,5.06,0.0
2813,5.06,0.0
2814,5.055,0.0
2815,5.025,0.0
2816,5.04,0.0
2817,5.035,0.0
2818,5.02,0.0
2819,5.005,0.0
2820,5.005,0.0
2821,5.01,0.0
2822,5.0,0.0
2823,4.98,0.0
2824,4.985,0.0
2825,4.99,0.0
2826,4.99,0.0
2827,4.975,0.0
2828,4.965,0.0
2829,4.98,0.0
2830,4.965,0.0
2831,4.955,0.0
2832,4.955,0.0
2833,4.96,0.0
2834,4.96,0.0
2835,4.95,0.0
2836,4.945,0.0
2837,4.96,0.0
2838,4.965,0.0
2839,4.945,0.0
2840,4.94,0.0
2841,4.94,0.0
2842,4.955,0.0
2843,4.955,0.0
2844,4.93,0.0
2845,4.95,0.0
2846,4.95,0.0
2847,4.95,0.0
2848,4.925,0.0
2849,4.935,0.0
2850,4.94,0.0
2851,4.935,0.0
2852,4.925,0.0
2853,4.925,0.0
2854,4.935,0.0
2855,4.94,0.0
2856,4.93,0.0
2857,4.92,0.0
2858,4.93,0.0
2859,4.925,0.0
2860,4.91,0.0
2861,4.91,0.0
2862,4.92,0.0
2863,4.925,0.0
2864,4.915,0.0
2865,4.9,0.0
2866,4.91,0.0
2867,4.925,0.0
2868,4.92,0.0
2869,4.915,0.0
2870,4.935,0.0
2871,4.995,0.0
2872,5.225,0.0
2873,5.73,0.0
2874,5.885,0.0
2875,5.82,0.0
2876,5.345,0.0
2877,5.285,0.0
2878,5.225,0.0
2879,5.18,0.0
2880,5.06,0.0
2881,4.86,0.0
2882,4.59,0.0
2883,4.25,0.0
2884,3.88,0.0
2885,3.47,0.0
2886,3.09,0.0
2887,2.845,0.0
2888,2.665,0.0
2889,2.5,0.0
2890,2.4,0.0
2891,2.305,0.0
2892,2.195,0.0
2893,2.11,0.0
2894,2.065,0.0
2895,2.045,0.0
2896,2.035,0.0
2897,2.02,0.0
2898,2.0,0.0
2899,2.015,0.0
2900,2.02,0.0
2901,2.04,0.0
2902,2.055,0.0
2903,2.135,0.0
2904,2.25,0.0
2905,2.415,0.0
2906,2.61,0.0
2907,2.87,0.0
2908,3.2,0.0
2909,3.54,0.0
2910,3.835,0.0
2911,4.165,0.0
2912,4.49,0.0
2913,4.765,0.0
2914,4.99,0.0
2915,5.185,0.0
2916,5.385,0.0
2917,5.55,0.0
2918,5.67,0.0
2919,5.735,0.0
2920,5.81,0.0
2921,5.855,0.0
2922,5.905,0.0
2923,5.93,0.0
2924,5.985,0.0
2925,6.0,0.0
2926,6.07,0.0
2927,6.095,0.0
2928,6.13,0.0
2929,6.185,0.0
2930,6.21,0.0
2931,6.24,0.0
2932,6.275,0.0
2933,6.33,0.0
2934,6.37,0.0
2935,6.41,0.0
2936,6.455,0.0
2937,6.51,0.0
2938,6.56,0.0
2939,6.595,0.0
2940,6.635,0.0
2941,6.685,0.0
2942,6.735,0.0
2943,6.76,0.0
2944,6.8,0.0
2945,6.85,0.0
2946,6.885,0.0
2947,6.915,0.0
2948,6.935,0.0
2949,6.96,0.0
2950,6.97,0.0
2951,6.98,0.0
2952,6.97,0.0
2953,6.965,0.0
2954,6.95,0.0
2955,6.91,0.0
2956,6.855,0.0
2957,6.81,0.0
2958,6.755,0.0
2959,6.695,0.0
2960,6.61,0.0
2961,6.525,0.0
2962,6.465,0.0
2963,6.385,0.0
2964,6.28,0.0
2965,6.185,0.0
2966,6.11,0.0
2967,6.035,0.0
2968,5.94,0.0
2969,5.855,0.0
2970,5.8,0.0
2971,5.74,0.0
2972,5.675,0.0
2973,5.605,0.0
2974,5.565,0.0
2975,5.55,0.0
2976,5.475,0.0
2977,5.41,0.0
2978,5.365,0.0
2979,5.325,0.0
2980,5.295,0.0
2981,5.25,0.0
2982,5.21,0.0
2983,5.195,0.0
2984,5.16,0.0
2985,5.12,0.0
2986,5.105,0.0
2987,5.095,0.0
2988,5.09,0.0
2989,5.09,0.0
2990,5.095,0.0
2991,5.115,0.0
2992,5.105,0.0
2993,5.09,0.0
2994,5.08,0.0
2995,5.085,0.0
2996,5.095,0.0
2997,5.085,0.0
2998,5.07,0.0
2999,5.08,0.0
3000,5.09,0.0
3001,5.09,0.0
3002,5.085,0.0
3003,5.085,0.0
3004,5.1,0.0
3005,5.11,0.0
3006,5.09,0.0
3007,5.08,0.0
3008,5.09,0.0
3009,5.095,0.0
3010,5.09,0.0
3011,5.08,0.0
3012,5.085,0.0
3013,5.095,0.0
3014,5.075,0.0
3015,5.065,0.0
3016,5.065,0.0
3017,5.08,0.0
3018,5.06,0.0
3019,5.05,0.0
3020,5.045,0.0
3021,5.05,0.0
3022,5.05,0.0
3023,5.025,0.0
3024,5.025,0.0
3025,5.03,0.0
3026,5.025,0.0
3027,5.0,0.0
3028,4.995,0.0
3029,5.01,0.0
3030,5.005,0.0
3031,5.0,0.0
3032,4.985,0.0
3033,5.0,0.0
3034,4.995,0.0
3035,4.975,0.0
3036,4.975,0.0
3037,4.985,0.0
3038,4.975,0.0
3039,4.96,0.0
3040,4.96,0.0
3041,4.975,0.0
3042,4.97,0.0
3043,4.96,0.0
3044,4.955,0.0
3045,4.955,0.0
3046,4.97,0.0
3047,4.96,0.0
3048,4.945,0.0
3049,4.95,0.0
3050,4.955,0.0
3051,4.95,0.0
3052,4.935,0.0
3053,4.94,0.0
3054,4.94,0.0
3055,4.94,0.0
3056,4.935,0.0
3057,4.94,0.0
3058,4.94,0.0
3059,4.94,0.0
3060,4.93,0.0
3061,4.915,0.0
3062,4.93,0.0
3063,4.935,0.0
3064,4.93,0.0
3065,4.925,0.0
3066,4.94,0.0
3067,4.94,0.0
3068,4.93,0.0
3069,4.925,0.0
3070,4.94,0.0
3071,4.945,0.0
3072,4.965,0.0
3073,5.01,0.0
3074,5.305,0.0
3075,5.44,0.0
3076,5.915,0.0
3077,5.545,0.0
3078,5.38,0.0
3079,5.34,0.0
3080,5.275,0.0
3081,5.195,0.0
3082,5.095,0.0
3083,4.925,0.0
3084,4.675,0.0
3085,4.315,0.0
3086,3.955,0.0
3087,3.595,0.0
3088,3.265,0.0
3089,2.985,0.0
3090,2.765,0.0
3091,2.62,0.0
3092,2.51,0.0
3093,2.375,0.0
3094,2.245,0.0
3095,2.155,0.0
3096,2.125,0.0
3097,2.09,0.0
3098,2.065,0.0
3099,2.05,0.0
3100,2.045,0.0
3101,2.045,0.0
3102,2.045,0.0
3103,2.05,0.0
3104,2.085,0.0
3105,2.145,0.0
3106,2.235,0.0
3107,2.395,0.0
3108,2.58,0.0
3109,2.795,0.0
3110,3.055,0.0
3111,3.365,0.0
3112,3.705,0.0
3113,4.01,0.0
3114,4.305,0.0
3115,4.595,0.0
3116,4.875,0.0
3117,5.09,0.0
3118,5.285,0.0
3119,5.455,0.0
3120,5.615,0.0
3121,5.71,0.0
3122,5.76,0.0
3123,5.805,0.0
3124,5.85,0.0
3125,5.875,0.0
3126,5.95,0.0
3127,5.975,0.0
3128,6.005,0.0
3129,6.055,0.0
3130,6.08,0.0
3131,6.1,0.0
3132,6.125,0.0
3133,6.175,0.0
3134,6.21,0.0
3135,6.24,0.0
3136,6.275,0.0
3137,6.32,0.0
3138,6.365,0.0
3139,6.4,0.0
3140,6.435,0.0
3141,6.495,0.0
3142,6.535,0.0
3143,6.55,0.0
3144,6.585,0.0
3145,6.63,0.0
3146,6.69,0.0
3147,6.725,0.0
3148,6.76,0.0
3149,6.81,0.0
3150,6.83,0.0
3151,6.88,0.0
3152,6.885,0.0
3153,6.915,0.0
3154,6.94,0.0
3155,6.935,0.0
3156,6.92,0.0
3157,6.91,0.0
3158,6.895,0.0
3159,6.86,0.0
3160,6.8,0.0
3161,6.745,0.0
3162,6.7,0.0
3163,6.63,0.0
3164,6.54,0.0
3165,6.455,0.0
3166,6.38,0.0
3167,6.305,0.0
3168,6.22,0.0
3169,6.115,0.0
3170,6.05,0.0
3171,5.975,0.0
3172,5.895,0.0
3173,5.8,0.0
3174,5.755,0.0
3175,5.735,0.0
3176,5.655,0.0
3177,5.59,0.0
3178,5.54,0.0
3179,5.515,0.0
3180,5.47,0.0
3181,5.43,0.0
3182,5.395,0.0
3183,5.39,0.0
3184,5.335,0.0
3185,5.295,0.0
3186,5.26,0.0
3187,5.255,0.0
3188,5.235,0.0
3189,5.2,0.0
3190,5.175,0.0
3191,5.16,0.0
3192,5.16,0.0
3193,5.13,0.0
3194,5.115,0.0
3195,5.115,0.0
3196,5.12,0.0
3197,5.13,0.0
3198,5.125,0.0
3199,5.135,0.0
3200,5.135,0.0
3201,5.13,0.0
3202,5.125,0.0
3203,5.135,0.0
3204,5.135,0.0
3205,5.15,0.0
3206,5.135,0.0
3207,5.135,0.0
3208,5.145,0.0
3209,5.145,0.0
3210,5.13,0.0
3211,5.13,0.0
3212,5.145,0.0
3213,5.15,0.0
3214,5.15,0.0
3215,5.13,0.0
3216,5.14,0.0
3217,5.145,0.0
3218,5.12,0.0
3219,5.12,0.0
3220,5.12,0.0
3221,5.12,0.0
3222,5.12,0.0
3223,5.09,0.0
3224,5.1,0.0
3225,5.105,0.0
3226,5.105,0.0
3227,5.085,0.0
3228,5.08,0.0
3229,5.09,0.0
3230,5.09,0.0
3231,5.065,0.0
3232,5.065,0.0
3233,5.07,0.0
3234,5.065,0.0
3235,5.05,0.0
3236,5.035,0.0
3237,5.045,0.0
3238,5.045,0.0
3239,5.03,0.0
3240,5.025,0.0
3241,5.025,0.0
3242,5.04,0.0
3243,5.03,0.0
3244,5.005,0.0
3245,5.02,0.0
3246,5.02,0.0
3247,5.015,0.0
3248,4.995,0.0
3249,5.02,0.0
3250,5.025,0.0
3251,5.015,0.0
3252,4.99,0.0
3253,5.0,0.0
3254,5.015,0.0
3255,5.015,0.0
3256,4.995,0.0
3257,4.99,0.0
3258,5.005,0.0
3259,5.005,0.0
3260,4.99,0.0
3261,4.975,0.0
3262,5.0,0.0
3263,5.0,0.0
3264,4.985,0.0
3265,4.985,0.0
3266,4.985,0.0
3267,4.995,0.0
3268,4.99,0.0
3269,4.98,0.0
3270,4.985,0.0
3271,4.995,0.0
3272,4.985,0.0
3273,4.96,0.0
3274,4.975,0.0
3275,4.97,0.0
3276,4.98,0.0
3277,4.965,0.0
3278,4.97,0.0
3279,4.985,0.0
3280,4.985,0.0
3281,4.97,0.0
3282,4.965,0.0
3283,4.985,0.0
3284,4.995,0.0
3285,5.0,0.0
3286,5.045,0.0
3287,5.3,0.0
3288,5.795,0.0
3289,5.955,0.0
3290,5.61,0.0
3291,5.435,0.0
3292,5.395,0.0
3293,5.33,0.0
3294,5.28,0.0
3295,5.24,0.0
3296,5.135,0.0
3297,4.965,0.0
3298,4.72,0.0
3299,4.43,0.0
3300,4.335,0.0
3301,3.8,0.0
3302,3.47,0.0
3303,3.175,0.0
3304,2.97,0.0
3305,2.79,0.0
3306,2.635,0.0
3307,2.535,0.0
3308,2.445,0.0
3309,2.32,0.0
3310,2.225,0.0
3311,2.16,0.0
3312,2.15,0.0
3313,2.12,0.0
3314,2.095,0.0
3315,2.08,0.0
3316,2.08,0.0
3317,2.085,0.0
3318,2.09,0.0
3319,2.095,0.0
3320,2.13,0.0
3321,2.195,0.0
3322,2.26,0.0
3323,2.375,0.0
3324,2.555,0.0
3325,2.61,0.0
3326,2.975,0.0
3327,3.255,0.0
3328,3.575,0.0
3329,3.88,0.0
3330,4.175,0.0
3331,4.465,0.0
3332,4.745,0.0
3333,4.99,0.0
3334,5.2,0.0
3335,5.37,0.0
3336,5.54,0.0
3337,5.7,0.0
3338,5.795,0.0
3339,5.85,0.0
3340,5.91,0.0
3341,5.965,0.0
3342,6.01,0.0
3343,6.04,0.0
3344,6.065,0.0
3345,6.11,0.0
3346,6.155,0.0
3347,6.17,0.0
3348,6.2,0.0
3349,6.24,0.0
3350,6.26,0.0
3351,6.32,0.0
3352,6.34,0.0
3353,6.38,0.0
3354,6.42,0.0
3355,6.46,0.0
3356,6.48,0.0
3357,6.52,0.0
3358,6.585,0.0
3359,6.625,0.0
3360,6.66,0.0
3361,6.695,0.0
3362,6.745,0.0
3363,6.8,0.0
3364,6.815,0.0
3365,6.86,0.0
3366,6.91,0.0
3367,6.95,0.0
3368,6.97,0.0
3369,7.0,0.0
3370,7.05,0.0
3371,7.05,0.0
3372,7.07,0.0
3373,7.06,0.0
3374,7.07,0.0
3375,7.075,0.0
3376,7.055,0.0
3377,7.03,0.0
3378,7.0,0.0
3379,6.985,0.0
3380,6.945,0.0
3381,6.885,0.0
3382,6.835,0.0
3383,6.78,0.0
3384,6.72,0.0
3385,6.63,0.0
3386,6.55,0.0
3387,6.48,0.0
3388,6.4,0.0
3389,6.3,0.0
3390,6.215,0.0
3391,6.145,0.0
3392,6.07,0.0
3393,5.98,0.0
3394,5.895,0.0
3395,5.83,0.0
3396,5.765,0.0
3397,5.695,0.0
3398,5.635,0.0
3399,5.6,0.0
3400,5.59,0.0
3401,5.505,0.0
3402,5.455,0.0
3403,5.415,0.0
3404,5.405,0.0
3405,5.37,0.0
3406,5.325,0.0
3407,5.305,0.0
3408,5.295,0.0
3409,5.28,0.0
3410,5.25,0.0
3411,5.235,0.0
3412,5.225,0.0
3413,5.225,0.0
3414,5.205,0.0
3415,5.195,0.0
3416,5.21,0.0
3417,5.2,0.0
3418,5.195,0.0
3419,5.175,0.0
3420,5.185,0.0
3421,5.195,0.0
3422,5.18,0.0
3423,5.17,0.0
3424,5.175,0.0
3425,5.17,0.0
3426,5.175,0.0
3427,5.165,0.0
3428,5.17,0.0
3429,5.17,0.0
3430,5.18,0.0
3431,5.165,0.0
3432,5.16,0.0
3433,5.175,0.0
3434,5.175,0.0
3435,5.165,0.0
3436,5.165,0.0
3437,5.175,0.0
3438,5.18,0.0
3439,5.185,0.0
3440,5.175,0.0
3441,5.19,0.0
3442,5.2,0.0
3443,5.2,0.0
3444,5.19,0.0
3445,5.195,0.0
3446,5.19,0.0
3447,5.185,0.0
3448,5.165,0.0
3449,5.17,0.0
3450,5.175,0.0
3451,5.14,0.0
3452,5.12,0.0
3453,5.105,0.0
3454,5.095,0.0
3455,5.075,0.0
3456,5.06,0.0
3457,5.035,0.0
3458,5.04,0.0
3459,5.035,0.0
3460,5.01,0.0
3461,5.01,0.0
3462,5.025,0.0
3463,5.04,0.0
3464,5.015,0.0
3465,5.01,0.0
3466,5.01,0.0
3467,5.02,0.0
3468,5.02,0.0
3469,5.0,0.0
3470,5.0,0.0
3471,5.01,0.0
3472,5.005,0.0
3473,4.99,0.0
3474,5.0,0.0
3475,5.01,0.0
3476,5.0,0.0
3477,4.985,0.0
3478,4.975,0.0
3479,4.995,0.0
3480,4.99,0.0
3481,4.97,0.0
3482,4.975,0.0
3483,4.975,0.0
3484,4.98,0.0
3485,4.97,0.0
3486,4.96,0.0
3487,4.975,0.0
3488,4.965,0.0
3489,4.965,0.0
3490,4.955,0.0
3491,4.97,0.0
3492,4.965,0.0
3493,4.955,0.0
3494,4.94,0.0
3495,4.965,0.0
3496,4.97,0.0
3497,4.965,0.0
3498,4.945,0.0
3499,4.955,0.0
3500,4.965,0.0
3501,4.965,0.0
3502,4.96,0.0
3503,4.96,0.0
3504,4.985,0.0
3505,5.005,0.0
3506,5.065,0.0
3507,5.395,0.0
3508,5.885,0.0
3509,5.825,0.0
3510,5.5,0.0
3511,5.38,0.0
3512,5.345,0.0
3513,5.295,0.0
3514,5.235,0.0
3515,5.155,0.0
3516,5.02,0.0
3517,4.81,0.0
3518,4.505,0.0
3519,4.155,0.0
3520,3.815,0.0
3521,3.445,0.0
3522,3.08,0.0
3523,2.82,0.0
3524,2.655,0.0
3525,2.615,0.0
3526,2.45,0.0
3527,2.335,0.0
3528,2.23,0.0
3529,2.17,0.0
3530,2.135,0.0
3531,2.09,0.0
3532,2.07,0.0
3533,2.07,0.0
3534,2.065,0.0
3535,2.04,0.0
3536,2.04,0.0
3537,2.075,0.0
3538,2.105,0.0
3539,2.16,0.0
3540,2.24,0.0
3541,2.39,0.0
3542,2.565,0.0
3543,2.75,0.0
3544,2.98,0.0
3545,3.28,0.0
3546,3.6,0.0
3547,3.905,0.0
3548,4.175,0.0
3549,4.45,0.0
3550,4.545,0.0
3551,4.94,0.0
3552,5.135,0.0
3553,5.325,0.0
3554,5.515,0.0
3555,5.665,0.0
3556,5.755,0.0
3557,5.825,0.0
3558,5.9,0.0
3559,5.945,0.0
3560,5.985,0.0
3561,6.035,0.0
3562,6.08,0.0
3563,6.125,0.0
3564,6.155,0.0
3565,6.195,0.0
3566,6.25,0.0
3567,6.3,0.0
3568,6.33,0.0
3569,6.37,0.0
3570,6.425,0.0
3571,6.48,0.0
3572,6.515,0.0
3573,6.56,0.0
3574,6.615,0.0
3575,6.635,0.0
3576,6.715,0.0
3577,6.755,0.0
3578,6.805,0.0
3579,6.85,0.0
3580,6.89,0.0
3581,6.92,0.0
3582,6.96,0.0
3583,7.0,0.0
3584,7.035,0.0
3585,7.05,0.0
3586,7.06,0.0
3587,7.08,0.0
3588,7.09,0.0
3589,7.08,0.0
3590,7.055,0.0
3591,7.045,0.0
3592,7.015,0.0
3593,6.965,0.0
3594,6.915,0.0
3595,6.865,0.0
3596,6.81,0.0
3597,6.735,0.0
3598,6.63,0.0
3599,6.575,0.0
3600,6.555,0.0
3601,6.42,0.0
3602,6.33,0.0
3603,6.255,0.0
3604,6.19,0.0
3605,6.1,0.0
3606,6.0,0.0
3607,5.925,0.0
3608,5.87,0.0
3609,5.8,0.0
3610,5.715,0.0
3611,5.66,0.0
3612,5.615,0.0
3613,5.56,0.0
3614,5.5,0.0
3615,5.465,0.0
3616,5.43,0.0
3617,5.4,0.0
3618,5.355,0.0
3619,5.31,0.0
3620,5.29,0.0
3621,5.285,0.0
3622,5.245,0.0
3623,5.215,0.0
3624,5.205,0.0
3625,5.21,0.0
3626,5.18,0.0
3627,5.15,0.0
3628,5.15,0.0
3629,5.145,0.0
3630,5.145,0.0
3631,5.125,0.0
3632,5.12,0.0
3633,5.13,0.0
3634,5.125,0.0
3635,5.105,0.0
3636,5.09,0.0
3637,5.115,0.0
3638,5.1,0.0
3639,5.08,0.0
3640,5.095,0.0
3641,5.09,0.0
3642,5.1,0.0
3643,5.105,0.0
3644,5.09,0.0
3645,5.1,0.0
3646,5.1,0.0
3647,5.095,0.0
3648,5.085,0.0
3649,5.095,0.0
3650,5.1,0.0
3651,5.105,0.0
3652,5.09,0.0
3653,5.085,0.0
3654,5.1,0.0
3655,5.09,0.0
3656,5.08,0.0
3657,5.085,0.0
3658,5.085,0.0
3659,5.08,0.0
3660,5.065,0.0
3661,5.06,0.0
3662,5.07,0.0
3663,5.07,0.0
3664,5.06,0.0
3665,5.04,0.0
3666,5.045,0.0
3667,5.04,0.0
3668,5.045,0.0
3669,5.02,0.0
3670,5.025,0.0
3671,5.035,0.0
3672,5.025,0.0
3673,5.01,0.0
3674,5.0,0.0
3675,5.01,0.0
3676,5.01,0.0
3677,4.995,0.0
3678,4.985,0.0
3679,4.995,0.0
3680,4.995,0.0
3681,4.985,0.0
3682,4.975,0.0
3683,4.98,0.0
3684,4.995,0.0
3685,4.975,0.0
3686,4.98,0.0
3687,4.99,0.0
3688,5.005,0.0
3689,4.995,0.0
3690,5.0,0.0
3691,5.02,0.0
3692,5.015,0.0
3693,5.02,0.0
3694,5.0,0.0
3695,5.01,0.0
3696,5.005,0.0
3697,4.98,0.0
3698,4.955,0.0
3699,4.955,0.0
3700,4.96,0.0
3701,4.935,0.0
3702,4.92,0.0
3703,4.9,0.0
3704,4.905,0.0
3705,4.9,0.0
3706,4.875,0.0
3707,4.885,0.0
3708,4.905,0.0
3709,4.915,0.0
3710,4.91,0.0
3711,4.905,0.0
3712,4.915,0.0
3713,4.925,0.0
3714,4.925,0.0
3715,4.96,0.0
3716,5.07,0.0
3717,5.5,0.0
3718,5.955,0.0
3719,5.75,0.0
3720,5.445,0.0
3721,5.365,0.0
3722,5.315,0.0
3723,5.255,0.0
3724,5.205,0.0
3725,5.185,0.0
3726,4.94,0.0
3727,4.665,0.0
3728,4.375,0.0
3729,4.085,0.0
3730,3.785,0.0
3731,3.485,0.0
3732,3.275,0.0
3733,3.125,0.0
3734,2.995,0.0
3735,2.835,0.0
3736,2.67,0.0
3737,2.515,0.0
3738,2.375,0.0
3739,2.29,0.0
3740,2.23,0.0
3741,2.18,0.0
3742,2.14,0.0
3743,2.1,0.0
3744,2.075,0.0
3745,2.07,0.0
3746,2.075,0.0
3747,2.105,0.0
3748,2.165,0.0
3749,2.31,0.0
3750,2.355,0.0
3751,2.665,0.0
3752,2.86,0.0
3753,3.16,0.0
3754,3.495,0.0
3755,3.815,0.0
3756,4.115,0.0
3757,4.41,0.0
3758,4.715,0.0
3759,4.965,0.0
3760,5.135,0.0
3761,5.335,0.0
3762,5.51,0.0
3763,5.635,0.0
3764,5.705,0.0
3765,5.765,0.0
3766,5.83,0.0
3767,5.885,0.0
3768,5.93,0.0
3769,5.96,0.0
3770,6.02,0.0
3771,6.065,0.0
3772,6.09,0.0
3773,6.13,0.0
3774,6.175,0.0
3775,6.195,0.0
3776,6.27,0.0
3777,6.3,0.0
3778,6.36,0.0
3779,6.41,0.0
3780,6.46,0.0
3781,6.49,0.0
3782,6.55,0.0
3783,6.61,0.0
3784,6.65,0.0
3785,6.68,0.0
3786,6.725,0.0
3787,6.785,0.0
3788,6.825,0.0
3789,6.86,0.0
3790,6.885,0.0
3791,6.935,0.0
3792,6.96,0.0
3793,6.965,0.0
3794,6.975,0.0
3795,6.98,0.0
3796,6.985,0.0
3797,6.95,0.0
3798,6.92,0.0
3799,6.89,0.0
3800,6.88,0.0
3801,6.785,0.0
3802,6.705,0.0
3803,6.655,0.0
3804,6.595,0.0
3805,6.51,0.0
3806,6.425,0.0
3807,6.345,0.0
3808,6.275,0.0
3809,6.19,0.0
3810,6.09,0.0
3811,6.005,0.0
3812,5.935,0.0
3813,5.86,0.0
3814,5.77,0.0
3815,5.705,0.0
3816,5.645,0.0
3817,5.59,0.0
3818,5.535,0.0
3819,5.475,0.0
3820,5.45,0.0
3821,5.41,0.0
3822,5.36,0.0
3823,5.32,0.0
3824,5.3,0.0
3825,5.295,0.0
3826,5.25,0.0
3827,5.21,0.0
3828,5.2,0.0
3829,5.205,0.0
3830,5.18,0.0
3831,5.155,0.0
3832,5.145,0.0
3833,5.15,0.0
3834,5.15,0.0
3835,5.135,0.0
3836,5.125,0.0
3837,5.125,0.0
3838,5.125,0.0
3839,5.105,0.0
3840,5.1,0.0
3841,5.12,0.0
3842,5.115,0.0
3843,5.11,0.0
3844,5.09,0.0
3845,5.105,0.0
3846,5.12,0.0
3847,5.12,0.0
3848,5.1,0.0
3849,5.115,0.0
3850,5.12,0.0
3851,5.12,0.0
3852,5.115,0.0
3853,5.115,0.0
3854,5.125,0.0
3855,5.125,0.0
3856,5.11,0.0
3857,5.115,0.0
3858,5.12,0.0
3859,5.125,0.0
3860,5.105,0.0
3861,5.105,0.0
3862,5.105,0.0
3863,5.11,0.0
3864,5.105,0.0
3865,5.085,0.0
3866,5.09,0.0
3867,5.09,0.0
3868,5.08,0.0
3869,5.065,0.0
3870,5.07,0.0
3871,5.085,0.0
3872,5.06,0.0
3873,5.035,0.0
3874,5.045,0.0
3875,5.04,0.0
3876,5.035,0.0
3877,5.015,0.0
3878,5.01,0.0
3879,5.015,0.0
3880,5.02,0.0
3881,5.0,0.0
3882,5.005,0.0
3883,5.005,0.0
3884,5.005,0.0
3885,5.0,0.0
3886,4.99,0.0
3887,4.99,0.0
3888,4.995,0.0
3889,4.975,0.0
3890,4.97,0.0
3891,4.985,0.0
3892,4.975,0.0
3893,4.97,0.0
3894,4.965,0.0
3895,4.975,0.0
3896,4.98,0.0
3897,4.97,0.0
3898,4.945,0.0
3899,4.95,0.0
3900,4.96,0.0
3901,4.955,0.0
3902,4.955,0.0
3903,4.955,0.0
3904,4.95,0.0
3905,4.955,0.0
3906,4.94,0.0
3907,4.945,0.0
3908,4.96,0.0
3909,4.96,0.0
3910,4.94,0.0
3911,4.93,0.0
3912,4.95,0.0
3913,4.955,0.0
3914,4.94,0.0
3915,4.94,0.0
3916,4.975,0.0
3917,4.99,0.0
3918,5.02,0.0
3919,5.225,0.0
3920,5.705,0.0
3921,6.01,0.0
3922,5.745,0.0
3923,5.46,0.0
3924,5.41,0.0
3925,5.4,0.0
3926,5.305,0.0
3927,5.24,0.0
3928,5.135,0.0
3929,4.96,0.0
3930,4.68,0.0
3931,4.325,0.0
3932,3.97,0.0
3933,3.625,0.0
3934,3.28,0.0
3935,2.98,0.0
3936,2.745,0.0
3937,2.575,0.0
3938,2.455,0.0
3939,2.31,0.0
3940,2.185,0.0
3941,2.13,0.0
3942,2.085,0.0
3943,2.05,0.0
3944,2.03,0.0
3945,2.025,0.0
3946,2.025,0.0
3947,2.03,0.0
3948,2.02,0.0
3949,2.04,0.0
3950,2.055,0.0
3951,2.14,0.0
3952,2.245,0.0
3953,2.43,0.0
3954,2.64,0.0
3955,2.885,0.0
3956,3.155,0.0
3957,3.47,0.0
3958,3.795,0.0
3959,4.105,0.0
3960,4.4,0.0
3961,4.68,0.0
3962,4.935,0.0
3963,5.14,0.0
3964,5.335,0.0
3965,5.505,0.0
3966,5.65,0.0
3967,5.72,0.0
3968,5.78,0.0
3969,5.82,0.0
3970,5.88,0.0
3971,5.925,0.0
3972,5.965,0.0
3973,5.995,0.0
3974,6.04,0.0
3975,6.06,0.0
3976,6.13,0.0
3977,6.14,0.0
3978,6.2,0.0
3979,6.25,0.0
3980,6.285,0.0
3981,6.315,0.0
3982,6.365,0.0
3983,6.415,0.0
3984,6.465,0.0
3985,6.49,0.0
3986,6.535,0.0
3987,6.6,0.0
3988,6.65,0.0
3989,6.67,0.0
3990,6.715,0.0
3991,6.775,0.0
3992,6.82,0.0
3993,6.845,0.0
3994,6.87,0.0
3995,6.91,0.0
3996,6.945,0.0
3997,6.96,0.0
3998,6.955,0.0
3999,6.965,0.0
4000,6.97,0.0
4001,6.955,0.0
4002,6.92,0.0
4003,6.9,0.0
4004,6.865,0.0
4005,6.81,0.0
4006,6.735,0.0
4007,6.67,0.0
4008,6.61,0.0
4009,6.535,0.0
4010,6.43,0.0
4011,6.335,0.0
4012,6.25,0.0
4013,6.17,0.0
4014,6.075,0.0
4015,5.98,0.0
4016,5.91,0.0
4017,5.83,0.0
4018,5.75,0.0
4019,5.67,0.0
4020,5.605,0.0
4021,5.55,0.0
4022,5.485,0.0
4023,5.42,0.0
4024,5.395,0.0
4025,5.385,0.0
4026,5.325,0.0
4027,5.275,0.0
4028,5.265,0.0
4029,5.25,0.0
4030,5.23,0.0
4031,5.205,0.0
4032,5.19,0.0
4033,5.195,0.0
4034,5.2,0.0
4035,5.18,0.0
4036,5.165,0.0
4037,5.175,0.0
4038,5.175,0.0
4039,5.17,0.0
4040,5.16,0.0
4041,5.17,0.0
4042,5.17,0.0
4043,5.16,0.0
4044,5.15,0.0
4045,5.16,0.0
4046,5.17,0.0
4047,5.155,0.0
4048,5.16,0.0
4049,5.155,0.0
4050,5.16,0.0
4051,5.165,0.0
4052,5.14,0.0
4053,5.145,0.0
4054,5.16,0.0
4055,5.155,0.0
4056,5.14,0.0
4057,5.15,0.0
4058,5.145,0.0
4059,5.14,0.0
4060,5.115,0.0
4061,5.12,0.0
4062,5.125,0.0
4063,5.13,0.0
4064,5.11,0.0
4065,5.09,0.0
4066,5.1,0.0
4067,5.09,0.0
4068,5.08,0.0
4069,5.06,0.0
4070,5.065,0.0
4071,5.075,0.0
4072,5.06,0.0
4073,5.035,0.0
4074,5.045,0.0
4075,5.05,0.0
4076,5.045,0.0
4077,5.03,0.0
4078,5.025,0.0
4079,5.03,0.0
4080,5.03,0.0
4081,5.015,0.0
4082,5.015,0.0
4083,5.01,0.0
4084,5.02,0.0
4085,4.99,0.0
4086,4.995,0.0
4087,5.0,0.0
4088,5.015,0.0
4089,4.99,0.0
4090,4.975,0.0
4091,4.995,0.0
4092,4.99,0.0
4093,4.98,0.0
4094,4.965,0.0
4095,4.985,0.0
4096,4.985,0.0
4097,4.975,0.0
4098,4.96,0.0
4099,4.975,0.0
4100,4.975,0.0
4101,4.97,0.0
4102,4.955,0.0
4103,4.955,0.0
4104,4.965,0.0
4105,4.97,0.0
4106,4.95,0.0
4107,4.96,0.0
4108,4.97,0.0
4109,4.965,0.0
4110,4.955,0.0
4111,4.955,0.0
4112,4.965,0.0
4113,4.965,0.0
4114,4.95,0.0
4115,4.945,0.0
4116,4.965,0.0
4117,4.975,0.0
4118,4.99,0.0
4119,5.13,0.0
4120,5.575,0.0
4121,5.89,0.0
4122,5.625,0.0
4123,5.38,0.0
4124,5.34,0.0
4125,5.325,0.0
4126,5.235,0.0
4127,5.145,0.0
4128,5.02,0.0
4129,4.805,0.0
4130,4.47,0.0
4131,4.105,0.0
4132,3.735,0.0
4133,3.365,0.0
4134,3.03,0.0
4135,2.78,0.0
4136,2.58,0.0
4137,2.475,0.0
4138,2.375,0.0
4139,2.235,0.0
4140,2.155,0.0
4141,2.125,0.0
4142,2.1,0.0
4143,2.075,0.0
4144,2.045,0.0
4145,2.06,0.0
4146,2.055,0.0
4147,2.065,0.0
4148,2.07,0.0
4149,2.105,0.0
4150,2.12,0.0
4151,2.275,0.0
4152,2.43,0.0
4153,2.65,0.0
4154,2.91,0.0
4155,3.225,0.0
4156,3.54,0.0
4157,3.88,0.0
4158,4.2,0.0
4159,4.525,0.0
4160,4.79,0.0
4161,5.035,0.0
4162,5.255,0.0
4163,5.465,0.0
4164,5.62,0.0
4165,5.71,0.0
4166,5.79,0.0
4167,5.85,0.0
4168,5.88,0.0
4169,5.925,0.0
4170,5.975,0.0
4171,6.02,0.0
4172,6.04,0.0
4173,6.065,0.0
4174,6.105,0.0
4175,6.12,0.0
4176,6.16,0.0
4177,6.175,0.0
4178,6.22,0.0
4179,6.25,0.0
4180,6.29,0.0
4181,6.305,1.0
4182,6.345,1.0
4183,6.395,1.0
4184,6.44,1.0
4185,6.46,1.0
4186,6.515,1.0
4187,6.56,1.0
4188,6.6,1.0
4189,6.635,1.0
4190,6.67,1.0
4191,6.715,1.0
4192,6.75,1.0
4193,6.77,1.0
4194,6.805,1.0
4195,6.845,1.0
4196,6.86,1.0
4197,6.89,1.0
4198,6.895,1.0
4199,6.9,1.0
4200,6.905,1.0
4201,6.89,1.0
4202,6.86,1.0
4203,6.825,1.0
4204,6.785,1.0
4205,6.73,1.0
4206,6.645,1.0
4207,6.57,1.0
4208,6.505,1.0
4209,6.41,1.0
4210,6.31,1.0
4211,6.225,1.0
4212,6.135,1.0
4213,6.045,1.0
4214,5.935,1.0
4215,5.85,1.0
4216,5.775,1.0
4217,5.72,1.0
4218,5.65,1.0
4219,5.57,1.0
4220,5.53,1.0
4221,5.48,1.0
4222,5.425,1.0
4223,5.38,1.0
4224,5.35,1.0
4225,5.345,1.0
4226,5.305,1.0
4227,5.275,1.0
4228,5.25,1.0
4229,5.26,1.0
4230,5.245,1.0
4231,5.215,1.0
4232,5.22,1.0
4233,5.225,1.0
4234,5.22,1.0
4235,5.2,1.0
4236,5.19,1.0
4237,5.205,1.0
4238,5.205,1.0
4239,5.185,1.0
4240,5.19,1.0
4241,5.195,1.0
4242,5.185,1.0
4243,5.155,1.0
4244,5.13,1.0
4245,5.1,1.0
4246,5.075,1.0
4247,5.03,1.0
4248,4.995,1.0
4249,5.005,1.0
4250,5.015,1.0
4251,5.06,1.0
4252,5.14,1.0
4253,5.31,1.0
4254,5.525,1.0
4255,5.72,1.0
4256,5.88,1.0
4257,6.095,1.0
4258,6.365,1.0
4259,6.63,1.0
4260,6.865,1.0
4261,7.105,1.0
4262,7.345,1.0
4263,7.53,1.0
4264,7.63,1.0
4265,7.645,1.0
4266,7.605,1.0
4267,7.38,1.0
4268,6.875,1.0
4269,6.06,1.0
4270,5.345,1.0
4271,5.035,1.0
4272,4.955,1.0
4273,4.84,1.0
4274,4.69,1.0
4275,4.655,1.0
4276,4.54,1.0
4277,4.49,1.0
4278,4.46,1.0
4279,4.435,1.0
4280,4.385,1.0
4281,4.335,1.0
4282,4.31,1.0
4283,4.285,1.0
4284,4.265,1.0
4285,4.21,1.0
4286,4.19,1.0
4287,4.18,1.0
4288,4.155,1.0
4289,4.125,1.0
4290,4.095,1.0
4291,4.085,1.0
4292,4.07,1.0
4293,4.035,1.0
4294,4.01,1.0
4295,4.0,1.0
4296,3.975,1.0
4297,3.945,1.0
4298,3.9,1.0
4299,3.905,1.0
4300,3.895,1.0
4301,3.855,1.0
4302,3.81,1.0
4303,3.81,1.0
4304,3.795,1.0
4305,3.77,1.0
4306,3.74,1.0
4307,3.72,1.0
4308,3.715,1.0
4309,3.705,1.0
4310,3.675,1.0
4311,3.665,1.0
4312,3.68,1.0
4313,3.675,1.0
4314,3.665,1.0
4315,3.675,1.0
4316,3.695,1.0
4317,3.715,1.0
4318,3.725,1.0
4319,3.75,1.0
4320,3.8,1.0
4321,3.85,1.0
4322,3.895,1.0
4323,3.95,1.0
4324,4.03,1.0
4325,4.06,1.0
4326,4.185,1.0
4327,4.255,1.0
4328,4.36,1.0
4329,4.455,1.0
4330,4.54,1.0
4331,4.605,1.0
4332,4.685,1.0
4333,4.765,1.0
4334,4.83,1.0
4335,4.865,1.0
4336,4.91,1.0
4337,4.955,1.0
4338,4.975,1.0
4339,4.98,1.0
4340,5.005,1.0
4341,5.04,1.0
4342,5.04,1.0
4343,5.05,1.0
4344,5.035,1.0
4345,5.06,1.0
4346,5.07,1.0
4347,5.06,1.0
4348,5.05,1.0
4349,5.065,1.0
4350,5.07,1.0
4351,5.07,1.0
4352,5.06,1.0
4353,5.065,1.0
4354,5.075,1.0
4355,5.075,1.0
4356,5.065,1.0
4357,5.07,1.0
4358,5.075,1.0
4359,5.08,1.0
4360,5.065,1.0
4361,5.065,1.0
4362,5.08,1.0
4363,5.095,1.0
4364,5.095,1.0
4365,5.1,1.0
4366,5.11,1.0
4367,5.115,1.0
4368,5.105,1.0
4369,5.105,1.0
4370,5.11,1.0
4371,5.12,1.0
4372,5.1,1.0
4373,5.06,1.0
4374,5.07,1.0
4375,5.065,1.0
4376,5.05,1.0
4377,5.02,1.0
4378,5.02,1.0
4379,5.02,1.0
4380,5.015,1.0
4381,4.995,1.0
4382,4.98,1.0
4383,5.0,1.0
4384,5.005,1.0
4385,5.005,1.0
4386,5.02,1.0
4387,5.03,1.0
4388,5.035,1.0
4389,5.01,1.0
4390,5.015,1.0
4391,5.035,1.0
4392,5.04,1.0
4393,5.025,1.0
4394,5.015,1.0
4395,5.02,1.0
4396,5.04,1.0
4397,5.025,1.0
4398,5.025,1.0
4399,5.035,1.0
4400,5.04,1.0
4401,5.035,1.0
4402,5.03,1.0
4403,5.025,1.0
4404,5.045,1.0
4405,5.045,1.0
4406,5.03,1.0
4407,5.03,1.0
4408,5.05,1.0
4409,5.045,1.0
4410,5.04,1.0
4411,5.04,1.0
4412,5.045,1.0
4413,5.055,1.0
4414,5.05,1.0
4415,5.05,1.0
4416,5.045,1.0
4417,5.055,1.0
4418,5.055,1.0
4419,5.045,0.0
4420,5.055,0.0
4421,5.07,0.0
4422,5.06,0.0
4423,5.045,0.0
4424,5.06,0.0
4425,5.06,0.0
4426,5.075,0.0
4427,5.065,0.0
4428,5.07,0.0
4429,5.085,0.0
4430,5.08,0.0
4431,5.065,0.0
4432,5.075,0.0
4433,5.085,0.0
4434,5.09,0.0
4435,5.075,0.0
4436,5.085,0.0
4437,5.085,0.0
4438,5.09,0.0
4439,5.085,0.0
4440,5.075,0.0
4441,5.085,0.0
4442,5.095,0.0
4443,5.09,0.0
4444,5.075,0.0
4445,5.085,0.0
4446,5.1,0.0
4447,5.095,0.0
4448,5.08,0.0
4449,5.095,0.0
4450,5.1,0.0
4451,5.1,0.0
4452,5.085,0.0
4453,5.1,0.0
4454,5.095,0.0
4455,5.095,0.0
4456,5.075,0.0
4457,5.09,0.0
4458,5.1,0.0
4459,5.1,0.0
4460,5.08,0.0
4461,5.085,0.0
4462,5.1,0.0
4463,5.1,0.0
4464,5.085,0.0
4465,5.095,0.0
4466,5.105,0.0
4467,5.14,0.0
4468,5.205,0.0
4469,5.52,0.0
4470,6.075,0.0
4471,6.105,0.0
4472,5.73,0.0
4473,5.545,0.0
4474,5.505,0.0
4475,5.49,0.0
4476,5.385,0.0
4477,5.275,0.0
4478,5.115,0.0
4479,4.87,0.0
4480,4.54,0.0
4481,4.18,0.0
4482,3.845,0.0
4483,3.525,0.0
4484,3.23,0.0
4485,3.02,0.0
4486,2.88,0.0
4487,2.795,0.0
4488,2.69,0.0
4489,2.55,0.0
4490,2.43,0.0
4491,2.38,0.0
4492,2.35,0.0
4493,2.29,0.0
4494,2.255,0.0
4495,2.255,0.0
4496,2.245,0.0
4497,2.255,0.0
4498,2.25,0.0
4499,2.32,0.0
4500,2.345,0.0
4501,2.545,0.0
4502,2.705,0.0
4503,2.9,0.0
4504,3.125,0.0
4505,3.395,0.0
4506,3.69,0.0
4507,4.015,0.0
4508,4.315,0.0
4509,4.625,0.0
4510,4.885,0.0
4511,5.125,0.0
4512,5.325,0.0
4513,5.505,0.0
4514,5.665,0.0
4515,5.81,0.0
4516,5.92,0.0
4517,6.0,0.0
4518,6.05,0.0
4519,6.1,0.0
4520,6.17,0.0
4521,6.225,0.0
4522,6.27,0.0
4523,6.32,0.0
4524,6.38,0.0
4525,6.4,0.0
4526,6.49,0.0
4527,6.53,0.0
4528,6.595,0.0
4529,6.665,0.0
4530,6.715,0.0
4531,6.76,0.0
4532,6.825,0.0
4533,6.89,0.0
4534,6.945,0.0
4535,6.995,0.0
4536,7.04,0.0
4537,7.105,0.0
4538,7.155,0.0
4539,7.195,0.0
4540,7.235,0.0
4541,7.295,0.0
4542,7.32,0.0
4543,7.345,0.0
4544,7.37,0.0
4545,7.395,0.0
4546,7.415,0.0
4547,7.415,0.0
4548,7.395,0.0
4549,7.4,0.0
4550,7.405,0.0
4551,7.365,0.0
4552,7.315,0.0
4553,7.28,0.0
4554,7.245,0.0
4555,7.19,0.0
4556,7.115,0.0
4557,7.05,0.0
4558,6.995,0.0
4559,6.92,0.0
4560,6.825,0.0
4561,6.73,0.0
4562,6.665,0.0
4563,6.575,0.0
4564,6.48,0.0
4565,6.405,0.0
4566,6.33,0.0
4567,6.245,0.0
4568,6.165,0.0
4569,6.075,0.0
4570,6.02,0.0
4571,5.94,0.0
4572,5.875,0.0
4573,5.81,0.0
4574,5.75,0.0
4575,5.735,0.0
4576,5.65,0.0
4577,5.58,0.0
4578,5.545,0.0
4579,5.515,0.0
4580,5.475,0.0
4581,5.435,0.0
4582,5.405,0.0
4583,5.39,0.0
4584,5.36,0.0
4585,5.32,0.0
4586,5.305,0.0
4587,5.305,0.0
4588,5.295,0.0
4589,5.265,0.0
4590,5.25,0.0
4591,5.255,0.0
4592,5.25,0.0
4593,5.235,0.0
4594,5.225,0.0
4595,5.235,0.0
4596,5.24,0.0
4597,5.23,0.0
4598,5.22,0.0
4599,5.245,0.0
4600,5.25,0.0
4601,5.255,0.0
4602,5.25,0.0
4603,5.265,0.0
4604,5.28,0.0
4605,5.275,0.0
4606,5.27,0.0
4607,5.275,0.0
4608,5.29,0.0
4609,5.29,0.0
4610,5.275,0.0
4611,5.27,0.0
4612,5.27,0.0
4613,5.26,0.0
4614,5.235,0.0
4615,5.225,0.0
4616,5.215,0.0
4617,5.2,0.0
4618,5.185,0.0
4619,5.155,0.0
4620,5.165,0.0
4621,5.155,0.0
4622,5.145,0.0
4623,5.14,0.0
4624,5.16,0.0
4625,5.17,0.0
4626,5.15,0.0
4627,5.14,0.0
4628,5.13,0.0
4629,5.13,0.0
4630,5.115,0.0
4631,5.105,0.0
4632,5.105,0.0
4633,5.105,0.0
4634,5.11,0.0
4635,5.09,0.0
4636,5.08,0.0
4637,5.095,0.0
4638,5.08,0.0
4639,5.07,0.0
4640,5.06,0.0
4641,5.06,0.0
4642,5.055,0.0
4643,5.045,0.0
4644,5.035,0.0
4645,5.04,0.0
4646,5.04,0.0
4647,5.035,0.0
4648,5.02,0.0
4649,5.025,0.0
4650,5.03,0.0
4651,5.025,0.0
4652,5.01,0.0
4653,5.015,0.0
4654,5.02,0.0
4655,5.015,0.0
4656,5.01,0.0
4657,5.015,0.0
4658,5.025,0.0
4659,5.02,0.0
4660,5.01,0.0
4661,5.0,0.0
4662,5.02,0.0
4663,5.01,0.0
4664,5.005,0.0
4665,5.0,0.0
4666,5.015,0.0
4667,5.015,0.0
4668,5.015,0.0
4669,5.005,0.0
4670,5.015,0.0
4671,5.035,0.0
4672,5.035,0.0
4673,5.04,0.0
4674,5.19,0.0
4675,5.275,0.0
4676,5.91,0.0
4677,5.625,0.0
4678,5.415,0.0
4679,5.37,0.0
4680,5.32,0.0
4681,5.25,0.0
4682,5.165,0.0
4683,5.035,0.0
4684,4.805,0.0
4685,4.46,0.0
4686,4.08,0.0
4687,3.725,0.0
4688,3.33,0.0
4689,2.965,0.0
4690,2.725,0.0
4691,2.58,0.0
4692,2.475,0.0
4693,2.375,0.0
4694,2.26,0.0
4695,2.185,0.0
4696,2.14,0.0
4697,2.11,0.0
4698,2.08,0.0
4699,2.07,0.0
4700,2.085,0.0
4701,2.075,0.0
4702,2.065,0.0
4703,2.075,0.0
4704,2.12,0.0
4705,2.19,0.0
4706,2.28,0.0
4707,2.445,0.0
4708,2.65,0.0
4709,2.875,0.0
4710,3.155,0.0
4711,3.51,0.0
4712,3.85,0.0
4713,4.145,0.0
4714,4.43,0.0
4715,4.72,0.0
4716,4.985,0.0
4717,5.185,0.0
4718,5.35,0.0
4719,5.52,0.0
4720,5.69,0.0
4721,5.78,0.0
4722,5.835,0.0
4723,5.88,0.0
4724,5.945,0.0
4725,5.965,0.0
4726,6.03,0.0
4727,6.065,0.0
4728,6.105,0.0
4729,6.16,0.0
4730,6.195,0.0
4731,6.23,0.0
4732,6.265,0.0
4733,6.32,0.0
4734,6.375,0.0
4735,6.405,0.0
4736,6.445,0.0
4737,6.5,0.0
4738,6.545,0.0
4739,6.585,0.0
4740,6.63,0.0
4741,6.705,0.0
4742,6.735,0.0
4743,6.765,0.0
4744,6.81,0.0
4745,6.865,0.0
4746,6.91,0.0
4747,6.935,0.0
4748,6.955,0.0
4749,6.985,0.0
4750,6.99,0.0
4751,7.015,0.0
4752,7.02,0.0
4753,7.03,0.0
4754,7.02,0.0
4755,7.005,0.0
4756,6.96,0.0
4757,6.925,0.0
4758,6.88,0.0
4759,6.825,0.0
4760,6.74,0.0
4761,6.67,0.0
4762,6.6,0.0
4763,6.525,0.0
4764,6.425,0.0
4765,6.34,0.0
4766,6.27,0.0
4767,6.165,0.0
4768,6.08,0.0
4769,6.0,0.0
4770,5.925,0.0
4771,5.87,0.0
4772,5.78,0.0
4773,5.7,0.0
4774,5.65,0.0
4775,5.635,0.0
4776,5.53,0.0
4777,5.47,0.0
4778,5.435,0.0
4779,5.4,0.0
4780,5.355,0.0
4781,5.32,0.0
4782,5.29,0.0
4783,5.27,0.0
4784,5.245,0.0
4785,5.205,0.0
4786,5.19,0.0
4787,5.19,0.0
4788,5.18,0.0
4789,5.155,0.0
4790,5.135,0.0
4791,5.135,0.0
4792,5.135,0.0
4793,5.11,0.0
4794,5.1,0.0
4795,5.105,0.0
4796,5.115,0.0
4797,5.1,0.0
4798,5.085,0.0
4799,5.1,0.0
4800,5.105,0.0
4801,5.1,0.0
4802,5.075,0.0
4803,5.08,0.0
4804,5.095,0.0
4805,5.095,0.0
4806,5.08,0.0
4807,5.085,0.0
4808,5.09,0.0
4809,5.095,0.0
4810,5.1,0.0
4811,5.1,0.0
4812,5.1,0.0
4813,5.1,0.0
4814,5.08,0.0
4815,5.075,0.0
4816,5.09,0.0
4817,5.085,0.0
4818,5.08,0.0
4819,5.07,0.0
4820,5.075,0.0
4821,5.085,0.0
4822,5.07,0.0
4823,5.065,0.0
4824,5.055,0.0
4825,5.055,0.0
4826,5.065,0.0
4827,5.045,0.0
4828,5.03,0.0
4829,5.03,0.0
4830,5.025,0.0
4831,5.02,0.0
4832,5.01,0.0
4833,5.01,0.0
4834,5.01,0.0
4835,4.99,0.0
4836,4.98,0.0
4837,5.0,0.0
4838,5.0,0.0
4839,4.985,0.0
4840,4.98,0.0
4841,4.98,0.0
4842,4.99,0.0
4843,4.975,0.0
4844,4.98,0.0
4845,4.99,0.0
4846,5.01,0.0
4847,5.005,0.0
4848,4.99,0.0
4849,5.01,0.0
4850,5.015,0.0
4851,5.025,0.0
4852,5.0,0.0
4853,4.995,0.0
4854,5.01,0.0
4855,5.005,0.0
4856,4.985,0.0
4857,4.97,0.0
4858,4.975,0.0
4859,4.965,0.0
4860,4.945,0.0
4861,4.94,0.0
4862,4.955,0.0
4863,4.94,0.0
4864,4.925,0.0
4865,4.895,0.0
4866,4.9,0.0
4867,4.895,0.0
4868,4.885,0.0
4869,4.895,0.0
4870,4.92,0.0
4871,4.925,0.0
4872,4.92,0.0
4873,4.91,0.0
4874,4.92,0.0
4875,4.925,0.0
4876,4.925,0.0
4877,4.915,0.0
4878,4.915,0.0
4879,4.925,0.0
4880,4.935,0.0
4881,4.925,0.0
4882,4.935,0.0
4883,4.97,0.0
4884,5.035,0.0
4885,5.26,0.0
4886,5.73,0.0
4887,5.935,0.0
4888,5.645,0.0
4889,5.42,0.0
4890,5.355,0.0
4891,5.325,0.0
4892,5.3,0.0
4893,5.245,0.0
4894,5.175,0.0
4895,5.075,0.0
4896,4.905,0.0
4897,4.66,0.0
4898,4.395,0.0
4899,4.165,0.0
4900,4.095,0.0
4901,3.63,0.0
4902,3.415,0.0
4903,3.245,0.0
4904,3.085,0.0
4905,2.94,0.0
4906,2.78,0.0
4907,2.61,0.0
4908,2.485,0.0
4909,2.365,0.0
4910,2.29,0.0
4911,2.235,0.0
4912,2.185,0.0
4913,2.14,0.0
4914,2.105,0.0
4915,2.08,0.0
4916,2.095,0.0
4917,2.095,0.0
4918,2.095,0.0
4919,2.135,0.0
4920,2.21,0.0
4921,2.315,0.0
4922,2.475,0.0
4923,2.65,0.0
4924,2.855,0.0
4925,2.925,0.0
4926,3.395,0.0
4927,3.665,0.0
4928,3.96,0.0
4929,4.235,0.0
4930,4.5,0.0
4931,4.755,0.0
4932,4.99,0.0
4933,5.185,0.0
4934,5.355,0.0
4935,5.5,0.0
4936,5.63,0.0
4937,5.72,0.0
4938,5.785,0.0
4939,5.82,0.0
4940,5.86,0.0
4941,5.925,0.0
4942,5.955,0.0
4943,5.995,0.0
4944,6.02,0.0
4945,6.07,0.0
4946,6.11,0.0
4947,6.14,0.0
4948,6.155,0.0
4949,6.205,0.0
4950,6.22,0.0
4951,6.285,0.0
4952,6.325,0.0
4953,6.38,0.0
4954,6.425,0.0
4955,6.47,0.0
4956,6.505,0.0
4957,6.545,0.0
4958,6.605,0.0
4959,6.65,0.0
4960,6.685,0.0
4961,6.73,0.0
4962,6.79,0.0
4963,6.825,0.0
4964,6.85,0.0
4965,6.885,0.0
4966,6.925,0.0
4967,6.94,0.0
4968,6.945,0.0
4969,6.95,0.0
4970,6.965,0.0
4971,6.96,0.0
4972,6.945,0.0
4973,6.915,0.0
4974,6.895,0.0
4975,6.89,0.0
4976,6.83,0.0
4977,6.765,0.0
4978,6.71,0.0
4979,6.65,0.0
4980,6.595,0.0
4981,6.505,0.0
4982,6.44,0.0
4983,6.37,0.0
4984,6.285,0.0
4985,6.185,0.0
4986,6.11,0.0
4987,6.03,0.0
4988,5.95,0.0
4989,5.87,0.0
4990,5.795,0.0
4991,5.73,0.0
4992,5.68,0.0
4993,5.61,0.0
4994,5.545,0.0
4995,5.51,0.0
4996,5.47,0.0
4997,5.43,0.0
4998,5.38,0.0
4999,5.35,0.0
5000,5.34,0.0
5001,5.285,0.0
5002,5.235,0.0
5003,5.22,0.0
5004,5.215,0.0
5005,5.205,0.0
5006,5.17,0.0
5007,5.155,0.0
5008,5.15,0.0
5009,5.14,0.0
5010,5.11,0.0
5011,5.115,0.0
5012,5.115,0.0
5013,5.115,0.0
5014,5.09,0.0
5015,5.085,0.0
5016,5.085,0.0
5017,5.085,0.0
5018,5.075,0.0
5019,5.075,0.0
5020,5.07,0.0
5021,5.085,0.0
5022,5.07,0.0
5023,5.065,0.0
5024,5.09,0.0
5025,5.1,0.0
5026,5.095,0.0
5027,5.085,0.0
5028,5.085,0.0
5029,5.09,0.0
5030,5.095,0.0
5031,5.09,0.0
5032,5.08,0.0
5033,5.085,0.0
5034,5.09,0.0
5035,5.08,0.0
5036,5.085,0.0
5037,5.095,0.0
5038,5.1,0.0
5039,5.08,0.0
5040,5.075,0.0
5041,5.08,0.0
5042,5.085,0.0
5043,5.075,0.0
5044,5.055,0.0
5045,5.07,0.0
5046,5.07,0.0
5047,5.055,0.0
5048,5.03,0.0
5049,5.05,0.0
5050,5.065,0.0
5051,5.04,0.0
5052,5.03,0.0
5053,5.02,0.0
5054,5.025,0.0
5055,5.02,0.0
5056,5.0,0.0
5057,5.0,0.0
5058,5.0,0.0
5059,5.005,0.0
5060,4.99,0.0
5061,4.985,0.0
5062,4.995,0.0
5063,4.985,0.0
5064,4.975,0.0
5065,4.965,0.0
5066,4.975,0.0
5067,4.97,0.0
5068,4.96,0.0
5069,4.955,0.0
5070,4.96,0.0
5071,4.965,0.0
5072,4.95,0.0
5073,4.945,0.0
5074,4.945,0.0
5075,4.95,0.0
5076,4.945,0.0
5077,4.935,0.0
5078,4.94,0.0
5079,4.955,0.0
5080,4.945,0.0
5081,4.94,0.0
5082,4.925,0.0
5083,4.94,0.0
5084,4.93,0.0
5085,4.93,0.0
5086,4.925,0.0
5087,4.935,0.0
5088,4.945,0.0
5089,4.915,0.0
5090,4.93,0.0
5091,4.94,0.0
5092,4.94,0.0
5093,4.935,0.0
5094,4.925,0.0
5095,4.93,0.0
5096,4.935,0.0
5097,4.935,0.0
5098,4.94,0.0
5099,4.945,0.0
5100,4.95,0.0
5101,4.98,0.0
5102,4.985,0.0
5103,5.03,0.0
5104,5.165,0.0
5105,5.535,0.0
5106,5.915,0.0
5107,5.82,0.0
5108,5.54,0.0
5109,5.44,0.0
5110,5.36,0.0
5111,5.31,0.0
5112,5.26,0.0
5113,5.17,0.0
5114,5.015,0.0
5115,4.765,0.0
5116,4.47,0.0
5117,4.115,0.0
5118,3.705,0.0
5119,3.295,0.0
5120,2.975,0.0
5121,2.72,0.0
5122,2.54,0.0
5123,2.425,0.0
5124,2.3,0.0
5125,2.26,0.0
5126,2.115,0.0
5127,2.07,0.0
5128,2.055,0.0
5129,2.045,0.0
5130,2.025,0.0
5131,2.025,0.0
5132,2.03,0.0
5133,2.045,0.0
5134,2.06,0.0
5135,2.085,0.0
5136,2.15,0.0
5137,2.28,0.0
5138,2.45,0.0
5139,2.615,0.0
5140,2.84,0.0
5141,3.12,0.0
5142,3.43,0.0
5143,3.725,0.0
5144,4.01,0.0
5145,4.32,0.0
5146,4.605,0.0
5147,4.855,0.0
5148,5.075,0.0
5149,5.28,0.0
5150,5.345,0.0
5151,5.625,0.0
5152,5.72,0.0
5153,5.79,0.0
5154,5.85,0.0
5155,5.895,0.0
5156,5.935,0.0
5157,5.98,0.0
5158,6.025,0.0
5159,6.07,0.0
5160,6.085,0.0
5161,6.125,0.0
5162,6.175,0.0
5163,6.22,0.0
5164,6.25,0.0
5165,6.29,0.0
5166,6.345,0.0
5167,6.38,0.0
5168,6.415,0.0
5169,6.455,0.0
5170,6.505,0.0
5171,6.545,0.0
5172,6.58,0.0
5173,6.61,0.0
5174,6.66,0.0
5175,6.68,0.0
5176,6.735,0.0
5177,6.76,0.0
5178,6.795,0.0
5179,6.84,0.0
5180,6.86,0.0
5181,6.865,0.0
5182,6.9,0.0
5183,6.92,0.0
5184,6.925,0.0
5185,6.915,0.0
5186,6.905,0.0
5187,6.905,0.0
5188,6.88,0.0
5189,6.84,0.0
5190,6.79,0.0
5191,6.74,0.0
5192,6.68,0.0
5193,6.6,0.0
5194,6.53,0.0
5195,6.45,0.0
5196,6.365,0.0
5197,6.28,0.0
5198,6.185,0.0
5199,6.1,0.0
5200,6.08,0.0
5201,5.93,0.0
5202,5.85,0.0
5203,5.78,0.0
5204,5.72,0.0
5205,5.645,0.0
5206,5.57,0.0
5207,5.52,0.0
5208,5.475,0.0
5209,5.44,0.0
5210,5.385,0.0
5211,5.345,0.0
5212,5.315,0.0
5213,5.29,0.0
5214,5.245,0.0
5215,5.21,0.0
5216,5.21,0.0
5217,5.185,0.0
5218,5.16,0.0
5219,5.14,0.0
5220,5.14,0.0
5221,5.14,0.0
5222,5.12,0.0
5223,5.11,0.0
5224,5.115,0.0
5225,5.12,0.0
5226,5.105,0.0
5227,5.11,0.0
5228,5.105,0.0
5229,5.11,0.0
5230,5.12,0.0
5231,5.105,0.0
5232,5.11,0.0
5233,5.12,0.0
5234,5.115,0.0
5235,5.1,0.0
5236,5.11,0.0
5237,5.115,0.0
5238,5.12,0.0
5239,5.11,0.0
5240,5.11,0.0
5241,5.12,0.0
5242,5.11,0.0
5243,5.095,0.0
5244,5.095,0.0
5245,5.095,0.0
5246,5.11,0.0
5247,5.095,0.0
5248,5.075,0.0
5249,5.09,0.0
5250,5.095,0.0
5251,5.075,0.0
5252,5.06,0.0
5253,5.06,0.0
5254,5.065,0.0
5255,5.06,0.0
5256,5.04,0.0
5257,5.04,0.0
5258,5.05,0.0
5259,5.04,0.0
5260,5.02,0.0
5261,5.01,0.0
5262,5.01,0.0
5263,5.015,0.0
5264,5.0,0.0
5265,4.99,0.0
5266,4.99,0.0
5267,4.99,0.0
5268,4.98,0.0
5269,4.975,0.0
5270,4.98,0.0
5271,4.97,0.0
5272,4.97,0.0
5273,4.96,0.0
5274,4.955,0.0
5275,4.96,0.0
5276,4.95,0.0
5277,4.945,0.0
5278,4.945,0.0
5279,4.94,0.0
5280,4.945,0.0
5281,4.925,0.0
5282,4.93,0.0
5283,4.945,0.0
5284,4.945,0.0
5285,4.935,0.0
5286,4.93,0.0
5287,4.945,0.0
5288,4.945,0.0
5289,4.93,0.0
5290,4.93,0.0
5291,4.94,0.0
5292,4.935,0.0
5293,4.925,0.0
5294,4.915,0.0
5295,4.92,0.0
5296,4.93,0.0
5297,4.925,0.0
5298,4.91,0.0
5299,4.92,0.0
5300,4.915,0.0
5301,4.915,0.0
5302,4.9,0.0
5303,4.925,0.0
5304,4.925,0.0
5305,4.925,0.0
5306,4.915,0.0
5307,4.925,0.0
5308,4.935,0.0
5309,4.94,0.0
5310,4.93,0.0
5311,4.935,0.0
5312,4.97,0.0
5313,5.085,0.0
5314,5.425,0.0
5315,5.89,0.0
5316,5.815,0.0
5317,5.455,0.0
5318,5.315,0.0
5319,5.27,0.0
5320,5.215,0.0
5321,5.135,0.0
5322,4.98,0.0
5323,4.71,0.0
5324,4.375,0.0
5325,4.265,0.0
5326,3.6,0.0
5327,3.18,0.0
5328,2.885,0.0
5329,2.65,0.0
5330,2.465,0.0
5331,2.32,0.0
5332,2.195,0.0
5333,2.12,0.0
5334,2.07,0.0
5335,2.035,0.0
5336,2.02,0.0
5337,2.02,0.0
5338,2.015,0.0
5339,2.0,0.0
5340,2.02,0.0
5341,2.05,0.0
5342,2.075,0.0
5343,2.13,0.0
5344,2.255,0.0
5345,2.435,0.0
5346,2.67,0.0
5347,2.97,0.0
5348,3.345,0.0
5349,3.735,0.0
5350,3.855,0.0
5351,4.495,0.0
5352,4.795,0.0
5353,5.05,0.0
5354,5.28,0.0
5355,5.49,0.0
5356,5.635,0.0
5357,5.73,0.0
5358,5.805,0.0
5359,5.86,0.0
5360,5.9,0.0
5361,5.96,0.0
5362,5.99,0.0
5363,6.03,0.0
5364,6.06,0.0
5365,6.085,0.0
5366,6.13,0.0
5367,6.165,0.0
5368,6.185,0.0
5369,6.22,0.0
5370,6.275,0.0
5371,6.31,0.0
5372,6.34,0.0
5373,6.365,0.0
5374,6.425,0.0
5375,6.445,0.0
5376,6.515,0.0
5377,6.545,0.0
5378,6.6,0.0
5379,6.655,0.0
5380,6.685,0.0
5381,6.71,0.0
5382,6.775,0.0
5383,6.81,0.0
5384,6.84,0.0
5385,6.86,0.0
5386,6.875,0.0
5387,6.9,0.0
5388,6.925,0.0
5389,6.905,0.0
5390,6.895,0.0
5391,6.885,0.0
5392,6.86,0.0
5393,6.795,0.0
5394,6.745,0.0
5395,6.69,0.0
5396,6.625,0.0
5397,6.535,0.0
5398,6.44,0.0
5399,6.36,0.0
5400,6.335,0.0
5401,6.165,0.0
5402,6.065,0.0
5403,5.975,0.0
5404,5.89,0.0
5405,5.79,0.0
5406,5.705,0.0
5407,5.63,0.0
5408,5.58,0.0
5409,5.515,0.0
5410,5.45,0.0
5411,5.4,0.0
5412,5.37,0.0
5413,5.325,0.0
5414,5.295,0.0
5415,5.265,0.0
5416,5.245,0.0
5417,5.23,0.0
5418,5.2,0.0
5419,5.18,0.0
5420,5.175,0.0
5421,5.18,0.0
5422,5.16,0.0
5423,5.135,0.0
5424,5.135,0.0
5425,5.14,0.0
5426,5.14,0.0
5427,5.12,0.0
5428,5.13,0.0
5429,5.13,0.0
5430,5.14,0.0
5431,5.12,0.0
5432,5.125,0.0
5433,5.135,0.0
5434,5.13,0.0
5435,5.115,0.0
5436,5.11,0.0
5437,5.13,0.0
5438,5.12,0.0
5439,5.11,0.0
5440,5.11,0.0
5441,5.115,0.0
5442,5.12,0.0
5443,5.11,0.0
5444,5.095,0.0
5445,5.105,0.0
5446,5.1,0.0
5447,5.095,0.0
5448,5.07,0.0
5449,5.085,0.0
5450,5.08,0.0
5451,5.08,0.0
5452,5.07,0.0
5453,5.05,0.0
5454,5.06,0.0
5455,5.055,0.0
5456,5.035,0.0
5457,5.03,0.0
5458,5.03,0.0
5459,5.025,0.0
5460,5.01,0.0
5461,5.005,0.0
5462,5.0,0.0
5463,5.01,0.0
5464,4.985,0.0
5465,4.975,0.0
5466,4.985,0.0
5467,4.99,0.0
5468,4.97,0.0
5469,4.96,0.0
5470,4.965,0.0
5471,4.97,0.0
5472,4.955,0.0
5473,4.94,0.0
5474,4.955,0.0
5475,4.965,0.0
5476,4.955,0.0
5477,4.945,0.0
5478,4.945,0.0
5479,4.95,0.0
5480,4.945,0.0
5481,4.935,0.0
5482,4.935,0.0
5483,4.945,0.0
5484,4.94,0.0
5485,4.93,0.0
5486,4.93,0.0
5487,4.935,0.0
5488,4.94,0.0
5489,4.92,0.0
5490,4.925,0.0
5491,4.935,0.0
5492,4.935,0.0
5493,4.925,0.0
5494,4.905,0.0
5495,4.925,0.0
5496,4.92,0.0
5497,4.925,0.0
5498,4.91,0.0
5499,4.92,0.0
5500,4.93,0.0
5501,4.915,0.0
5502,4.9,0.0
5503,4.91,0.0
5504,4.925,0.0
5505,4.91,0.0
5506,4.905,0.0
5507,4.915,0.0
5508,4.925,0.0
5509,4.93,0.0
5510,4.93,0.0
5511,4.955,0.0
5512,5.115,0.0
5513,5.54,0.0
5514,5.845,0.0
5515,5.58,0.0
5516,5.355,0.0
5517,5.315,0.0
5518,5.255,0.0
5519,5.195,0.0
5520,5.115,0.0
5521,4.955,0.0
5522,4.685,0.0
5523,4.34,0.0
5524,3.97,0.0
5525,3.85,0.0
5526,3.22,0.0
5527,2.92,0.0
5528,2.7,0.0
5529,2.54,0.0
5530,2.41,0.0
5531,2.25,0.0
5532,2.14,0.0
5533,2.105,0.0
5534,2.065,0.0
5535,2.03,0.0
5536,2.02,0.0
5537,2.01,0.0
5538,2.02,0.0
5539,2.025,0.0
5540,2.025,0.0
5541,2.08,0.0
5542,2.155,0.0
5543,2.285,0.0
5544,2.46,0.0
5545,2.68,0.0
5546,2.935,0.0
5547,3.24,0.0
5548,3.575,0.0
5549,3.915,0.0
5550,4.015,0.0
5551,4.505,0.0
5552,4.76,0.0
5553,5.005,0.0
5554,5.22,0.0
5555,5.385,0.0
5556,5.525,0.0
5557,5.64,0.0
5558,5.72,0.0
5559,5.79,0.0
5560,5.82,0.0
5561,5.86,0.0
5562,5.91,0.0
5563,5.94,0.0
5564,5.96,0.0
5565,5.995,0.0
5566,6.045,0.0
5567,6.07,0.0
5568,6.085,0.0
5569,6.115,0.0
5570,6.16,0.0
5571,6.185,0.0
5572,6.215,0.0
5573,6.24,0.0
5574,6.275,0.0
5575,6.285,0.0
5576,6.355,0.0
5577,6.375,0.0
5578,6.42,0.0
5579,6.465,0.0
5580,6.495,0.0
5581,6.525,0.0
5582,6.565,0.0
5583,6.62,0.0
5584,6.65,0.0
5585,6.675,0.0
5586,6.71,0.0
5587,6.745,0.0
5588,6.76,0.0
5589,6.775,0.0
5590,6.775,0.0
5591,6.8,0.0
5592,6.795,0.0
5593,6.76,0.0
5594,6.73,0.0
5595,6.72,0.0
5596,6.675,0.0
5597,6.615,0.0
5598,6.54,0.0
5599,6.49,0.0
5600,6.47,0.0
5601,6.33,0.0
5602,6.24,0.0
5603,6.155,0.0
5604,6.065,0.0
5605,5.98,0.0
5606,5.87,0.0
5607,5.8,0.0
5608,5.735,0.0
5609,5.645,0.0
5610,5.57,0.0
5611,5.51,0.0
5612,5.475,0.0
5613,5.415,0.0
5614,5.365,0.0
5615,5.325,0.0
5616,5.3,0.0
5617,5.28,0.0
5618,5.23,0.0
5619,5.205,0.0
5620,5.195,0.0
5621,5.185,0.0
5622,5.17,0.0
5623,5.14,0.0
5624,5.15,0.0
5625,5.155,0.0
5626,5.14,0.0
5627,5.125,0.0
5628,5.125,0.0
5629,5.135,0.0
5630,5.135,0.0
5631,5.115,0.0
5632,5.12,0.0
5633,5.135,0.0
5634,5.14,0.0
5635,5.11,0.0
5636,5.11,0.0
5637,5.125,0.0
5638,5.13,0.0
5639,5.125,0.0
5640,5.12,0.0
5641,5.12,0.0
5642,5.12,0.0
5643,5.115,0.0
5644,5.1,0.0
5645,5.105,0.0
5646,5.115,0.0
5647,5.11,0.0
5648,5.09,0.0
5649,5.095,0.0
5650,5.1,0.0
5651,5.08,0.0
5652,5.07,0.0
5653,5.08,0.0
5654,5.075,0.0
5655,5.07,0.0
5656,5.05,0.0
5657,5.05,0.0
5658,5.05,0.0
5659,5.045,0.0
5660,5.03,0.0
5661,5.02,0.0
5662,5.03,0.0
5663,5.02,0.0
5664,5.005,0.0
5665,5.0,0.0
5666,5.005,0.0
5667,5.0,0.0
5668,4.98,0.0
5669,4.975,0.0
5670,4.98,0.0
5671,4.985,0.0
5672,4.97,0.0
5673,4.95,0.0
5674,4.965,0.0
5675,4.97,0.0
5676,4.96,0.0
5677,4.945,0.0
5678,4.945,0.0
5679,4.96,0.0
5680,4.96,0.0
5681,4.94,0.0
5682,4.95,0.0
5683,4.95,0.0
5684,4.95,0.0
5685,4.93,0.0
5686,4.935,0.0
5687,4.94,0.0
5688,4.945,0.0
5689,4.93,0.0
5690,4.93,0.0
5691,4.94,0.0
5692,4.95,0.0
5693,4.93,0.0
5694,4.91,0.0
5695,4.925,0.0
5696,4.935,0.0
5697,4.925,0.0
5698,4.92,0.0
5699,4.93,0.0
5700,4.935,0.0
5701,4.93,0.0
5702,4.915,0.0
5703,4.93,0.0
5704,4.94,0.0
5705,4.935,0.0
5706,4.92,0.0
5707,4.925,0.0
5708,4.94,0.0
5709,4.945,0.0
5710,4.95,0.0
5711,5.015,0.0
5712,5.29,0.0
5713,5.735,0.0
5714,5.72,0.0
5715,5.425,0.0
5716,5.335,0.0
5717,5.3,0.0
5718,5.255,0.0
5719,5.175,0.0
5720,5.08,0.0
5721,4.89,0.0
5722,4.58,0.0
5723,4.23,0.0
5724,3.865,0.0
5725,3.75,0.0
5726,3.14,0.0
5727,2.875,0.0
5728,2.67,0.0
5729,2.53,0.0
5730,2.385,0.0
5731,2.23,0.0
5732,2.15,0.0
5733,2.105,0.0
5734,2.08,0.0
5735,2.05,0.0
5736,2.04,0.0
5737,2.04,0.0
5738,2.04,0.0
5739,2.03,0.0
5740,2.05,0.0
5741,2.09,0.0
5742,2.165,0.0
5743,2.28,0.0
5744,2.475,0.0
5745,2.73,0.0
5746,3.04,0.0
5747,3.39,0.0
5748,3.73,0.0
5749,4.055,0.0
5750,4.15,0.0
5751,4.66,0.0
5752,4.91,0.0
5753,5.135,0.0
5754,5.34,0.0
5755,5.515,0.0
5756,5.64,0.0
5757,5.72,0.0
5758,5.78,0.0
5759,5.82,0.0
5760,5.85,0.0
5761,5.89,0.0
5762,5.955,0.0
5763,5.995,0.0
5764,6.04,0.0
5765,6.06,0.0
5766,6.115,0.0
5767,6.135,0.0
5768,6.155,0.0
5769,6.18,0.0
5770,6.225,0.0
5771,6.265,0.0
5772,6.29,0.0
5773,6.31,0.0
5774,6.355,0.0
5775,6.375,0.0
5776,6.42,0.0
5777,6.445,0.0
5778,6.505,0.0
5779,6.545,0.0
5780,6.585,0.0
5781,6.605,0.0
5782,6.65,0.0
5783,6.69,0.0
5784,6.73,0.0
5785,6.76,0.0
5786,6.79,0.0
5787,6.83,0.0
5788,6.85,0.0
5789,6.86,0.0
5790,6.87,0.0
5791,6.885,0.0
5792,6.89,0.0
5793,6.87,0.0
5794,6.845,0.0
5795,6.815,0.0
5796,6.785,0.0
5797,6.72,0.0
5798,6.64,0.0
5799,6.59,0.0
5800,6.565,0.0
5801,6.425,0.0
5802,6.33,0.0
5803,6.26,0.0
5804,6.175,0.0
5805,6.08,0.0
5806,5.97,0.0
5807,5.885,0.0
5808,5.82,0.0
5809,5.74,0.0
5810,5.645,0.0
5811,5.585,0.0
5812,5.545,0.0
5813,5.48,0.0
5814,5.42,0.0
5815,5.385,0.0
5816,5.35,0.0
5817,5.31,0.0
5818,5.275,0.0
5819,5.25,0.0
5820,5.24,0.0
5821,5.23,0.0
5822,5.2,0.0
5823,5.175,0.0
5824,5.185,0.0
5825,5.18,0.0
5826,5.165,0.0
5827,5.155,0.0
5828,5.15,0.0
5829,5.165,0.0
5830,5.15,0.0
5831,5.13,0.0
5832,5.135,0.0
5833,5.145,0.0
5834,5.145,0.0
5835,5.135,0.0
5836,5.145,0.0
5837,5.15,0.0
5838,5.15,0.0
5839,5.135,0.0
5840,5.14,0.0
5841,5.14,0.0
5842,5.15,0.0
5843,5.135,0.0
5844,5.13,0.0
5845,5.13,0.0
5846,5.135,0.0
5847,5.12,0.0
5848,5.105,0.0
5849,5.115,0.0
5850,5.12,0.0
5851,5.11,0.0
5852,5.095,0.0
5853,5.095,0.0
5854,5.095,0.0
5855,5.09,0.0
5856,5.075,0.0
5857,5.07,0.0
5858,5.065,0.0
5859,5.06,0.0
5860,5.05,0.0
5861,5.035,0.0
5862,5.055,0.0
5863,5.04,0.0
5864,5.01,0.0
5865,5.015,0.0
5866,5.025,0.0
5867,5.015,0.0
5868,5.0,0.0
5869,4.995,0.0
5870,5.0,0.0
5871,5.01,0.0
5872,4.985,0.0
5873,4.965,0.0
5874,4.985,0.0
5875,4.995,0.0
5876,4.985,0.0
5877,4.975,0.0
5878,4.965,0.0
5879,4.975,0.0
5880,4.965,0.0
5881,4.96,0.0
5882,4.95,0.0
5883,4.96,0.0
5884,4.965,0.0
5885,4.95,0.0
5886,4.945,0.0
5887,4.955,0.0
5888,4.955,0.0
5889,4.945,0.0
5890,4.94,0.0
5891,4.96,0.0
5892,4.95,0.0
5893,4.94,0.0
5894,4.935,0.0
5895,4.945,0.0
5896,4.95,0.0
5897,4.945,0.0
5898,4.93,0.0
5899,4.945,0.0
5900,4.95,0.0
5901,4.945,0.0
5902,4.93,0.0
5903,4.925,0.0
5904,4.935,0.0
5905,4.935,0.0
5906,4.93,0.0
5907,4.93,0.0
5908,4.945,0.0
5909,4.945,0.0
5910,4.93,0.0
5911,4.94,0.0
5912,4.96,0.0
5913,4.97,0.0
5914,4.995,0.0
5915,5.15,0.0
5916,5.595,0.0
5917,5.82,0.0
5918,5.575,0.0
5919,5.365,0.0
5920,5.3,0.0
5921,5.235,0.0
5922,5.13,0.0
5923,4.975,0.0
5924,4.78,0.0
5925,4.72,0.0
5926,4.24,0.0
5927,3.93,0.0
5928,3.69,0.0
5929,3.475,0.0
5930,3.245,0.0
5931,2.97,0.0
5932,2.685,0.0
5933,2.52,0.0
5934,2.38,0.0
5935,2.27,0.0
5936,2.165,0.0
5937,2.125,0.0
5938,2.095,0.0
5939,2.065,0.0
5940,2.055,0.0
5941,2.055,0.0
5942,2.045,0.0
5943,2.05,0.0
5944,2.055,0.0
5945,2.105,0.0
5946,2.17,0.0
5947,2.27,0.0
5948,2.425,0.0
5949,2.65,0.0
5950,2.725,0.0
5951,3.23,0.0
5952,3.58,0.0
5953,3.945,0.0
5954,4.26,0.0
5955,4.55,0.0
5956,4.79,0.0
5957,5.045,0.0
5958,5.28,0.0
5959,5.49,0.0
5960,5.615,0.0
5961,5.715,0.0
5962,5.79,0.0
5963,5.845,0.0
5964,5.885,0.0
5965,5.93,0.0
5966,5.98,0.0
5967,6.005,0.0
5968,6.025,0.0
5969,6.06,0.0
5970,6.1,0.0
5971,6.13,0.0
5972,6.155,0.0
5973,6.185,0.0
5974,6.225,0.0
5975,6.245,0.0
5976,6.29,0.0
5977,6.32,0.0
5978,6.365,0.0
5979,6.415,0.0
5980,6.455,0.0
5981,6.48,0.0
5982,6.535,0.0
5983,6.59,0.0
5984,6.63,0.0
5985,6.655,0.0
5986,6.695,0.0
5987,6.75,0.0
5988,6.77,0.0
5989,6.79,0.0
5990,6.825,0.0
5991,6.855,0.0
5992,6.86,0.0
5993,6.865,0.0
5994,6.855,0.0
5995,6.875,0.0
5996,6.865,0.0
5997,6.84,0.0
5998,6.8,0.0
5999,6.785,0.0
6000,6.775,0.0
6001,6.7,0.0
6002,6.635,0.0
6003,6.605,0.0
6004,6.54,0.0
6005,6.46,0.0
6006,6.365,0.0
6007,6.295,0.0
6008,6.21,0.0
6009,6.13,0.0
6010,6.03,0.0
6011,5.94,0.0
6012,5.875,0.0
6013,5.8,0.0
6014,5.71,0.0
6015,5.635,0.0
6016,5.59,0.0
6017,5.53,0.0
6018,5.46,0.0
6019,5.41,0.0
6020,5.365,0.0
6021,5.335,0.0
6022,5.295,0.0
6023,5.26,0.0
6024,5.235,0.0
6025,5.23,0.0
6026,5.185,0.0
6027,5.16,0.0
6028,5.155,0.0
6029,5.16,0.0
6030,5.14,0.0
6031,5.12,0.0
6032,5.12,0.0
6033,5.135,0.0
6034,5.13,0.0
6035,5.115,0.0
6036,5.12,0.0
6037,5.125,0.0
6038,5.13,0.0
6039,5.115,0.0
6040,5.115,0.0
6041,5.135,0.0
6042,5.12,0.0
6043,5.12,0.0
6044,5.115,0.0
6045,5.125,0.0
6046,5.135,0.0
6047,5.125,0.0
6048,5.12,0.0
6049,5.125,0.0
6050,5.13,0.0
6051,5.125,0.0
6052,5.11,0.0
6053,5.11,0.0
6054,5.12,0.0
6055,5.11,0.0
6056,5.095,0.0
6057,5.1,0.0
6058,5.095,0.0
6059,5.095,0.0
6060,5.08,0.0
6061,5.07,0.0
6062,5.09,0.0
6063,5.075,0.0
6064,5.05,0.0
6065,5.045,0.0
6066,5.06,0.0
6067,5.05,0.0
6068,5.03,0.0
6069,5.03,0.0
6070,5.03,0.0
6071,5.035,0.0
6072,5.015,0.0
6073,5.005,0.0
6074,5.02,0.0
6075,5.015,0.0
6076,5.005,0.0
6077,4.995,0.0
6078,4.995,0.0
6079,4.995,0.0
6080,4.975,0.0
6081,4.965,0.0
6082,4.97,0.0
6083,4.985,0.0
6084,4.98,0.0
6085,4.97,0.0
6086,4.97,0.0
6087,4.965,0.0
6088,4.965,0.0
6089,4.955,0.0
6090,4.945,0.0
6091,4.955,0.0
6092,4.955,0.0
6093,4.95,0.0
6094,4.935,0.0
6095,4.945,0.0
6096,4.95,0.0
6097,4.945,0.0
6098,4.94,0.0
6099,4.935,0.0
6100,4.94,0.0
6101,4.935,0.0
6102,4.925,0.0
6103,4.935,0.0
6104,4.935,0.0
6105,4.935,0.0
6106,4.93,0.0
6107,4.92,0.0
6108,4.935,0.0
6109,4.935,0.0
6110,4.925,0.0
6111,4.92,0.0
6112,4.94,0.0
6113,4.935,0.0
6114,4.925,0.0
6115,4.92,0.0
6116,4.925,0.0
6117,4.935,0.0
6118,4.925,0.0
6119,4.915,0.0
6120,4.93,0.0
6121,4.955,0.0
6122,4.995,0.0
6123,5.17,0.0
6124,5.665,0.0
6125,5.84,0.0
6126,5.645,0.0
6127,5.38,0.0
6128,5.31,0.0
6129,5.25,0.0
6130,5.14,0.0
6131,4.98,0.0
6132,4.775,0.0
6133,4.525,0.0
6134,4.225,0.0
6135,3.905,0.0
6136,3.63,0.0
6137,3.415,0.0
6138,3.2,0.0
6139,2.945,0.0
6140,2.67,0.0
6141,2.51,0.0
6142,2.37,0.0
6143,2.24,0.0
6144,2.125,0.0
6145,2.085,0.0
6146,2.065,0.0
6147,2.035,0.0
6148,2.015,0.0
6149,2.02,0.0
6150,2.025,0.0
6151,2.035,0.0
6152,2.035,0.0
6153,2.095,0.0
6154,2.19,0.0
6155,2.32,0.0
6156,2.51,0.0
6157,2.77,0.0
6158,3.065,0.0
6159,3.405,0.0
6160,3.74,0.0
6161,4.08,0.0
6162,4.4,0.0
6163,4.675,0.0
6164,4.915,0.0
6165,5.135,0.0
6166,5.345,0.0
6167,5.505,0.0
6168,5.61,0.0
6169,5.68,0.0
6170,5.75,0.0
6171,5.805,0.0
6172,5.84,0.0
6173,5.86,0.0
6174,5.92,0.0
6175,5.94,0.0
6176,5.975,0.0
6177,6.0,0.0
6178,6.03,0.0
6179,6.065,0.0
6180,6.085,0.0
6181,6.095,0.0
6182,6.14,0.0
6183,6.185,0.0
6184,6.205,0.0
6185,6.23,0.0
6186,6.265,0.0
6187,6.31,0.0
6188,6.34,0.0
6189,6.36,0.0
6190,6.395,0.0
6191,6.445,0.0
6192,6.49,0.0
6193,6.525,0.0
6194,6.555,0.0
6195,6.595,0.0
6196,6.63,0.0
6197,6.65,0.0
6198,6.675,0.0
6199,6.715,0.0
6200,6.73,0.0
6201,6.755,0.0
6202,6.76,0.0
6203,6.77,0.0
6204,6.765,0.0
6205,6.76,0.0
6206,6.735,0.0
6207,6.71,0.0
6208,6.68,0.0
6209,6.635,0.0
6210,6.57,0.0
6211,6.52,0.0
6212,6.465,0.0
6213,6.4,0.0
6214,6.305,0.0
6215,6.225,0.0
6216,6.175,0.0
6217,6.08,0.0
6218,5.995,0.0
6219,5.91,0.0
6220,5.86,0.0
6221,5.77,0.0
6222,5.69,0.0
6223,5.61,0.0
6224,5.565,0.0
6225,5.55,0.0
6226,5.455,0.0
6227,5.39,0.0
6228,5.355,0.0
6229,5.325,0.0
6230,5.285,0.0
6231,5.24,0.0
6232,5.225,0.0
6233,5.21,0.0
6234,5.185,0.0
6235,5.165,0.0
6236,5.15,0.0
6237,5.155,0.0
6238,5.145,0.0
6239,5.14,0.0
6240,5.135,0.0
6241,5.16,0.0
6242,5.155,0.0
6243,5.145,0.0
6244,5.135,0.0
6245,5.16,0.0
6246,5.155,0.0
6247,5.145,0.0
6248,5.135,0.0
6249,5.155,0.0
6250,5.16,0.0
6251,5.155,0.0
6252,5.135,0.0
6253,5.14,0.0
6254,5.125,0.0
6255,5.1,0.0
6256,5.095,0.0
6257,5.08,0.0
6258,5.09,0.0
6259,5.075,0.0
6260,5.05,0.0
6261,5.055,0.0
6262,5.065,0.0
6263,5.06,0.0
6264,5.045,0.0
6265,5.07,0.0
6266,5.075,0.0
6267,5.06,0.0
6268,5.035,0.0
6269,5.03,0.0
6270,5.04,0.0
6271,5.05,0.0
6272,5.025,0.0
6273,5.025,0.0
6274,5.02,0.0
6275,5.035,0.0
6276,5.025,0.0
6277,5.005,0.0
6278,5.01,0.0
6279,5.015,0.0
6280,5.0,0.0
6281,4.985,0.0
6282,4.99,0.0
6283,4.995,0.0
6284,4.98,0.0
6285,4.965,0.0
6286,4.96,0.0
6287,4.985,0.0
6288,4.97,0.0
6289,4.955,0.0
6290,4.95,0.0
6291,4.96,0.0
6292,4.965,0.0
6293,4.95,0.0
6294,4.945,0.0
6295,4.95,0.0
6296,4.955,0.0
6297,4.94,0.0
6298,4.93,0.0
6299,4.945,0.0
6300,4.95,0.0
6301,4.935,0.0
6302,4.925,0.0
6303,4.94,0.0
6304,4.945,0.0
6305,4.94,0.0
6306,4.94,0.0
6307,4.94,0.0
6308,4.95,0.0
6309,4.955,0.0
6310,4.935,0.0
6311,4.94,0.0
6312,4.96,0.0
6313,4.96,0.0
6314,4.94,0.0
6315,4.945,0.0
6316,4.955,0.0
6317,4.95,0.0
6318,4.945,0.0
6319,4.93,0.0
6320,4.955,0.0
6321,4.95,0.0
6322,4.95,0.0
6323,4.94,0.0
6324,4.955,0.0
6325,4.96,0.0
6326,4.965,0.0
6327,4.95,0.0
6328,4.955,0.0
6329,4.97,0.0
6330,4.975,0.0
6331,4.96,0.0
6332,4.995,0.0
6333,5.08,0.0
6334,5.345,0.0
6335,5.82,0.0
6336,5.88,0.0
6337,5.575,0.0
6338,5.43,0.0
6339,5.385,0.0
6340,5.335,0.0
6341,5.295,0.0
6342,5.23,0.0
6343,5.1,0.0
6344,4.89,0.0
6345,4.625,0.0
6346,4.305,0.0
6347,3.955,0.0
6348,3.595,0.0
6349,3.28,0.0
6350,3.195,0.0
6351,2.83,0.0
6352,2.66,0.0
6353,2.575,0.0
6354,2.46,0.0
6355,2.31,0.0
6356,2.21,0.0
6357,2.175,0.0
6358,2.155,0.0
6359,2.12,0.0
6360,2.085,0.0
6361,2.075,0.0
6362,2.09,0.0
6363,2.08,0.0
6364,2.09,0.0
6365,2.125,0.0
6366,2.225,0.0
6367,2.34,0.0
6368,2.485,0.0
6369,2.675,0.0
6370,2.9,0.0
6371,3.16,0.0
6372,3.445,0.0
6373,3.74,0.0
6374,4.03,0.0
6375,4.125,0.0
6376,4.605,0.0
6377,4.84,0.0
6378,5.065,0.0
6379,5.255,0.0
6380,5.435,0.0
6381,5.59,0.0
6382,5.715,0.0
6383,5.8,0.0
6384,5.855,0.0
6385,5.89,0.0
6386,5.94,0.0
6387,6.005,0.0
6388,6.04,0.0
6389,6.065,0.0
6390,6.1,0.0
6391,6.165,0.0
6392,6.19,0.0
6393,6.21,0.0
6394,6.25,0.0
6395,6.3,0.0
6396,6.35,0.0
6397,6.38,0.0
6398,6.425,0.0
6399,6.48,0.0
6400,6.5,0.0
6401,6.57,0.0
6402,6.61,0.0
6403,6.665,0.0
6404,6.715,0.0
6405,6.755,0.0
6406,6.795,0.0
6407,6.85,0.0
6408,6.895,0.0
6409,6.925,0.0
6410,6.955,0.0
6411,6.975,0.0
6412,7.01,0.0
6413,7.03,0.0
6414,7.03,0.0
6415,7.025,0.0
6416,7.04,0.0
6417,7.03,0.0
6418,7.0,0.0
6419,6.98,0.0
6420,6.94,0.0
6421,6.9,0.0
6422,6.835,0.0
6423,6.77,0.0
6424,6.715,0.0
6425,6.695,0.0
6426,6.57,0.0
6427,6.485,0.0
6428,6.41,0.0
6429,6.325,0.0
6430,6.235,0.0
6431,6.14,0.0
6432,6.07,0.0
6433,5.99,0.0
6434,5.915,0.0
6435,5.83,0.0
6436,5.77,0.0
6437,5.71,0.0
6438,5.655,0.0
6439,5.59,0.0
6440,5.525,0.0
6441,5.495,0.0
6442,5.455,0.0
6443,5.405,0.0
6444,5.36,0.0
6445,5.33,0.0
6446,5.305,0.0
6447,5.28,0.0
6448,5.245,0.0
6449,5.245,0.0
6450,5.24,0.0
6451,5.2,0.0
6452,5.18,0.0
6453,5.17,0.0
6454,5.17,0.0
6455,5.155,0.0
6456,5.14,0.0
6457,5.135,0.0
6458,5.145,0.0
6459,5.135,0.0
6460,5.125,0.0
6461,5.12,0.0
6462,5.135,0.0
6463,5.14,0.0
6464,5.135,0.0
6465,5.13,0.0
6466,5.145,0.0
6467,5.15,0.0
6468,5.14,0.0
6469,5.14,0.0
6470,5.15,0.0
6471,5.16,0.0
6472,5.16,0.0
6473,5.16,0.0
6474,5.185,0.0
6475,5.19,0.0
6476,5.18,0.0
6477,5.17,0.0
6478,5.16,0.0
6479,5.16,0.0
6480,5.15,0.0
6481,5.13,0.0
6482,5.135,0.0
6483,5.125,0.0
6484,5.1,0.0
6485,5.07,0.0
6486,5.055,0.0
6487,5.045,0.0
6488,5.04,0.0
6489,5.02,0.0
6490,5.015,0.0
6491,5.045,0.0
6492,5.06,0.0
6493,5.045,0.0
6494,5.045,0.0
6495,5.05,0.0
6496,5.035,0.0
6497,5.03,0.0
6498,5.015,0.0
6499,5.02,0.0
6500,5.025,0.0
6501,5.015,0.0
6502,5.01,0.0
6503,5.015,0.0
6504,5.015,0.0
6505,5.01,0.0
6506,5.0,0.0
6507,4.99,0.0
6508,4.995,0.0
6509,4.985,0.0
6510,4.98,0.0
6511,4.975,0.0
6512,4.985,0.0
6513,4.975,0.0
6514,4.965,0.0
6515,4.97,0.0
6516,4.99,0.0
6517,4.975,0.0
6518,4.97,0.0
6519,4.96,0.0
6520,4.97,0.0
6521,4.96,0.0
6522,4.955,0.0
6523,4.95,0.0
6524,4.955,0.0
6525,4.96,0.0
6526,4.955,0.0
6527,4.95,0.0
6528,4.95,0.0
6529,4.965,0.0
6530,4.97,0.0
6531,4.95,0.0
6532,4.955,0.0
6533,4.97,0.0
6534,4.965,0.0
6535,4.96,0.0
6536,4.955,0.0
6537,4.96,0.0
6538,4.965,0.0
6539,4.96,0.0
6540,4.955,0.0
6541,4.97,0.0
6542,4.97,0.0
6543,4.97,0.0
6544,4.965,0.0
6545,4.99,0.0
6546,5.015,0.0
6547,5.055,0.0
6548,5.245,0.0
6549,5.685,0.0
6550,5.835,0.0
6551,5.635,0.0
6552,5.42,0.0
6553,5.37,0.0
6554,5.33,0.0
6555,5.285,0.0
6556,5.215,0.0
6557,5.12,0.0
6558,4.955,0.0
6559,4.715,0.0
6560,4.39,0.0
6561,4.05,0.0
6562,3.735,0.0
6563,3.37,0.0
6564,3.05,0.0
6565,2.825,0.0
6566,2.665,0.0
6567,2.55,0.0
6568,2.445,0.0
6569,2.335,0.0
6570,2.25,0.0
6571,2.16,0.0
6572,2.105,0.0
6573,2.095,0.0
6574,2.06,0.0
6575,2.065,0.0
6576,2.04,0.0
6577,2.025,0.0
6578,2.035,0.0
6579,2.055,0.0
6580,2.065,0.0
6581,2.1,0.0
6582,2.165,0.0
6583,2.28,0.0
6584,2.42,0.0
6585,2.585,0.0
6586,2.79,0.0
6587,3.06,0.0
6588,3.355,0.0
6589,3.655,0.0
6590,3.975,0.0
6591,4.285,0.0
6592,4.575,0.0
6593,4.83,0.0
6594,5.045,0.0
6595,5.245,0.0
6596,5.42,0.0
6597,5.575,0.0
6598,5.71,0.0
6599,5.82,0.0
6600,5.85,0.0
6601,5.945,0.0
6602,5.99,0.0
6603,6.045,0.0
6604,6.085,0.0
6605,6.12,0.0
6606,6.155,0.0
6607,6.195,0.0
6608,6.25,0.0
6609,6.285,0.0
6610,6.315,0.0
6611,6.355,0.0
6612,6.405,0.0
6613,6.455,0.0
6614,6.485,0.0
6615,6.535,0.0
6616,6.59,0.0
6617,6.635,0.0
6618,6.68,0.0
6619,6.725,0.0
6620,6.785,0.0
6621,6.83,0.0
6622,6.87,0.0
6623,6.9,0.0
6624,6.95,0.0
6625,6.97,0.0
6626,7.02,0.0
6627,7.035,0.0
6628,7.075,0.0
6629,7.1,0.0
6630,7.11,0.0
6631,7.115,0.0
6632,7.115,0.0
6633,7.135,0.0
6634,7.11,0.0
6635,7.08,0.0
6636,7.05,0.0
6637,7.03,0.0
6638,6.98,0.0
6639,6.915,0.0
6640,6.845,0.0
6641,6.8,0.0
6642,6.72,0.0
6643,6.63,0.0
6644,6.54,0.0
6645,6.475,0.0
6646,6.385,0.0
6647,6.285,0.0
6648,6.205,0.0
6649,6.125,0.0
6650,6.1,0.0
6651,5.96,0.0
6652,5.88,0.0
6653,5.815,0.0
6654,5.75,0.0
6655,5.68,0.0
6656,5.605,0.0
6657,5.565,0.0
6658,5.525,0.0
6659,5.475,0.0
6660,5.415,0.0
6661,5.385,0.0
6662,5.355,0.0
6663,5.315,0.0
6664,5.285,0.0
6665,5.25,0.0
6666,5.25,0.0
6667,5.225,0.0
6668,5.2,0.0
6669,5.18,0.0
6670,5.185,0.0
6671,5.175,0.0
6672,5.145,0.0
6673,5.135,0.0
6674,5.135,0.0
6675,5.135,0.0
6676,5.125,0.0
6677,5.11,0.0
6678,5.105,0.0
6679,5.115,0.0
6680,5.115,0.0
6681,5.105,0.0
6682,5.105,0.0
6683,5.11,0.0
6684,5.105,0.0
6685,5.09,0.0
6686,5.095,0.0
6687,5.115,0.0
6688,5.105,0.0
6689,5.1,0.0
6690,5.1,0.0
6691,5.115,0.0
6692,5.105,0.0
6693,5.095,0.0
6694,5.095,0.0
6695,5.11,0.0
6696,5.115,0.0
6697,5.1,0.0
6698,5.095,0.0
6699,5.1,0.0
6700,5.11,0.0
6701,5.09,0.0
6702,5.085,0.0
6703,5.09,0.0
6704,5.105,0.0
6705,5.085,0.0
6706,5.075,0.0
6707,5.075,0.0
6708,5.085,0.0
6709,5.075,0.0
6710,5.055,0.0
6711,5.055,0.0
6712,5.06,0.0
6713,5.045,0.0
6714,5.025,0.0
6715,5.02,0.0
6716,5.025,0.0
6717,5.025,0.0
6718,5.01,0.0
6719,5.0,0.0
6720,5.005,0.0
6721,5.005,0.0
6722,5.0,0.0
6723,4.995,0.0
6724,5.0,0.0
6725,4.995,0.0
6726,4.985,0.0
6727,4.975,0.0
6728,4.98,0.0
6729,4.99,0.0
6730,4.98,0.0
6731,4.965,0.0
6732,4.98,0.0
6733,4.98,0.0
6734,4.975,0.0
6735,4.96,0.0
6736,4.965,0.0
6737,4.995,0.0
6738,5.0,0.0
6739,4.99,0.0
6740,5.005,0.0
6741,5.015,0.0
6742,5.015,0.0
6743,5.005,0.0
6744,4.995,0.0
6745,5.015,0.0
6746,5.015,0.0
6747,5.0,0.0
6748,4.98,0.0
6749,4.98,0.0
6750,4.975,0.0
6751,4.945,0.0
6752,4.945,0.0
6753,4.945,0.0
6754,4.93,0.0
6755,4.92,0.0
6756,4.905,0.0
6757,4.905,0.0
6758,4.915,0.0
6759,4.915,0.0
6760,4.92,0.0
6761,4.935,0.0
6762,4.975,0.0
6763,5.03,0.0
6764,5.3,0.0
6765,5.785,0.0
6766,5.83,0.0
6767,5.505,0.0
6768,5.36,0.0
6769,5.31,0.0
6770,5.275,0.0
6771,5.23,0.0
6772,5.13,0.0
6773,4.97,0.0
6774,4.765,0.0
6775,4.69,0.0
6776,4.13,0.0
6777,3.775,0.0
6778,3.43,0.0
6779,3.165,0.0
6780,2.98,0.0
6781,2.845,0.0
6782,2.76,0.0
6783,2.62,0.0
6784,2.47,0.0
6785,2.32,0.0
6786,2.24,0.0
6787,2.195,0.0
6788,2.145,0.0
6789,2.085,0.0
6790,2.055,0.0
6791,2.06,0.0
6792,2.04,0.0
6793,2.03,0.0
6794,2.04,0.0
6795,2.08,0.0
6796,2.16,0.0
6797,2.285,0.0
6798,2.445,0.0
6799,2.645,0.0
6800,2.71,0.0
6801,3.18,0.0
6802,3.505,0.0
6803,3.845,0.0
6804,4.17,0.0
6805,4.475,0.0
6806,4.745,0.0
6807,5.01,0.0
6808,5.225,0.0
6809,5.41,0.0
6810,5.585,0.0
6811,5.72,0.0
6812,5.81,0.0
6813,5.875,0.0
6814,5.91,0.0
6815,5.975,0.0
6816,6.04,0.0
6817,6.07,0.0
6818,6.1,0.0
6819,6.145,0.0
6820,6.21,0.0
6821,6.245,0.0
6822,6.28,0.0
6823,6.33,0.0
6824,6.4,0.0
6825,6.425,0.0
6826,6.49,0.0
6827,6.525,0.0
6828,6.58,0.0
6829,6.64,0.0
6830,6.67,0.0
6831,6.715,0.0
6832,6.77,0.0
6833,6.82,0.0
6834,6.85,0.0
6835,6.88,0.0
6836,6.93,0.0
6837,6.97,0.0
6838,7.0,0.0
6839,7.02,0.0
6840,7.045,0.0
6841,7.06,0.0
6842,7.07,0.0
6843,7.05,0.0
6844,7.02,0.0
6845,7.02,0.0
6846,6.97,0.0
6847,6.925,0.0
6848,6.865,0.0
6849,6.805,0.0
6850,6.785,0.0
6851,6.65,0.0
6852,6.575,0.0
6853,6.49,0.0
6854,6.41,0.0
6855,6.31,0.0
6856,6.21,0.0
6857,6.125,0.0
6858,6.035,0.0
6859,5.965,0.0
6860,5.87,0.0
6861,5.79,0.0
6862,5.73,0.0
6863,5.66,0.0
6864,5.585,0.0
6865,5.525,0.0
6866,5.485,0.0
6867,5.44,0.0
6868,5.38,0.0
6869,5.345,0.0
6870,5.325,0.0
6871,5.29,0.0
6872,5.245,0.0
6873,5.21,0.0
6874,5.205,0.0
6875,5.195,0.0
6876,5.155,0.0
6877,5.125,0.0
6878,5.135,0.0
6879,5.13,0.0
6880,5.115,0.0
6881,5.095,0.0
6882,5.09,0.0
6883,5.085,0.0
6884,5.085,0.0
6885,5.075,0.0
6886,5.065,0.0
6887,5.075,0.0
6888,5.075,0.0
6889,5.055,0.0
6890,5.065,0.0
6891,5.07,0.0
6892,5.07,0.0
6893,5.055,0.0
6894,5.05,0.0
6895,5.07,0.0
6896,5.065,0.0
6897,5.06,0.0
6898,5.05,0.0
6899,5.065,0.0
6900,5.07,0.0
6901,5.07,0.0
6902,5.055,0.0
6903,5.065,0.0
6904,5.08,0.0
6905,5.07,0.0
6906,5.07,0.0
6907,5.06,0.0
6908,5.08,0.0
6909,5.075,0.0
6910,5.05,0.0
6911,5.05,0.0
6912,5.075,0.0
6913,5.06,0.0
6914,5.055,0.0
6915,5.045,0.0
6916,5.055,0.0
6917,5.05,0.0
6918,5.035,0.0
6919,5.02,0.0
6920,5.03,0.0
6921,5.035,0.0
6922,5.01,0.0
6923,5.005,0.0
6924,5.015,0.0
6925,5.02,0.0
6926,5.0,0.0
6927,4.99,0.0
6928,4.995,0.0
6929,5.0,0.0
6930,4.995,0.0
6931,4.97,0.0
6932,4.975,0.0
6933,4.99,0.0
6934,4.985,0.0
6935,4.96,0.0
6936,4.96,0.0
6937,4.975,0.0
6938,4.96,0.0
6939,4.955,0.0
6940,4.955,0.0
6941,4.975,0.0
6942,4.965,0.0
6943,4.955,0.0
6944,4.935,0.0
6945,4.955,0.0
6946,4.95,0.0
6947,4.95,0.0
6948,4.94,0.0
6949,4.95,0.0
6950,4.955,0.0
6951,4.95,0.0
6952,4.94,0.0
6953,4.945,0.0
6954,4.96,0.0
6955,4.945,0.0
6956,4.935,0.0
6957,4.95,0.0
6958,4.96,0.0
6959,4.95,0.0
6960,4.94,0.0
6961,4.94,0.0
6962,4.96,0.0
6963,4.95,0.0
6964,4.95,0.0
6965,4.975,0.0
6966,5.01,0.0
6967,5.07,0.0
6968,5.285,0.0
6969,5.83,0.0
6970,6.0,0.0
6971,5.675,0.0
6972,5.465,0.0
6973,5.41,0.0
6974,5.375,0.0
6975,5.355,0.0
6976,5.185,0.0
6977,4.97,0.0
6978,4.685,0.0
6979,4.3,0.0
6980,3.9,0.0
6981,3.515,0.0
6982,3.165,0.0
6983,2.875,0.0
6984,2.635,0.0
6985,2.455,0.0
6986,2.305,0.0
6987,2.17,0.0
6988,2.075,0.0
6989,2.03,0.0
6990,2.0,0.0
6991,1.99,0.0
6992,1.98,0.0
6993,1.975,0.0
6994,1.97,0.0
6995,2.0,0.0
6996,2.055,0.0
6997,2.145,0.0
6998,2.345,0.0
6999,2.59,0.0
7000,2.67,0.0
7001,3.145,0.0
7002,3.47,0.0
7003,3.815,0.0
7004,4.12,0.0
7005,4.42,0.0
7006,4.725,0.0
7007,4.99,0.0
7008,5.23,0.0
7009,5.435,0.0
7010,5.56,0.0
7011,5.67,0.0
7012,5.755,0.0
7013,5.81,0.0
7014,5.845,0.0
7015,5.9,0.0
7016,5.95,0.0
7017,5.975,0.0
7018,6.0,0.0
7019,6.045,0.0
7020,6.095,0.0
7021,6.14,0.0
7022,6.165,0.0
7023,6.195,0.0
7024,6.245,0.0
7025,6.265,0.0
7026,6.32,0.0
7027,6.36,0.0
7028,6.405,0.0
7029,6.46,0.0
7030,6.5,0.0
7031,6.54,0.0
7032,6.59,0.0
7033,6.63,0.0
7034,6.67,0.0
7035,6.7,0.0
7036,6.745,0.0
7037,6.785,0.0
7038,6.815,0.0
7039,6.835,0.0
7040,6.85,0.0
7041,6.885,0.0
7042,6.9,0.0
7043,6.88,0.0
7044,6.87,0.0
7045,6.86,0.0
7046,6.85,0.0
7047,6.79,0.0
7048,6.74,0.0
7049,6.69,0.0
7050,6.68,0.0
7051,6.55,0.0
7052,6.465,0.0
7053,6.395,0.0
7054,6.315,0.0
7055,6.22,0.0
7056,6.135,0.0
7057,6.055,0.0
7058,5.975,0.0
7059,5.89,0.0
7060,5.795,0.0
7061,5.715,0.0
7062,5.655,0.0
7063,5.59,0.0
7064,5.525,0.0
7065,5.46,0.0
7066,5.42,0.0
7067,5.375,0.0
7068,5.335,0.0
7069,5.295,0.0
7070,5.285,0.0
7071,5.25,0.0
7072,5.215,0.0
7073,5.19,0.0
7074,5.19,0.0
7075,5.195,0.0
7076,5.17,0.0
7077,5.15,0.0
7078,5.135,0.0
7079,5.15,0.0
7080,5.135,0.0
7081,5.13,0.0
7082,5.15,0.0
7083,5.155,0.0
7084,5.14,0.0
7085,5.13,0.0
7086,5.14,0.0
7087,5.145,0.0
7088,5.15,0.0
7089,5.135,0.0
7090,5.135,0.0
7091,5.145,0.0
7092,5.155,0.0
7093,5.145,0.0
7094,5.145,0.0
7095,5.155,0.0
7096,5.16,0.0
7097,5.15,0.0
7098,5.14,0.0
7099,5.145,0.0
7100,5.15,0.0
7101,5.135,0.0
7102,5.125,0.0
7103,5.13,0.0
7104,5.125,0.0
7105,5.115,0.0
7106,5.105,0.0
7107,5.105,0.0
7108,5.105,0.0
7109,5.095,0.0
7110,5.08,0.0
7111,5.07,0.0
7112,5.08,0.0
7113,5.07,0.0
7114,5.06,0.0
7115,5.05,0.0
7116,5.06,0.0
7117,5.045,0.0
7118,5.035,0.0
7119,5.02,0.0
7120,5.03,0.0
7121,5.03,0.0
7122,5.01,0.0
7123,4.99,0.0
7124,5.0,0.0
7125,5.0,0.0
7126,4.995,0.0
7127,4.98,0.0
7128,4.99,0.0
7129,4.99,0.0
7130,4.99,0.0
7131,4.97,0.0
7132,4.975,0.0
7133,4.975,0.0
7134,4.97,0.0
7135,4.955,0.0
7136,4.955,0.0
7137,4.975,0.0
7138,4.955,0.0
7139,4.95,0.0
7140,4.945,0.0
7141,4.965,0.0
7142,4.96,0.0
7143,4.95,0.0
7144,4.94,0.0
7145,4.95,0.0
7146,4.945,0.0
7147,4.945,0.0
7148,4.94,0.0
7149,4.94,0.0
7150,4.95,0.0
7151,4.94,0.0
7152,4.935,0.0
7153,4.95,0.0
7154,4.95,0.0
7155,4.94,0.0
7156,4.94,0.0
7157,4.945,0.0
7158,4.95,0.0
7159,4.955,0.0
7160,4.94,0.0
7161,4.955,0.0
7162,4.995,0.0
7163,5.065,0.0
7164,5.36,0.0
7165,5.835,0.0
7166,5.815,0.0
7167,5.47,0.0
7168,5.36,0.0
7169,5.315,0.0
7170,5.265,0.0
7171,5.2,0.0
7172,5.06,0.0
7173,4.84,0.0
7174,4.525,0.0
7175,4.415,0.0
7176,3.77,0.0
7177,3.345,0.0
7178,3.03,0.0
7179,2.775,0.0
7180,2.565,0.0
7181,2.41,0.0
7182,2.28,0.0
7183,2.15,0.0
7184,2.065,0.0
7185,2.03,0.0
7186,2.0,0.0
7187,1.99,0.0
7188,1.975,0.0
7189,1.945,0.0
7190,1.945,0.0
7191,1.97,0.0
7192,1.99,0.0
7193,2.015,0.0
7194,2.085,0.0
7195,2.225,0.0
7196,2.41,0.0
7197,2.63,0.0
7198,2.915,0.0
7199,3.28,0.0
7200,3.395,0.0
7201,3.98,0.0
7202,4.33,0.0
7203,4.655,0.0
7204,4.905,0.0
7205,5.125,0.0
7206,5.32,0.0
7207,5.515,0.0
7208,5.67,0.0
7209,5.785,0.0
7210,5.835,0.0
7211,5.9,0.0
7212,5.96,0.0
7213,6.0,0.0
7214,6.03,0.0
7215,6.07,0.0
7216,6.115,0.0
7217,6.135,0.0
7218,6.155,0.0
7219,6.195,0.0
7220,6.23,0.0
7221,6.265,0.0
7222,6.285,0.0
7223,6.315,0.0
7224,6.365,0.0
7225,6.385,0.0
7226,6.425,0.0
7227,6.45,0.0
7228,6.5,0.0
7229,6.54,0.0
7230,6.58,0.0
7231,6.615,0.0
7232,6.65,0.0
7233,6.715,0.0
7234,6.745,0.0
7235,6.77,0.0
7236,6.82,0.0
7237,6.855,0.0
7238,6.885,0.0
7239,6.91,0.0
7240,6.925,0.0
7241,6.955,0.0
7242,6.945,0.0
7243,6.945,0.0
7244,6.935,0.0
7245,6.93,0.0
7246,6.905,0.0
7247,6.845,0.0
7248,6.805,0.0
7249,6.75,0.0
7250,6.73,0.0
7251,6.6,0.0
7252,6.495,0.0
7253,6.42,0.0
7254,6.34,0.0
7255,6.24,0.0
7256,6.135,0.0
7257,6.065,0.0
7258,5.975,0.0
7259,5.895,0.0
7260,5.795,0.0
7261,5.715,0.0
7262,5.655,0.0
7263,5.59,0.0
7264,5.525,0.0
7265,5.465,0.0
7266,5.43,0.0
7267,5.385,0.0
7268,5.325,0.0
7269,5.29,0.0
7270,5.28,0.0
7271,5.255,0.0
7272,5.22,0.0
7273,5.195,0.0
7274,5.205,0.0
7275,5.2,0.0
7276,5.175,0.0
7277,5.17,0.0
7278,5.17,0.0
7279,5.17,0.0
7280,5.16,0.0
7281,5.15,0.0
7282,5.155,0.0
7283,5.16,0.0
7284,5.16,0.0
7285,5.135,0.0
7286,5.14,0.0
7287,5.155,0.0
7288,5.15,0.0
7289,5.145,0.0
7290,5.15,0.0
7291,5.145,0.0
7292,5.145,0.0
7293,5.14,0.0
7294,5.125,0.0
7295,5.14,0.0
7296,5.145,0.0
7297,5.13,0.0
7298,5.125,0.0
7299,5.12,0.0
7300,5.12,0.0
7301,5.11,0.0
7302,5.095,0.0
7303,5.095,0.0
7304,5.11,0.0
7305,5.085,0.0
7306,5.08,0.0
7307,5.08,0.0
7308,5.075,0.0
7309,5.055,0.0
7310,5.045,0.0
7311,5.045,0.0
7312,5.05,0.0
7313,5.04,0.0
7314,5.02,0.0
7315,5.02,0.0
7316,5.02,0.0
7317,5.015,0.0
7318,4.99,0.0
7319,4.99,0.0
7320,5.0,0.0
7321,4.99,0.0
7322,4.975,0.0
7323,4.955,0.0
7324,4.975,0.0
7325,4.985,0.0
7326,4.975,0.0
7327,4.955,0.0
7328,4.955,0.0
7329,4.965,0.0
7330,4.955,0.0
7331,4.94,0.0
7332,4.945,0.0
7333,4.95,0.0
7334,4.95,0.0
7335,4.94,0.0
7336,4.935,0.0
7337,4.94,0.0
7338,4.95,0.0
7339,4.93,0.0
7340,4.93,0.0
7341,4.94,0.0
7342,4.94,0.0
7343,4.92,0.0
7344,4.92,0.0
7345,4.94,0.0
7346,4.94,0.0
7347,4.925,0.0
7348,4.91,0.0
7349,4.925,0.0
7350,4.935,0.0
7351,4.915,0.0
7352,4.905,0.0
7353,4.92,0.0
7354,4.93,0.0
7355,4.925,0.0
7356,4.91,0.0
7357,4.915,0.0
7358,4.94,0.0
7359,4.93,0.0
7360,4.945,0.0
7361,4.995,0.0
7362,5.215,0.0
7363,5.68,0.0
7364,5.85,0.0
7365,5.53,0.0
7366,5.35,0.0
7367,5.3,0.0
7368,5.2,0.0
7369,5.06,0.0
7370,4.885,0.0
7371,4.62,0.0
7372,4.295,0.0
7373,3.935,0.0
7374,3.64,0.0
7375,3.555,0.0
7376,3.12,0.0
7377,2.855,0.0
7378,2.59,0.0
7379,2.41,0.0
7380,2.265,0.0
7381,2.135,0.0
7382,2.045,0.0
7383,2.01,0.0
7384,1.985,0.0
7385,1.945,0.0
7386,1.94,0.0
7387,1.935,0.0
7388,1.945,0.0
7389,1.94,0.0
7390,1.97,0.0
7391,2.015,0.0
7392,2.095,0.0
7393,2.23,0.0
7394,2.42,0.0
7395,2.68,0.0
7396,2.975,0.0
7397,3.32,0.0
7398,3.675,0.0
7399,4.055,0.0
7400,4.17,0.0
7401,4.66,0.0
7402,4.91,0.0
7403,5.15,0.0
7404,5.38,0.0
7405,5.55,0.0
7406,5.67,0.0
7407,5.76,0.0
7408,5.815,0.0
7409,5.85,0.0
7410,5.87,0.0
7411,5.905,0.0
7412,5.95,0.0
7413,5.98,0.0
7414,6.005,0.0
7415,6.05,0.0
7416,6.105,0.0
7417,6.135,0.0
7418,6.145,0.0
7419,6.175,0.0
7420,6.205,0.0
7421,6.245,0.0
7422,6.26,0.0
7423,6.29,0.0
7424,6.33,0.0
7425,6.35,0.0
7426,6.4,0.0
7427,6.42,0.0
7428,6.465,0.0
7429,6.505,0.0
7430,6.515,0.0
7431,6.545,0.0
7432,6.595,0.0
7433,6.63,0.0
7434,6.645,0.0
7435,6.68,0.0
7436,6.72,0.0
7437,6.75,0.0
7438,6.77,0.0
7439,6.775,0.0
7440,6.795,0.0
7441,6.815,0.0
7442,6.82,0.0
7443,6.795,0.0
7444,6.79,0.0
7445,6.78,0.0
7446,6.75,0.0
7447,6.705,0.0
7448,6.645,0.0
7449,6.605,0.0
7450,6.585,0.0
7451,6.465,0.0
7452,6.37,0.0
7453,6.29,0.0
7454,6.21,0.0
7455,6.125,0.0
7456,6.03,0.0
7457,5.965,0.0
7458,5.88,0.0
7459,5.795,0.0
7460,5.71,0.0
7461,5.65,0.0
7462,5.585,0.0
7463,5.53,0.0
7464,5.46,0.0
7465,5.41,0.0
7466,5.37,0.0
7467,5.34,0.0
7468,5.295,0.0
7469,5.26,0.0
7470,5.245,0.0
7471,5.23,0.0
7472,5.2,0.0
7473,5.18,0.0
7474,5.18,0.0
7475,5.18,0.0
7476,5.155,0.0
7477,5.145,0.0
7478,5.15,0.0
7479,5.155,0.0
7480,5.15,0.0
7481,5.13,0.0
7482,5.13,0.0
7483,5.135,0.0
7484,5.13,0.0
7485,5.115,0.0
7486,5.13,0.0
7487,5.14,0.0
7488,5.13,0.0
7489,5.125,0.0
7490,5.115,0.0
7491,5.135,0.0
7492,5.14,0.0
7493,5.13,0.0
7494,5.125,0.0
7495,5.135,0.0
7496,5.135,0.0
7497,5.115,0.0
7498,5.1,0.0
7499,5.115,0.0
7500,5.12,0.0
7501,5.11,0.0
7502,5.095,0.0
7503,5.105,0.0
7504,5.105,0.0
7505,5.09,0.0
7506,5.08,0.0
7507,5.08,0.0
7508,5.08,0.0
7509,5.065,0.0
7510,5.05,0.0
7511,5.05,0.0
7512,5.065,0.0
7513,5.055,0.0
7514,5.03,0.0
7515,5.035,0.0
7516,5.025,0.0
7517,5.03,0.0
7518,5.02,0.0
7519,5.0,0.0
7520,5.01,0.0
7521,5.005,0.0
7522,5.005,0.0
7523,5.0,0.0
7524,5.0,0.0
7525,5.01,0.0
7526,4.985,0.0
7527,4.99,0.0
7528,4.98,0.0
7529,4.985,0.0
7530,4.98,0.0
7531,4.97,0.0
7532,4.98,0.0
7533,4.98,0.0
7534,4.97,0.0
7535,4.96,0.0
7536,4.955,0.0
7537,4.975,0.0
7538,4.975,0.0
7539,4.95,0.0
7540,4.955,0.0
7541,4.97,0.0
7542,4.965,0.0
7543,4.955,0.0
7544,4.95,0.0
7545,4.965,0.0
7546,4.95,0.0
7547,4.95,0.0
7548,4.94,0.0
7549,4.96,0.0
7550,4.965,0.0
7551,4.955,0.0
7552,4.955,0.0
7553,4.965,0.0
7554,4.965,0.0
7555,4.96,0.0
7556,4.945,0.0
7557,4.95,0.0
7558,4.965,0.0
7559,4.955,0.0
7560,4.945,0.0
7561,4.95,0.0
7562,4.965,0.0
7563,4.97,0.0
7564,4.96,0.0
7565,4.965,0.0
7566,5.005,0.0
7567,5.035,0.0
7568,5.15,0.0
7569,5.54,0.0
7570,5.98,0.0
7571,5.87,0.0
7572,5.55,0.0
7573,5.415,0.0
7574,5.39,0.0
7575,5.37,0.0
7576,5.27,0.0
7577,5.175,0.0
7578,5.025,0.0
7579,4.8,0.0
7580,4.495,0.0
7581,4.165,0.0
7582,3.835,0.0
7583,3.495,0.0
7584,3.175,0.0
7585,2.91,0.0
7586,2.705,0.0
7587,2.565,0.0
7588,2.42,0.0
7589,2.265,0.0
7590,2.15,0.0
7591,2.105,0.0
7592,2.055,0.0
7593,2.015,0.0
7594,1.995,0.0
7595,1.99,0.0
7596,1.99,0.0
7597,1.98,0.0
7598,1.985,0.0
7599,2.015,0.0
7600,2.025,0.0
7601,2.11,0.0
7602,2.215,0.0
7603,2.39,0.0
7604,2.595,0.0
7605,2.83,0.0
7606,3.105,0.0
7607,3.455,0.0
7608,3.795,0.0
7609,4.11,0.0
7610,4.4,0.0
7611,4.675,0.0
7612,4.925,0.0
7613,5.13,0.0
7614,5.31,0.0
7615,5.49,0.0
7616,5.655,0.0
7617,5.75,0.0
7618,5.805,0.0
7619,5.855,0.0
7620,5.905,0.0
7621,5.93,0.0
7622,5.945,0.0
7623,5.98,0.0
7624,6.035,0.0
7625,6.055,0.0
7626,6.12,0.0
7627,6.15,0.0
7628,6.185,0.0
7629,6.215,0.0
7630,6.23,0.0
7631,6.25,0.0
7632,6.29,0.0
7633,6.33,0.0
7634,6.36,0.0
7635,6.375,0.0
7636,6.42,0.0
7637,6.455,0.0
7638,6.49,0.0
7639,6.505,0.0
7640,6.54,0.0
7641,6.585,0.0
7642,6.615,0.0
7643,6.635,0.0
7644,6.665,0.0
7645,6.72,0.0
7646,6.74,0.0
7647,6.765,0.0
7648,6.79,0.0
7649,6.825,0.0
7650,6.84,0.0
7651,6.87,0.0
7652,6.87,0.0
7653,6.9,0.0
7654,6.9,0.0
7655,6.89,0.0
7656,6.87,0.0
7657,6.855,0.0
7658,6.835,0.0
7659,6.785,0.0
7660,6.73,0.0
7661,6.68,0.0
7662,6.62,0.0
7663,6.555,0.0
7664,6.45,0.0
7665,6.385,0.0
7666,6.32,0.0
7667,6.215,0.0
7668,6.115,0.0
7669,6.035,0.0
7670,5.965,0.0
7671,5.885,0.0
7672,5.79,0.0
7673,5.73,0.0
7674,5.675,0.0
7675,5.655,0.0
7676,5.55,0.0
7677,5.49,0.0
7678,5.465,0.0
7679,5.435,0.0
7680,5.385,0.0
7681,5.345,0.0
7682,5.325,0.0
7683,5.32,0.0
7684,5.295,0.0
7685,5.265,0.0
7686,5.25,0.0
7687,5.25,0.0
7688,5.235,0.0
7689,5.22,0.0
7690,5.22,0.0
7691,5.235,0.0
7692,5.215,0.0
7693,5.205,0.0
7694,5.21,0.0
7695,5.22,0.0
7696,5.215,0.0
7697,5.205,0.0
7698,5.195,0.0
7699,5.22,0.0
7700,5.23,0.0
7701,5.22,0.0
7702,5.21,0.0
7703,5.215,0.0
7704,5.23,0.0
7705,5.225,0.0
7706,5.21,0.0
7707,5.215,0.0
7708,5.23,0.0
7709,5.225,0.0
7710,5.21,0.0
7711,5.205,0.0
7712,5.22,0.0
7713,5.21,0.0
7714,5.2,0.0
7715,5.2,0.0
7716,5.215,0.0
7717,5.2,0.0
7718,5.18,0.0
7719,5.17,0.0
7720,5.18,0.0
7721,5.185,0.0
7722,5.16,0.0
7723,5.14,0.0
7724,5.145,0.0
7725,5.155,0.0
7726,5.135,0.0
7727,5.125,0.0
7728,5.12,0.0
7729,5.12,0.0
7730,5.105,0.0
7731,5.085,0.0
7732,5.095,0.0
7733,5.095,0.0
7734,5.085,0.0
7735,5.07,0.0
7736,5.06,0.0
7737,5.075,0.0
7738,5.06,0.0
7739,5.045,0.0
7740,5.055,0.0
7741,5.065,0.0
7742,5.05,0.0
7743,5.035,0.0
7744,5.035,0.0
7745,5.04,0.0
7746,5.045,0.0
7747,5.025,0.0
7748,5.025,0.0
7749,5.03,0.0
7750,5.035,0.0
7751,5.02,0.0
7752,5.01,0.0
7753,5.01,0.0
7754,5.02,0.0
7755,5.01,0.0
7756,5.0,0.0
7757,5.0,0.0
7758,5.015,0.0
7759,5.01,0.0
7760,4.99,0.0
7761,4.995,0.0
7762,5.0,0.0
7763,5.005,0.0
7764,4.99,0.0
7765,5.005,0.0
7766,5.02,0.0
7767,5.0,0.0
7768,4.99,0.0
7769,4.975,0.0
7770,5.005,0.0
7771,5.005,0.0
7772,4.995,0.0
7773,4.99,0.0
7774,5.0,0.0
7775,5.005,0.0
7776,5.005,0.0
7777,5.015,0.0
7778,5.045,0.0
7779,5.135,0.0
7780,5.38,0.0
7781,5.845,0.0
7782,6.01,0.0
7783,5.675,0.0
7784,5.47,0.0
7785,5.41,0.0
7786,5.36,0.0
7787,5.32,0.0
7788,5.225,0.0
7789,5.075,0.0
7790,4.85,0.0
7791,4.58,0.0
7792,4.23,0.0
7793,3.875,0.0
7794,3.51,0.0
7795,3.215,0.0
7796,2.955,0.0
7797,2.72,0.0
7798,2.565,0.0
7799,2.45,0.0
7800,2.41,0.0
7801,2.175,0.0
7802,2.095,0.0
7803,2.065,0.0
7804,2.035,0.0
7805,1.985,0.0
7806,1.97,0.0
7807,1.97,0.0
7808,1.98,0.0
7809,1.97,0.0
7810,1.97,0.0
7811,2.005,0.0
7812,2.075,0.0
7813,2.16,0.0
7814,2.285,0.0
7815,2.45,0.0
7816,2.655,0.0
7817,2.905,0.0
7818,3.19,0.0
7819,3.545,0.0
7820,3.885,0.0
7821,4.235,0.0
7822,4.535,0.0
7823,4.8,0.0
7824,5.04,0.0
7825,5.11,0.0
7826,5.44,0.0
7827,5.615,0.0
7828,5.735,0.0
7829,5.825,0.0
7830,5.89,0.0
7831,5.955,0.0
7832,6.015,0.0
7833,6.065,0.0
7834,6.09,0.0
7835,6.115,0.0
7836,6.15,0.0
7837,6.195,0.0
7838,6.215,0.0
7839,6.23,0.0
7840,6.265,0.0
7841,6.31,0.0
7842,6.34,0.0
7843,6.35,0.0
7844,6.38,0.0
7845,6.425,0.0
7846,6.46,0.0
7847,6.485,0.0
7848,6.525,0.0
7849,6.56,0.0
7850,6.58,0.0
7851,6.635,0.0
7852,6.675,0.0
7853,6.72,0.0
7854,6.76,0.0
7855,6.795,0.0
7856,6.83,0.0
7857,6.885,0.0
7858,6.915,0.0
7859,6.945,0.0
7860,6.96,0.0
7861,7.0,0.0
7862,7.025,0.0
7863,7.03,0.0
7864,7.01,0.0
7865,7.015,0.0
7866,7.025,0.0
7867,6.985,0.0
7868,6.95,0.0
7869,6.9,0.0
7870,6.87,0.0
7871,6.795,0.0
7872,6.715,0.0
7873,6.635,0.0
7874,6.57,0.0
7875,6.55,0.0
7876,6.38,0.0
7877,6.28,0.0
7878,6.2,0.0
7879,6.11,0.0
7880,6.01,0.0
7881,5.915,0.0
7882,5.855,0.0
7883,5.77,0.0
7884,5.7,0.0
7885,5.625,0.0
7886,5.57,0.0
7887,5.525,0.0
7888,5.465,0.0
7889,5.41,0.0
7890,5.375,0.0
7891,5.355,0.0
7892,5.32,0.0
7893,5.28,0.0
7894,5.24,0.0
7895,5.25,0.0
7896,5.225,0.0
7897,5.205,0.0
7898,5.18,0.0
7899,5.185,0.0
7900,5.19,0.0
7901,5.17,0.0
7902,5.155,0.0
7903,5.165,0.0
7904,5.165,0.0
7905,5.155,0.0
7906,5.145,0.0
7907,5.15,0.0
7908,5.16,0.0
7909,5.15,0.0
7910,5.15,0.0
7911,5.14,0.0
7912,5.15,0.0
7913,5.145,0.0
7914,5.135,0.0
7915,5.14,0.0
7916,5.155,0.0
7917,5.155,0.0
7918,5.14,0.0
7919,5.125,0.0
7920,5.145,0.0
7921,5.145,0.0
7922,5.135,0.0
7923,5.135,0.0
7924,5.135,0.0
7925,5.14,0.0
7926,5.125,0.0
7927,5.11,0.0
7928,5.115,0.0
7929,5.115,0.0
7930,5.105,0.0
7931,5.085,0.0
7932,5.095,0.0
7933,5.1,0.0
7934,5.095,0.0
7935,5.07,0.0
7936,5.06,0.0
7937,5.065,0.0
7938,5.055,0.0
7939,5.04,0.0
7940,5.035,0.0
7941,5.045,0.0
7942,5.03,0.0
7943,5.03,0.0
7944,5.015,0.0
7945,5.025,0.0
7946,5.02,0.0
7947,5.005,0.0
7948,4.995,0.0
7949,4.995,0.0
7950,5.0,0.0
7951,4.98,0.0
7952,4.97,0.0
7953,4.995,0.0
7954,4.99,0.0
7955,4.98,0.0
7956,4.975,0.0
7957,4.98,0.0
7958,4.975,0.0
7959,4.955,0.0
7960,4.945,0.0
7961,4.95,0.0
7962,4.965,0.0
7963,4.955,0.0
7964,4.945,0.0
7965,4.95,0.0
7966,4.96,0.0
7967,4.96,0.0
7968,4.95,0.0
7969,4.935,0.0
7970,4.955,0.0
7971,4.96,0.0
7972,4.94,0.0
7973,4.925,0.0
7974,4.94,0.0
7975,4.945,0.0
7976,4.93,0.0
7977,4.93,0.0
7978,4.935,0.0
7979,4.945,0.0
7980,4.94,0.0
7981,4.93,0.0
7982,4.935,0.0
7983,4.94,0.0
7984,4.935,0.0
7985,4.93,0.0
7986,4.935,0.0
7987,4.945,0.0
7988,4.955,0.0
7989,4.95,0.0
7990,4.99,0.0
7991,5.11,0.0
7992,5.51,0.0
7993,5.93,0.0
7994,5.765,0.0
7995,5.48,0.0
7996,5.365,0.0
7997,5.3,0.0
7998,5.23,0.0
7999,5.16,0.0
8000,5.13,0.0
8001,4.835,0.0
8002,4.555,0.0
8003,4.23,0.0
8004,3.885,0.0
8005,3.505,0.0
8006,3.125,0.0
8007,2.845,0.0
8008,2.64,0.0
8009,2.465,0.0
8010,2.34,0.0
8011,2.2,0.0
8012,2.09,0.0
8013,2.0,0.0
8014,1.965,0.0
8015,1.935,0.0
8016,1.93,0.0
8017,1.915,0.0
8018,1.89,0.0
8019,1.89,0.0
8020,1.91,0.0
8021,1.925,0.0
8022,1.95,0.0
8023,2.005,0.0
8024,2.135,0.0
8025,2.19,0.0
8026,2.485,0.0
8027,2.735,0.0
8028,3.05,0.0
8029,3.38,0.0
8030,3.69,0.0
8031,3.985,0.0
8032,4.3,0.0
8033,4.635,0.0
8034,4.9,0.0
8035,5.13,0.0
8036,5.35,0.0
8037,5.535,0.0
8038,5.67,0.0
8039,5.74,0.0
8040,5.815,0.0
8041,5.875,0.0
8042,5.915,0.0
8043,5.945,0.0
8044,5.985,0.0
8045,6.035,0.0
8046,6.06,0.0
8047,6.08,0.0
8048,6.105,0.0
8049,6.15,0.0
8050,6.165,0.0
8051,6.195,0.0
8052,6.22,0.0
8053,6.265,0.0
8054,6.3,0.0
8055,6.32,0.0
8056,6.365,0.0
8057,6.405,0.0
8058,6.455,0.0
8059,6.49,0.0
8060,6.525,0.0
8061,6.57,0.0
8062,6.615,0.0
8063,6.655,0.0
8064,6.695,0.0
8065,6.735,0.0
8066,6.775,0.0
8067,6.805,0.0
8068,6.835,0.0
8069,6.86,0.0
8070,6.895,0.0
8071,6.905,0.0
8072,6.91,0.0
8073,6.92,0.0
8074,6.925,0.0
8075,6.93,0.0
8076,6.895,0.0
8077,6.85,0.0
8078,6.825,0.0
8079,6.78,0.0
8080,6.7,0.0
8081,6.625,0.0
8082,6.555,0.0
8083,6.475,0.0
8084,6.38,0.0
8085,6.285,0.0
8086,6.2,0.0
8087,6.13,0.0
8088,6.035,0.0
8089,5.94,0.0
8090,5.865,0.0
8091,5.795,0.0
8092,5.715,0.0
8093,5.635,0.0
8094,5.565,0.0
8095,5.525,0.0
8096,5.475,0.0
8097,5.415,0.0
8098,5.37,0.0
8099,5.345,0.0
8100,5.34,0.0
8101,5.275,0.0
8102,5.245,0.0
8103,5.23,0.0
8104,5.215,0.0
8105,5.185,0.0
8106,5.175,0.0
8107,5.165,0.0
8108,5.155,0.0
8109,5.15,0.0
8110,5.14,0.0
8111,5.135,0.0
8112,5.14,0.0
8113,5.125,0.0
8114,5.11,0.0
8115,5.12,0.0
8116,5.125,0.0
8117,5.115,0.0
8118,5.1,0.0
8119,5.11,0.0
8120,5.115,0.0
8121,5.115,0.0
8122,5.105,0.0
8123,5.1,0.0
8124,5.12,0.0
8125,5.13,0.0
8126,5.105,0.0
8127,5.095,0.0
8128,5.11,0.0
8129,5.11,0.0
8130,5.095,0.0
8131,5.09,0.0
8132,5.09,0.0
8133,5.105,0.0
8134,5.1,0.0
8135,5.09,0.0
8136,5.085,0.0
8137,5.1,0.0
8138,5.08,0.0
8139,5.075,0.0
8140,5.07,0.0
8141,5.08,0.0
8142,5.065,0.0
8143,5.055,0.0
8144,5.03,0.0
8145,5.05,0.0
8146,5.05,0.0
8147,5.03,0.0
8148,5.025,0.0
8149,5.035,0.0
8150,5.035,0.0
8151,5.015,0.0
8152,5.0,0.0
8153,5.005,0.0
8154,5.005,0.0
8155,4.99,0.0
8156,4.98,0.0
8157,4.975,0.0
8158,4.98,0.0
8159,4.975,0.0
8160,4.955,0.0
8161,4.95,0.0
8162,4.98,0.0
8163,4.96,0.0
8164,4.935,0.0
8165,4.945,0.0
8166,4.96,0.0
8167,4.955,0.0
8168,4.935,0.0
8169,4.935,0.0
8170,4.945,0.0
8171,4.935,0.0
8172,4.925,0.0
8173,4.92,0.0
8174,4.935,0.0
8175,4.945,0.0
8176,4.93,0.0
8177,4.92,0.0
8178,4.93,0.0
8179,4.94,0.0
8180,4.92,0.0
8181,4.915,0.0
8182,4.915,0.0
8183,4.93,0.0
8184,4.915,0.0
8185,4.91,0.0
8186,4.92,0.0
8187,4.93,0.0
8188,4.925,0.0
8189,4.905,0.0
8190,4.915,0.0
8191,4.92,0.0
8192,4.91,0.0
8193,4.9,0.0
8194,4.905,0.0
8195,4.91,0.0
8196,4.915,0.0
8197,4.91,0.0
8198,4.915,0.0
8199,4.92,0.0
8200,4.925,0.0
8201,4.93,0.0
8202,4.945,0.0
8203,4.99,0.0
8204,5.11,0.0
8205,5.405,0.0
8206,5.775,0.0
8207,5.735,0.0
8208,5.495,0.0
8209,5.385,0.0
8210,5.34,0.0
8211,5.295,0.0
8212,5.255,0.0
8213,5.165,0.0
8214,5.02,0.0
8215,4.79,0.0
8216,4.515,0.0
8217,4.185,0.0
8218,3.845,0.0
8219,3.51,0.0
8220,3.225,0.0
8221,2.97,0.0
8222,2.745,0.0
8223,2.57,0.0
8224,2.47,0.0
8225,2.43,0.0
8226,2.165,0.0
8227,2.045,0.0
8228,2.02,0.0
8229,1.98,0.0
8230,1.945,0.0
8231,1.91,0.0
8232,1.905,0.0
8233,1.905,0.0
8234,1.895,0.0
8235,1.895,0.0
8236,1.92,0.0
8237,1.97,0.0
8238,2.025,0.0
8239,2.125,0.0
8240,2.28,0.0
8241,2.455,0.0
8242,2.66,0.0
8243,2.91,0.0
8244,3.245,0.0
8245,3.585,0.0
8246,3.895,0.0
8247,4.21,0.0
8248,4.5,0.0
8249,4.76,0.0
8250,4.84,0.0
8251,5.18,0.0
8252,5.365,0.0
8253,5.535,0.0
8254,5.635,0.0
8255,5.705,0.0
8256,5.76,0.0
8257,5.805,0.0
8258,5.87,0.0
8259,5.89,0.0
8260,5.905,0.0
8261,5.965,0.0
8262,6.0,0.0
8263,6.005,0.0
8264,6.03,0.0
8265,6.06,0.0
8266,6.105,0.0
8267,6.115,0.0
8268,6.14,0.0
8269,6.165,0.0
8270,6.21,0.0
8271,6.235,0.0
8272,6.26,0.0
8273,6.3,0.0
8274,6.345,0.0
8275,6.365,0.0
8276,6.41,0.0
8277,6.445,0.0
8278,6.505,0.0
8279,6.54,0.0
8280,6.575,0.0
8281,6.61,0.0
8282,6.665,0.0
8283,6.715,0.0
8284,6.735,0.0
8285,6.77,0.0
8286,6.805,0.0
8287,6.84,0.0
8288,6.855,0.0
8289,6.865,0.0
8290,6.875,0.0
8291,6.89,0.0
8292,6.88,0.0
8293,6.86,0.0
8294,6.84,0.0
8295,6.81,0.0
8296,6.77,0.0
8297,6.705,0.0
8298,6.635,0.0
8299,6.575,0.0
8300,6.55,0.0
8301,6.43,0.0
8302,6.345,0.0
8303,6.275,0.0
8304,6.195,0.0
8305,6.11,0.0
8306,6.015,0.0
8307,5.955,0.0
8308,5.885,0.0
8309,5.79,0.0
8310,5.71,0.0
8311,5.65,0.0
8312,5.6,0.0
8313,5.525,0.0
8314,5.46,0.0
8315,5.415,0.0
8316,5.395,0.0
8317,5.34,0.0
8318,5.29,0.0
8319,5.26,0.0
8320,5.25,0.0
8321,5.215,0.0
8322,5.195,0.0
8323,5.175,0.0
8324,5.185,0.0
8325,5.19,0.0
8326,5.16,0.0
8327,5.15,0.0
8328,5.15,0.0
8329,5.155,0.0
8330,5.145,0.0
8331,5.13,0.0
8332,5.13,0.0
8333,5.14,0.0
8334,5.14,0.0
8335,5.12,0.0
8336,5.13,0.0
8337,5.14,0.0
8338,5.14,0.0
8339,5.13,0.0
8340,5.135,0.0
8341,5.14,0.0
8342,5.14,0.0
8343,5.13,0.0
8344,5.125,0.0
8345,5.14,0.0
8346,5.13,0.0
8347,5.125,0.0
8348,5.13,0.0
8349,5.135,0.0
8350,5.14,0.0
8351,5.11,0.0
8352,5.12,0.0
8353,5.115,0.0
8354,5.115,0.0
8355,5.115,0.0
8356,5.095,0.0
8357,5.09,0.0
8358,5.09,0.0
8359,5.075,0.0
8360,5.06,0.0
8361,5.07,0.0
8362,5.07,0.0
8363,5.055,0.0
8364,5.045,0.0
8365,5.04,0.0
8366,5.04,0.0
8367,5.02,0.0
8368,5.02,0.0
8369,5.015,0.0
8370,5.015,0.0
8371,5.0,0.0
8372,4.985,0.0
8373,4.985,0.0
8374,4.99,0.0
8375,5.0,0.0
8376,4.975,0.0
8377,4.96,0.0
8378,4.965,0.0
8379,4.97,0.0
8380,4.955,0.0
8381,4.955,0.0
8382,4.965,0.0
8383,4.96,0.0
8384,4.95,0.0
8385,4.94,0.0
8386,4.935,0.0
8387,4.95,0.0
8388,4.935,0.0
8389,4.93,0.0
8390,4.925,0.0
8391,4.935,0.0
8392,4.925,0.0
8393,4.915,0.0
8394,4.925,0.0
8395,4.925,0.0
8396,4.93,0.0
8397,4.915,0.0
8398,4.9,0.0
8399,4.925,0.0
8400,4.925,0.0
8401,4.915,0.0
8402,4.915,0.0
8403,4.93,0.0
8404,4.925,0.0
8405,4.915,0.0
8406,4.905,0.0
8407,4.915,0.0
8408,4.915,0.0
8409,4.905,0.0
8410,4.9,0.0
8411,4.915,0.0
8412,4.93,0.0
8413,4.93,0.0
8414,4.94,0.0
8415,4.99,0.0
8416,5.19,0.0
8417,5.685,0.0
8418,5.935,0.0
8419,5.64,0.0
8420,5.415,0.0
8421,5.345,0.0
8422,5.29,0.0
8423,5.245,0.0
8424,5.195,0.0
8425,5.165,0.0
8426,4.905,0.0
8427,4.65,0.0
8428,4.36,0.0
8429,4.03,0.0
8430,3.65,0.0
8431,3.26,0.0
8432,2.95,0.0
8433,2.71,0.0
8434,2.515,0.0
8435,2.355,0.0
8436,2.2,0.0
8437,2.06,0.0
8438,1.975,0.0
8439,1.92,0.0
8440,1.89,0.0
8441,1.87,0.0
8442,1.855,0.0
8443,1.835,0.0
8444,1.84,0.0
8445,1.865,0.0
8446,1.885,0.0
8447,1.94,0.0
8448,2.05,0.0
8449,2.225,0.0
8450,2.295,0.0
8451,2.665,0.0
8452,2.995,0.0
8453,3.355,0.0
8454,3.665,0.0
8455,3.975,0.0
8456,4.29,0.0
8457,4.585,0.0
8458,4.83,0.0
8459,5.03,0.0
8460,5.225,0.0
8461,5.45,0.0
8462,5.605,0.0
8463,5.7,0.0
8464,5.76,0.0
8465,5.83,0.0
8466,5.895,0.0
8467,5.93,0.0
8468,5.96,0.0
8469,6.0,0.0
8470,6.045,0.0
8471,6.085,0.0
8472,6.125,0.0
8473,6.16,0.0
8474,6.205,0.0
8475,6.225,0.0
8476,6.29,0.0
8477,6.34,0.0
8478,6.385,0.0
8479,6.43,0.0
8480,6.46,0.0
8481,6.505,0.0
8482,6.565,0.0
8483,6.62,0.0
8484,6.67,0.0
8485,6.715,0.0
8486,6.775,0.0
8487,6.82,0.0
8488,6.86,0.0
8489,6.88,0.0
8490,6.935,0.0
8491,6.985,0.0
8492,6.995,0.0
8493,7.005,0.0
8494,7.015,0.0
8495,7.02,0.0
8496,7.035,0.0
8497,7.005,0.0
8498,6.975,0.0
8499,6.955,0.0
8500,6.935,0.0
8501,6.82,0.0
8502,6.755,0.0
8503,6.695,0.0
8504,6.615,0.0
8505,6.52,0.0
8506,6.43,0.0
8507,6.355,0.0
8508,6.26,0.0
8509,6.165,0.0
8510,6.055,0.0
8511,5.975,0.0
8512,5.91,0.0
8513,5.81,0.0
8514,5.72,0.0
8515,5.645,0.0
8516,5.59,0.0
8517,5.525,0.0
8518,5.45,0.0
8519,5.41,0.0
8520,5.37,0.0
8521,5.33,0.0
8522,5.28,0.0
8523,5.24,0.0
8524,5.23,0.0
8525,5.225,0.0
8526,5.17,0.0
8527,5.155,0.0
8528,5.15,0.0
8529,5.145,0.0
8530,5.125,0.0
8531,5.105,0.0
8532,5.105,0.0
8533,5.11,0.0
8534,5.1,0.0
8535,5.08,0.0
8536,5.085,0.0
8537,5.09,0.0
8538,5.08,0.0
8539,5.07,0.0
8540,5.075,0.0
8541,5.095,0.0
8542,5.085,0.0
8543,5.075,0.0
8544,5.08,0.0
8545,5.09,0.0
8546,5.095,0.0
8547,5.075,0.0
8548,5.065,0.0
8549,5.08,0.0
8550,5.09,0.0
8551,5.08,0.0
8552,5.08,0.0
8553,5.075,0.0
8554,5.085,0.0
8555,5.075,0.0
8556,5.055,0.0
8557,5.065,0.0
8558,5.075,0.0
8559,5.06,0.0
8560,5.04,0.0
8561,5.035,0.0
8562,5.05,0.0
8563,5.035,0.0
8564,5.005,0.0
8565,5.015,0.0
8566,5.03,0.0
8567,5.02,0.0
8568,4.995,0.0
8569,4.98,0.0
8570,4.985,0.0
8571,4.98,0.0
8572,4.96,0.0
8573,4.96,0.0
8574,4.97,0.0
8575,4.97,0.0
8576,4.945,0.0
8577,4.93,0.0
8578,4.94,0.0
8579,4.945,0.0
8580,4.935,0.0
8581,4.92,0.0
8582,4.925,0.0
8583,4.93,0.0
8584,4.92,0.0
8585,4.905,0.0
8586,4.905,0.0
8587,4.92,0.0
8588,4.905,0.0
8589,4.88,0.0
8590,4.89,0.0
8591,4.91,0.0
8592,4.905,0.0
8593,4.88,0.0
8594,4.88,0.0
8595,4.895,0.0
8596,4.895,0.0
8597,4.87,0.0
8598,4.875,0.0
8599,4.885,0.0
8600,4.89,0.0
8601,4.875,0.0
8602,4.87,0.0
8603,4.88,0.0
8604,4.885,0.0
8605,4.875,0.0
8606,4.855,0.0
8607,4.875,0.0
8608,4.895,0.0
8609,4.88,0.0
8610,4.88,0.0
8611,4.9,0.0
8612,4.9,0.0
8613,4.905,0.0
8614,4.895,0.0
8615,4.935,0.0
8616,4.975,0.0
8617,5.195,0.0
8618,5.71,0.0
8619,5.88,0.0
8620,5.555,0.0
8621,5.37,0.0
8622,5.305,0.0
8623,5.23,0.0
8624,5.145,0.0
8625,5.105,0.0
8626,4.715,0.0
8627,4.35,0.0
8628,3.945,0.0
8629,3.53,0.0
8630,3.09,0.0
8631,2.755,0.0
8632,2.515,0.0
8633,2.355,0.0
8634,2.22,0.0
8635,2.075,0.0
8636,1.965,0.0
8637,1.925,0.0
8638,1.88,0.0
8639,1.83,0.0
8640,1.83,0.0
8641,1.825,0.0
8642,1.825,0.0
8643,1.83,0.0
8644,1.865,0.0
8645,1.94,0.0
8646,2.06,0.0
8647,2.24,0.0
8648,2.435,0.0
8649,2.68,0.0
8650,2.765,0.0
8651,3.33,0.0
8652,3.68,0.0
8653,4.015,0.0
8654,4.355,0.0
8655,4.635,0.0
8656,4.895,0.0
8657,5.135,0.0
8658,5.35,0.0
8659,5.53,0.0
8660,5.64,0.0
8661,5.735,0.0
8662,5.81,0.0
8663,5.865,0.0
8664,5.9,0.0
8665,5.955,0.0
8666,6.025,0.0
8667,6.06,0.0
8668,6.085,0.0
8669,6.155,0.0
8670,6.2,0.0
8671,6.25,0.0
8672,6.285,0.0
8673,6.34,0.0
8674,6.405,0.0
8675,6.425,0.0
8676,6.49,0.0
8677,6.545,0.0
8678,6.595,0.0
8679,6.66,0.0
8680,6.69,0.0
8681,6.725,0.0
8682,6.775,0.0
8683,6.835,0.0
8684,6.855,0.0
8685,6.89,0.0
8686,6.94,0.0
8687,6.965,0.0
8688,6.975,0.0
8689,6.975,0.0
8690,6.99,0.0
8691,7.005,0.0
8692,6.98,0.0
8693,6.945,0.0
8694,6.91,0.0
8695,6.88,0.0
8696,6.8,0.0
8697,6.73,0.0
8698,6.66,0.0
8699,6.58,0.0
8700,6.56,0.0
8701,6.385,0.0
8702,6.28,0.0
8703,6.2,0.0
8704,6.11,0.0
8705,6.005,0.0
8706,5.92,0.0
8707,5.845,0.0
8708,5.765,0.0
8709,5.675,0.0
8710,5.595,0.0
8711,5.545,0.0
8712,5.495,0.0
8713,5.425,0.0
8714,5.36,0.0
8715,5.325,0.0
8716,5.285,0.0
8717,5.24,0.0
8718,5.2,0.0
8719,5.18,0.0
8720,5.155,0.0
8721,5.135,0.0
8722,5.095,0.0
8723,5.085,0.0
8724,5.08,0.0
8725,5.07,0.0
8726,5.035,0.0
8727,5.02,0.0
8728,5.03,0.0
8729,5.03,0.0
8730,5.01,0.0
8731,4.99,0.0
8732,5.005,0.0
8733,5.005,0.0
8734,5.01,0.0
8735,4.99,0.0
8736,4.995,0.0
8737,5.005,0.0
8738,4.995,0.0
8739,4.985,0.0
8740,4.995,0.0
8741,5.005,0.0
8742,5.0,0.0
8743,4.985,0.0
8744,4.99,0.0
8745,5.005,0.0
8746,4.995,0.0
8747,4.99,0.0
8748,4.99,0.0
8749,5.0,0.0
8750,5.005,0.0
8751,4.985,0.0
8752,4.985,0.0
8753,4.995,0.0
8754,4.985,0.0
8755,4.975,0.0
8756,4.965,0.0
8757,4.975,0.0
8758,4.975,0.0
8759,4.97,0.0
8760,4.93,0.0
8761,4.94,0.0
8762,4.955,0.0
8763,4.95,0.0
8764,4.93,0.0
8765,4.925,0.0
8766,4.94,0.0
8767,4.93,0.0
8768,4.9,0.0
8769,4.895,0.0
8770,4.91,0.0
8771,4.915,0.0
8772,4.885,0.0
8773,4.87,0.0
8774,4.885,0.0
8775,4.895,0.0
8776,4.875,0.0
8777,4.87,0.0
8778,4.875,0.0
8779,4.87,0.0
8780,4.86,0.0
8781,4.85,0.0
8782,4.855,0.0
8783,4.86,0.0
8784,4.845,0.0
8785,4.835,0.0
8786,4.845,0.0
8787,4.855,0.0
8788,4.85,0.0
8789,4.835,0.0
8790,4.845,0.0
8791,4.85,0.0
8792,4.845,0.0
8793,4.82,0.0
8794,4.825,0.0
8795,4.84,0.0
8796,4.82,0.0
8797,4.82,0.0
8798,4.82,0.0
8799,4.825,0.0
8800,4.83,0.0
8801,4.825,0.0
8802,4.82,0.0
8803,4.84,0.0
8804,4.835,0.0
8805,4.815,0.0
8806,4.83,0.0
8807,4.845,0.0
8808,4.855,0.0
8809,4.87,0.0
8810,4.88,0.0
8811,4.9,0.0
8812,4.945,0.0
8813,5.075,0.0
8814,5.485,0.0
8815,5.835,0.0
8816,5.64,0.0
8817,5.365,0.0
8818,5.28,0.0
8819,5.23,0.0
8820,5.155,0.0
8821,5.06,0.0
8822,4.9,0.0
8823,4.695,0.0
8824,4.42,0.0
8825,4.325,0.0
8826,3.77,0.0
8827,3.44,0.0
8828,3.16,0.0
8829,2.91,0.0
8830,2.675,0.0
8831,2.52,0.0
8832,2.385,0.0
8833,2.205,0.0
8834,2.045,0.0
8835,1.965,0.0
8836,1.94,0.0
8837,1.915,0.0
8838,1.88,0.0
8839,1.86,0.0
8840,1.86,0.0
8841,1.855,0.0
8842,1.875,0.0
8843,1.885,0.0
8844,1.97,0.0
8845,2.08,0.0
8846,2.245,0.0
8847,2.405,0.0
8848,2.595,0.0
8849,2.825,0.0
8850,2.905,0.0
8851,3.425,0.0
8852,3.74,0.0
8853,4.05,0.0
8854,4.36,0.0
8855,4.625,0.0
8856,4.86,0.0
8857,5.08,0.0
8858,5.275,0.0
8859,5.44,0.0
8860,5.55,0.0
8861,5.64,0.0
8862,5.7,0.0
8863,5.75,0.0
8864,5.785,0.0
8865,5.845,0.0
8866,5.9,0.0
8867,5.945,0.0
8868,5.975,0.0
8869,6.025,0.0
8870,6.075,0.0
8871,6.125,0.0
8872,6.16,0.0
8873,6.195,0.0
8874,6.25,0.0
8875,6.275,0.0
8876,6.34,0.0
8877,6.39,0.0
8878,6.445,0.0
8879,6.495,0.0
8880,6.52,0.0
8881,6.565,0.0
8882,6.62,0.0
8883,6.65,0.0
8884,6.685,0.0
8885,6.725,0.0
8886,6.765,0.0
8887,6.8,0.0
8888,6.82,0.0
8889,6.83,0.0
8890,6.86,0.0
8891,6.875,0.0
8892,6.885,0.0
8893,6.86,0.0
8894,6.84,0.0
8895,6.815,0.0
8896,6.78,0.0
8897,6.715,0.0
8898,6.665,0.0
8899,6.605,0.0
8900,6.58,0.0
8901,6.445,0.0
8902,6.355,0.0
8903,6.29,0.0
8904,6.21,0.0
8905,6.11,0.0
8906,6.01,0.0
8907,5.94,0.0
8908,5.865,0.0
8909,5.77,0.0
8910,5.695,0.0
8911,5.63,0.0
8912,5.57,0.0
8913,5.505,0.0
8914,5.44,0.0
8915,5.395,0.0
8916,5.35,0.0
8917,5.32,0.0
8918,5.265,0.0
8919,5.22,0.0
8920,5.2,0.0
8921,5.185,0.0
8922,5.145,0.0
8923,5.12,0.0
8924,5.12,0.0
8925,5.115,0.0
8926,5.065,0.0
8927,5.05,0.0
8928,5.055,0.0
8929,5.035,0.0
8930,5.02,0.0
8931,5.02,0.0
8932,5.03,0.0
8933,5.025,0.0
8934,5.025,0.0
8935,5.0,0.0
8936,5.015,0.0
8937,5.015,0.0
8938,5.02,0.0
8939,5.005,0.0
8940,5.015,0.0
8941,5.02,0.0
8942,5.02,0.0
8943,5.015,0.0
8944,5.02,0.0
8945,5.035,0.0
8946,5.035,0.0
8947,5.02,0.0
8948,5.025,0.0
8949,5.04,0.0
8950,5.045,0.0
8951,5.035,0.0
8952,5.025,0.0
8953,5.045,0.0
8954,5.045,0.0
8955,5.02,0.0
8956,5.025,0.0
8957,5.03,0.0
8958,5.025,0.0
8959,5.02,0.0
8960,5.005,0.0
8961,5.0,0.0
8962,5.01,0.0
8963,5.0,0.0
8964,4.98,0.0
8965,4.98,0.0
8966,4.995,0.0
8967,4.98,0.0
8968,4.97,0.0
8969,4.96,0.0
8970,4.96,0.0
8971,4.955,0.0
8972,4.94,0.0
8973,4.94,0.0
8974,4.94,0.0
8975,4.94,0.0
8976,4.92,0.0
8977,4.915,0.0
8978,4.925,0.0
8979,4.925,0.0
8980,4.905,0.0
8981,4.89,0.0
8982,4.91,0.0
8983,4.905,0.0
8984,4.9,0.0
8985,4.875,0.0
8986,4.89,0.0
8987,4.895,0.0
8988,4.88,0.0
8989,4.87,0.0
8990,4.875,0.0
8991,4.88,0.0
8992,4.88,0.0
8993,4.86,0.0
8994,4.86,0.0
8995,4.87,0.0
8996,4.875,0.0
8997,4.865,0.0
8998,4.865,0.0
8999,4.88,0.0
9000,4.875,0.0
9001,4.875,0.0
9002,4.87,0.0
9003,4.89,0.0
9004,4.905,0.0
9005,4.895,0.0
9006,4.905,0.0
9007,4.93,0.0
9008,4.935,0.0
9009,4.93,0.0
9010,4.905,0.0
9011,4.9,0.0
9012,4.915,0.0
9013,4.915,0.0
9014,4.955,0.0
9015,5.155,0.0
9016,5.6,0.0
9017,5.81,0.0
9018,5.515,0.0
9019,5.295,0.0
9020,5.255,0.0
9021,5.195,0.0
9022,5.135,0.0
9023,5.08,0.0
9024,4.99,0.0
9025,4.945,0.0
9026,4.47,0.0
9027,4.115,0.0
9028,3.77,0.0
9029,3.41,0.0
9030,3.095,0.0
9031,2.87,0.0
9032,2.695,0.0
9033,2.565,0.0
9034,2.405,0.0
9035,2.255,0.0
9036,2.13,0.0
9037,2.08,0.0
9038,2.03,0.0
9039,1.99,0.0
9040,1.97,0.0
9041,1.955,0.0
9042,1.925,0.0
9043,1.895,0.0
9044,1.895,0.0
9045,1.915,0.0
9046,1.935,0.0
9047,1.99,0.0
9048,2.09,0.0
9049,2.235,0.0
9050,2.285,0.0
9051,2.54,0.0
9052,2.755,0.0
9053,3.045,0.0
9054,3.365,0.0
9055,3.665,0.0
9056,3.985,0.0
9057,4.31,0.0
9058,4.59,0.0
9059,4.84,0.0
9060,5.045,0.0
9061,5.25,0.0
9062,5.45,0.0
9063,5.6,0.0
9064,5.685,0.0
9065,5.77,0.0
9066,5.83,0.0
9067,5.89,0.0
9068,5.935,0.0
9069,5.985,0.0
9070,6.04,0.0
9071,6.09,0.0
9072,6.125,0.0
9073,6.17,0.0
9074,6.225,0.0
9075,6.24,0.0
9076,6.31,0.0
9077,6.355,0.0
9078,6.405,0.0
9079,6.465,0.0
9080,6.505,0.0
9081,6.545,0.0
9082,6.615,0.0
9083,6.67,0.0
9084,6.705,0.0
9085,6.735,0.0
9086,6.785,0.0
9087,6.84,0.0
9088,6.885,0.0
9089,6.905,0.0
9090,6.955,0.0
9091,6.99,0.0
9092,7.02,0.0
9093,7.015,0.0
9094,7.04,0.0
9095,7.05,0.0
9096,7.045,0.0
9097,7.02,0.0
9098,7.0,0.0
9099,6.98,0.0
9100,6.965,0.0
9101,6.87,0.0
9102,6.81,0.0
9103,6.77,0.0
9104,6.69,0.0
9105,6.595,0.0
9106,6.515,0.0
9107,6.44,0.0
9108,6.355,0.0
9109,6.26,0.0
9110,6.165,0.0
9111,6.08,0.0
9112,6.01,0.0
9113,5.91,0.0
9114,5.825,0.0
9115,5.755,0.0
9116,5.69,0.0
9117,5.61,0.0
9118,5.535,0.0
9119,5.495,0.0
9120,5.45,0.0
9121,5.38,0.0
9122,5.32,0.0
9123,5.295,0.0
9124,5.265,0.0
9125,5.26,0.0
9126,5.195,0.0
9127,5.17,0.0
9128,5.16,0.0
9129,5.145,0.0
9130,5.115,0.0
9131,5.1,0.0
9132,5.1,0.0
9133,5.085,0.0
9134,5.075,0.0
9135,5.045,0.0
9136,5.055,0.0
9137,5.06,0.0
9138,5.05,0.0
9139,5.03,0.0
9140,5.03,0.0
9141,5.04,0.0
9142,5.04,0.0
9143,5.015,0.0
9144,5.015,0.0
9145,5.035,0.0
9146,5.04,0.0
9147,5.015,0.0
9148,5.02,0.0
9149,5.035,0.0
9150,5.04,0.0
9151,5.025,0.0
9152,5.025,0.0
9153,5.04,0.0
9154,5.04,0.0
9155,5.035,0.0
9156,5.03,0.0
9157,5.035,0.0
9158,5.05,0.0
9159,5.04,0.0
9160,5.03,0.0
9161,5.035,0.0
9162,5.055,0.0
9163,5.035,0.0
9164,5.02,0.0
9165,5.015,0.0
9166,5.04,0.0
9167,5.02,0.0
9168,5.005,0.0
9169,5.01,0.0
9170,5.015,0.0
9171,5.015,0.0
9172,4.995,0.0
9173,4.995,0.0
9174,4.995,0.0
9175,4.995,0.0
9176,4.975,0.0
9177,4.965,0.0
9178,4.98,0.0
9179,4.97,0.0
9180,4.955,0.0
9181,4.945,0.0
9182,4.95,0.0
9183,4.955,0.0
9184,4.945,0.0
9185,4.93,0.0
9186,4.94,0.0
9187,4.95,0.0
9188,4.94,0.0
9189,4.92,0.0
9190,4.93,0.0
9191,4.93,0.0
9192,4.925,0.0
9193,4.91,0.0
9194,4.91,0.0
9195,4.92,0.0
9196,4.92,0.0
9197,4.9,0.0
9198,4.905,0.0
9199,4.915,0.0
9200,4.92,0.0
9201,4.9,0.0
9202,4.895,0.0
9203,4.905,0.0
9204,4.91,0.0
9205,4.9,0.0
9206,4.89,0.0
9207,4.895,0.0
9208,4.905,0.0
9209,4.89,0.0
9210,4.875,0.0
9211,4.89,0.0
9212,4.895,0.0
9213,4.895,0.0
9214,4.87,0.0
9215,4.885,0.0
9216,4.905,0.0
9217,4.895,0.0
9218,4.875,0.0
9219,4.885,0.0
9220,4.9,0.0
9221,4.895,0.0
9222,4.875,0.0
9223,4.88,0.0
9224,4.895,0.0
9225,4.9,0.0
9226,4.9,0.0
9227,4.93,0.0
9228,5.025,0.0
9229,5.32,0.0
9230,5.785,0.0
9231,5.86,0.0
9232,5.555,0.0
9233,5.38,0.0
9234,5.31,0.0
9235,5.25,0.0
9236,5.21,0.0
9237,5.17,0.0
9238,5.08,0.0
9239,4.9,0.0
9240,4.675,0.0
9241,4.42,0.0
9242,4.085,0.0
9243,3.75,0.0
9244,3.425,0.0
9245,3.135,0.0
9246,2.9,0.0
9247,2.69,0.0
9248,2.54,0.0
9249,2.42,0.0
9250,2.375,0.0
9251,2.12,0.0
9252,2.03,0.0
9253,2.0,0.0
9254,1.96,0.0
9255,1.915,0.0
9256,1.895,0.0
9257,1.895,0.0
9258,1.89,0.0
9259,1.895,0.0
9260,1.88,0.0
9261,1.905,0.0
9262,1.945,0.0
9263,2.0,0.0
9264,2.08,0.0
9265,2.235,0.0
9266,2.41,0.0
9267,2.62,0.0
9268,2.87,0.0
9269,3.19,0.0
9270,3.505,0.0
9271,3.795,0.0
9272,4.075,0.0
9273,4.365,0.0
9274,4.64,0.0
9275,4.725,0.0
9276,5.075,0.0
9277,5.29,0.0
9278,5.48,0.0
9279,5.625,0.0
9280,5.72,0.0
9281,5.79,0.0
9282,5.835,0.0
9283,5.9,0.0
9284,5.935,0.0
9285,5.965,0.0
9286,6.005,0.0
9287,6.05,0.0
9288,6.065,0.0
9289,6.085,0.0
9290,6.125,0.0
9291,6.16,0.0
9292,6.185,0.0
9293,6.205,0.0
9294,6.245,0.0
9295,6.3,0.0
9296,6.335,0.0
9297,6.36,0.0
9298,6.405,0.0
9299,6.44,0.0
9300,6.455,0.0
9301,6.52,0.0
9302,6.56,0.0
9303,6.615,0.0
9304,6.66,0.0
9305,6.695,0.0
9306,6.725,0.0
9307,6.77,0.0
9308,6.81,0.0
9309,6.835,0.0
9310,6.865,0.0
9311,6.9,0.0
9312,6.935,0.0
9313,6.955,0.0
9314,6.955,0.0
9315,6.97,0.0
9316,6.98,0.0
9317,6.965,0.0
9318,6.935,0.0
9319,6.915,0.0
9320,6.9,0.0
9321,6.84,0.0
9322,6.775,0.0
9323,6.72,0.0
9324,6.645,0.0
9325,6.625,0.0
9326,6.46,0.0
9327,6.375,0.0
9328,6.28,0.0
9329,6.195,0.0
9330,6.085,0.0
9331,5.99,0.0
9332,5.92,0.0
9333,5.83,0.0
9334,5.755,0.0
9335,5.68,0.0
9336,5.62,0.0
9337,5.57,0.0
9338,5.5,0.0
9339,5.445,0.0
9340,5.41,0.0
9341,5.375,0.0
9342,5.34,0.0
9343,5.285,0.0
9344,5.265,0.0
9345,5.25,0.0
9346,5.22,0.0
9347,5.185,0.0
9348,5.165,0.0
9349,5.165,0.0
9350,5.155,0.0
9351,5.125,0.0
9352,5.115,0.0
9353,5.13,0.0
9354,5.125,0.0
9355,5.115,0.0
9356,5.11,0.0
9357,5.115,0.0
9358,5.115,0.0
9359,5.11,0.0
9360,5.085,0.0
9361,5.1,0.0
9362,5.105,0.0
9363,5.1,0.0
9364,5.08,0.0
9365,5.1,0.0
9366,5.12,0.0
9367,5.11,0.0
9368,5.1,0.0
9369,5.09,0.0
9370,5.1,0.0
9371,5.1,0.0
9372,5.08,0.0
9373,5.08,0.0
9374,5.09,0.0
9375,5.09,0.0
9376,5.08,0.0
9377,5.07,0.0
9378,5.08,0.0
9379,5.085,0.0
9380,5.065,0.0
9381,5.055,0.0
9382,5.06,0.0
9383,5.05,0.0
9384,5.025,0.0
9385,5.03,0.0
9386,5.03,0.0
9387,5.03,0.0
9388,5.01,0.0
9389,4.995,0.0
9390,5.005,0.0
9391,4.995,0.0
9392,4.985,0.0
9393,4.97,0.0
9394,4.97,0.0
9395,4.975,0.0
9396,4.965,0.0
9397,4.95,0.0
9398,4.95,0.0
9399,4.955,0.0
9400,4.96,0.0
9401,4.935,0.0
9402,4.93,0.0
9403,4.94,0.0
9404,4.94,0.0
9405,4.92,0.0
9406,4.905,0.0
9407,4.93,0.0
9408,4.93,0.0
9409,4.915,0.0
9410,4.91,0.0
9411,4.915,0.0
9412,4.91,0.0
9413,4.915,0.0
9414,4.895,0.0
9415,4.905,0.0
9416,4.92,0.0
9417,4.905,0.0
9418,4.885,0.0
9419,4.9,0.0
9420,4.905,0.0
9421,4.915,0.0
9422,4.895,0.0
9423,4.885,0.0
9424,4.895,0.0
9425,4.9,0.0
9426,4.89,0.0
9427,4.885,0.0
9428,4.9,0.0
9429,4.905,0.0
9430,4.895,0.0
9431,4.885,0.0
9432,4.9,0.0
9433,4.9,0.0
9434,4.895,0.0
9435,4.88,0.0
9436,4.895,0.0
9437,4.91,0.0
9438,4.91,0.0
9439,4.905,0.0
9440,4.92,0.0
9441,4.94,0.0
9442,4.975,0.0
9443,5.08,0.0
9444,5.525,0.0
9445,5.955,0.0
9446,5.815,0.0
9447,5.49,0.0
9448,5.385,0.0
9449,5.325,0.0
9450,5.305,0.0
9451,5.18,0.0
9452,5.085,0.0
9453,4.935,0.0
9454,4.69,0.0
9455,4.365,0.0
9456,4.015,0.0
9457,3.68,0.0
9458,3.345,0.0
9459,3.055,0.0
9460,2.805,0.0
9461,2.625,0.0
9462,2.495,0.0
9463,2.355,0.0
9464,2.185,0.0
9465,2.08,0.0
9466,2.05,0.0
9467,2.005,0.0
9468,1.965,0.0
9469,1.945,0.0
9470,1.945,0.0
9471,1.935,0.0
9472,1.915,0.0
9473,1.94,0.0
9474,1.96,0.0
9475,1.97,0.0
9476,2.06,0.0
9477,2.17,0.0
9478,2.345,0.0
9479,2.535,0.0
9480,2.76,0.0
9481,3.03,0.0
9482,3.35,0.0
9483,3.69,0.0
9484,4.0,0.0
9485,4.315,0.0
9486,4.635,0.0
9487,4.88,0.0
9488,5.085,0.0
9489,5.27,0.0
9490,5.46,0.0
9491,5.6,0.0
9492,5.675,0.0
9493,5.725,0.0
9494,5.775,0.0
9495,5.82,0.0
9496,5.865,0.0
9497,5.9,0.0
9498,5.935,0.0
9499,5.985,0.0
9500,6.0,0.0
9501,6.035,0.0
9502,6.055,0.0
9503,6.1,0.0
9504,6.135,0.0
9505,6.15,0.0
9506,6.185,0.0
9507,6.235,0.0
9508,6.27,0.0
9509,6.29,0.0
9510,6.315,0.0
9511,6.355,0.0
9512,6.41,0.0
9513,6.44,0.0
9514,6.45,0.0
9515,6.51,0.0
9516,6.555,0.0
9517,6.585,0.0
9518,6.615,0.0
9519,6.65,0.0
9520,6.705,0.0
9521,6.72,0.0
9522,6.745,0.0
9523,6.775,0.0
9524,6.8,0.0
9525,6.805,0.0
9526,6.81,0.0
9527,6.82,0.0
9528,6.82,0.0
9529,6.815,0.0
9530,6.765,0.0
9531,6.725,0.0
9532,6.685,0.0
9533,6.63,0.0
9534,6.55,0.0
9535,6.465,0.0
9536,6.385,0.0
9537,6.315,0.0
9538,6.22,0.0
9539,6.12,0.0
9540,6.055,0.0
9541,5.97,0.0
9542,5.895,0.0
9543,5.81,0.0
9544,5.735,0.0
9545,5.68,0.0
9546,5.62,0.0
9547,5.545,0.0
9548,5.49,0.0
9549,5.455,0.0
9550,5.435,0.0
9551,5.355,0.0
9552,5.315,0.0
9553,5.295,0.0
9554,5.27,0.0
9555,5.235,0.0
9556,5.215,0.0
9557,5.2,0.0
9558,5.19,0.0
9559,5.16,0.0
9560,5.155,0.0
9561,5.15,0.0
9562,5.15,0.0
9563,5.14,0.0
9564,5.115,0.0
9565,5.125,0.0
9566,5.12,0.0
9567,5.13,0.0
9568,5.11,0.0
9569,5.12,0.0
9570,5.13,0.0
9571,5.12,0.0
9572,5.12,0.0
9573,5.125,0.0
9574,5.125,0.0
9575,5.125,0.0
9576,5.11,0.0
9577,5.115,0.0
9578,5.12,0.0
9579,5.135,0.0
9580,5.115,0.0
9581,5.115,0.0
9582,5.125,0.0
9583,5.125,0.0
9584,5.115,0.0
9585,5.095,0.0
9586,5.115,0.0
9587,5.11,0.0
9588,5.115,0.0
9589,5.09,0.0
9590,5.1,0.0
9591,5.095,0.0
9592,5.09,0.0
9593,5.075,0.0
9594,5.08,0.0
9595,5.085,0.0
9596,5.075,0.0
9597,5.055,0.0
9598,5.05,0.0
9599,5.055,0.0
9600,5.045,0.0
9601,5.03,0.0
9602,5.025,0.0
9603,5.035,0.0
9604,5.02,0.0
9605,5.015,0.0
9606,5.0,0.0
9607,5.0,0.0
9608,5.015,0.0
9609,5.0,0.0
9610,4.985,0.0
9611,4.995,0.0
9612,4.995,0.0
9613,4.98,0.0
9614,4.97,0.0
9615,4.975,0.0
9616,4.985,0.0
9617,4.98,0.0
9618,4.97,0.0
9619,4.96,0.0
9620,4.97,0.0
9621,4.97,0.0
9622,4.96,0.0
9623,4.945,0.0
9624,4.96,0.0
9625,4.965,0.0
9626,4.95,0.0
9627,4.935,0.0
9628,4.945,0.0
9629,4.95,0.0
9630,4.935,0.0
9631,4.93,0.0
9632,4.945,0.0
9633,4.95,0.0
9634,4.935,0.0
9635,4.92,0.0
9636,4.945,0.0
9637,4.945,0.0
9638,4.935,0.0
9639,4.925,0.0
9640,4.93,0.0
9641,4.95,0.0
9642,4.95,0.0
9643,4.935,0.0
9644,4.93,0.0
9645,4.95,0.0
9646,4.945,0.0
9647,4.925,0.0
9648,4.93,0.0
9649,4.965,0.0
9650,4.97,0.0
9651,4.97,0.0
9652,5.065,0.0
9653,5.43,0.0
9654,5.89,0.0
9655,5.81,0.0
9656,5.495,0.0
9657,5.39,0.0
9658,5.375,0.0
9659,5.31,0.0
9660,5.24,0.0
9661,5.14,0.0
9662,4.985,0.0
9663,4.705,0.0
9664,4.365,0.0
9665,4.045,0.0
9666,3.705,0.0
9667,3.37,0.0
9668,3.095,0.0
9669,2.875,0.0
9670,2.715,0.0
9671,2.57,0.0
9672,2.41,0.0
9673,2.26,0.0
9674,2.16,0.0
9675,2.135,0.0
9676,2.06,0.0
9677,2.02,0.0
9678,2.005,0.0
9679,1.985,0.0
9680,1.965,0.0
9681,1.96,0.0
9682,1.98,0.0
9683,2.005,0.0
9684,2.035,0.0
9685,2.14,0.0
9686,2.3,0.0
9687,2.48,0.0
9688,2.7,0.0
9689,2.99,0.0
9690,3.325,0.0
9691,3.665,0.0
9692,3.98,0.0
9693,4.27,0.0
9694,4.585,0.0
9695,4.85,0.0
9696,5.08,0.0
9697,5.27,0.0
9698,5.475,0.0
9699,5.635,0.0
9700,5.67,0.0
9701,5.8,0.0
9702,5.86,0.0
9703,5.92,0.0
9704,5.975,0.0
9705,6.01,0.0
9706,6.055,0.0
9707,6.105,0.0
9708,6.145,0.0
9709,6.17,0.0
9710,6.215,0.0
9711,6.26,0.0
9712,6.3,0.0
9713,6.33,0.0
9714,6.365,0.0
9715,6.41,0.0
9716,6.45,0.0
9717,6.47,0.0
9718,6.49,0.0
9719,6.535,0.0
9720,6.57,0.0
9721,6.59,0.0
9722,6.615,0.0
9723,6.645,0.0
9724,6.685,0.0
9725,6.695,0.0
9726,6.75,0.0
9727,6.78,0.0
9728,6.815,0.0
9729,6.86,0.0
9730,6.88,0.0
9731,6.905,0.0
9732,6.93,0.0
9733,6.945,0.0
9734,6.94,0.0
9735,6.92,0.0
9736,6.91,0.0
9737,6.895,0.0
9738,6.845,0.0
9739,6.785,0.0
9740,6.74,0.0
9741,6.685,0.0
9742,6.61,0.0
9743,6.525,0.0
9744,6.445,0.0
9745,6.37,0.0
9746,6.285,0.0
9747,6.175,0.0
9748,6.095,0.0
9749,6.015,0.0
9750,5.985,0.0
9751,5.84,0.0
9752,5.765,0.0
9753,5.695,0.0
9754,5.63,0.0
9755,5.555,0.0
9756,5.49,0.0
9757,5.44,0.0
9758,5.405,0.0
9759,5.36,0.0
9760,5.32,0.0
9761,5.305,0.0
9762,5.28,0.0
9763,5.235,0.0
9764,5.21,0.0
9765,5.21,0.0
9766,5.205,0.0
9767,5.18,0.0
9768,5.155,0.0
9769,5.155,0.0
9770,5.155,0.0
9771,5.16,0.0
9772,5.14,0.0
9773,5.15,0.0
9774,5.145,0.0
9775,5.145,0.0
9776,5.135,0.0
9777,5.13,0.0
9778,5.135,0.0
9779,5.15,0.0
9780,5.13,0.0
9781,5.14,0.0
9782,5.14,0.0
9783,5.15,0.0
9784,5.14,0.0
9785,5.13,0.0
9786,5.135,0.0
9787,5.14,0.0
9788,5.14,0.0
9789,5.125,0.0
9790,5.135,0.0
9791,5.14,0.0
9792,5.14,0.0
9793,5.12,0.0
9794,5.125,0.0
9795,5.135,0.0
9796,5.13,0.0
9797,5.105,0.0
9798,5.105,0.0
9799,5.12,0.0
9800,5.11,0.0
9801,5.095,0.0
9802,5.085,0.0
9803,5.1,0.0
9804,5.085,0.0
9805,5.08,0.0
9806,5.07,0.0
9807,5.07,0.0
9808,5.06,0.0
9809,5.055,0.0
9810,5.04,0.0
9811,5.05,0.0
9812,5.045,0.0
9813,5.035,0.0
9814,5.015,0.0
9815,5.01,0.0
9816,5.02,0.0
9817,5.015,0.0
9818,4.995,0.0
9819,4.995,0.0
9820,5.005,0.0
9821,4.99,0.0
9822,4.975,0.0
9823,4.975,0.0
9824,4.99,0.0
9825,4.985,0.0
9826,4.965,0.0
9827,4.955,0.0
9828,4.96,0.0
9829,4.965,0.0
9830,4.955,0.0
9831,4.945,0.0
9832,4.97,0.0
9833,4.96,0.0
9834,4.945,0.0
9835,4.935,0.0
9836,4.94,0.0
9837,4.95,0.0
9838,4.94,0.0
9839,4.93,0.0
9840,4.935,0.0
9841,4.94,0.0
9842,4.935,0.0
9843,4.925,0.0
9844,4.93,0.0
9845,4.94,0.0
9846,4.94,0.0
9847,4.925,0.0
9848,4.925,0.0
9849,4.93,0.0
9850,4.93,0.0
9851,4.92,0.0
9852,4.92,0.0
9853,4.935,0.0
9854,4.94,0.0
9855,4.935,0.0
9856,4.935,0.0
9857,4.935,0.0
9858,4.935,0.0
9859,4.93,0.0
9860,4.925,0.0
9861,4.94,0.0
9862,4.97,0.0
9863,5.015,0.0
9864,5.205,0.0
9865,5.64,0.0
9866,5.88,0.0
9867,5.605,0.0
9868,5.365,0.0
9869,5.3,0.0
9870,5.225,0.0
9871,5.12,0.0
9872,4.96,0.0
9873,4.785,0.0
9874,4.57,0.0
9875,4.495,0.0
9876,4.015,0.0
9877,3.775,0.0
9878,3.59,0.0
9879,3.415,0.0
9880,3.175,0.0
9881,2.895,0.0
9882,2.675,0.0
9883,2.525,0.0
9884,2.365,0.0
9885,2.23,0.0
9886,2.135,0.0
9887,2.075,0.0
9888,2.025,0.0
9889,1.985,0.0
9890,1.975,0.0
9891,1.965,0.0
9892,1.97,0.0
9893,1.96,0.0
9894,1.985,0.0
9895,2.05,0.0
9896,2.135,0.0
9897,2.25,0.0
9898,2.425,0.0
9899,2.65,0.0
9900,2.735,0.0
9901,3.225,0.0
9902,3.575,0.0
9903,3.935,0.0
9904,4.24,0.0
9905,4.495,0.0
9906,4.78,0.0
9907,5.035,0.0
9908,5.27,0.0
9909,5.465,0.0
9910,5.615,0.0
9911,5.735,0.0
9912,5.8,0.0
9913,5.85,0.0
9914,5.89,0.0
9915,5.94,0.0
9916,5.98,0.0
9917,6.01,0.0
9918,6.03,0.0
9919,6.08,0.0
9920,6.13,0.0
9921,6.15,0.0
9922,6.17,0.0
9923,6.195,0.0
9924,6.24,0.0
9925,6.26,0.0
9926,6.29,0.0
9927,6.33,0.0
9928,6.37,0.0
9929,6.41,0.0
9930,6.445,0.0
9931,6.485,0.0
9932,6.54,0.0
9933,6.585,0.0
9934,6.63,0.0
9935,6.665,0.0
9936,6.71,0.0
9937,6.755,0.0
9938,6.755,0.0
9939,6.78,0.0
9940,6.81,0.0
9941,6.845,0.0
9942,6.87,0.0
9943,6.87,0.0
9944,6.875,0.0
9945,6.88,0.0
9946,6.87,0.0
9947,6.84,0.0
9948,6.815,0.0
9949,6.805,0.0
9950,6.79,0.0
9951,6.72,0.0
9952,6.68,0.0
9953,6.635,0.0
9954,6.57,0.0
9955,6.49,0.0
9956,6.4,0.0
9957,6.32,0.0
9958,6.23,0.0
9959,6.135,0.0
9960,6.04,0.0
9961,5.96,0.0
9962,5.885,0.0
9963,5.785,0.0
9964,5.705,0.0
9965,5.64,0.0
9966,5.585,0.0
9967,5.51,0.0
9968,5.45,0.0
9969,5.405,0.0
9970,5.37,0.0
9971,5.33,0.0
9972,5.285,0.0
9973,5.25,0.0
9974,5.235,0.0
9975,5.225,0.0
9976,5.175,0.0
9977,5.165,0.0
9978,5.16,0.0
9979,5.155,0.0
9980,5.135,0.0
9981,5.125,0.0
9982,5.125,0.0
9983,5.13,0.0
9984,5.125,0.0
9985,5.1,0.0
9986,5.11,0.0
9987,5.12,0.0
9988,5.115,0.0
9989,5.1,0.0
9990,5.11,0.0
9991,5.125,0.0
9992,5.13,0.0
9993,5.12,0.0
9994,5.125,0.0
9995,5.13,0.0
9996,5.14,0.0
9997,5.12,0.0
9998,5.115,0.0
9999,5.125,0.0
10000,5.12,0.0
10001,5.115,0.0
10002,5.11,0.0
10003,5.12,0.0
10004,5.12,0.0
10005,5.1,0.0
10006,5.095,0.0
10007,5.105,0.0
10008,5.1,0.0
10009,5.09,0.0
10010,5.075,0.0
10011,5.085,0.0
10012,5.075,0.0
10013,5.07,0.0
10014,5.045,0.0
10015,5.05,0.0
10016,5.055,0.0
10017,5.04,0.0
10018,5.02,0.0
10019,5.01,0.0
10020,5.025,0.0
10021,5.02,0.0
10022,4.99,0.0
10023,5.0,0.0
10024,5.0,0.0
10025,4.995,0.0
10026,4.97,0.0
10027,4.965,0.0
10028,4.98,0.0
10029,4.97,0.0
10030,4.965,0.0
10031,4.955,0.0
10032,4.96,0.0
10033,4.955,0.0
10034,4.935,0.0
10035,4.935,0.0
10036,4.94,0.0
10037,4.94,0.0
10038,4.93,0.0
10039,4.925,0.0
10040,4.92,0.0
10041,4.945,0.0
10042,4.93,0.0
10043,4.925,0.0
10044,4.925,0.0
10045,4.93,0.0
10046,4.93,0.0
10047,4.91,0.0
10048,4.915,0.0
10049,4.925,0.0
10050,4.94,0.0
10051,4.915,0.0
10052,4.905,0.0
10053,4.915,0.0
10054,4.915,0.0
10055,4.91,0.0
10056,4.905,0.0
10057,4.92,0.0
10058,4.915,0.0
10059,4.91,0.0
10060,4.9,0.0
10061,4.91,0.0
10062,4.915,0.0
10063,4.915,0.0
10064,4.905,0.0
10065,4.91,0.0
10066,4.93,0.0
10067,4.945,0.0
10068,4.985,0.0
10069,5.325,0.0
10070,5.795,0.0
10071,5.735,0.0
10072,5.405,0.0
10073,5.275,0.0
10074,5.215,0.0
10075,5.195,0.0
10076,4.955,0.0
10077,4.75,0.0
10078,4.515,0.0
10079,4.225,0.0
10080,3.91,0.0
10081,3.625,0.0
10082,3.4,0.0
10083,3.18,0.0
10084,2.93,0.0
10085,2.635,0.0
10086,2.45,0.0
10087,2.32,0.0
10088,2.185,0.0
10089,2.07,0.0
10090,2.03,0.0
10091,2.01,0.0
10092,1.975,0.0
10093,1.94,0.0
10094,1.945,0.0
10095,1.955,0.0
10096,1.965,0.0
10097,1.965,0.0
10098,2.015,0.0
10099,2.125,0.0
10100,2.165,0.0
10101,2.44,0.0
10102,2.69,0.0
10103,2.985,0.0
10104,3.32,0.0
10105,3.66,0.0
10106,4.02,0.0
10107,4.35,0.0
10108,4.67,0.0
10109,4.94,0.0
10110,5.175,0.0
10111,5.42,0.0
10112,5.58,0.0
10113,5.68,0.0
10114,5.75,0.0
10115,5.82,0.0
10116,5.87,0.0
10117,5.91,0.0
10118,5.94,0.0
10119,5.985,0.0
10120,6.025,0.0
10121,6.055,0.0
10122,6.085,0.0
10123,6.12,0.0
10124,6.16,0.0
10125,6.17,0.0
10126,6.2,0.0
10127,6.24,0.0
10128,6.275,0.0
10129,6.305,0.0
10130,6.33,0.0
10131,6.36,0.0
10132,6.41,0.0
10133,6.455,0.0
10134,6.495,0.0
10135,6.525,0.0
10136,6.575,0.0
10137,6.61,0.0
10138,6.64,0.0
10139,6.66,0.0
10140,6.705,0.0
10141,6.745,0.0
10142,6.77,0.0
10143,6.78,0.0
10144,6.79,0.0
10145,6.81,0.0
10146,6.815,0.0
10147,6.795,0.0
10148,6.78,0.0
10149,6.76,0.0
10150,6.75,0.0
10151,6.66,0.0
10152,6.61,0.0
10153,6.55,0.0
10154,6.47,0.0
10155,6.39,0.0
10156,6.295,0.0
10157,6.225,0.0
10158,6.14,0.0
10159,6.025,0.0
10160,5.935,0.0
10161,5.855,0.0
10162,5.78,0.0
10163,5.695,0.0
10164,5.6,0.0
10165,5.55,0.0
10166,5.495,0.0
10167,5.43,0.0
10168,5.36,0.0
10169,5.32,0.0
10170,5.295,0.0
10171,5.26,0.0
10172,5.22,0.0
10173,5.205,0.0
10174,5.21,0.0
10175,5.205,0.0
10176,5.165,0.0
10177,5.155,0.0
10178,5.175,0.0
10179,5.165,0.0
10180,5.155,0.0
10181,5.14,0.0
10182,5.145,0.0
10183,5.15,0.0
10184,5.15,0.0
10185,5.125,0.0
10186,5.13,0.0
10187,5.12,0.0
10188,5.115,0.0
10189,5.08,0.0
10190,5.085,0.0
10191,5.07,0.0
10192,5.07,0.0
10193,5.04,0.0
10194,5.045,0.0
10195,5.045,0.0
10196,5.04,0.0
10197,5.045,0.0
10198,5.065,0.0
10199,5.07,0.0
10200,5.07,0.0
10201,5.055,0.0
10202,5.05,0.0
10203,5.06,0.0
10204,5.06,0.0
10205,5.04,0.0
10206,5.035,0.0
10207,5.05,0.0
10208,5.045,0.0
10209,5.035,0.0
10210,5.015,0.0
10211,5.025,0.0
10212,5.02,0.0
10213,4.995,0.0
10214,4.99,0.0
10215,4.99,0.0
10216,5.0,0.0
10217,4.975,0.0
10218,4.965,0.0
10219,4.95,0.0
10220,4.955,0.0
10221,4.955,0.0
10222,4.945,0.0
10223,4.935,0.0
10224,4.95,0.0
10225,4.95,0.0
10226,4.94,0.0
10227,4.94,0.0
10228,4.935,0.0
10229,4.95,0.0
10230,4.93,0.0
10231,4.925,0.0
10232,4.94,0.0
10233,4.945,0.0
10234,4.94,0.0
10235,4.935,0.0
10236,4.935,0.0
10237,4.935,0.0
10238,4.93,0.0
10239,4.915,0.0
10240,4.92,0.0
10241,4.93,0.0
10242,4.93,0.0
10243,4.915,0.0
10244,4.93,0.0
10245,4.94,0.0
10246,4.935,0.0
10247,4.925,0.0
10248,4.925,0.0
10249,4.935,0.0
10250,4.94,0.0
10251,4.92,0.0
10252,4.915,0.0
10253,4.925,0.0
10254,4.93,0.0
10255,4.92,0.0
10256,4.925,0.0
10257,4.94,0.0
10258,4.94,0.0
10259,4.94,0.0
10260,4.92,0.0
10261,4.94,0.0
10262,4.945,0.0
10263,4.95,0.0
10264,4.965,0.0
10265,5.08,0.0
10266,5.46,0.0
10267,5.9,0.0
10268,5.77,0.0
10269,5.475,0.0
10270,5.39,0.0
10271,5.33,0.0
10272,5.23,0.0
10273,5.125,0.0
10274,4.97,0.0
10275,4.905,0.0
10276,4.375,0.0
10277,4.025,0.0
10278,3.67,0.0
10279,3.33,0.0
10280,3.06,0.0
10281,2.84,0.0
10282,2.69,0.0
10283,2.605,0.0
10284,2.45,0.0
10285,2.295,0.0
10286,2.21,0.0
10287,2.185,0.0
10288,2.135,0.0
10289,2.095,0.0
10290,2.07,0.0
10291,2.05,0.0
10292,2.04,0.0
10293,2.035,0.0
10294,2.06,0.0
10295,2.13,0.0
10296,2.24,0.0
10297,2.37,0.0
10298,2.555,0.0
10299,2.775,0.0
10300,2.845,0.0
10301,3.285,0.0
10302,3.605,0.0
10303,3.905,0.0
10304,4.185,0.0
10305,4.46,0.0
10306,4.735,0.0
10307,4.985,0.0
10308,5.185,0.0
10309,5.365,0.0
10310,5.525,0.0
10311,5.67,0.0
10312,5.725,0.0
10313,5.775,0.0
10314,5.81,0.0
10315,5.86,0.0
10316,5.91,0.0
10317,5.95,0.0
10318,5.98,0.0
10319,6.03,0.0
10320,6.08,0.0
10321,6.11,0.0
10322,6.145,0.0
10323,6.195,0.0
10324,6.255,0.0
10325,6.27,0.0
10326,6.33,0.0
10327,6.385,0.0
10328,6.45,0.0
10329,6.5,0.0
10330,6.54,0.0
10331,6.595,0.0
10332,6.65,0.0
10333,6.7,0.0
10334,6.73,0.0
10335,6.775,0.0
10336,6.83,0.0
10337,6.86,0.0
10338,6.88,0.0
10339,6.895,0.0
10340,6.93,0.0
10341,6.94,0.0
10342,6.95,0.0
10343,6.92,0.0
10344,6.91,0.0
10345,6.895,0.0
10346,6.855,0.0
10347,6.79,0.0
10348,6.725,0.0
10349,6.675,0.0
10350,6.655,0.0
10351,6.505,0.0
10352,6.43,0.0
10353,6.36,0.0
10354,6.28,0.0
10355,6.17,0.0
10356,6.09,0.0
10357,6.015,0.0
10358,5.93,0.0
10359,5.835,0.0
10360,5.76,0.0
10361,5.69,0.0
10362,5.635,0.0
10363,5.565,0.0
10364,5.505,0.0
10365,5.46,0.0
10366,5.43,0.0
10367,5.38,0.0
10368,5.325,0.0
10369,5.305,0.0
10370,5.28,0.0
10371,5.245,0.0
10372,5.225,0.0
10373,5.195,0.0
10374,5.195,0.0
10375,5.19,0.0
10376,5.155,0.0
10377,5.15,0.0
10378,5.15,0.0
10379,5.15,0.0
10380,5.135,0.0
10381,5.125,0.0
10382,5.13,0.0
10383,5.125,0.0
10384,5.11,0.0
10385,5.105,0.0
10386,5.115,0.0
10387,5.12,0.0
10388,5.12,0.0
10389,5.11,0.0
10390,5.12,0.0
10391,5.135,0.0
10392,5.13,0.0
10393,5.105,0.0
10394,5.115,0.0
10395,5.12,0.0
10396,5.12,0.0
10397,5.115,0.0
10398,5.125,0.0
10399,5.125,0.0
10400,5.125,0.0
10401,5.115,0.0
10402,5.11,0.0
10403,5.13,0.0
10404,5.12,0.0
10405,5.1,0.0
10406,5.095,0.0
10407,5.105,0.0
10408,5.105,0.0
10409,5.09,0.0
10410,5.075,0.0
10411,5.08,0.0
10412,5.08,0.0
10413,5.075,0.0
10414,5.075,0.0
10415,5.08,0.0
10416,5.1,0.0
10417,5.095,0.0
10418,5.075,0.0
10419,5.08,0.0
10420,5.09,0.0
10421,5.08,0.0
10422,5.065,0.0
10423,5.075,0.0
10424,5.075,0.0
10425,5.08,0.0
10426,5.04,0.0
10427,5.025,0.0
10428,5.025,0.0
10429,5.015,0.0
10430,4.99,0.0
10431,4.975,0.0
10432,4.955,0.0
10433,4.95,0.0
10434,4.935,0.0
10435,4.915,0.0
10436,4.915,0.0
10437,4.91,0.0
10438,4.925,0.0
10439,4.925,0.0
10440,4.945,0.0
10441,4.955,0.0
10442,4.945,0.0
10443,4.935,0.0
10444,4.935,0.0
10445,4.955,0.0
10446,4.94,0.0
10447,4.94,0.0
10448,4.94,0.0
10449,4.945,0.0
10450,4.945,0.0
10451,4.93,0.0
10452,4.935,0.0
10453,4.935,0.0
10454,4.945,0.0
10455,4.925,0.0
10456,4.925,0.0
10457,4.95,0.0
10458,4.955,0.0
10459,4.95,0.0
10460,4.93,0.0
10461,4.955,0.0
10462,4.965,0.0
10463,4.98,0.0
10464,5.075,0.0
10465,5.46,0.0
10466,5.85,0.0
10467,5.68,0.0
10468,5.415,0.0
10469,5.365,0.0
10470,5.335,0.0
10471,5.29,0.0
10472,5.24,0.0
10473,5.18,0.0
10474,5.07,0.0
10475,5.02,0.0
10476,4.58,0.0
10477,4.275,0.0
10478,3.965,0.0
10479,3.61,0.0
10480,3.3,0.0
10481,3.08,0.0
10482,2.91,0.0
10483,2.775,0.0
10484,2.645,0.0
10485,2.485,0.0
10486,2.355,0.0
10487,2.255,0.0
10488,2.185,0.0
10489,2.135,0.0
10490,2.09,0.0
10491,2.065,0.0
10492,2.045,0.0
10493,2.02,0.0
10494,2.035,0.0
10495,2.05,0.0
10496,2.08,0.0
10497,2.155,0.0
10498,2.275,0.0
10499,2.42,0.0
10500,2.47,0.0
10501,2.79,0.0
10502,3.04,0.0
10503,3.345,0.0
10504,3.665,0.0
10505,3.945,0.0
10506,4.24,0.0
10507,4.535,0.0
10508,4.8,0.0
10509,5.015,0.0
10510,5.225,0.0
10511,5.425,0.0
10512,5.605,0.0
10513,5.725,0.0
10514,5.81,0.0
10515,5.885,0.0
10516,5.955,0.0
10517,6.0,0.0
10518,6.05,0.0
10519,6.1,0.0
10520,6.16,0.0
10521,6.205,0.0
10522,6.245,0.0
10523,6.295,0.0
10524,6.37,0.0
10525,6.39,0.0
10526,6.45,0.0
10527,6.51,0.0
10528,6.575,0.0
10529,6.62,0.0
10530,6.66,0.0
10531,6.72,0.0
10532,6.785,0.0
10533,6.83,0.0
10534,6.87,0.0
10535,6.915,0.0
10536,6.96,0.0
10537,7.0,0.0
10538,7.025,0.0
10539,7.045,0.0
10540,7.07,0.0
10541,7.095,0.0
10542,7.09,0.0
10543,7.09,0.0
10544,7.075,0.0
10545,7.075,0.0
10546,7.045,0.0
10547,6.995,0.0
10548,6.945,0.0
10549,6.905,0.0
10550,6.885,0.0
10551,6.74,0.0
10552,6.67,0.0
10553,6.595,0.0
10554,6.505,0.0
10555,6.39,0.0
10556,6.305,0.0
10557,6.22,0.0
10558,6.135,0.0
10559,6.04,0.0
10560,5.945,0.0
10561,5.87,0.0
10562,5.785,0.0
10563,5.71,0.0
10564,5.635,0.0
10565,5.585,0.0
10566,5.51,0.0
10567,5.475,0.0
10568,5.405,0.0
10569,5.38,0.0
10570,5.345,0.0
10571,5.315,0.0
10572,5.27,0.0
10573,5.245,0.0
10574,5.24,0.0
10575,5.235,0.0
10576,5.195,0.0
10577,5.175,0.0
10578,5.18,0.0
10579,5.17,0.0
10580,5.145,0.0
10581,5.125,0.0
10582,5.125,0.0
10583,5.12,0.0
10584,5.115,0.0
10585,5.1,0.0
10586,5.11,0.0
10587,5.11,0.0
10588,5.11,0.0
10589,5.08,0.0
10590,5.105,0.0
10591,5.115,0.0
10592,5.105,0.0
10593,5.095,0.0
10594,5.11,0.0
10595,5.115,0.0
10596,5.105,0.0
10597,5.11,0.0
10598,5.115,0.0
10599,5.13,0.0
10600,5.13,0.0
10601,5.125,0.0
10602,5.12,0.0
10603,5.13,0.0
10604,5.135,0.0
10605,5.125,0.0
10606,5.12,0.0
10607,5.13,0.0
10608,5.125,0.0
10609,5.115,0.0
10610,5.1,0.0
10611,5.11,0.0
10612,5.105,0.0
10613,5.105,0.0
10614,5.08,0.0
10615,5.09,0.0
10616,5.085,0.0
10617,5.075,0.0
10618,5.055,0.0
10619,5.055,0.0
10620,5.06,0.0
10621,5.045,0.0
10622,5.035,0.0
10623,5.05,0.0
10624,5.04,0.0
10625,5.035,0.0
10626,5.02,0.0
10627,5.01,0.0
10628,5.01,0.0
10629,5.01,0.0
10630,4.995,0.0
10631,4.995,0.0
10632,4.995,0.0
10633,5.0,0.0
10634,4.985,0.0
10635,4.975,0.0
10636,4.985,0.0
10637,4.98,0.0
10638,4.975,0.0
10639,4.955,0.0
10640,4.975,0.0
10641,4.975,0.0
10642,4.965,0.0
10643,4.95,0.0
10644,4.955,0.0
10645,4.97,0.0
10646,4.955,0.0
10647,4.94,0.0
10648,4.945,0.0
10649,4.965,0.0
10650,4.97,0.0
10651,4.95,0.0
10652,4.97,0.0
10653,4.99,0.0
10654,5.0,0.0
10655,4.985,0.0
10656,5.0,0.0
10657,5.01,0.0
10658,5.01,0.0
10659,4.995,0.0
10660,4.985,0.0
10661,5.01,0.0
10662,4.995,0.0
10663,4.99,0.0
10664,4.975,0.0
10665,4.97,0.0
10666,4.96,0.0
10667,4.95,0.0
10668,4.955,0.0
10669,5.02,0.0
10670,5.28,0.0
10671,5.695,0.0
10672,5.705,0.0
10673,5.44,0.0
10674,5.325,0.0
10675,5.31,0.0
10676,5.245,0.0
10677,5.2,0.0
10678,5.14,0.0
10679,5.02,0.0
10680,4.82,0.0
10681,4.545,0.0
10682,4.235,0.0
10683,3.92,0.0
10684,3.565,0.0
10685,3.24,0.0
10686,3.015,0.0
10687,2.83,0.0
10688,2.68,0.0
10689,2.555,0.0
10690,2.435,0.0
10691,2.315,0.0
10692,2.23,0.0
10693,2.17,0.0
10694,2.155,0.0
10695,2.135,0.0
10696,2.09,0.0
10697,2.065,0.0
10698,2.06,0.0
10699,2.055,0.0
10700,2.05,0.0
10701,2.055,0.0
10702,2.085,0.0
10703,2.165,0.0
10704,2.265,0.0
10705,2.395,0.0
10706,2.545,0.0
10707,2.72,0.0
10708,2.935,0.0
10709,3.205,0.0
10710,3.495,0.0
10711,3.79,0.0
10712,4.095,0.0
10713,4.375,0.0
10714,4.64,0.0
10715,4.91,0.0
10716,5.13,0.0
10717,5.32,0.0
10718,5.49,0.0
10719,5.64,0.0
10720,5.74,0.0
10721,5.81,0.0
10722,5.865,0.0
10723,5.925,0.0
10724,5.975,0.0
10725,5.99,0.0
10726,6.065,0.0
10727,6.125,0.0
10728,6.17,0.0
10729,6.21,0.0
10730,6.25,0.0
10731,6.295,0.0
10732,6.355,0.0
10733,6.4,0.0
10734,6.42,0.0
10735,6.47,0.0
10736,6.535,0.0
10737,6.58,0.0
10738,6.615,0.0
10739,6.645,0.0
10740,6.72,0.0
10741,6.76,0.0
10742,6.79,0.0
10743,6.82,0.0
10744,6.87,0.0
10745,6.92,0.0
10746,6.945,0.0
10747,6.95,0.0
10748,6.995,0.0
10749,7.015,0.0
10750,7.025,0.0
10751,7.025,0.0
10752,7.015,0.0
10753,7.01,0.0
10754,6.99,0.0
10755,6.945,0.0
10756,6.9,0.0
10757,6.86,0.0
10758,6.8,0.0
10759,6.725,0.0
10760,6.64,0.0
10761,6.575,0.0
10762,6.5,0.0
10763,6.41,0.0
10764,6.31,0.0
10765,6.235,0.0
10766,6.145,0.0
10767,6.06,0.0
10768,5.97,0.0
10769,5.9,0.0
10770,5.83,0.0
10771,5.745,0.0
10772,5.67,0.0
10773,5.6,0.0
10774,5.55,0.0
10775,5.53,0.0
10776,5.42,0.0
10777,5.39,0.0
10778,5.35,0.0
10779,5.305,0.0
10780,5.265,0.0
10781,5.23,0.0
10782,5.225,0.0
10783,5.195,0.0
10784,5.17,0.0
10785,5.15,0.0
10786,5.135,0.0
10787,5.125,0.0
10788,5.11,0.0
10789,5.09,0.0
10790,5.095,0.0
10791,5.08,0.0
10792,5.07,0.0
10793,5.055,0.0
10794,5.065,0.0
10795,5.07,0.0
10796,5.06,0.0
10797,5.045,0.0
10798,5.045,0.0
10799,5.045,0.0
10800,5.05,0.0
10801,5.035,0.0
10802,5.04,0.0
10803,5.05,0.0
10804,5.06,0.0
10805,5.04,0.0
10806,5.045,0.0
10807,5.055,0.0
10808,5.06,0.0
10809,5.055,0.0
10810,5.04,0.0
10811,5.06,0.0
10812,5.07,0.0
10813,5.055,0.0
10814,5.055,0.0
10815,5.065,0.0
10816,5.07,0.0
10817,5.055,0.0
10818,5.05,0.0
10819,5.055,0.0
10820,5.06,0.0
10821,5.055,0.0
10822,5.04,0.0
10823,5.055,0.0
10824,5.045,0.0
10825,5.05,0.0
10826,5.03,0.0
10827,5.03,0.0
10828,5.04,0.0
10829,5.03,0.0
10830,5.02,0.0
10831,5.005,0.0
10832,5.015,0.0
10833,5.005,0.0
10834,4.99,0.0
10835,4.975,0.0
10836,4.995,0.0
10837,4.99,0.0
10838,4.98,0.0
10839,4.975,0.0
10840,4.975,0.0
10841,4.985,0.0
10842,4.965,0.0
10843,4.96,0.0
10844,4.965,0.0
10845,4.965,0.0
10846,4.965,0.0
10847,4.945,0.0
10848,4.95,0.0
10849,4.95,0.0
10850,4.955,0.0
10851,4.94,0.0
10852,4.93,0.0
10853,4.945,0.0
10854,4.94,0.0
10855,4.935,0.0
10856,4.915,0.0
10857,4.94,0.0
10858,4.935,0.0
10859,4.92,0.0
10860,4.915,0.0
10861,4.935,0.0
10862,4.93,0.0
10863,4.92,0.0
10864,4.92,0.0
10865,4.92,0.0
10866,4.93,0.0
10867,4.925,0.0
10868,4.915,0.0
10869,4.91,0.0
10870,4.93,0.0
10871,4.93,0.0
10872,4.915,0.0
10873,4.915,0.0
10874,4.92,0.0
10875,4.925,0.0
10876,4.91,0.0
10877,4.9,0.0
10878,4.92,0.0
10879,4.92,0.0
10880,4.91,0.0
10881,4.91,0.0
10882,4.935,0.0
10883,4.945,0.0
10884,4.94,0.0
10885,4.955,0.0
10886,5.07,0.0
10887,5.415,0.0
10888,5.805,0.0
10889,5.715,0.0
10890,5.465,0.0
10891,5.35,0.0
10892,5.31,0.0
10893,5.235,0.0
10894,5.2,0.0
10895,5.12,0.0
10896,4.975,0.0
10897,4.78,0.0
10898,4.555,0.0
10899,4.265,0.0
10900,4.165,0.0
10901,3.615,0.0
10902,3.32,0.0
10903,3.085,0.0
10904,2.86,0.0
10905,2.685,0.0
10906,2.555,0.0
10907,2.435,0.0
10908,2.305,0.0
10909,2.195,0.0
10910,2.145,0.0
10911,2.12,0.0
10912,2.1,0.0
10913,2.065,0.0
10914,2.05,0.0
10915,2.05,0.0
10916,2.06,0.0
10917,2.055,0.0
10918,2.055,0.0
10919,2.095,0.0
10920,2.155,0.0
10921,2.235,0.0
10922,2.35,0.0
10923,2.53,0.0
10924,2.74,0.0
10925,2.81,0.0
10926,3.285,0.0
10927,3.595,0.0
10928,3.895,0.0
10929,4.175,0.0
10930,4.455,0.0
10931,4.71,0.0
10932,4.93,0.0
10933,5.11,0.0
10934,5.285,0.0
10935,5.46,0.0
10936,5.605,0.0
10937,5.68,0.0
10938,5.73,0.0
10939,5.775,0.0
10940,5.825,0.0
10941,5.86,0.0
10942,5.88,0.0
10943,5.905,0.0
10944,5.94,0.0
10945,5.98,0.0
10946,5.995,0.0
10947,6.015,0.0
10948,6.05,0.0
10949,6.08,0.0
10950,6.09,0.0
10951,6.12,0.0
10952,6.165,0.0
10953,6.215,0.0
10954,6.24,0.0
10955,6.265,0.0
10956,6.305,0.0
10957,6.345,0.0
10958,6.38,0.0
10959,6.4,0.0
10960,6.43,0.0
10961,6.48,0.0
10962,6.52,0.0
10963,6.56,0.0
10964,6.585,0.0
10965,6.63,0.0
10966,6.665,0.0
10967,6.69,0.0
10968,6.715,0.0
10969,6.745,0.0
10970,6.78,0.0
10971,6.785,0.0
10972,6.8,0.0
10973,6.8,0.0
10974,6.81,0.0
10975,6.805,0.0
10976,6.77,0.0
10977,6.735,0.0
10978,6.715,0.0
10979,6.66,0.0
10980,6.59,0.0
10981,6.535,0.0
10982,6.48,0.0
10983,6.395,0.0
10984,6.3,0.0
10985,6.22,0.0
10986,6.135,0.0
10987,6.055,0.0
10988,5.96,0.0
10989,5.885,0.0
10990,5.81,0.0
10991,5.745,0.0
10992,5.675,0.0
10993,5.61,0.0
10994,5.555,0.0
10995,5.51,0.0
10996,5.46,0.0
10997,5.41,0.0
10998,5.375,0.0
10999,5.355,0.0
11000,5.34,0.0
11001,5.275,0.0
11002,5.255,0.0
11003,5.245,0.0
11004,5.215,0.0
11005,5.2,0.0
11006,5.185,0.0
11007,5.19,0.0
11008,5.185,0.0
11009,5.17,0.0
11010,5.165,0.0
11011,5.17,0.0
11012,5.16,0.0
11013,5.15,0.0
11014,5.16,0.0
11015,5.155,0.0
11016,5.155,0.0
11017,5.155,0.0
11018,5.15,0.0
11019,5.155,0.0
11020,5.16,0.0
11021,5.16,0.0
11022,5.14,0.0
11023,5.155,0.0
11024,5.16,0.0
11025,5.155,0.0
11026,5.135,0.0
11027,5.145,0.0
11028,5.15,0.0
11029,5.145,0.0
11030,5.14,0.0
11031,5.125,0.0
11032,5.14,0.0
11033,5.135,0.0
11034,5.115,0.0
11035,5.11,0.0
11036,5.11,0.0
11037,5.11,0.0
11038,5.095,0.0
11039,5.095,0.0
11040,5.09,0.0
11041,5.085,0.0
11042,5.08,0.0
11043,5.065,0.0
11044,5.06,0.0
11045,5.06,0.0
11046,5.055,0.0
11047,5.04,0.0
11048,5.045,0.0
11049,5.035,0.0
11050,5.04,0.0
11051,5.015,0.0
11052,5.015,0.0
11053,5.025,0.0
11054,5.015,0.0
11055,5.005,0.0
11056,5.005,0.0
11057,5.025,0.0
11058,5.005,0.0
11059,4.995,0.0
11060,4.99,0.0
11061,4.99,0.0
11062,4.995,0.0
11063,4.985,0.0
11064,4.975,0.0
11065,4.985,0.0
11066,4.99,0.0
11067,4.99,0.0
11068,4.98,0.0
11069,4.985,0.0
11070,4.99,0.0
11071,4.98,0.0
11072,4.965,0.0
11073,4.975,0.0
11074,4.975,0.0
11075,4.98,0.0
11076,4.965,0.0
11077,4.96,0.0
11078,4.97,0.0
11079,4.98,0.0
11080,4.955,0.0
11081,4.97,0.0
11082,4.98,0.0
11083,4.98,0.0
11084,4.97,0.0
11085,4.95,0.0
11086,4.96,0.0
11087,4.965,0.0
11088,4.965,0.0
11089,4.96,0.0
11090,4.97,0.0
11091,4.965,0.0
11092,4.965,0.0
11093,4.965,0.0
11094,4.975,0.0
11095,4.985,0.0
11096,4.98,0.0
11097,4.975,0.0
11098,4.99,0.0
11099,5.035,0.0
11100,5.05,0.0
11101,5.51,0.0
11102,5.905,0.0
11103,5.785,0.0
11104,5.52,0.0
11105,5.405,0.0
11106,5.37,0.0
11107,5.35,0.0
11108,5.285,0.0
11109,5.21,0.0
11110,5.065,0.0
11111,4.875,0.0
11112,4.59,0.0
11113,4.275,0.0
11114,3.95,0.0
11115,3.635,0.0
11116,3.34,0.0
11117,3.075,0.0
11118,2.855,0.0
11119,2.71,0.0
11120,2.59,0.0
11121,2.415,0.0
11122,2.275,0.0
11123,2.22,0.0
11124,2.18,0.0
11125,2.17,0.0
11126,2.115,0.0
11127,2.1,0.0
11128,2.105,0.0
11129,2.1,0.0
11130,2.1,0.0
11131,2.105,0.0
11132,2.15,0.0
11133,2.215,0.0
11134,2.325,0.0
11135,2.47,0.0
11136,2.665,0.0
11137,2.89,0.0
11138,3.16,0.0
11139,3.485,0.0
11140,3.8,0.0
11141,4.115,0.0
11142,4.405,0.0
11143,4.68,0.0
11144,4.955,0.0
11145,5.17,0.0
11146,5.365,0.0
11147,5.54,0.0
11148,5.705,0.0
11149,5.8,0.0
11150,5.825,0.0
11151,5.895,0.0
11152,5.95,0.0
11153,5.995,0.0
11154,6.015,0.0
11155,6.03,0.0
11156,6.05,0.0
11157,6.085,0.0
11158,6.11,0.0
11159,6.13,0.0
11160,6.15,0.0
11161,6.2,0.0
11162,6.235,0.0
11163,6.29,0.0
11164,6.325,0.0
11165,6.36,0.0
11166,6.395,0.0
11167,6.43,0.0
11168,6.455,0.0
11169,6.505,0.0
11170,6.545,0.0
11171,6.585,0.0
11172,6.605,0.0
11173,6.66,0.0
11174,6.7,0.0
11175,6.71,0.0
11176,6.76,0.0
11177,6.78,0.0
11178,6.825,0.0
11179,6.855,0.0
11180,6.865,0.0
11181,6.88,0.0
11182,6.92,0.0
11183,6.925,0.0
11184,6.905,0.0
11185,6.89,0.0
11186,6.88,0.0
11187,6.86,0.0
11188,6.81,0.0
11189,6.755,0.0
11190,6.7,0.0
11191,6.65,0.0
11192,6.56,0.0
11193,6.48,0.0
11194,6.405,0.0
11195,6.305,0.0
11196,6.215,0.0
11197,6.12,0.0
11198,6.04,0.0
11199,5.955,0.0
11200,5.925,0.0
11201,5.785,0.0
11202,5.71,0.0
11203,5.655,0.0
11204,5.585,0.0
11205,5.53,0.0
11206,5.475,0.0
11207,5.435,0.0
11208,5.4,0.0
11209,5.35,0.0
11210,5.32,0.0
11211,5.315,0.0
11212,5.285,0.0
11213,5.27,0.0
11214,5.24,0.0
11215,5.225,0.0
11216,5.22,0.0
11217,5.22,0.0
11218,5.2,0.0
11219,5.195,0.0
11220,5.2,0.0
11221,5.195,0.0
11222,5.185,0.0
11223,5.205,0.0
11224,5.195,0.0
11225,5.205,0.0
11226,5.18,0.0
11227,5.19,0.0
11228,5.205,0.0
11229,5.195,0.0
11230,5.19,0.0
11231,5.18,0.0
11232,5.195,0.0
11233,5.195,0.0
11234,5.185,0.0
11235,5.185,0.0
11236,5.19,0.0
11237,5.195,0.0
11238,5.175,0.0
11239,5.165,0.0
11240,5.17,0.0
11241,5.175,0.0
11242,5.16,0.0
11243,5.15,0.0
11244,5.145,0.0
11245,5.15,0.0
11246,5.14,0.0
11247,5.13,0.0
11248,5.13,0.0
11249,5.125,0.0
11250,5.125,0.0
11251,5.095,0.0
11252,5.095,0.0
11253,5.09,0.0
11254,5.09,0.0
11255,5.065,0.0
11256,5.055,0.0
11257,5.07,0.0
11258,5.06,0.0
11259,5.045,0.0
11260,5.04,0.0
11261,5.035,0.0
11262,5.05,0.0
11263,5.03,0.0
11264,5.01,0.0
11265,5.025,0.0
11266,5.02,0.0
11267,5.01,0.0
11268,5.005,0.0
11269,5.01,0.0
11270,5.005,0.0
11271,5.01,0.0
11272,4.995,0.0
11273,5.005,0.0
11274,5.01,0.0
11275,5.005,0.0
11276,4.995,0.0
11277,4.995,0.0
11278,5.0,0.0
11279,4.99,0.0
11280,4.975,0.0
11281,4.985,0.0
11282,4.99,0.0
11283,4.98,0.0
11284,4.975,0.0
11285,4.97,0.0
11286,4.98,0.0
11287,4.98,0.0
11288,4.975,0.0
11289,4.98,0.0
11290,4.975,0.0
11291,4.975,0.0
11292,4.97,0.0
11293,4.97,0.0
11294,4.97,0.0
11295,4.98,0.0
11296,4.975,0.0
11297,4.965,0.0
11298,4.975,0.0
11299,4.98,0.0
11300,4.98,0.0
11301,4.96,0.0
11302,4.97,0.0
11303,4.975,0.0
11304,4.98,0.0
11305,4.98,0.0
11306,5.01,0.0
11307,5.11,0.0
11308,5.405,0.0
11309,5.765,0.0
11310,5.68,0.0
11311,5.45,0.0
11312,5.34,0.0
11313,5.27,0.0
11314,5.165,0.0
11315,5.055,0.0
11316,4.865,0.0
11317,4.625,0.0
11318,4.355,0.0
11319,4.08,0.0
11320,3.825,0.0
11321,3.585,0.0
11322,3.36,0.0
11323,3.12,0.0
11324,2.87,0.0
11325,2.79,0.0
11326,2.51,0.0
11327,2.375,0.0
11328,2.29,0.0
11329,2.225,0.0
11330,2.17,0.0
11331,2.145,0.0
11332,2.145,0.0
11333,2.135,0.0
11334,2.125,0.0
11335,2.135,0.0
11336,2.17,0.0
11337,2.215,0.0
11338,2.305,0.0
11339,2.445,0.0
11340,2.64,0.0
11341,2.88,0.0
11342,3.185,0.0
11343,3.51,0.0
11344,3.85,0.0
11345,4.175,0.0
11346,4.46,0.0
11347,4.735,0.0
11348,4.98,0.0
11349,5.205,0.0
11350,5.275,0.0
11351,5.56,0.0
11352,5.68,0.0
11353,5.77,0.0
11354,5.83,0.0
11355,5.875,0.0
11356,5.92,0.0
11357,5.965,0.0
11358,6.005,0.0
11359,6.035,0.0
11360,6.08,0.0
11361,6.13,0.0
11362,6.17,0.0
11363,6.205,0.0
11364,6.235,0.0
11365,6.28,0.0
11366,6.325,0.0
11367,6.35,0.0
11368,6.375,0.0
11369,6.435,0.0
11370,6.475,0.0
11371,6.515,0.0
11372,6.53,0.0
11373,6.575,0.0
11374,6.61,0.0
11375,6.63,0.0
11376,6.66,0.0
11377,6.705,0.0
11378,6.735,0.0
11379,6.75,0.0
11380,6.77,0.0
11381,6.795,0.0
11382,6.83,0.0
11383,6.84,0.0
11384,6.845,0.0
11385,6.865,0.0
11386,6.905,0.0
11387,6.895,0.0
11388,6.87,0.0
11389,6.845,0.0
11390,6.82,0.0
11391,6.78,0.0
11392,6.72,0.0
11393,6.66,0.0
11394,6.61,0.0
11395,6.54,0.0
11396,6.455,0.0
11397,6.37,0.0
11398,6.285,0.0
11399,6.215,0.0
11400,6.185,0.0
11401,6.03,0.0
11402,5.95,0.0
11403,5.875,0.0
11404,5.8,0.0
11405,5.71,0.0
11406,5.635,0.0
11407,5.575,0.0
11408,5.515,0.0
11409,5.455,0.0
11410,5.405,0.0
11411,5.37,0.0
11412,5.34,0.0
11413,5.295,0.0
11414,5.265,0.0
11415,5.25,0.0
11416,5.235,0.0
11417,5.205,0.0
11418,5.185,0.0
11419,5.175,0.0
11420,5.18,0.0
11421,5.17,0.0
11422,5.155,0.0
11423,5.16,0.0
11424,5.17,0.0
11425,5.165,0.0
11426,5.155,0.0
11427,5.15,0.0
11428,5.16,0.0
11429,5.16,0.0
11430,5.15,0.0
11431,5.15,0.0
11432,5.17,0.0
11433,5.165,0.0
11434,5.15,0.0
11435,5.145,0.0
11436,5.16,0.0
11437,5.165,0.0
11438,5.16,0.0
11439,5.145,0.0
11440,5.16,0.0
11441,5.165,0.0
11442,5.15,0.0
11443,5.14,0.0
11444,5.14,0.0
11445,5.15,0.0
11446,5.125,0.0
11447,5.115,0.0
11448,5.125,0.0
11449,5.125,0.0
11450,5.12,0.0
11451,5.11,0.0
11452,5.105,0.0
11453,5.11,0.0
11454,5.1,0.0
11455,5.08,0.0
11456,5.075,0.0
11457,5.075,0.0
11458,5.07,0.0
11459,5.06,0.0
11460,5.045,0.0
11461,5.055,0.0
11462,5.055,0.0
11463,5.035,0.0
11464,5.01,0.0
11465,5.025,0.0
11466,5.03,0.0
11467,5.01,0.0
11468,5.005,0.0
11469,5.01,0.0
11470,5.02,0.0
11471,5.005,0.0
11472,4.99,0.0
11473,5.0,0.0
11474,5.0,0.0
11475,4.995,0.0
11476,4.97,0.0
11477,4.99,0.0
11478,5.0,0.0
11479,4.98,0.0
11480,4.965,0.0
11481,4.975,0.0
11482,4.975,0.0
11483,4.97,0.0
11484,4.97,0.0
11485,4.96,0.0
11486,4.975,0.0
11487,4.975,0.0
11488,4.965,0.0
11489,4.95,0.0
11490,4.965,0.0
11491,4.965,0.0
11492,4.96,0.0
11493,4.955,0.0
11494,4.96,0.0
11495,4.96,0.0
11496,4.945,0.0
11497,4.95,0.0
11498,4.95,0.0
11499,4.965,0.0
11500,4.96,0.0
11501,4.945,0.0
11502,4.95,0.0
11503,4.95,0.0
11504,4.965,0.0
11505,4.95,0.0
11506,4.945,0.0
11507,4.965,0.0
11508,4.955,0.0
11509,4.95,0.0
11510,4.945,0.0
11511,4.96,0.0
11512,4.97,0.0
11513,4.985,0.0
11514,5.04,0.0
11515,5.32,0.0
11516,5.76,0.0
11517,5.765,0.0
11518,5.46,0.0
11519,5.335,0.0
11520,5.275,0.0
11521,5.17,0.0
11522,5.035,0.0
11523,4.875,0.0
11524,4.67,0.0
11525,4.595,0.0
11526,4.09,0.0
11527,3.83,0.0
11528,3.61,0.0
11529,3.405,0.0
11530,3.165,0.0
11531,2.89,0.0
11532,2.66,0.0
11533,2.51,0.0
11534,2.365,0.0
11535,2.265,0.0
11536,2.205,0.0
11537,2.165,0.0
11538,2.13,0.0
11539,2.105,0.0
11540,2.1,0.0
11541,2.105,0.0
11542,2.1,0.0
11543,2.1,0.0
11544,2.135,0.0
11545,2.2,0.0
11546,2.3,0.0
11547,2.445,0.0
11548,2.665,0.0
11549,2.935,0.0
11550,3.03,0.0
11551,3.57,0.0
11552,3.9,0.0
11553,4.205,0.0
11554,4.47,0.0
11555,4.715,0.0
11556,4.945,0.0
11557,5.16,0.0
11558,5.35,0.0
11559,5.52,0.0
11560,5.63,0.0
11561,5.73,0.0
11562,5.79,0.0
11563,5.83,0.0
11564,5.875,0.0
11565,5.935,0.0
11566,5.97,0.0
11567,5.995,0.0
11568,6.02,0.0
11569,6.055,0.0
11570,6.08,0.0
11571,6.11,0.0
11572,6.125,0.0
11573,6.155,0.0
11574,6.195,0.0
11575,6.21,0.0
11576,6.24,0.0
11577,6.28,0.0
11578,6.31,0.0
11579,6.36,0.0
11580,6.385,0.0
11581,6.43,0.0
11582,6.48,0.0
11583,6.525,0.0
11584,6.55,0.0
11585,6.6,0.0
11586,6.65,0.0
11587,6.685,0.0
11588,6.705,0.0
11589,6.725,0.0
11590,6.77,0.0
11591,6.8,0.0
11592,6.8,0.0
11593,6.8,0.0
11594,6.82,0.0
11595,6.815,0.0
11596,6.795,0.0
11597,6.76,0.0
11598,6.75,0.0
11599,6.725,0.0
11600,6.715,0.0
11601,6.635,0.0
11602,6.61,0.0
11603,6.56,0.0
11604,6.495,0.0
11605,6.41,0.0
11606,6.34,0.0
11607,6.275,0.0
11608,6.18,0.0
11609,6.085,0.0
11610,6.005,0.0
11611,5.93,0.0
11612,5.85,0.0
11613,5.77,0.0
11614,5.69,0.0
11615,5.63,0.0
11616,5.57,0.0
11617,5.515,0.0
11618,5.44,0.0
11619,5.41,0.0
11620,5.37,0.0
11621,5.32,0.0
11622,5.28,0.0
11623,5.265,0.0
11624,5.25,0.0
11625,5.24,0.0
11626,5.19,0.0
11627,5.18,0.0
11628,5.18,0.0
11629,5.175,0.0
11630,5.15,0.0
11631,5.15,0.0
11632,5.165,0.0
11633,5.165,0.0
11634,5.155,0.0
11635,5.15,0.0
11636,5.17,0.0
11637,5.155,0.0
11638,5.15,0.0
11639,5.155,0.0
11640,5.165,0.0
11641,5.16,0.0
11642,5.16,0.0
11643,5.16,0.0
11644,5.17,0.0
11645,5.17,0.0
11646,5.18,0.0
11647,5.16,0.0
11648,5.16,0.0
11649,5.18,0.0
11650,5.175,0.0
11651,5.16,0.0
11652,5.15,0.0
11653,5.16,0.0
11654,5.15,0.0
11655,5.13,0.0
11656,5.135,0.0
11657,5.14,0.0
11658,5.14,0.0
11659,5.125,0.0
11660,5.105,0.0
11661,5.125,0.0
11662,5.115,0.0
11663,5.095,0.0
11664,5.09,0.0
11665,5.085,0.0
11666,5.095,0.0
11667,5.075,0.0
11668,5.07,0.0
11669,5.07,0.0
11670,5.07,0.0
11671,5.06,0.0
11672,5.04,0.0
11673,5.055,0.0
11674,5.045,0.0
11675,5.045,0.0
11676,5.03,0.0
11677,5.03,0.0
11678,5.03,0.0
11679,5.04,0.0
11680,5.02,0.0
11681,5.015,0.0
11682,5.03,0.0
11683,5.02,0.0
11684,5.01,0.0
11685,5.005,0.0
11686,5.005,0.0
11687,5.01,0.0
11688,5.005,0.0
11689,4.99,0.0
11690,5.01,0.0
11691,5.01,0.0
11692,5.0,0.0
11693,5.0,0.0
11694,4.985,0.0
11695,4.995,0.0
11696,4.995,0.0
11697,4.98,0.0
11698,4.985,0.0
11699,4.995,0.0
11700,5.0,0.0
11701,4.985,0.0
11702,4.985,0.0
11703,5.005,0.0
11704,4.995,0.0
11705,4.98,0.0
11706,4.975,0.0
11707,4.985,0.0
11708,5.0,0.0
11709,4.985,0.0
11710,4.98,0.0
11711,4.985,0.0
11712,4.995,0.0
11713,4.98,0.0
11714,4.995,0.0
11715,5.015,0.0
11716,5.055,0.0
11717,5.21,0.0
11718,5.655,0.0
11719,5.98,0.0
11720,5.735,0.0
11721,5.475,0.0
11722,5.405,0.0
11723,5.37,0.0
11724,5.31,0.0
11725,5.29,0.0
11726,5.105,0.0
11727,4.915,0.0
11728,4.655,0.0
11729,4.335,0.0
11730,3.97,0.0
11731,3.605,0.0
11732,3.3,0.0
11733,3.03,0.0
11734,2.815,0.0
11735,2.675,0.0
11736,2.545,0.0
11737,2.395,0.0
11738,2.27,0.0
11739,2.225,0.0
11740,2.195,0.0
11741,2.17,0.0
11742,2.15,0.0
11743,2.13,0.0
11744,2.14,0.0
11745,2.145,0.0
11746,2.15,0.0
11747,2.17,0.0
11748,2.24,0.0
11749,2.365,0.0
11750,2.41,0.0
11751,2.72,0.0
11752,2.96,0.0
11753,3.27,0.0
11754,3.575,0.0
11755,3.865,0.0
11756,4.145,0.0
11757,4.445,0.0
11758,4.7,0.0
11759,4.905,0.0
11760,5.105,0.0
11761,5.29,0.0
11762,5.465,0.0
11763,5.605,0.0
11764,5.71,0.0
11765,5.795,0.0
11766,5.86,0.0
11767,5.875,0.0
11768,5.91,0.0
11769,5.96,0.0
11770,6.005,0.0
11771,6.02,0.0
11772,6.05,0.0
11773,6.08,0.0
11774,6.115,0.0
11775,6.125,0.0
11776,6.16,0.0
11777,6.2,0.0
11778,6.245,0.0
11779,6.275,0.0
11780,6.29,0.0
11781,6.33,0.0
11782,6.38,0.0
11783,6.415,0.0
11784,6.45,0.0
11785,6.495,0.0
11786,6.545,0.0
11787,6.595,0.0
11788,6.64,0.0
11789,6.68,0.0
11790,6.735,0.0
11791,6.78,0.0
11792,6.8,0.0
11793,6.83,0.0
11794,6.87,0.0
11795,6.89,0.0
11796,6.885,0.0
11797,6.885,0.0
11798,6.895,0.0
11799,6.89,0.0
11800,6.875,0.0
11801,6.82,0.0
11802,6.78,0.0
11803,6.74,0.0
11804,6.69,0.0
11805,6.62,0.0
11806,6.545,0.0
11807,6.49,0.0
11808,6.42,0.0
11809,6.345,0.0
11810,6.255,0.0
11811,6.17,0.0
11812,6.095,0.0
11813,5.99,0.0
11814,5.9,0.0
11815,5.84,0.0
11816,5.77,0.0
11817,5.69,0.0
11818,5.615,0.0
11819,5.57,0.0
11820,5.51,0.0
11821,5.46,0.0
11822,5.415,0.0
11823,5.39,0.0
11824,5.365,0.0
11825,5.355,0.0
11826,5.31,0.0
11827,5.3,0.0
11828,5.29,0.0
11829,5.275,0.0
11830,5.255,0.0
11831,5.25,0.0
11832,5.25,0.0
11833,5.245,0.0
11834,5.24,0.0
11835,5.23,0.0
11836,5.23,0.0
11837,5.235,0.0
11838,5.24,0.0
11839,5.225,0.0
11840,5.245,0.0
11841,5.25,0.0
11842,5.245,0.0
11843,5.235,0.0
11844,5.245,0.0
11845,5.245,0.0
11846,5.25,0.0
11847,5.235,0.0
11848,5.25,0.0
11849,5.25,0.0
11850,5.25,0.0
11851,5.24,0.0
11852,5.24,0.0
11853,5.245,0.0
11854,5.24,0.0
11855,5.215,0.0
11856,5.21,0.0
11857,5.22,0.0
11858,5.21,0.0
11859,5.195,0.0
11860,5.185,0.0
11861,5.195,0.0
11862,5.185,0.0
11863,5.175,0.0
11864,5.16,0.0
11865,5.165,0.0
11866,5.16,0.0
11867,5.155,0.0
11868,5.135,0.0
11869,5.15,0.0
11870,5.145,0.0
11871,5.13,0.0
11872,5.11,0.0
11873,5.115,0.0
11874,5.125,0.0
11875,5.125,0.0
11876,5.09,0.0
11877,5.095,0.0
11878,5.11,0.0
11879,5.095,0.0
11880,5.075,0.0
11881,5.08,0.0
11882,5.085,0.0
11883,5.08,0.0
11884,5.07,0.0
11885,5.065,0.0
11886,5.085,0.0
11887,5.08,0.0
11888,5.07,0.0
11889,5.06,0.0
11890,5.06,0.0
11891,5.065,0.0
11892,5.065,0.0
11893,5.05,0.0
11894,5.06,0.0
11895,5.06,0.0
11896,5.06,0.0
11897,5.04,0.0
11898,5.045,0.0
11899,5.06,0.0
11900,5.06,0.0
11901,5.04,0.0
11902,5.04,0.0
11903,5.055,0.0
11904,5.05,0.0
11905,5.04,0.0
11906,5.04,0.0
11907,5.06,0.0
11908,5.06,0.0
11909,5.05,0.0
11910,5.04,0.0
11911,5.06,0.0
11912,5.065,0.0
11913,5.065,0.0
11914,5.095,0.0
11915,5.255,0.0
11916,5.67,0.0
11917,6.02,0.0
11918,5.8,0.0
11919,5.53,0.0
11920,5.455,0.0
11921,5.4,0.0
11922,5.33,0.0
11923,5.27,0.0
11924,5.165,0.0
11925,5.115,0.0
11926,4.73,0.0
11927,4.42,0.0
11928,4.115,0.0
11929,3.765,0.0
11930,3.41,0.0
11931,3.13,0.0
11932,2.93,0.0
11933,2.755,0.0
11934,2.6,0.0
11935,2.46,0.0
11936,2.34,0.0
11937,2.28,0.0
11938,2.23,0.0
11939,2.195,0.0
11940,2.18,0.0
11941,2.17,0.0
11942,2.155,0.0
11943,2.14,0.0
11944,2.155,0.0
11945,2.175,0.0
11946,2.195,0.0
11947,2.25,0.0
11948,2.355,0.0
11949,2.505,0.0
11950,2.565,0.0
11951,2.905,0.0
11952,3.22,0.0
11953,3.555,0.0
11954,3.87,0.0
11955,4.15,0.0
11956,4.455,0.0
11957,4.735,0.0
11958,4.97,0.0
11959,5.165,0.0
11960,5.36,0.0
11961,5.555,0.0
11962,5.71,0.0
11963,5.805,0.0
11964,5.87,0.0
11965,5.94,0.0
11966,5.985,0.0
11967,6.02,0.0
11968,6.045,0.0
11969,6.095,0.0
11970,6.14,0.0
11971,6.165,0.0
11972,6.2,0.0
11973,6.23,0.0
11974,6.28,0.0
11975,6.29,0.0
11976,6.34,0.0
11977,6.375,0.0
11978,6.42,0.0
11979,6.445,0.0
11980,6.48,0.0
11981,6.525,0.0
11982,6.575,0.0
11983,6.61,0.0
11984,6.635,0.0
11985,6.685,0.0
11986,6.745,0.0
11987,6.785,0.0
11988,6.825,0.0
11989,6.855,0.0
11990,6.905,0.0
11991,6.945,0.0
11992,6.96,0.0
11993,6.985,0.0
11994,7.02,0.0
11995,7.035,0.0
11996,7.05,0.0
11997,7.025,0.0
11998,7.015,0.0
11999,7.005,0.0
12000,6.99,0.0
12001,6.9,0.0
12002,6.845,0.0
12003,6.795,0.0
12004,6.71,0.0
12005,6.62,0.0
12006,6.52,0.0
12007,6.445,0.0
12008,6.345,0.0
12009,6.24,0.0
12010,6.145,0.0
12011,6.07,0.0
12012,5.985,0.0
12013,5.885,0.0
12014,5.81,0.0
12015,5.745,0.0
12016,5.68,0.0
12017,5.605,0.0
12018,5.545,0.0
12019,5.505,0.0
12020,5.465,0.0
12021,5.425,0.0
12022,5.375,0.0
12023,5.35,0.0
12024,5.335,0.0
12025,5.32,0.0
12026,5.27,0.0
12027,5.26,0.0
12028,5.265,0.0
12029,5.24,0.0
12030,5.23,0.0
12031,5.22,0.0
12032,5.23,0.0
12033,5.23,0.0
12034,5.225,0.0
12035,5.215,0.0
12036,5.225,0.0
12037,5.225,0.0
12038,5.225,0.0
12039,5.225,0.0
12040,5.245,0.0
12041,5.26,0.0
12042,5.26,0.0
12043,5.245,0.0
12044,5.275,0.0
12045,5.27,0.0
12046,5.275,0.0
12047,5.26,0.0
12048,5.27,0.0
12049,5.275,0.0
12050,5.27,0.0
12051,5.23,0.0
12052,5.22,0.0
12053,5.215,0.0
12054,5.195,0.0
12055,5.16,0.0
12056,5.15,0.0
12057,5.16,0.0
12058,5.14,0.0
12059,5.13,0.0
12060,5.125,0.0
12061,5.125,0.0
12062,5.145,0.0
12063,5.135,0.0
12064,5.125,0.0
12065,5.125,0.0
12066,5.115,0.0
12067,5.11,0.0
12068,5.09,0.0
12069,5.095,0.0
12070,5.1,0.0
12071,5.095,0.0
12072,5.08,0.0
12073,5.085,0.0
12074,5.085,0.0
12075,5.08,0.0
12076,5.06,0.0
12077,5.06,0.0
12078,5.075,0.0
12079,5.07,0.0
12080,5.045,0.0
12081,5.045,0.0
12082,5.065,0.0
12083,5.045,0.0
12084,5.035,0.0
12085,5.03,0.0
12086,5.055,0.0
12087,5.06,0.0
12088,5.035,0.0
12089,5.03,0.0
12090,5.04,0.0
12091,5.045,0.0
12092,5.04,0.0
12093,5.035,0.0
12094,5.04,0.0
12095,5.04,0.0
12096,5.04,0.0
12097,5.035,0.0
12098,5.045,0.0
12099,5.045,0.0
12100,5.045,0.0
12101,5.025,0.0
12102,5.035,0.0
12103,5.05,0.0
12104,5.04,0.0
12105,5.04,0.0
12106,5.035,0.0
12107,5.055,0.0
12108,5.05,0.0
12109,5.04,0.0
12110,5.035,0.0
12111,5.045,0.0
12112,5.04,0.0
12113,5.035,0.0
12114,5.04,0.0
12115,5.05,0.0
12116,5.05,0.0
12117,5.055,0.0
12118,5.045,0.0
12119,5.1,0.0
12120,5.195,0.0
12121,5.525,0.0
12122,5.96,0.0
12123,5.97,0.0
12124,5.645,0.0
12125,5.56,0.0
12126,5.415,0.0
12127,5.37,0.0
12128,5.32,0.0
12129,5.225,0.0
12130,5.055,0.0
12131,4.84,0.0
12132,4.57,0.0
12133,4.23,0.0
12134,3.875,0.0
12135,3.535,0.0
12136,3.22,0.0
12137,2.985,0.0
12138,2.805,0.0
12139,2.68,0.0
12140,2.61,0.0
12141,2.55,0.0
12142,2.445,0.0
12143,2.335,0.0
12144,2.285,0.0
12145,2.26,0.0
12146,2.22,0.0
12147,2.185,0.0
12148,2.18,0.0
12149,2.175,0.0
12150,2.16,0.0
12151,2.17,0.0
12152,2.175,0.0
12153,2.215,0.0
12154,2.27,0.0
12155,2.35,0.0
12156,2.48,0.0
12157,2.645,0.0
12158,2.82,0.0
12159,2.995,0.0
12160,3.275,0.0
12161,3.565,0.0
12162,3.855,0.0
12163,4.135,0.0
12164,4.42,0.0
12165,4.7,0.0
12166,4.955,0.0
12167,5.16,0.0
12168,5.345,0.0
12169,5.53,0.0
12170,5.69,0.0
12171,5.8,0.0
12172,5.89,0.0
12173,5.945,0.0
12174,6.01,0.0
12175,6.03,0.0
12176,6.095,0.0
12177,6.15,0.0
12178,6.205,0.0
12179,6.25,0.0
12180,6.275,0.0
12181,6.335,0.0
12182,6.385,0.0
12183,6.425,0.0
12184,6.455,0.0
12185,6.515,0.0
12186,6.575,0.0
12187,6.63,0.0
12188,6.675,0.0
12189,6.72,0.0
12190,6.775,0.0
12191,6.84,0.0
12192,6.88,0.0
12193,6.915,0.0
12194,6.97,0.0
12195,7.025,0.0
12196,7.055,0.0
12197,7.085,0.0
12198,7.12,0.0
12199,7.165,0.0
12200,7.17,0.0
12201,7.17,0.0
12202,7.165,0.0
12203,7.175,0.0
12204,7.165,0.0
12205,7.12,0.0
12206,7.08,0.0
12207,7.045,0.0
12208,6.975,0.0
12209,6.905,0.0
12210,6.835,0.0
12211,6.775,0.0
12212,6.7,0.0
12213,6.595,0.0
12214,6.505,0.0
12215,6.43,0.0
12216,6.35,0.0
12217,6.235,0.0
12218,6.145,0.0
12219,6.06,0.0
12220,5.985,0.0
12221,5.9,0.0
12222,5.81,0.0
12223,5.74,0.0
12224,5.69,0.0
12225,5.665,0.0
12226,5.56,0.0
12227,5.525,0.0
12228,5.49,0.0
12229,5.45,0.0
12230,5.4,0.0
12231,5.37,0.0
12232,5.35,0.0
12233,5.33,0.0
12234,5.305,0.0
12235,5.275,0.0
12236,5.275,0.0
12237,5.26,0.0
12238,5.245,0.0
12239,5.22,0.0
12240,5.23,0.0
12241,5.22,0.0
12242,5.21,0.0
12243,5.195,0.0
12244,5.195,0.0
12245,5.2,0.0
12246,5.19,0.0
12247,5.18,0.0
12248,5.175,0.0
12249,5.195,0.0
12250,5.195,0.0
12251,5.18,0.0
12252,5.18,0.0
12253,5.19,0.0
12254,5.2,0.0
12255,5.175,0.0
12256,5.185,0.0
12257,5.195,0.0
12258,5.19,0.0
12259,5.185,0.0
12260,5.185,0.0
12261,5.195,0.0
12262,5.215,0.0
12263,5.19,0.0
12264,5.18,0.0
12265,5.195,0.0
12266,5.205,0.0
12267,5.185,0.0
12268,5.18,0.0
12269,5.19,0.0
12270,5.195,0.0
12271,5.19,0.0
12272,5.17,0.0
12273,5.17,0.0
12274,5.18,0.0
12275,5.175,0.0
12276,5.155,0.0
12277,5.15,0.0
12278,5.145,0.0
12279,5.135,0.0
12280,5.125,0.0
12281,5.13,0.0
12282,5.125,0.0
12283,5.13,0.0
12284,5.11,0.0
12285,5.11,0.0
12286,5.115,0.0
12287,5.12,0.0
12288,5.105,0.0
12289,5.105,0.0
12290,5.11,0.0
12291,5.125,0.0
12292,5.13,0.0
12293,5.12,0.0
12294,5.135,0.0
12295,5.14,0.0
12296,5.14,0.0
12297,5.135,0.0
12298,5.12,0.0
12299,5.14,0.0
12300,5.135,0.0
12301,5.12,0.0
12302,5.11,0.0
12303,5.11,0.0
12304,5.105,0.0
12305,5.07,0.0
12306,5.07,0.0
12307,5.07,0.0
12308,5.055,0.0
12309,5.035,0.0
12310,5.02,0.0
12311,5.02,0.0
12312,5.015,0.0
12313,4.995,0.0
12314,5.0,0.0
12315,5.02,0.0
12316,5.06,0.0
12317,5.04,0.0
12318,5.025,0.0
12319,5.04,0.0
12320,5.045,0.0
12321,5.025,0.0
12322,5.025,0.0
12323,5.04,0.0
12324,5.05,0.0
12325,5.045,0.0
12326,5.035,0.0
12327,5.04,0.0
12328,5.05,0.0
12329,5.065,0.0
12330,5.075,0.0
12331,5.165,0.0
12332,5.455,0.0
12333,5.895,0.0
12334,6.015,0.0
12335,5.73,0.0
12336,5.555,0.0
12337,5.495,0.0
12338,5.435,0.0
12339,5.41,0.0
12340,5.38,0.0
12341,5.335,0.0
12342,5.225,0.0
12343,5.08,0.0
12344,4.885,0.0
12345,4.655,0.0
12346,4.395,0.0
12347,4.115,0.0
12348,3.855,0.0
12349,3.61,0.0
12350,3.535,0.0
12351,3.21,0.0
12352,3.07,0.0
12353,2.955,0.0
12354,2.81,0.0
12355,2.645,0.0
12356,2.515,0.0
12357,2.445,0.0
12358,2.38,0.0
12359,2.315,0.0
12360,2.265,0.0
12361,2.24,0.0
12362,2.215,0.0
12363,2.195,0.0
12364,2.185,0.0
12365,2.195,0.0
12366,2.225,0.0
12367,2.275,0.0
12368,2.36,0.0
12369,2.505,0.0
12370,2.66,0.0
12371,2.85,0.0
12372,3.03,0.0
12373,3.27,0.0
12374,3.555,0.0
12375,3.645,0.0
12376,4.11,0.0
12377,4.37,0.0
12378,4.635,0.0
12379,4.875,0.0
12380,5.08,0.0
12381,5.28,0.0
12382,5.45,0.0
12383,5.61,0.0
12384,5.74,0.0
12385,5.835,0.0
12386,5.915,0.0
12387,5.955,0.0
12388,6.0,0.0
12389,6.05,0.0
12390,6.1,0.0
12391,6.145,0.0
12392,6.175,0.0
12393,6.205,0.0
12394,6.265,0.0
12395,6.305,0.0
12396,6.355,0.0
12397,6.395,0.0
12398,6.45,0.0
12399,6.5,0.0
12400,6.52,0.0
12401,6.575,0.0
12402,6.63,0.0
12403,6.685,0.0
12404,6.725,0.0
12405,6.77,0.0
12406,6.82,0.0
12407,6.875,0.0
12408,6.91,0.0
12409,6.94,0.0
12410,6.975,0.0
12411,7.02,0.0
12412,7.05,0.0
12413,7.065,0.0
12414,7.07,0.0
12415,7.08,0.0
12416,7.08,0.0
12417,7.055,0.0
12418,7.04,0.0
12419,7.025,0.0
12420,6.99,0.0
12421,6.925,0.0
12422,6.865,0.0
12423,6.795,0.0
12424,6.735,0.0
12425,6.71,0.0
12426,6.565,0.0
12427,6.48,0.0
12428,6.405,0.0
12429,6.31,0.0
12430,6.21,0.0
12431,6.115,0.0
12432,6.05,0.0
12433,5.97,0.0
12434,5.88,0.0
12435,5.815,0.0
12436,5.765,0.0
12437,5.705,0.0
12438,5.65,0.0
12439,5.59,0.0
12440,5.55,0.0
12441,5.51,0.0
12442,5.46,0.0
12443,5.42,0.0
12444,5.405,0.0
12445,5.375,0.0
12446,5.34,0.0
12447,5.31,0.0
12448,5.29,0.0
12449,5.28,0.0
12450,5.27,0.0
12451,5.235,0.0
12452,5.24,0.0
12453,5.245,0.0
12454,5.23,0.0
12455,5.205,0.0
12456,5.2,0.0
12457,5.21,0.0
12458,5.195,0.0
12459,5.18,0.0
12460,5.18,0.0
12461,5.185,0.0
12462,5.185,0.0
12463,5.18,0.0
12464,5.165,0.0
12465,5.185,0.0
12466,5.185,0.0
12467,5.18,0.0
12468,5.175,0.0
12469,5.195,0.0
12470,5.195,0.0
12471,5.18,0.0
12472,5.18,0.0
12473,5.195,0.0
12474,5.2,0.0
12475,5.205,0.0
12476,5.185,0.0
12477,5.205,0.0
12478,5.22,0.0
12479,5.21,0.0
12480,5.2,0.0
12481,5.2,0.0
12482,5.21,0.0
12483,5.215,0.0
12484,5.195,0.0
12485,5.2,0.0
12486,5.205,0.0
12487,5.2,0.0
12488,5.19,0.0
12489,5.185,0.0
12490,5.195,0.0
12491,5.195,0.0
12492,5.18,0.0
12493,5.16,0.0
12494,5.17,0.0
12495,5.165,0.0
12496,5.155,0.0
12497,5.15,0.0
12498,5.15,0.0
12499,5.145,0.0
12500,5.15,0.0
12501,5.13,0.0
12502,5.13,0.0
12503,5.145,0.0
12504,5.125,0.0
12505,5.115,0.0
12506,5.105,0.0
12507,5.11,0.0
12508,5.11,0.0
12509,5.09,0.0
12510,5.085,0.0
12511,5.1,0.0
12512,5.105,0.0
12513,5.09,0.0
12514,5.085,0.0
12515,5.095,0.0
12516,5.095,0.0
12517,5.09,0.0
12518,5.08,0.0
12519,5.075,0.0
12520,5.085,0.0
12521,5.07,0.0
12522,5.07,0.0
12523,5.07,0.0
12524,5.075,0.0
12525,5.07,0.0
12526,5.065,0.0
12527,5.065,0.0
12528,5.075,0.0
12529,5.075,0.0
12530,5.06,0.0
12531,5.055,0.0
12532,5.08,0.0
12533,5.075,0.0
12534,5.055,0.0
12535,5.06,0.0
12536,5.08,0.0
12537,5.07,0.0
12538,5.065,0.0
12539,5.06,0.0
12540,5.08,0.0
12541,5.1,0.0
12542,5.11,0.0
12543,5.105,0.0
12544,5.13,0.0
12545,5.14,0.0
12546,5.14,0.0
12547,5.145,0.0
12548,5.225,0.0
12549,5.5,0.0
12550,5.63,0.0
12551,6.065,0.0
12552,5.775,0.0
12553,5.58,0.0
12554,5.52,0.0
12555,5.45,0.0
12556,5.4,0.0
12557,5.36,0.0
12558,5.25,0.0
12559,5.08,0.0
12560,4.85,0.0
12561,4.575,0.0
12562,4.25,0.0
12563,3.91,0.0
12564,3.565,0.0
12565,3.305,0.0
12566,3.08,0.0
12567,2.875,0.0
12568,2.755,0.0
12569,2.645,0.0
12570,2.53,0.0
12571,2.405,0.0
12572,2.31,0.0
12573,2.265,0.0
12574,2.25,0.0
12575,2.23,0.0
12576,2.195,0.0
12577,2.18,0.0
12578,2.175,0.0
12579,2.175,0.0
12580,2.16,0.0
12581,2.18,0.0
12582,2.225,0.0
12583,2.285,0.0
12584,2.38,0.0
12585,2.51,0.0
12586,2.685,0.0
12587,2.855,0.0
12588,3.055,0.0
12589,3.335,0.0
12590,3.64,0.0
12591,3.905,0.0
12592,4.145,0.0
12593,4.41,0.0
12594,4.7,0.0
12595,4.945,0.0
12596,5.155,0.0
12597,5.35,0.0
12598,5.545,0.0
12599,5.7,0.0
12600,5.74,0.0
12601,5.865,0.0
12602,5.93,0.0
12603,5.995,0.0
12604,6.025,0.0
12605,6.065,0.0
12606,6.11,0.0
12607,6.155,0.0
12608,6.195,0.0
12609,6.22,0.0
12610,6.265,0.0
12611,6.33,0.0
12612,6.37,0.0
12613,6.4,0.0
12614,6.435,0.0
12615,6.495,0.0
12616,6.535,0.0
12617,6.58,0.0
12618,6.62,0.0
12619,6.66,0.0
12620,6.71,0.0
12621,6.75,0.0
12622,6.785,0.0
12623,6.84,0.0
12624,6.89,0.0
12625,6.9,0.0
12626,6.945,0.0
12627,6.99,0.0
12628,7.025,0.0
12629,7.04,0.0
12630,7.045,0.0
12631,7.07,0.0
12632,7.105,0.0
12633,7.085,0.0
12634,7.065,0.0
12635,7.045,0.0
12636,7.03,0.0
12637,7.0,0.0
12638,6.94,0.0
12639,6.875,0.0
12640,6.825,0.0
12641,6.745,0.0
12642,6.655,0.0
12643,6.57,0.0
12644,6.49,0.0
12645,6.39,0.0
12646,6.285,0.0
12647,6.18,0.0
12648,6.11,0.0
12649,6.02,0.0
12650,5.99,0.0
12651,5.84,0.0
12652,5.775,0.0
12653,5.725,0.0
12654,5.65,0.0
12655,5.6,0.0
12656,5.545,0.0
12657,5.515,0.0
12658,5.465,0.0
12659,5.43,0.0
12660,5.385,0.0
12661,5.38,0.0
12662,5.355,0.0
12663,5.32,0.0
12664,5.3,0.0
12665,5.3,0.0
12666,5.275,0.0
12667,5.265,0.0
12668,5.25,0.0
12669,5.245,0.0
12670,5.245,0.0
12671,5.235,0.0
12672,5.225,0.0
12673,5.23,0.0
12674,5.23,0.0
12675,5.225,0.0
12676,5.22,0.0
12677,5.22,0.0
12678,5.235,0.0
12679,5.24,0.0
12680,5.22,0.0
12681,5.225,0.0
12682,5.245,0.0
12683,5.25,0.0
12684,5.235,0.0
12685,5.23,0.0
12686,5.245,0.0
12687,5.25,0.0
12688,5.245,0.0
12689,5.24,0.0
12690,5.25,0.0
12691,5.25,0.0
12692,5.24,0.0
12693,5.24,0.0
12694,5.235,0.0
12695,5.24,0.0
12696,5.23,0.0
12697,5.22,0.0
12698,5.22,0.0
12699,5.225,0.0
12700,5.22,0.0
12701,5.21,0.0
12702,5.205,0.0
12703,5.21,0.0
12704,5.195,0.0
12705,5.18,0.0
12706,5.18,0.0
12707,5.185,0.0
12708,5.175,0.0
12709,5.16,0.0
12710,5.155,0.0
12711,5.17,0.0
12712,5.165,0.0
12713,5.145,0.0
12714,5.13,0.0
12715,5.14,0.0
12716,5.135,0.0
12717,5.125,0.0
12718,5.115,0.0
12719,5.12,0.0
12720,5.125,0.0
12721,5.105,0.0
12722,5.105,0.0
12723,5.115,0.0
12724,5.115,0.0
12725,5.12,0.0
12726,5.105,0.0
12727,5.1,0.0
12728,5.105,0.0
12729,5.095,0.0
12730,5.085,0.0
12731,5.085,0.0
12732,5.1,0.0
12733,5.1,0.0
12734,5.09,0.0
12735,5.08,0.0
12736,5.095,0.0
12737,5.09,0.0
12738,5.08,0.0
12739,5.065,0.0
12740,5.085,0.0
12741,5.085,0.0
12742,5.08,0.0
12743,5.065,0.0
12744,5.07,0.0
12745,5.08,0.0
12746,5.075,0.0
12747,5.065,0.0
12748,5.065,0.0
12749,5.085,0.0
12750,5.085,0.0
12751,5.065,0.0
12752,5.065,0.0
12753,5.08,0.0
12754,5.085,0.0
12755,5.075,0.0
12756,5.07,0.0
12757,5.11,0.0
12758,5.105,0.0
12759,5.115,0.0
12760,5.27,0.0
12761,5.675,0.0
12762,6.05,0.0
12763,5.915,0.0
12764,5.6,0.0
12765,5.495,0.0
12766,5.44,0.0
12767,5.375,0.0
12768,5.305,0.0
12769,5.235,0.0
12770,5.08,0.0
12771,4.84,0.0
12772,4.53,0.0
12773,4.21,0.0
12774,3.87,0.0
12775,3.755,0.0
12776,3.23,0.0
12777,3.005,0.0
12778,2.835,0.0
12779,2.695,0.0
12780,2.54,0.0
12781,2.4,0.0
12782,2.32,0.0
12783,2.265,0.0
12784,2.215,0.0
12785,2.18,0.0
12786,2.185,0.0
12787,2.165,0.0
12788,2.155,0.0
12789,2.145,0.0
12790,2.17,0.0
12791,2.18,0.0
12792,2.195,0.0
12793,2.25,0.0
12794,2.375,0.0
12795,2.535,0.0
12796,2.735,0.0
12797,3.005,0.0
12798,3.335,0.0
12799,3.685,0.0
12800,3.795,0.0
12801,4.305,0.0
12802,4.615,0.0
12803,4.9,0.0
12804,5.135,0.0
12805,5.335,0.0
12806,5.545,0.0
12807,5.735,0.0
12808,5.82,0.0
12809,5.885,0.0
12810,5.935,0.0
12811,6.005,0.0
12812,6.035,0.0
12813,6.07,0.0
12814,6.11,0.0
12815,6.155,0.0
12816,6.195,0.0
12817,6.21,0.0
12818,6.235,0.0
12819,6.285,0.0
12820,6.33,0.0
12821,6.35,0.0
12822,6.38,0.0
12823,6.43,0.0
12824,6.48,0.0
12825,6.485,0.0
12826,6.545,0.0
12827,6.59,0.0
12828,6.645,0.0
12829,6.685,0.0
12830,6.715,0.0
12831,6.775,0.0
12832,6.83,0.0
12833,6.865,0.0
12834,6.89,0.0
12835,6.94,0.0
12836,6.99,0.0
12837,7.025,0.0
12838,7.035,0.0
12839,7.055,0.0
12840,7.085,0.0
12841,7.085,0.0
12842,7.07,0.0
12843,7.05,0.0
12844,7.025,0.0
12845,6.995,0.0
12846,6.935,0.0
12847,6.87,0.0
12848,6.81,0.0
12849,6.735,0.0
12850,6.7,0.0
12851,6.53,0.0
12852,6.445,0.0
12853,6.355,0.0
12854,6.235,0.0
12855,6.13,0.0
12856,6.035,0.0
12857,5.96,0.0
12858,5.865,0.0
12859,5.765,0.0
12860,5.7,0.0
12861,5.65,0.0
12862,5.585,0.0
12863,5.525,0.0
12864,5.485,0.0
12865,5.455,0.0
12866,5.405,0.0
12867,5.385,0.0
12868,5.355,0.0
12869,5.335,0.0
12870,5.335,0.0
12871,5.305,0.0
12872,5.295,0.0
12873,5.28,0.0
12874,5.29,0.0
12875,5.285,0.0
12876,5.265,0.0
12877,5.26,0.0
12878,5.27,0.0
12879,5.26,0.0
12880,5.25,0.0
12881,5.26,0.0
12882,5.275,0.0
12883,5.265,0.0
12884,5.25,0.0
12885,5.25,0.0
12886,5.265,0.0
12887,5.255,0.0
12888,5.245,0.0
12889,5.255,0.0
12890,5.265,0.0
12891,5.265,0.0
12892,5.245,0.0
12893,5.235,0.0
12894,5.245,0.0
12895,5.25,0.0
12896,5.25,0.0
12897,5.23,0.0
12898,5.235,0.0
12899,5.245,0.0
12900,5.24,0.0
12901,5.215,0.0
12902,5.22,0.0
12903,5.225,0.0
12904,5.205,0.0
12905,5.19,0.0
12906,5.18,0.0
12907,5.18,0.0
12908,5.175,0.0
12909,5.145,0.0
12910,5.155,0.0
12911,5.16,0.0
12912,5.145,0.0
12913,5.14,0.0
12914,5.13,0.0
12915,5.135,0.0
12916,5.135,0.0
12917,5.12,0.0
12918,5.11,0.0
12919,5.125,0.0
12920,5.115,0.0
12921,5.11,0.0
12922,5.1,0.0
12923,5.11,0.0
12924,5.11,0.0
12925,5.115,0.0
12926,5.09,0.0
12927,5.09,0.0
12928,5.1,0.0
12929,5.09,0.0
12930,5.075,0.0
12931,5.08,0.0
12932,5.085,0.0
12933,5.085,0.0
12934,5.075,0.0
12935,5.075,0.0
12936,5.085,0.0
12937,5.08,0.0
12938,5.075,0.0
12939,5.05,0.0
12940,5.07,0.0
12941,5.07,0.0
12942,5.06,0.0
12943,5.055,0.0
12944,5.07,0.0
12945,5.075,0.0
12946,5.07,0.0
12947,5.05,0.0
12948,5.06,0.0
12949,5.075,0.0
12950,5.07,0.0
12951,5.065,0.0
12952,5.06,0.0
12953,5.075,0.0
12954,5.06,0.0
12955,5.05,0.0
12956,5.055,0.0
12957,5.075,0.0
12958,5.075,0.0
12959,5.07,0.0
12960,5.09,0.0
12961,5.175,0.0
12962,5.48,0.0
12963,5.93,0.0
12964,5.87,0.0
12965,5.575,0.0
12966,5.465,0.0
12967,5.42,0.0
12968,5.355,0.0
12969,5.275,0.0
12970,5.15,0.0
12971,4.925,0.0
12972,4.63,0.0
12973,4.29,0.0
12974,3.97,0.0
12975,3.86,0.0
12976,3.26,0.0
12977,3.01,0.0
12978,2.815,0.0
12979,2.67,0.0
12980,2.53,0.0
12981,2.395,0.0
12982,2.305,0.0
12983,2.245,0.0
12984,2.205,0.0
12985,2.185,0.0
12986,2.175,0.0
12987,2.16,0.0
12988,2.155,0.0
12989,2.145,0.0
12990,2.165,0.0
12991,2.205,0.0
12992,2.275,0.0
12993,2.405,0.0
12994,2.62,0.0
12995,2.84,0.0
12996,3.115,0.0
12997,3.47,0.0
12998,3.84,0.0
12999,4.185,0.0
13000,4.285,0.0
13001,4.78,0.0
13002,5.035,0.0
13003,5.26,0.0
13004,5.445,0.0
13005,5.6,0.0
13006,5.725,0.0
13007,5.815,0.0
13008,5.85,0.0
13009,5.885,0.0
13010,5.94,0.0
13011,6.0,0.0
13012,6.035,0.0
13013,6.075,0.0
13014,6.1,0.0
13015,6.145,0.0
13016,6.165,0.0
13017,6.19,0.0
13018,6.22,0.0
13019,6.265,0.0
13020,6.3,0.0
13021,6.315,0.0
13022,6.345,0.0
13023,6.385,0.0
13024,6.435,0.0
13025,6.445,0.0
13026,6.49,0.0
13027,6.535,0.0
13028,6.58,0.0
13029,6.625,0.0
13030,6.655,0.0
13031,6.7,0.0
13032,6.755,0.0
13033,6.79,0.0
13034,6.8,0.0
13035,6.84,0.0
13036,6.895,0.0
13037,6.895,0.0
13038,6.9,0.0
13039,6.915,0.0
13040,6.925,0.0
13041,6.93,0.0
13042,6.88,0.0
13043,6.83,0.0
13044,6.805,0.0
13045,6.76,0.0
13046,6.695,0.0
13047,6.62,0.0
13048,6.545,0.0
13049,6.47,0.0
13050,6.435,0.0
13051,6.27,0.0
13052,6.195,0.0
13053,6.105,0.0
13054,6.015,0.0
13055,5.92,0.0
13056,5.845,0.0
13057,5.79,0.0
13058,5.71,0.0
13059,5.625,0.0
13060,5.58,0.0
13061,5.54,0.0
13062,5.49,0.0
13063,5.435,0.0
13064,5.415,0.0
13065,5.38,0.0
13066,5.36,0.0
13067,5.325,0.0
13068,5.315,0.0
13069,5.295,0.0
13070,5.29,0.0
13071,5.27,0.0
13072,5.255,0.0
13073,5.26,0.0
13074,5.255,0.0
13075,5.245,0.0
13076,5.23,0.0
13077,5.24,0.0
13078,5.25,0.0
13079,5.24,0.0
13080,5.23,0.0
13081,5.23,0.0
13082,5.235,0.0
13083,5.235,0.0
13084,5.225,0.0
13085,5.225,0.0
13086,5.235,0.0
13087,5.23,0.0
13088,5.225,0.0
13089,5.215,0.0
13090,5.235,0.0
13091,5.235,0.0
13092,5.23,0.0
13093,5.21,0.0
13094,5.215,0.0
13095,5.225,0.0
13096,5.215,0.0
13097,5.21,0.0
13098,5.21,0.0
13099,5.215,0.0
13100,5.21,0.0
13101,5.19,0.0
13102,5.19,0.0
13103,5.2,0.0
13104,5.2,0.0
13105,5.19,0.0
13106,5.185,0.0
13107,5.18,0.0
13108,5.165,0.0
13109,5.16,0.0
13110,5.14,0.0
13111,5.15,0.0
13112,5.13,0.0
13113,5.125,0.0
13114,5.115,0.0
13115,5.13,0.0
13116,5.13,0.0
13117,5.115,0.0
13118,5.1,0.0
13119,5.11,0.0
13120,5.12,0.0
13121,5.09,0.0
13122,5.085,0.0
13123,5.09,0.0
13124,5.095,0.0
13125,5.09,0.0
13126,5.065,0.0
13127,5.085,0.0
13128,5.095,0.0
13129,5.085,0.0
13130,5.075,0.0
13131,5.075,0.0
13132,5.09,0.0
13133,5.08,0.0
13134,5.06,0.0
13135,5.065,0.0
13136,5.065,0.0
13137,5.06,0.0
13138,5.06,0.0
13139,5.05,0.0
13140,5.07,0.0
13141,5.065,0.0
13142,5.06,0.0
13143,5.05,0.0
13144,5.06,0.0
13145,5.065,0.0
13146,5.06,0.0
13147,5.05,0.0
13148,5.05,0.0
13149,5.07,0.0
13150,5.065,0.0
13151,5.05,0.0
13152,5.055,0.0
13153,5.065,0.0
13154,5.055,0.0
13155,5.045,0.0
13156,5.055,0.0
13157,5.065,0.0
13158,5.055,0.0
13159,5.05,0.0
13160,5.055,0.0
13161,5.075,0.0
13162,5.08,0.0
13163,5.12,0.0
13164,5.305,0.0
13165,5.78,0.0
13166,6.045,0.0
13167,5.76,0.0
13168,5.51,0.0
13169,5.475,0.0
13170,5.435,0.0
13171,5.375,0.0
13172,5.31,0.0
13173,5.21,0.0
13174,5.02,0.0
13175,4.945,0.0
13176,4.42,0.0
13177,4.11,0.0
13178,3.785,0.0
13179,3.46,0.0
13180,3.195,0.0
13181,2.975,0.0
13182,2.81,0.0
13183,2.68,0.0
13184,2.525,0.0
13185,2.39,0.0
13186,2.305,0.0
13187,2.255,0.0
13188,2.205,0.0
13189,2.185,0.0
13190,2.18,0.0
13191,2.17,0.0
13192,2.165,0.0
13193,2.155,0.0
13194,2.17,0.0
13195,2.19,0.0
13196,2.235,0.0
13197,2.33,0.0
13198,2.505,0.0
13199,2.7,0.0
13200,2.765,0.0
13201,3.185,0.0
13202,3.51,0.0
13203,3.84,0.0
13204,4.155,0.0
13205,4.48,0.0
13206,4.785,0.0
13207,5.05,0.0
13208,5.25,0.0
13209,5.45,0.0
13210,5.615,0.0
13211,5.775,0.0
13212,5.85,0.0
13213,5.915,0.0
13214,5.96,0.0
13215,6.03,0.0
13216,6.08,0.0
13217,6.125,0.0
13218,6.155,0.0
13219,6.205,0.0
13220,6.255,0.0
13221,6.275,0.0
13222,6.305,0.0
13223,6.335,0.0
13224,6.38,0.0
13225,6.395,0.0
13226,6.43,0.0
13227,6.46,0.0
13228,6.5,0.0
13229,6.525,0.0
13230,6.545,0.0
13231,6.58,0.0
13232,6.62,0.0
13233,6.645,0.0
13234,6.665,0.0
13235,6.705,0.0
13236,6.755,0.0
13237,6.785,0.0
13238,6.815,0.0
13239,6.865,0.0
13240,6.915,0.0
13241,6.95,0.0
13242,6.965,0.0
13243,6.975,0.0
13244,6.995,0.0
13245,6.995,0.0
13246,6.98,0.0
13247,6.965,0.0
13248,6.955,0.0
13249,6.925,0.0
13250,6.905,0.0
13251,6.81,0.0
13252,6.755,0.0
13253,6.705,0.0
13254,6.61,0.0
13255,6.53,0.0
13256,6.465,0.0
13257,6.385,0.0
13258,6.28,0.0
13259,6.175,0.0
13260,6.075,0.0
13261,6.005,0.0
13262,5.9,0.0
13263,5.805,0.0
13264,5.725,0.0
13265,5.665,0.0
13266,5.61,0.0
13267,5.54,0.0
13268,5.5,0.0
13269,5.45,0.0
13270,5.415,0.0
13271,5.375,0.0
13272,5.33,0.0
13273,5.315,0.0
13274,5.305,0.0
13275,5.295,0.0
13276,5.255,0.0
13277,5.25,0.0
13278,5.25,0.0
13279,5.235,0.0
13280,5.22,0.0
13281,5.215,0.0
13282,5.235,0.0
13283,5.22,0.0
13284,5.215,0.0
13285,5.215,0.0
13286,5.235,0.0
13287,5.225,0.0
13288,5.225,0.0
13289,5.225,0.0
13290,5.23,0.0
13291,5.235,0.0
13292,5.22,0.0
13293,5.215,0.0
13294,5.225,0.0
13295,5.235,0.0
13296,5.22,0.0
13297,5.2,0.0
13298,5.22,0.0
13299,5.22,0.0
13300,5.225,0.0
13301,5.2,0.0
13302,5.21,0.0
13303,5.215,0.0
13304,5.2,0.0
13305,5.18,0.0
13306,5.175,0.0
13307,5.18,0.0
13308,5.18,0.0
13309,5.155,0.0
13310,5.15,0.0
13311,5.165,0.0
13312,5.15,0.0
13313,5.135,0.0
13314,5.115,0.0
13315,5.125,0.0
13316,5.12,0.0
13317,5.115,0.0
13318,5.105,0.0
13319,5.105,0.0
13320,5.1,0.0
13321,5.085,0.0
13322,5.075,0.0
13323,5.08,0.0
13324,5.085,0.0
13325,5.07,0.0
13326,5.05,0.0
13327,5.065,0.0
13328,5.075,0.0
13329,5.05,0.0
13330,5.055,0.0
13331,5.05,0.0
13332,5.065,0.0
13333,5.055,0.0
13334,5.045,0.0
13335,5.04,0.0
13336,5.055,0.0
13337,5.045,0.0
13338,5.04,0.0
13339,5.02,0.0
13340,5.04,0.0
13341,5.04,0.0
13342,5.025,0.0
13343,5.015,0.0
13344,5.03,0.0
13345,5.02,0.0
13346,5.035,0.0
13347,5.02,0.0
13348,5.02,0.0
13349,5.03,0.0
13350,5.025,0.0
13351,5.015,0.0
13352,5.015,0.0
13353,5.025,0.0
13354,5.02,0.0
13355,5.015,0.0
13356,5.015,0.0
13357,5.045,0.0
13358,5.025,0.0
13359,5.015,0.0
13360,5.01,0.0
13361,5.02,0.0
13362,5.03,0.0
13363,5.02,0.0
13364,5.035,0.0
13365,5.135,0.0
13366,5.365,0.0
13367,5.8,0.0
13368,5.935,0.0
13369,5.63,0.0
13370,5.42,0.0
13371,5.34,0.0
13372,5.25,0.0
13373,5.135,0.0
13374,4.965,0.0
13375,4.89,0.0
13376,4.445,0.0
13377,4.185,0.0
13378,3.945,0.0
13379,3.73,0.0
13380,3.53,0.0
13381,3.315,0.0
13382,3.07,0.0
13383,2.795,0.0
13384,2.615,0.0
13385,2.485,0.0
13386,2.395,0.0
13387,2.29,0.0
13388,2.215,0.0
13389,2.19,0.0
13390,2.17,0.0
13391,2.15,0.0
13392,2.14,0.0
13393,2.13,0.0
13394,2.155,0.0
13395,2.165,0.0
13396,2.19,0.0
13397,2.255,0.0
13398,2.395,0.0
13399,2.58,0.0
13400,2.645,0.0
13401,3.07,0.0
13402,3.41,0.0
13403,3.76,0.0
13404,4.08,0.0
13405,4.365,0.0
13406,4.655,0.0
13407,4.93,0.0
13408,5.16,0.0
13409,5.375,0.0
13410,5.575,0.0
13411,5.725,0.0
13412,5.795,0.0
13413,5.845,0.0
13414,5.895,0.0
13415,5.96,0.0
13416,6.0,0.0
13417,6.025,0.0
13418,6.06,0.0
13419,6.105,0.0
13420,6.15,0.0
13421,6.155,0.0
13422,6.18,0.0
13423,6.225,0.0
13424,6.255,0.0
13425,6.26,0.0
13426,6.295,0.0
13427,6.335,0.0
13428,6.375,0.0
13429,6.405,0.0
13430,6.435,0.0
13431,6.49,0.0
13432,6.525,0.0
13433,6.555,0.0
13434,6.59,0.0
13435,6.64,0.0
13436,6.69,0.0
13437,6.73,0.0
13438,6.755,0.0
13439,6.8,0.0
13440,6.855,0.0
13441,6.88,0.0
13442,6.915,0.0
13443,6.92,0.0
13444,6.955,0.0
13445,6.965,0.0
13446,6.955,0.0
13447,6.935,0.0
13448,6.935,0.0
13449,6.895,0.0
13450,6.875,0.0
13451,6.78,0.0
13452,6.7,0.0
13453,6.62,0.0
13454,6.53,0.0
13455,6.43,0.0
13456,6.345,0.0
13457,6.27,0.0
13458,6.175,0.0
13459,6.06,0.0
13460,5.965,0.0
13461,5.89,0.0
13462,5.805,0.0
13463,5.725,0.0
13464,5.645,0.0
13465,5.595,0.0
13466,5.52,0.0
13467,5.46,0.0
13468,5.405,0.0
13469,5.375,0.0
13470,5.34,0.0
13471,5.305,0.0
13472,5.27,0.0
13473,5.245,0.0
13474,5.24,0.0
13475,5.225,0.0
13476,5.19,0.0
13477,5.185,0.0
13478,5.195,0.0
13479,5.17,0.0
13480,5.17,0.0
13481,5.175,0.0
13482,5.18,0.0
13483,5.175,0.0
13484,5.17,0.0
13485,5.16,0.0
13486,5.17,0.0
13487,5.17,0.0
13488,5.165,0.0
13489,5.16,0.0
13490,5.17,0.0
13491,5.18,0.0
13492,5.18,0.0
13493,5.165,0.0
13494,5.175,0.0
13495,5.18,0.0
13496,5.17,0.0
13497,5.15,0.0
13498,5.165,0.0
13499,5.17,0.0
13500,5.165,0.0
13501,5.15,0.0
13502,5.15,0.0
13503,5.155,0.0
13504,5.13,0.0
13505,5.125,0.0
13506,5.11,0.0
13507,5.13,0.0
13508,5.11,0.0
13509,5.105,0.0
13510,5.09,0.0
13511,5.105,0.0
13512,5.105,0.0
13513,5.09,0.0
13514,5.075,0.0
13515,5.08,0.0
13516,5.075,0.0
13517,5.06,0.0
13518,5.055,0.0
13519,5.055,0.0
13520,5.05,0.0
13521,5.05,0.0
13522,5.035,0.0
13523,5.045,0.0
13524,5.045,0.0
13525,5.04,0.0
13526,5.03,0.0
13527,5.03,0.0
13528,5.04,0.0
13529,5.02,0.0
13530,5.015,0.0
13531,5.015,0.0
13532,5.035,0.0
13533,5.02,0.0
13534,5.005,0.0
13535,5.0,0.0
13536,5.03,0.0
13537,5.02,0.0
13538,5.0,0.0
13539,5.005,0.0
13540,5.02,0.0
13541,5.01,0.0
13542,5.005,0.0
13543,5.0,0.0
13544,5.0,0.0
13545,5.02,0.0
13546,5.01,0.0
13547,4.995,0.0
13548,4.995,0.0
13549,5.01,0.0
13550,5.0,0.0
13551,4.98,0.0
13552,4.99,0.0
13553,5.005,0.0
13554,5.0,0.0
13555,4.99,0.0
13556,4.995,0.0
13557,5.015,0.0
13558,5.005,0.0
13559,5.0,0.0
13560,4.995,0.0
13561,5.005,0.0
13562,5.005,0.0
13563,5.0,0.0
13564,5.015,0.0
13565,5.07,0.0
13566,5.22,0.0
13567,5.64,0.0
13568,5.955,0.0
13569,5.76,0.0
13570,5.49,0.0
13571,5.39,0.0
13572,5.315,0.0
13573,5.235,0.0
13574,5.115,0.0
13575,5.06,0.0
13576,4.695,0.0
13577,4.445,0.0
13578,4.15,0.0
13579,3.855,0.0
13580,3.6,0.0
13581,3.38,0.0
13582,3.175,0.0
13583,2.92,0.0
13584,2.68,0.0
13585,2.51,0.0
13586,2.405,0.0
13587,2.315,0.0
13588,2.22,0.0
13589,2.15,0.0
13590,2.15,0.0
13591,2.13,0.0
13592,2.115,0.0
13593,2.11,0.0
13594,2.11,0.0
13595,2.105,0.0
13596,2.11,0.0
13597,2.125,0.0
13598,2.19,0.0
13599,2.29,0.0
13600,2.33,0.0
13601,2.64,0.0
13602,2.885,0.0
13603,3.185,0.0
13604,3.505,0.0
13605,3.82,0.0
13606,4.15,0.0
13607,4.45,0.0
13608,4.725,0.0
13609,4.96,0.0
13610,5.195,0.0
13611,5.41,0.0
13612,5.58,0.0
13613,5.685,0.0
13614,5.75,0.0
13615,5.825,0.0
13616,5.865,0.0
13617,5.9,0.0
13618,5.95,0.0
13619,5.99,0.0
13620,6.02,0.0
13621,6.055,0.0
13622,6.075,0.0
13623,6.115,0.0
13624,6.145,0.0
13625,6.155,0.0
13626,6.185,0.0
13627,6.22,0.0
13628,6.265,0.0
13629,6.295,0.0
13630,6.32,0.0
13631,6.365,0.0
13632,6.41,0.0
13633,6.44,0.0
13634,6.46,0.0
13635,6.505,0.0
13636,6.55,0.0
13637,6.58,0.0
13638,6.615,0.0
13639,6.645,0.0
13640,6.685,0.0
13641,6.72,0.0
13642,6.75,0.0
13643,6.77,0.0
13644,6.81,0.0
13645,6.83,0.0
13646,6.835,0.0
13647,6.825,0.0
13648,6.845,0.0
13649,6.845,0.0
13650,6.835,0.0
13651,6.775,0.0
13652,6.73,0.0
13653,6.695,0.0
13654,6.625,0.0
13655,6.565,0.0
13656,6.505,0.0
13657,6.445,0.0
13658,6.36,0.0
13659,6.265,0.0
13660,6.16,0.0
13661,6.075,0.0
13662,5.98,0.0
13663,5.87,0.0
13664,5.79,0.0
13665,5.715,0.0
13666,5.62,0.0
13667,5.545,0.0
13668,5.465,0.0
13669,5.42,0.0
13670,5.385,0.0
13671,5.325,0.0
13672,5.295,0.0
13673,5.275,0.0
13674,5.275,0.0
13675,5.27,0.0
13676,5.22,0.0
13677,5.21,0.0
13678,5.215,0.0
13679,5.195,0.0
13680,5.17,0.0
13681,5.175,0.0
13682,5.18,0.0
13683,5.18,0.0
13684,5.165,0.0
13685,5.155,0.0
13686,5.175,0.0
13687,5.165,0.0
13688,5.155,0.0
13689,5.155,0.0
13690,5.175,0.0
13691,5.17,0.0
13692,5.175,0.0
13693,5.165,0.0
13694,5.18,0.0
13695,5.18,0.0
13696,5.17,0.0
13697,5.17,0.0
13698,5.17,0.0
13699,5.185,0.0
13700,5.18,0.0
13701,5.16,0.0
13702,5.17,0.0
13703,5.195,0.0
13704,5.165,0.0
13705,5.145,0.0
13706,5.15,0.0
13707,5.16,0.0
13708,5.145,0.0
13709,5.13,0.0
13710,5.125,0.0
13711,5.14,0.0
13712,5.14,0.0
13713,5.13,0.0
13714,5.115,0.0
13715,5.12,0.0
13716,5.11,0.0
13717,5.105,0.0
13718,5.095,0.0
13719,5.095,0.0
13720,5.1,0.0
13721,5.085,0.0
13722,5.075,0.0
13723,5.08,0.0
13724,5.09,0.0
13725,5.085,0.0
13726,5.07,0.0
13727,5.065,0.0
13728,5.08,0.0
13729,5.065,0.0
13730,5.06,0.0
13731,5.045,0.0
13732,5.06,0.0
13733,5.055,0.0
13734,5.045,0.0
13735,5.04,0.0
13736,5.05,0.0
13737,5.05,0.0
13738,5.04,0.0
13739,5.045,0.0
13740,5.06,0.0
13741,5.05,0.0
13742,5.045,0.0
13743,5.035,0.0
13744,5.045,0.0
13745,5.06,0.0
13746,5.035,0.0
13747,5.04,0.0
13748,5.04,0.0
13749,5.045,0.0
13750,5.04,0.0
13751,5.03,0.0
13752,5.035,0.0
13753,5.045,0.0
13754,5.035,0.0
13755,5.035,0.0
13756,5.035,0.0
13757,5.05,0.0
13758,5.035,0.0
13759,5.025,0.0
13760,5.02,0.0
13761,5.035,0.0
13762,5.03,0.0
13763,5.03,0.0
13764,5.025,0.0
13765,5.04,0.0
13766,5.04,0.0
13767,5.015,0.0
13768,5.02,0.0
13769,5.03,0.0
13770,5.035,0.0
13771,5.025,0.0
13772,5.02,0.0
13773,5.04,0.0
13774,5.06,0.0
13775,5.06,0.0
13776,5.16,0.0
13777,5.44,0.0
13778,5.87,0.0
13779,5.915,0.0
13780,5.61,0.0
13781,5.475,0.0
13782,5.435,0.0
13783,5.375,0.0
13784,5.325,0.0
13785,5.255,0.0
13786,5.17,0.0
13787,4.99,0.0
13788,4.74,0.0
13789,4.45,0.0
13790,4.175,0.0
13791,3.855,0.0
13792,3.515,0.0
13793,3.24,0.0
13794,3.04,0.0
13795,2.85,0.0
13796,2.685,0.0
13797,2.565,0.0
13798,2.435,0.0
13799,2.325,0.0
13800,2.29,0.0
13801,2.205,0.0
13802,2.18,0.0
13803,2.175,0.0
13804,2.145,0.0
13805,2.13,0.0
13806,2.13,0.0
13807,2.15,0.0
13808,2.14,0.0
13809,2.15,0.0
13810,2.195,0.0
13811,2.285,0.0
13812,2.41,0.0
13813,2.575,0.0
13814,2.775,0.0
13815,3.035,0.0
13816,3.36,0.0
13817,3.675,0.0
13818,3.98,0.0
13819,4.305,0.0
13820,4.615,0.0
13821,4.86,0.0
13822,5.085,0.0
13823,5.295,0.0
13824,5.475,0.0
13825,5.53,0.0
13826,5.75,0.0
13827,5.825,0.0
13828,5.88,0.0
13829,5.92,0.0
13830,5.965,0.0
13831,6.015,0.0
13832,6.065,0.0
13833,6.085,0.0
13834,6.11,0.0
13835,6.13,0.0
13836,6.185,0.0
13837,6.21,0.0
13838,6.225,0.0
13839,6.265,0.0
13840,6.31,0.0
13841,6.35,0.0
13842,6.385,0.0
13843,6.4,0.0
13844,6.47,0.0
13845,6.51,0.0
13846,6.545,0.0
13847,6.585,0.0
13848,6.63,0.0
13849,6.68,0.0
13850,6.695,0.0
13851,6.755,0.0
13852,6.8,0.0
13853,6.855,0.0
13854,6.885,0.0
13855,6.91,0.0
13856,6.94,0.0
13857,6.965,0.0
13858,6.97,0.0
13859,6.975,0.0
13860,6.97,0.0
13861,6.98,0.0
13862,6.955,0.0
13863,6.92,0.0
13864,6.87,0.0
13865,6.835,0.0
13866,6.76,0.0
13867,6.675,0.0
13868,6.595,0.0
13869,6.515,0.0
13870,6.425,0.0
13871,6.325,0.0
13872,6.225,0.0
13873,6.145,0.0
13874,6.045,0.0
13875,6.015,0.0
13876,5.865,0.0
13877,5.79,0.0
13878,5.72,0.0
13879,5.645,0.0
13880,5.57,0.0
13881,5.525,0.0
13882,5.48,0.0
13883,5.43,0.0
13884,5.375,0.0
13885,5.355,0.0
13886,5.335,0.0
13887,5.3,0.0
13888,5.275,0.0
13889,5.245,0.0
13890,5.245,0.0
13891,5.24,0.0
13892,5.225,0.0
13893,5.21,0.0
13894,5.205,0.0
13895,5.205,0.0
13896,5.195,0.0
13897,5.19,0.0
13898,5.19,0.0
13899,5.2,0.0
13900,5.19,0.0
13901,5.18,0.0
13902,5.19,0.0
13903,5.195,0.0
13904,5.195,0.0
13905,5.195,0.0
13906,5.195,0.0
13907,5.205,0.0
13908,5.19,0.0
13909,5.185,0.0
13910,5.19,0.0
13911,5.205,0.0
13912,5.2,0.0
13913,5.19,0.0
13914,5.2,0.0
13915,5.205,0.0
13916,5.195,0.0
13917,5.21,0.0
13918,5.2,0.0
13919,5.215,0.0
13920,5.22,0.0
13921,5.21,0.0
13922,5.21,0.0
13923,5.215,0.0
13924,5.225,0.0
13925,5.215,0.0
13926,5.19,0.0
13927,5.2,0.0
13928,5.2,0.0
13929,5.195,0.0
13930,5.17,0.0
13931,5.165,0.0
13932,5.16,0.0
13933,5.12,0.0
13934,5.1,0.0
13935,5.095,0.0
13936,5.09,0.0
13937,5.085,0.0
13938,5.055,0.0
13939,5.035,0.0
13940,5.04,0.0
13941,5.045,0.0
13942,5.04,0.0
13943,5.04,0.0
13944,5.05,0.0
13945,5.055,0.0
13946,5.03,0.0
13947,5.03,0.0
13948,5.035,0.0
13949,5.035,0.0
13950,5.025,0.0
13951,5.025,0.0
13952,5.025,0.0
13953,5.035,0.0
13954,5.02,0.0
13955,5.01,0.0
13956,5.01,0.0
13957,5.025,0.0
13958,5.015,0.0
13959,5.01,0.0
13960,5.005,0.0
13961,5.015,0.0
13962,5.01,0.0
13963,5.0,0.0
13964,5.0,0.0
13965,5.01,0.0
13966,5.01,0.0
13967,5.005,0.0
13968,5.0,0.0
13969,5.005,0.0
13970,5.015,0.0
13971,5.005,0.0
13972,4.995,0.0
13973,4.995,0.0
13974,5.005,0.0
13975,4.995,0.0
13976,4.99,0.0
13977,5.005,0.0
13978,5.01,0.0
13979,5.005,0.0
13980,4.99,0.0
13981,5.005,0.0
13982,5.015,0.0
13983,5.005,0.0
13984,5.0,0.0
13985,5.0,0.0
13986,5.02,0.0
13987,5.03,0.0
13988,5.02,0.0
13989,5.035,0.0
13990,5.155,0.0
13991,5.405,0.0
13992,5.825,0.0
13993,5.91,0.0
13994,5.635,0.0
13995,5.465,0.0
13996,5.405,0.0
13997,5.345,0.0
13998,5.31,0.0
13999,5.27,0.0
14000,5.25,0.0
14001,5.015,0.0
14002,4.795,0.0
14003,4.55,0.0
14004,4.23,0.0
14005,3.9,0.0
14006,3.555,0.0
14007,3.265,0.0
14008,3.04,0.0
14009,2.865,0.0
14010,2.76,0.0
14011,2.675,0.0
14012,2.595,0.0
14013,2.48,0.0
14014,2.365,0.0
14015,2.3,0.0
14016,2.26,0.0
14017,2.23,0.0
14018,2.18,0.0
14019,2.175,0.0
14020,2.165,0.0
14021,2.155,0.0
14022,2.15,0.0
14023,2.17,0.0
14024,2.21,0.0
14025,2.22,0.0
14026,2.34,0.0
14027,2.48,0.0
14028,2.635,0.0
14029,2.805,0.0
14030,3.015,0.0
14031,3.29,0.0
14032,3.62,0.0
14033,3.905,0.0
14034,4.19,0.0
14035,4.475,0.0
14036,4.76,0.0
14037,4.985,0.0
14038,5.175,0.0
14039,5.36,0.0
14040,5.535,0.0
14041,5.67,0.0
14042,5.785,0.0
14043,5.84,0.0
14044,5.935,0.0
14045,5.98,0.0
14046,6.035,0.0
14047,6.08,0.0
14048,6.145,0.0
14049,6.185,0.0
14050,6.2,0.0
14051,6.26,0.0
14052,6.315,0.0
14053,6.375,0.0
14054,6.41,0.0
14055,6.455,0.0
14056,6.515,0.0
14057,6.58,0.0
14058,6.625,0.0
14059,6.675,0.0
14060,6.72,0.0
14061,6.78,0.0
14062,6.825,0.0
14063,6.865,0.0
14064,6.905,0.0
14065,6.965,0.0
14066,7.005,0.0
14067,7.025,0.0
14068,7.05,0.0
14069,7.105,0.0
14070,7.11,0.0
14071,7.115,0.0
14072,7.115,0.0
14073,7.115,0.0
14074,7.11,0.0
14075,7.09,0.0
14076,7.035,0.0
14077,6.99,0.0
14078,6.945,0.0
14079,6.885,0.0
14080,6.795,0.0
14081,6.725,0.0
14082,6.655,0.0
14083,6.56,0.0
14084,6.465,0.0
14085,6.37,0.0
14086,6.29,0.0
14087,6.21,0.0
14088,6.12,0.0
14089,6.035,0.0
14090,5.97,0.0
14091,5.9,0.0
14092,5.815,0.0
14093,5.745,0.0
14094,5.705,0.0
14095,5.645,0.0
14096,5.58,0.0
14097,5.535,0.0
14098,5.49,0.0
14099,5.465,0.0
14100,5.445,0.0
14101,5.37,0.0
14102,5.355,0.0
14103,5.345,0.0
14104,5.3,0.0
14105,5.275,0.0
14106,5.275,0.0
14107,5.255,0.0
14108,5.24,0.0
14109,5.23,0.0
14110,5.2,0.0
14111,5.205,0.0
14112,5.2,0.0
14113,5.18,0.0
14114,5.165,0.0
14115,5.18,0.0
14116,5.17,0.0
14117,5.155,0.0
14118,5.135,0.0
14119,5.155,0.0
14120,5.155,0.0
14121,5.16,0.0
14122,5.14,0.0
14123,5.15,0.0
14124,5.16,0.0
14125,5.16,0.0
14126,5.14,0.0
14127,5.16,0.0
14128,5.16,0.0
14129,5.15,0.0
14130,5.155,0.0
14131,5.155,0.0
14132,5.17,0.0
14133,5.155,0.0
14134,5.145,0.0
14135,5.155,0.0
14136,5.17,0.0
14137,5.16,0.0
14138,5.155,0.0
14139,5.14,0.0
14140,5.155,0.0
14141,5.155,0.0
14142,5.145,0.0
14143,5.13,0.0
14144,5.15,0.0
14145,5.16,0.0
14146,5.15,0.0
14147,5.125,0.0
14148,5.135,0.0
14149,5.14,0.0
14150,5.135,0.0
14151,5.115,0.0
14152,5.115,0.0
14153,5.12,0.0
14154,5.1,0.0
14155,5.09,0.0
14156,5.095,0.0
14157,5.095,0.0
14158,5.09,0.0
14159,5.08,0.0
14160,5.065,0.0
14161,5.075,0.0
14162,5.085,0.0
14163,5.07,0.0
14164,5.055,0.0
14165,5.07,0.0
14166,5.07,0.0
14167,5.055,0.0
14168,5.045,0.0
14169,5.04,0.0
14170,5.045,0.0
14171,5.045,0.0
14172,5.03,0.0
14173,5.05,0.0
14174,5.05,0.0
14175,5.045,0.0
14176,5.05,0.0
14177,5.065,0.0
14178,5.085,0.0
14179,5.08,0.0
14180,5.07,0.0
14181,5.08,0.0
14182,5.095,0.0
14183,5.075,0.0
14184,5.07,0.0
14185,5.06,0.0
14186,5.075,0.0
14187,5.065,0.0
14188,5.045,0.0
14189,5.04,0.0
14190,5.03,0.0
14191,5.02,0.0
14192,5.015,0.0
14193,5.0,0.0
14194,4.99,0.0
14195,4.98,0.0
14196,4.97,0.0
14197,4.955,0.0
14198,4.955,0.0
14199,4.97,0.0
14200,4.97,0.0
14201,4.98,0.0
14202,4.995,0.0
14203,5.005,0.0
14204,4.99,0.0
14205,4.99,0.0
14206,5.005,0.0
14207,5.07,0.0
14208,5.215,0.0
14209,5.595,0.0
14210,5.975,0.0
14211,5.87,0.0
14212,5.55,0.0
14213,5.43,0.0
14214,5.385,0.0
14215,5.355,0.0
14216,5.295,0.0
14217,5.225,0.0
14218,5.11,0.0
14219,4.945,0.0
14220,4.69,0.0
14221,4.395,0.0
14222,4.1,0.0
14223,3.82,0.0
14224,3.54,0.0
14225,3.445,0.0
14226,3.15,0.0
14227,3.025,0.0
14228,2.92,0.0
14229,2.765,0.0
14230,2.6,0.0
14231,2.475,0.0
14232,2.4,0.0
14233,2.33,0.0
14234,2.275,0.0
14235,2.22,0.0
14236,2.2,0.0
14237,2.17,0.0
14238,2.155,0.0
14239,2.14,0.0
14240,2.15,0.0
14241,2.18,0.0
14242,2.19,0.0
14243,2.255,0.0
14244,2.38,0.0
14245,2.53,0.0
14246,2.71,0.0
14247,2.925,0.0
14248,3.185,0.0
14249,3.5,0.0
14250,3.61,0.0
14251,4.125,0.0
14252,4.41,0.0
14253,4.7,0.0
14254,4.935,0.0
14255,5.16,0.0
14256,5.35,0.0
14257,5.54,0.0
14258,5.685,0.0
14259,5.8,0.0
14260,5.86,0.0
14261,5.925,0.0
14262,5.96,0.0
14263,6.015,0.0
14264,6.06,0.0
14265,6.125,0.0
14266,6.16,0.0
14267,6.195,0.0
14268,6.245,0.0
14269,6.285,0.0
14270,6.35,0.0
14271,6.385,0.0
14272,6.435,0.0
14273,6.49,0.0
14274,6.555,0.0
14275,6.57,0.0
14276,6.66,0.0
14277,6.73,0.0
14278,6.785,0.0
14279,6.83,0.0
14280,6.865,0.0
14281,6.925,0.0
14282,6.965,0.0
14283,7.0,0.0
14284,7.035,0.0
14285,7.05,0.0
14286,7.065,0.0
14287,7.09,0.0
14288,7.075,0.0
14289,7.055,0.0
14290,7.045,0.0
14291,7.0,0.0
14292,6.95,0.0
14293,6.885,0.0
14294,6.835,0.0
14295,6.765,0.0
14296,6.68,0.0
14297,6.59,0.0
14298,6.515,0.0
14299,6.445,0.0
14300,6.41,0.0
14301,6.23,0.0
14302,6.15,0.0
14303,6.07,0.0
14304,5.975,0.0
14305,5.88,0.0
14306,5.805,0.0
14307,5.755,0.0
14308,5.67,0.0
14309,5.595,0.0
14310,5.53,0.0
14311,5.495,0.0
14312,5.455,0.0
14313,5.39,0.0
14314,5.36,0.0
14315,5.34,0.0
14316,5.31,0.0
14317,5.275,0.0
14318,5.245,0.0
14319,5.235,0.0
14320,5.21,0.0
14321,5.195,0.0
14322,5.18,0.0
14323,5.18,0.0
14324,5.17,0.0
14325,5.165,0.0
14326,5.125,0.0
14327,5.135,0.0
14328,5.135,0.0
14329,5.125,0.0
14330,5.105,0.0
14331,5.1,0.0
14332,5.12,0.0
14333,5.105,0.0
14334,5.095,0.0
14335,5.09,0.0
14336,5.105,0.0
14337,5.115,0.0
14338,5.1,0.0
14339,5.09,0.0
14340,5.105,0.0
14341,5.105,0.0
14342,5.095,0.0
14343,5.1,0.0
14344,5.115,0.0
14345,5.12,0.0
14346,5.115,0.0
14347,5.11,0.0
14348,5.125,0.0
14349,5.13,0.0
14350,5.13,0.0
14351,5.12,0.0
14352,5.12,0.0
14353,5.125,0.0
14354,5.125,0.0
14355,5.115,0.0
14356,5.105,0.0
14357,5.115,0.0
14358,5.11,0.0
14359,5.09,0.0
14360,5.095,0.0
14361,5.105,0.0
14362,5.09,0.0
14363,5.075,0.0
14364,5.075,0.0
14365,5.08,0.0
14366,5.085,0.0
14367,5.06,0.0
14368,5.045,0.0
14369,5.055,0.0
14370,5.06,0.0
14371,5.045,0.0
14372,5.045,0.0
14373,5.045,0.0
14374,5.055,0.0
14375,5.05,0.0
14376,5.02,0.0
14377,5.03,0.0
14378,5.04,0.0
14379,5.025,0.0
14380,5.01,0.0
14381,5.02,0.0
14382,5.025,0.0
14383,5.02,0.0
14384,5.01,0.0
14385,5.01,0.0
14386,5.01,0.0
14387,5.01,0.0
14388,5.0,0.0
14389,4.98,0.0
14390,5.005,0.0
14391,5.005,0.0
14392,4.99,0.0
14393,4.985,0.0
14394,4.995,0.0
14395,5.0,0.0
14396,5.0,0.0
14397,4.985,0.0
14398,4.99,0.0
14399,4.99,0.0
14400,4.975,0.0
14401,4.985,0.0
14402,4.985,0.0
14403,5.005,0.0
14404,4.99,0.0
14405,4.98,0.0
14406,4.985,0.0
14407,5.0,0.0
14408,4.99,0.0
14409,4.98,0.0
14410,4.995,0.0
14411,5.01,0.0
14412,5.03,0.0
14413,5.05,0.0
14414,5.16,0.0
14415,5.54,0.0
14416,6.02,0.0
14417,5.92,0.0
14418,5.61,0.0
14419,5.49,0.0
14420,5.455,0.0
14421,5.405,0.0
14422,5.34,0.0
14423,5.24,0.0
14424,5.09,0.0
14425,5.035,0.0
14426,4.565,0.0
14427,4.24,0.0
14428,3.91,0.0
14429,3.53,0.0
14430,3.195,0.0
14431,2.945,0.0
14432,2.765,0.0
14433,2.615,0.0
14434,2.45,0.0
14435,2.325,0.0
14436,2.255,0.0
14437,2.195,0.0
14438,2.145,0.0
14439,2.125,0.0
14440,2.11,0.0
14441,2.095,0.0
14442,2.095,0.0
14443,2.08,0.0
14444,2.12,0.0
14445,2.17,0.0
14446,2.26,0.0
14447,2.4,0.0
14448,2.585,0.0
14449,2.785,0.0
14450,2.845,0.0
14451,3.3,0.0
14452,3.63,0.0
14453,3.93,0.0
14454,4.205,0.0
14455,4.485,0.0
14456,4.76,0.0
14457,4.99,0.0
14458,5.2,0.0
14459,5.38,0.0
14460,5.545,0.0
14461,5.665,0.0
14462,5.725,0.0
14463,5.76,0.0
14464,5.815,0.0
14465,5.88,0.0
14466,5.93,0.0
14467,5.945,0.0
14468,5.985,0.0
14469,6.035,0.0
14470,6.07,0.0
14471,6.1,0.0
14472,6.14,0.0
14473,6.19,0.0
14474,6.24,0.0
14475,6.25,0.0
14476,6.31,0.0
14477,6.365,0.0
14478,6.42,0.0
14479,6.465,0.0
14480,6.505,0.0
14481,6.56,0.0
14482,6.62,0.0
14483,6.655,0.0
14484,6.69,0.0
14485,6.735,0.0
14486,6.79,0.0
14487,6.82,0.0
14488,6.84,0.0
14489,6.855,0.0
14490,6.89,0.0
14491,6.9,0.0
14492,6.89,0.0
14493,6.875,0.0
14494,6.855,0.0
14495,6.83,0.0
14496,6.775,0.0
14497,6.71,0.0
14498,6.66,0.0
14499,6.585,0.0
14500,6.555,0.0
14501,6.415,0.0
14502,6.34,0.0
14503,6.26,0.0
14504,6.16,0.0
14505,6.06,0.0
14506,5.985,0.0
14507,5.92,0.0
14508,5.82,0.0
14509,5.735,0.0
14510,5.665,0.0
14511,5.62,0.0
14512,5.555,0.0
14513,5.49,0.0
14514,5.44,0.0
14515,5.405,0.0
14516,5.375,0.0
14517,5.335,0.0
14518,5.3,0.0
14519,5.285,0.0
14520,5.265,0.0
14521,5.235,0.0
14522,5.21,0.0
14523,5.22,0.0
14524,5.195,0.0
14525,5.185,0.0
14526,5.175,0.0
14527,5.17,0.0
14528,5.175,0.0
14529,5.17,0.0
14530,5.165,0.0
14531,5.165,0.0
14532,5.17,0.0
14533,5.17,0.0
14534,5.16,0.0
14535,5.16,0.0
14536,5.16,0.0
14537,5.17,0.0
14538,5.155,0.0
14539,5.15,0.0
14540,5.17,0.0
14541,5.17,0.0
14542,5.165,0.0
14543,5.16,0.0
14544,5.17,0.0
14545,5.17,0.0
14546,5.16,0.0
14547,5.15,0.0
14548,5.16,0.0
14549,5.155,0.0
14550,5.15,0.0
14551,5.14,0.0
14552,5.15,0.0
14553,5.15,0.0
14554,5.135,0.0
14555,5.13,0.0
14556,5.125,0.0
14557,5.13,0.0
14558,5.115,0.0
14559,5.11,0.0
14560,5.105,0.0
14561,5.11,0.0
14562,5.1,0.0
14563,5.085,0.0
14564,5.075,0.0
14565,5.085,0.0
14566,5.08,0.0
14567,5.055,0.0
14568,5.05,0.0
14569,5.065,0.0
14570,5.055,0.0
14571,5.05,0.0
14572,5.04,0.0
14573,5.05,0.0
14574,5.045,0.0
14575,5.04,0.0
14576,5.02,0.0
14577,5.025,0.0
14578,5.04,0.0
14579,5.03,0.0
14580,5.01,0.0
14581,5.02,0.0
14582,5.03,0.0
14583,5.01,0.0
14584,4.995,0.0
14585,5.005,0.0
14586,5.015,0.0
14587,5.01,0.0
14588,5.0,0.0
14589,5.0,0.0
14590,5.01,0.0
14591,5.01,0.0
14592,5.0,0.0
14593,4.99,0.0
14594,4.995,0.0
14595,5.005,0.0
14596,4.985,0.0
14597,4.985,0.0
14598,4.995,0.0
14599,4.99,0.0
14600,4.985,0.0
14601,4.975,0.0
14602,4.99,0.0
14603,4.995,0.0
14604,4.985,0.0
14605,4.985,0.0
14606,5.0,0.0
14607,4.995,0.0
14608,4.995,0.0
14609,4.995,0.0
14610,5.01,0.0
14611,5.05,0.0
14612,5.17,0.0
14613,5.555,0.0
14614,5.97,0.0
14615,5.8,0.0
14616,5.485,0.0
14617,5.395,0.0
14618,5.35,0.0
14619,5.305,0.0
14620,5.245,0.0
14621,5.11,0.0
14622,4.915,0.0
14623,4.66,0.0
14624,4.325,0.0
14625,4.215,0.0
14626,3.595,0.0
14627,3.26,0.0
14628,3.0,0.0
14629,2.765,0.0
14630,2.595,0.0
14631,2.47,0.0
14632,2.35,0.0
14633,2.24,0.0
14634,2.18,0.0
14635,2.145,0.0
14636,2.14,0.0
14637,2.115,0.0
14638,2.1,0.0
14639,2.1,0.0
14640,2.11,0.0
14641,2.12,0.0
14642,2.12,0.0
14643,2.175,0.0
14644,2.295,0.0
14645,2.43,0.0
14646,2.625,0.0
14647,2.835,0.0
14648,3.14,0.0
14649,3.485,0.0
14650,3.585,0.0
14651,4.1,0.0
14652,4.43,0.0
14653,4.72,0.0
14654,4.96,0.0
14655,5.175,0.0
14656,5.39,0.0
14657,5.595,0.0
14658,5.705,0.0
14659,5.76,0.0
14660,5.835,0.0
14661,5.895,0.0
14662,5.935,0.0
14663,5.965,0.0
14664,6.005,0.0
14665,6.06,0.0
14666,6.08,0.0
14667,6.1,0.0
14668,6.13,0.0
14669,6.17,0.0
14670,6.205,0.0
14671,6.23,0.0
14672,6.24,0.0
14673,6.285,0.0
14674,6.33,0.0
14675,6.345,0.0
14676,6.39,0.0
14677,6.445,0.0
14678,6.495,0.0
14679,6.525,0.0
14680,6.55,0.0
14681,6.605,0.0
14682,6.65,0.0
14683,6.69,0.0
14684,6.705,0.0
14685,6.75,0.0
14686,6.805,0.0
14687,6.83,0.0
14688,6.845,0.0
14689,6.865,0.0
14690,6.89,0.0
14691,6.905,0.0
14692,6.885,0.0
14693,6.855,0.0
14694,6.85,0.0
14695,6.81,0.0
14696,6.75,0.0
14697,6.695,0.0
14698,6.63,0.0
14699,6.555,0.0
14700,6.525,0.0
14701,6.375,0.0
14702,6.285,0.0
14703,6.21,0.0
14704,6.105,0.0
14705,6.015,0.0
14706,5.945,0.0
14707,5.86,0.0
14708,5.77,0.0
14709,5.685,0.0
14710,5.64,0.0
14711,5.58,0.0
14712,5.525,0.0
14713,5.46,0.0
14714,5.42,0.0
14715,5.385,0.0
14716,5.345,0.0
14717,5.31,0.0
14718,5.285,0.0
14719,5.275,0.0
14720,5.255,0.0
14721,5.235,0.0
14722,5.21,0.0
14723,5.22,0.0
14724,5.205,0.0
14725,5.2,0.0
14726,5.175,0.0
14727,5.175,0.0
14728,5.18,0.0
14729,5.18,0.0
14730,5.155,0.0
14731,5.18,0.0
14732,5.175,0.0
14733,5.185,0.0
14734,5.17,0.0
14735,5.16,0.0
14736,5.18,0.0
14737,5.185,0.0
14738,5.17,0.0
14739,5.155,0.0
14740,5.175,0.0
14741,5.18,0.0
14742,5.17,0.0
14743,5.165,0.0
14744,5.175,0.0
14745,5.175,0.0
14746,5.16,0.0
14747,5.155,0.0
14748,5.165,0.0
14749,5.165,0.0
14750,5.16,0.0
14751,5.15,0.0
14752,5.14,0.0
14753,5.145,0.0
14754,5.135,0.0
14755,5.115,0.0
14756,5.12,0.0
14757,5.125,0.0
14758,5.11,0.0
14759,5.09,0.0
14760,5.09,0.0
14761,5.09,0.0
14762,5.09,0.0
14763,5.075,0.0
14764,5.07,0.0
14765,5.075,0.0
14766,5.07,0.0
14767,5.055,0.0
14768,5.045,0.0
14769,5.055,0.0
14770,5.05,0.0
14771,5.04,0.0
14772,5.03,0.0
14773,5.035,0.0
14774,5.04,0.0
14775,5.03,0.0
14776,5.015,0.0
14777,5.025,0.0
14778,5.03,0.0
14779,5.025,0.0
14780,5.005,0.0
14781,5.01,0.0
14782,5.03,0.0
14783,5.015,0.0
14784,5.005,0.0
14785,5.01,0.0
14786,5.01,0.0
14787,5.01,0.0
14788,4.995,0.0
14789,4.99,0.0
14790,5.0,0.0
14791,4.995,0.0
14792,4.985,0.0
14793,4.98,0.0
14794,4.995,0.0
14795,4.995,0.0
14796,4.99,0.0
14797,4.975,0.0
14798,4.98,0.0
14799,4.99,0.0
14800,4.995,0.0
14801,4.965,0.0
14802,4.98,0.0
14803,4.985,0.0
14804,4.975,0.0
14805,4.965,0.0
14806,4.975,0.0
14807,5.005,0.0
14808,4.985,0.0
14809,4.98,0.0
14810,4.975,0.0
14811,4.985,0.0
14812,4.985,0.0
14813,4.97,0.0
14814,4.99,0.0
14815,5.0,0.0
14816,5.02,0.0
14817,5.045,0.0
14818,5.19,0.0
14819,5.625,0.0
14820,5.95,0.0
14821,5.715,0.0
14822,5.445,0.0
14823,5.365,0.0
14824,5.33,0.0
14825,5.31,0.0
14826,5.195,0.0
14827,5.09,0.0
14828,4.91,0.0
14829,4.63,0.0
14830,4.255,0.0
14831,3.895,0.0
14832,3.53,0.0
14833,3.18,0.0
14834,2.92,0.0
14835,2.73,0.0
14836,2.615,0.0
14837,2.49,0.0
14838,2.355,0.0
14839,2.255,0.0
14840,2.225,0.0
14841,2.19,0.0
14842,2.155,0.0
14843,2.14,0.0
14844,2.14,0.0
14845,2.135,0.0
14846,2.115,0.0
14847,2.125,0.0
14848,2.145,0.0
14849,2.175,0.0
14850,2.185,0.0
14851,2.295,0.0
14852,2.455,0.0
14853,2.64,0.0
14854,2.855,0.0
14855,3.15,0.0
14856,3.515,0.0
14857,3.87,0.0
14858,4.205,0.0
14859,4.515,0.0
14860,4.825,0.0
14861,5.085,0.0
14862,5.3,0.0
14863,5.485,0.0
14864,5.67,0.0
14865,5.795,0.0
14866,5.865,0.0
14867,5.91,0.0
14868,5.965,0.0
14869,6.01,0.0
14870,6.045,0.0
14871,6.06,0.0
14872,6.085,0.0
14873,6.12,0.0
14874,6.14,0.0
14875,6.145,0.0
14876,6.16,0.0
14877,6.19,0.0
14878,6.225,0.0
14879,6.24,0.0
14880,6.255,0.0
14881,6.31,0.0
14882,6.375,0.0
14883,6.405,0.0
14884,6.43,0.0
14885,6.475,0.0
14886,6.52,0.0
14887,6.555,0.0
14888,6.585,0.0
14889,6.63,0.0
14890,6.68,0.0
14891,6.72,0.0
14892,6.735,0.0
14893,6.765,0.0
14894,6.795,0.0
14895,6.83,0.0
14896,6.83,0.0
14897,6.83,0.0
14898,6.84,0.0
14899,6.85,0.0
14900,6.845,0.0
14901,6.79,0.0
14902,6.785,0.0
14903,6.735,0.0
14904,6.675,0.0
14905,6.6,0.0
14906,6.535,0.0
14907,6.47,0.0
14908,6.37,0.0
14909,6.28,0.0
14910,6.195,0.0
14911,6.12,0.0
14912,6.02,0.0
14913,5.92,0.0
14914,5.845,0.0
14915,5.78,0.0
14916,5.7,0.0
14917,5.62,0.0
14918,5.55,0.0
14919,5.505,0.0
14920,5.46,0.0
14921,5.405,0.0
14922,5.355,0.0
14923,5.33,0.0
14924,5.31,0.0
14925,5.3,0.0
14926,5.24,0.0
14927,5.23,0.0
14928,5.23,0.0
14929,5.205,0.0
14930,5.18,0.0
14931,5.185,0.0
14932,5.185,0.0
14933,5.175,0.0
14934,5.16,0.0
14935,5.17,0.0
14936,5.165,0.0
14937,5.17,0.0
14938,5.15,0.0
14939,5.155,0.0
14940,5.165,0.0
14941,5.17,0.0
14942,5.16,0.0
14943,5.16,0.0
14944,5.17,0.0
14945,5.18,0.0
14946,5.16,0.0
14947,5.16,0.0
14948,5.175,0.0
14949,5.175,0.0
14950,5.17,0.0
14951,5.15,0.0
14952,5.16,0.0
14953,5.16,0.0
14954,5.155,0.0
14955,5.135,0.0
14956,5.135,0.0
14957,5.155,0.0
14958,5.145,0.0
14959,5.125,0.0
14960,5.125,0.0
14961,5.125,0.0
14962,5.11,0.0
14963,5.1,0.0
14964,5.095,0.0
14965,5.105,0.0
14966,5.105,0.0
14967,5.09,0.0
14968,5.075,0.0
14969,5.085,0.0
14970,5.085,0.0
14971,5.07,0.0
14972,5.06,0.0
14973,5.06,0.0
14974,5.065,0.0
14975,5.06,0.0
14976,5.04,0.0
14977,5.045,0.0
14978,5.055,0.0
14979,5.04,0.0
14980,5.025,0.0
14981,5.03,0.0
14982,5.035,0.0
14983,5.02,0.0
14984,5.01,0.0
14985,5.025,0.0
14986,5.03,0.0
14987,5.02,0.0
14988,5.005,0.0
14989,5.005,0.0
14990,5.02,0.0
14991,5.01,0.0
14992,4.995,0.0
14993,4.995,0.0
14994,5.0,0.0
14995,5.01,0.0
14996,5.0,0.0
14997,4.995,0.0
14998,5.015,0.0
14999,5.015,0.0
15000,5.01,0.0
15001,5.0,0.0
15002,5.0,0.0
15003,5.0,0.0
15004,5.005,0.0
15005,4.995,0.0
15006,5.0,0.0
15007,5.01,0.0
15008,5.0,0.0
15009,4.995,0.0
15010,4.995,0.0
15011,5.0,0.0
15012,5.005,0.0
15013,4.99,0.0
15014,4.99,0.0
15015,5.0,0.0
15016,5.005,0.0
15017,4.99,0.0
15018,4.995,0.0
15019,5.015,0.0
15020,5.045,0.0
15021,5.115,0.0
15022,5.44,0.0
15023,5.88,0.0
15024,5.83,0.0
15025,5.725,0.0
15026,5.4,0.0
15027,5.37,0.0
15028,5.32,0.0
15029,5.275,0.0
15030,5.19,0.0
15031,5.065,0.0
15032,4.85,0.0
15033,4.555,0.0
15034,4.2,0.0
15035,3.845,0.0
15036,3.515,0.0
15037,3.235,0.0
15038,2.98,0.0
15039,2.785,0.0
15040,2.67,0.0
15041,2.525,0.0
15042,2.37,0.0
15043,2.275,0.0
15044,2.245,0.0
15045,2.215,0.0
15046,2.185,0.0
15047,2.15,0.0
15048,2.165,0.0
15049,2.16,0.0
15050,2.165,0.0
15051,2.15,0.0
15052,2.18,0.0
15053,2.215,0.0
15054,2.28,0.0
15055,2.395,0.0
15056,2.565,0.0
15057,2.755,0.0
15058,3.025,0.0
15059,3.34,0.0
15060,3.675,0.0
15061,3.995,0.0
15062,4.315,0.0
15063,4.61,0.0
15064,4.89,0.0
15065,5.13,0.0
15066,5.34,0.0
15067,5.52,0.0
15068,5.67,0.0
15069,5.785,0.0
15070,5.85,0.0
15071,5.895,0.0
15072,5.93,0.0
15073,5.995,0.0
15074,6.04,0.0
15075,6.05,0.0
15076,6.095,0.0
15077,6.145,0.0
15078,6.175,0.0
15079,6.19,0.0
15080,6.21,0.0
15081,6.25,0.0
15082,6.295,0.0
15083,6.315,0.0
15084,6.335,0.0
15085,6.38,0.0
15086,6.43,0.0
15087,6.465,0.0
15088,6.495,0.0
15089,6.54,0.0
15090,6.6,0.0
15091,6.64,0.0
15092,6.67,0.0
15093,6.71,0.0
15094,6.765,0.0
15095,6.805,0.0
15096,6.83,0.0
15097,6.865,0.0
15098,6.905,0.0
15099,6.935,0.0
15100,6.945,0.0
15101,6.955,0.0
15102,6.98,0.0
15103,6.995,0.0
15104,6.985,0.0
15105,6.955,0.0
15106,6.94,0.0
15107,6.91,0.0
15108,6.85,0.0
15109,6.785,0.0
15110,6.72,0.0
15111,6.655,0.0
15112,6.58,0.0
15113,6.48,0.0
15114,6.395,0.0
15115,6.31,0.0
15116,6.185,0.0
15117,6.05,0.0
15118,5.94,0.0
15119,5.85,0.0
15120,5.765,0.0
15121,5.66,0.0
15122,5.585,0.0
15123,5.54,0.0
15124,5.49,0.0
15125,5.465,0.0
15126,5.4,0.0
15127,5.37,0.0
15128,5.345,0.0
15129,5.31,0.0
15130,5.265,0.0
15131,5.26,0.0
15132,5.25,0.0
15133,5.23,0.0
15134,5.205,0.0
15135,5.21,0.0
15136,5.205,0.0
15137,5.205,0.0
15138,5.18,0.0
15139,5.185,0.0
15140,5.19,0.0
15141,5.195,0.0
15142,5.175,0.0
15143,5.17,0.0
15144,5.185,0.0
15145,5.19,0.0
15146,5.19,0.0
15147,5.18,0.0
15148,5.19,0.0
15149,5.205,0.0
15150,5.21,0.0
15151,5.19,0.0
15152,5.2,0.0
15153,5.21,0.0
15154,5.19,0.0
15155,5.18,0.0
15156,5.19,0.0
15157,5.19,0.0
15158,5.19,0.0
15159,5.16,0.0
15160,5.16,0.0
15161,5.165,0.0
15162,5.155,0.0
15163,5.14,0.0
15164,5.13,0.0
15165,5.145,0.0
15166,5.145,0.0
15167,5.125,0.0
15168,5.11,0.0
15169,5.115,0.0
15170,5.12,0.0
15171,5.095,0.0
15172,5.095,0.0
15173,5.095,0.0
15174,5.105,0.0
15175,5.1,0.0
15176,5.065,0.0
15177,5.085,0.0
15178,5.09,0.0
15179,5.07,0.0
15180,5.055,0.0
15181,5.07,0.0
15182,5.08,0.0
15183,5.07,0.0
15184,5.06,0.0
15185,5.055,0.0
15186,5.065,0.0
15187,5.065,0.0
15188,5.055,0.0
15189,5.05,0.0
15190,5.055,0.0
15191,5.06,0.0
15192,5.04,0.0
15193,5.04,0.0
15194,5.055,0.0
15195,5.055,0.0
15196,5.04,0.0
15197,5.03,0.0
15198,5.05,0.0
15199,5.05,0.0
15200,5.05,0.0
15201,5.04,0.0
15202,5.045,0.0
15203,5.05,0.0
15204,5.045,0.0
15205,5.04,0.0
15206,5.04,0.0
15207,5.05,0.0
15208,5.04,0.0
15209,5.035,0.0
15210,5.04,0.0
15211,5.045,0.0
15212,5.04,0.0
15213,5.03,0.0
15214,5.04,0.0
15215,5.045,0.0
15216,5.045,0.0
15217,5.045,0.0
15218,5.03,0.0
15219,5.045,0.0
15220,5.045,0.0
15221,5.045,0.0
15222,5.03,0.0
15223,5.05,0.0
15224,5.07,0.0
15225,5.08,0.0
15226,5.21,0.0
15227,5.61,0.0
15228,5.995,0.0
15229,5.875,0.0
15230,5.56,0.0
15231,5.465,0.0
15232,5.41,0.0
15233,5.345,0.0
15234,5.29,0.0
15235,5.205,0.0
15236,5.065,0.0
15237,4.85,0.0
15238,4.545,0.0
15239,4.215,0.0
15240,3.91,0.0
15241,3.55,0.0
15242,3.22,0.0
15243,2.99,0.0
15244,2.805,0.0
15245,2.675,0.0
15246,2.55,0.0
15247,2.435,0.0
15248,2.34,0.0
15249,2.28,0.0
15250,2.27,0.0
15251,2.205,0.0
15252,2.2,0.0
15253,2.2,0.0
15254,2.175,0.0
15255,2.155,0.0
15256,2.18,0.0
15257,2.2,0.0
15258,2.215,0.0
15259,2.245,0.0
15260,2.33,0.0
15261,2.465,0.0
15262,2.625,0.0
15263,2.825,0.0
15264,3.13,0.0
15265,3.46,0.0
15266,3.795,0.0
15267,4.095,0.0
15268,4.415,0.0
15269,4.72,0.0
15270,4.97,0.0
15271,5.18,0.0
15272,5.375,0.0
15273,5.56,0.0
15274,5.715,0.0
15275,5.76,0.0
15276,5.865,0.0
15277,5.925,0.0
15278,5.985,0.0
15279,6.03,0.0
15280,6.055,0.0
15281,6.1,0.0
15282,6.135,0.0
15283,6.17,0.0
15284,6.18,0.0
15285,6.23,0.0
15286,6.28,0.0
15287,6.315,0.0
15288,6.335,0.0
15289,6.38,0.0
15290,6.43,0.0
15291,6.465,0.0
15292,6.495,0.0
15293,6.535,0.0
15294,6.59,0.0
15295,6.635,0.0
15296,6.655,0.0
15297,6.695,0.0
15298,6.75,0.0
15299,6.795,0.0
15300,6.805,0.0
15301,6.855,0.0
15302,6.9,0.0
15303,6.93,0.0
15304,6.96,0.0
15305,6.965,0.0
15306,7.0,0.0
15307,7.015,0.0
15308,7.01,0.0
15309,6.99,0.0
15310,6.985,0.0
15311,6.97,0.0
15312,6.925,0.0
15313,6.87,0.0
15314,6.825,0.0
15315,6.765,0.0
15316,6.685,0.0
15317,6.59,0.0
15318,6.505,0.0
15319,6.42,0.0
15320,6.325,0.0
15321,6.225,0.0
15322,6.135,0.0
15323,6.035,0.0
15324,5.96,0.0
15325,5.93,0.0
15326,5.78,0.0
15327,5.715,0.0
15328,5.65,0.0
15329,5.585,0.0
15330,5.525,0.0
15331,5.485,0.0
15332,5.45,0.0
15333,5.405,0.0
15334,5.36,0.0
15335,5.345,0.0
15336,5.33,0.0
15337,5.31,0.0
15338,5.27,0.0
15339,5.265,0.0
15340,5.255,0.0
15341,5.235,0.0
15342,5.225,0.0
15343,5.215,0.0
15344,5.235,0.0
15345,5.22,0.0
15346,5.2,0.0
15347,5.195,0.0
15348,5.205,0.0
15349,5.21,0.0
15350,5.215,0.0
15351,5.2,0.0
15352,5.205,0.0
15353,5.21,0.0
15354,5.195,0.0
15355,5.18,0.0
15356,5.205,0.0
15357,5.215,0.0
15358,5.21,0.0
15359,5.195,0.0
15360,5.21,0.0
15361,5.22,0.0
15362,5.23,0.0
15363,5.23,0.0
15364,5.24,0.0
15365,5.255,0.0
15366,5.255,0.0
15367,5.255,0.0
15368,5.235,0.0
15369,5.25,0.0
15370,5.245,0.0
15371,5.235,0.0
15372,5.23,0.0
15373,5.235,0.0
15374,5.24,0.0
15375,5.24,0.0
15376,5.195,0.0
15377,5.18,0.0
15378,5.165,0.0
15379,5.155,0.0
15380,5.125,0.0
15381,5.12,0.0
15382,5.125,0.0
15383,5.105,0.0
15384,5.075,0.0
15385,5.085,0.0
15386,5.09,0.0
15387,5.11,0.0
15388,5.1,0.0
15389,5.09,0.0
15390,5.08,0.0
15391,5.09,0.0
15392,5.065,0.0
15393,5.065,0.0
15394,5.075,0.0
15395,5.075,0.0
15396,5.06,0.0
15397,5.05,0.0
15398,5.07,0.0
15399,5.07,0.0
15400,5.07,0.0
15401,5.055,0.0
15402,5.05,0.0
15403,5.07,0.0
15404,5.055,0.0
15405,5.035,0.0
15406,5.04,0.0
15407,5.06,0.0
15408,5.05,0.0
15409,5.025,0.0
15410,5.035,0.0
15411,5.045,0.0
15412,5.035,0.0
15413,5.03,0.0
15414,5.035,0.0
15415,5.035,0.0
15416,5.04,0.0
15417,5.025,0.0
15418,5.025,0.0
15419,5.025,0.0
15420,5.03,0.0
15421,5.035,0.0
15422,5.02,0.0
15423,5.04,0.0
15424,5.035,0.0
15425,5.035,0.0
15426,5.025,0.0
15427,5.035,0.0
15428,5.035,0.0
15429,5.035,0.0
15430,5.03,0.0
15431,5.04,0.0
15432,5.05,0.0
15433,5.045,0.0
15434,5.03,0.0
15435,5.045,0.0
15436,5.055,0.0
15437,5.06,0.0
15438,5.07,0.0
15439,5.16,0.0
15440,5.475,0.0
15441,5.965,0.0
15442,5.97,0.0
15443,5.645,0.0
15444,5.505,0.0
15445,5.445,0.0
15446,5.375,0.0
15447,5.32,0.0
15448,5.25,0.0
15449,5.115,0.0
15450,5.065,0.0
15451,4.57,0.0
15452,4.245,0.0
15453,3.895,0.0
15454,3.515,0.0
15455,3.16,0.0
15456,2.945,0.0
15457,2.785,0.0
15458,2.68,0.0
15459,2.58,0.0
15460,2.5,0.0
15461,2.41,0.0
15462,2.325,0.0
15463,2.27,0.0
15464,2.245,0.0
15465,2.245,0.0
15466,2.215,0.0
15467,2.195,0.0
15468,2.185,0.0
15469,2.2,0.0
15470,2.205,0.0
15471,2.225,0.0
15472,2.275,0.0
15473,2.375,0.0
15474,2.505,0.0
15475,2.55,0.0
15476,2.845,0.0
15477,3.09,0.0
15478,3.385,0.0
15479,3.685,0.0
15480,3.985,0.0
15481,4.285,0.0
15482,4.59,0.0
15483,4.855,0.0
15484,5.08,0.0
15485,5.295,0.0
15486,5.49,0.0
15487,5.66,0.0
15488,5.78,0.0
15489,5.865,0.0
15490,5.95,0.0
15491,6.01,0.0
15492,6.035,0.0
15493,6.095,0.0
15494,6.15,0.0
15495,6.195,0.0
15496,6.235,0.0
15497,6.28,0.0
15498,6.345,0.0
15499,6.395,0.0
15500,6.415,0.0
15501,6.485,0.0
15502,6.545,0.0
15503,6.585,0.0
15504,6.645,0.0
15505,6.685,0.0
15506,6.73,0.0
15507,6.785,0.0
15508,6.845,0.0
15509,6.87,0.0
15510,6.915,0.0
15511,6.97,0.0
15512,7.01,0.0
15513,7.03,0.0
15514,7.065,0.0
15515,7.1,0.0
15516,7.115,0.0
15517,7.115,0.0
15518,7.11,0.0
15519,7.1,0.0
15520,7.085,0.0
15521,7.045,0.0
15522,7.0,0.0
15523,6.955,0.0
15524,6.895,0.0
15525,6.875,0.0
15526,6.73,0.0
15527,6.645,0.0
15528,6.565,0.0
15529,6.47,0.0
15530,6.37,0.0
15531,6.29,0.0
15532,6.22,0.0
15533,6.12,0.0
15534,6.03,0.0
15535,5.955,0.0
15536,5.895,0.0
15537,5.82,0.0
15538,5.735,0.0
15539,5.68,0.0
15540,5.625,0.0
15541,5.58,0.0
15542,5.52,0.0
15543,5.475,0.0
15544,5.435,0.0
15545,5.41,0.0
15546,5.36,0.0
15547,5.34,0.0
15548,5.32,0.0
15549,5.3,0.0
15550,5.285,0.0
15551,5.245,0.0
15552,5.25,0.0
15553,5.24,0.0
15554,5.205,0.0
15555,5.2,0.0
15556,5.19,0.0
15557,5.2,0.0
15558,5.175,0.0
15559,5.155,0.0
15560,5.16,0.0
15561,5.165,0.0
15562,5.155,0.0
15563,5.145,0.0
15564,5.13,0.0
15565,5.145,0.0
15566,5.15,0.0
15567,5.135,0.0
15568,5.135,0.0
15569,5.14,0.0
15570,5.15,0.0
15571,5.14,0.0
15572,5.135,0.0
15573,5.135,0.0
15574,5.15,0.0
15575,5.145,0.0
15576,5.125,0.0
15577,5.135,0.0
15578,5.155,0.0
15579,5.14,0.0
15580,5.135,0.0
15581,5.145,0.0
15582,5.155,0.0
15583,5.145,0.0
15584,5.135,0.0
15585,5.14,0.0
15586,5.145,0.0
15587,5.15,0.0
15588,5.135,0.0
15589,5.135,0.0
15590,5.135,0.0
15591,5.135,0.0
15592,5.125,0.0
15593,5.115,0.0
15594,5.115,0.0
15595,5.12,0.0
15596,5.11,0.0
15597,5.1,0.0
15598,5.1,0.0
15599,5.105,0.0
15600,5.1,0.0
15601,5.075,0.0
15602,5.085,0.0
15603,5.09,0.0
15604,5.065,0.0
15605,5.065,0.0
15606,5.06,0.0
15607,5.075,0.0
15608,5.06,0.0
15609,5.055,0.0
15610,5.05,0.0
15611,5.06,0.0
15612,5.05,0.0
15613,5.035,0.0
15614,5.035,0.0
15615,5.055,0.0
15616,5.06,0.0
15617,5.06,0.0
15618,5.06,0.0
15619,5.085,0.0
15620,5.09,0.0
15621,5.085,0.0
15622,5.085,0.0
15623,5.105,0.0
15624,5.095,0.0
15625,5.09,0.0
15626,5.065,0.0
15627,5.08,0.0
15628,5.085,0.0
15629,5.07,0.0
15630,5.055,0.0
15631,5.05,0.0
15632,5.05,0.0
15633,5.02,0.0
15634,5.0,0.0
15635,4.995,0.0
15636,4.995,0.0
15637,4.995,0.0
15638,4.97,0.0
15639,4.97,0.0
15640,4.985,0.0
15641,4.985,0.0
15642,4.99,0.0
15643,5.0,0.0
15644,5.01,0.0
15645,5.0,0.0
15646,4.995,0.0
15647,4.99,0.0
15648,5.015,0.0
15649,5.01,0.0
15650,5.015,0.0
15651,5.09,0.0
15652,5.32,0.0
15653,5.79,0.0
15654,5.93,0.0
15655,5.62,0.0
15656,5.445,0.0
15657,5.39,0.0
15658,5.345,0.0
15659,5.29,0.0
15660,5.25,0.0
15661,5.125,0.0
15662,4.93,0.0
15663,4.68,0.0
15664,4.405,0.0
15665,4.135,0.0
15666,3.84,0.0
15667,3.565,0.0
15668,3.36,0.0
15669,3.235,0.0
15670,3.11,0.0
15671,2.97,0.0
15672,2.8,0.0
15673,2.65,0.0
15674,2.525,0.0
15675,2.485,0.0
15676,2.375,0.0
15677,2.34,0.0
15678,2.285,0.0
15679,2.25,0.0
15680,2.215,0.0
15681,2.21,0.0
15682,2.215,0.0
15683,2.21,0.0
15684,2.225,0.0
15685,2.325,0.0
15686,2.45,0.0
15687,2.605,0.0
15688,2.78,0.0
15689,3.02,0.0
15690,3.345,0.0
15691,3.69,0.0
15692,3.995,0.0
15693,4.31,0.0
15694,4.605,0.0
15695,4.88,0.0
15696,5.1,0.0
15697,5.295,0.0
15698,5.485,0.0
15699,5.64,0.0
15700,5.68,0.0
15701,5.83,0.0
15702,5.9,0.0
15703,5.945,0.0
15704,5.99,0.0
15705,6.025,0.0
15706,6.095,0.0
15707,6.135,0.0
15708,6.165,0.0
15709,6.195,0.0
15710,6.255,0.0
15711,6.31,0.0
15712,6.35,0.0
15713,6.385,0.0
15714,6.435,0.0
15715,6.5,0.0
15716,6.55,0.0
15717,6.58,0.0
15718,6.64,0.0
15719,6.695,0.0
15720,6.74,0.0
15721,6.785,0.0
15722,6.83,0.0
15723,6.89,0.0
15724,6.935,0.0
15725,6.95,0.0
15726,7.005,0.0
15727,7.045,0.0
15728,7.075,0.0
15729,7.08,0.0
15730,7.085,0.0
15731,7.1,0.0
15732,7.095,0.0
15733,7.075,0.0
15734,7.04,0.0
15735,7.005,0.0
15736,6.965,0.0
15737,6.915,0.0
15738,6.845,0.0
15739,6.78,0.0
15740,6.715,0.0
15741,6.63,0.0
15742,6.535,0.0
15743,6.445,0.0
15744,6.37,0.0
15745,6.29,0.0
15746,6.19,0.0
15747,6.1,0.0
15748,6.045,0.0
15749,5.96,0.0
15750,5.935,0.0
15751,5.79,0.0
15752,5.725,0.0
15753,5.675,0.0
15754,5.605,0.0
15755,5.55,0.0
15756,5.515,0.0
15757,5.47,0.0
15758,5.435,0.0
15759,5.39,0.0
15760,5.365,0.0
15761,5.35,0.0
15762,5.32,0.0
15763,5.29,0.0
15764,5.265,0.0
15765,5.27,0.0
15766,5.245,0.0
15767,5.225,0.0
15768,5.215,0.0
15769,5.22,0.0
15770,5.215,0.0
15771,5.19,0.0
15772,5.18,0.0
15773,5.19,0.0
15774,5.185,0.0
15775,5.185,0.0
15776,5.16,0.0
15777,5.165,0.0
15778,5.17,0.0
15779,5.16,0.0
15780,5.155,0.0
15781,5.155,0.0
15782,5.165,0.0
15783,5.16,0.0
15784,5.155,0.0
15785,5.16,0.0
15786,5.17,0.0
15787,5.175,0.0
15788,5.16,0.0
15789,5.17,0.0
15790,5.19,0.0
15791,5.185,0.0
15792,5.175,0.0
15793,5.17,0.0
15794,5.19,0.0
15795,5.185,0.0
15796,5.185,0.0
15797,5.17,0.0
15798,5.18,0.0
15799,5.2,0.0
15800,5.2,0.0
15801,5.165,0.0
15802,5.175,0.0
15803,5.17,0.0
15804,5.17,0.0
15805,5.15,0.0
15806,5.155,0.0
15807,5.165,0.0
15808,5.15,0.0
15809,5.135,0.0
15810,5.135,0.0
15811,5.15,0.0
15812,5.14,0.0
15813,5.125,0.0
15814,5.12,0.0
15815,5.13,0.0
15816,5.125,0.0
15817,5.105,0.0
15818,5.09,0.0
15819,5.105,0.0
15820,5.095,0.0
15821,5.08,0.0
15822,5.085,0.0
15823,5.1,0.0
15824,5.1,0.0
15825,5.09,0.0
15826,5.07,0.0
15827,5.075,0.0
15828,5.09,0.0
15829,5.065,0.0
15830,5.06,0.0
15831,5.065,0.0
15832,5.08,0.0
15833,5.065,0.0
15834,5.045,0.0
15835,5.065,0.0
15836,5.06,0.0
15837,5.065,0.0
15838,5.05,0.0
15839,5.045,0.0
15840,5.06,0.0
15841,5.065,0.0
15842,5.05,0.0
15843,5.05,0.0
15844,5.055,0.0
15845,5.06,0.0
15846,5.045,0.0
15847,5.035,0.0
15848,5.06,0.0
15849,5.065,0.0
15850,5.06,0.0
15851,5.04,0.0
15852,5.05,0.0
15853,5.07,0.0
15854,5.05,0.0
15855,5.045,0.0
15856,5.05,0.0
15857,5.055,0.0
15858,5.05,0.0
15859,5.04,0.0
15860,5.06,0.0
15861,5.1,0.0
15862,5.17,0.0
15863,5.44,0.0
15864,5.905,0.0
15865,5.85,0.0
15866,5.54,0.0
15867,5.44,0.0
15868,5.41,0.0
15869,5.38,0.0
15870,5.335,0.0
15871,5.23,0.0
15872,5.075,0.0
15873,4.865,0.0
15874,4.575,0.0
15875,4.48,0.0
15876,3.87,0.0
15877,3.515,0.0
15878,3.22,0.0
15879,2.945,0.0
15880,2.75,0.0
15881,2.63,0.0
15882,2.49,0.0
15883,2.36,0.0
15884,2.275,0.0
15885,2.245,0.0
15886,2.23,0.0
15887,2.215,0.0
15888,2.185,0.0
15889,2.19,0.0
15890,2.2,0.0
15891,2.205,0.0
15892,2.2,0.0
15893,2.23,0.0
15894,2.3,0.0
15895,2.425,0.0
15896,2.585,0.0
15897,2.805,0.0
15898,3.12,0.0
15899,3.475,0.0
15900,3.585,0.0
15901,4.13,0.0
15902,4.465,0.0
15903,4.775,0.0
15904,5.02,0.0
15905,5.25,0.0
15906,5.46,0.0
15907,5.645,0.0
15908,5.745,0.0
15909,5.8,0.0
15910,5.88,0.0
15911,5.935,0.0
15912,5.98,0.0
15913,6.005,0.0
15914,6.05,0.0
15915,6.095,0.0
15916,6.13,0.0
15917,6.15,0.0
15918,6.18,0.0
15919,6.235,0.0
15920,6.265,0.0
15921,6.29,0.0
15922,6.335,0.0
15923,6.37,0.0
15924,6.425,0.0
15925,6.435,0.0
15926,6.485,0.0
15927,6.54,0.0
15928,6.59,0.0
15929,6.62,0.0
15930,6.655,0.0
15931,6.705,0.0
15932,6.755,0.0
15933,6.785,0.0
15934,6.82,0.0
15935,6.865,0.0
15936,6.91,0.0
15937,6.935,0.0
15938,6.945,0.0
15939,6.955,0.0
15940,6.975,0.0
15941,6.975,0.0
15942,6.96,0.0
15943,6.93,0.0
15944,6.9,0.0
15945,6.85,0.0
15946,6.785,0.0
15947,6.72,0.0
15948,6.655,0.0
15949,6.565,0.0
15950,6.545,0.0
15951,6.37,0.0
15952,6.285,0.0
15953,6.195,0.0
15954,6.095,0.0
15955,5.99,0.0
15956,5.915,0.0
15957,5.845,0.0
15958,5.76,0.0
15959,5.685,0.0
15960,5.635,0.0
15961,5.585,0.0
15962,5.535,0.0
15963,5.475,0.0
15964,5.45,0.0
15965,5.415,0.0
15966,5.385,0.0
15967,5.355,0.0
15968,5.335,0.0
15969,5.33,0.0
15970,5.32,0.0
15971,5.28,0.0
15972,5.28,0.0
15973,5.285,0.0
15974,5.275,0.0
15975,5.265,0.0
15976,5.25,0.0
15977,5.245,0.0
15978,5.26,0.0
15979,5.25,0.0
15980,5.24,0.0
15981,5.255,0.0
15982,5.27,0.0
15983,5.25,0.0
15984,5.24,0.0
15985,5.25,0.0
15986,5.27,0.0
15987,5.27,0.0
15988,5.25,0.0
15989,5.255,0.0
15990,5.265,0.0
15991,5.27,0.0
15992,5.25,0.0
15993,5.24,0.0
15994,5.26,0.0
15995,5.25,0.0
15996,5.24,0.0
15997,5.24,0.0
15998,5.245,0.0
15999,5.24,0.0
16000,5.25,0.0
16001,5.215,0.0
16002,5.225,0.0
16003,5.22,0.0
16004,5.205,0.0
16005,5.195,0.0
16006,5.195,0.0
16007,5.18,0.0
16008,5.18,0.0
16009,5.17,0.0
16010,5.165,0.0
16011,5.17,0.0
16012,5.17,0.0
16013,5.155,0.0
16014,5.155,0.0
16015,5.16,0.0
16016,5.155,0.0
16017,5.14,0.0
16018,5.135,0.0
16019,5.15,0.0
16020,5.135,0.0
16021,5.125,0.0
16022,5.12,0.0
16023,5.12,0.0
16024,5.13,0.0
16025,5.125,0.0
16026,5.115,0.0
16027,5.12,0.0
16028,5.12,0.0
16029,5.115,0.0
16030,5.1,0.0
16031,5.11,0.0
16032,5.11,0.0
16033,5.105,0.0
16034,5.095,0.0
16035,5.09,0.0
16036,5.1,0.0
16037,5.105,0.0
16038,5.09,0.0
16039,5.09,0.0
16040,5.105,0.0
16041,5.095,0.0
16042,5.09,0.0
16043,5.075,0.0
16044,5.085,0.0
16045,5.095,0.0
16046,5.08,0.0
16047,5.07,0.0
16048,5.09,0.0
16049,5.08,0.0
16050,5.085,0.0
16051,5.075,0.0
16052,5.075,0.0
16053,5.09,0.0
16054,5.08,0.0
16055,5.06,0.0
16056,5.075,0.0
16057,5.085,0.0
16058,5.075,0.0
16059,5.085,0.0
16060,5.1,0.0
16061,5.14,0.0
16062,5.265,0.0
16063,5.705,0.0
16064,6.01,0.0
16065,5.74,0.0
16066,5.475,0.0
16067,5.435,0.0
16068,5.385,0.0
16069,5.335,0.0
16070,5.24,0.0
16071,5.08,0.0
16072,4.825,0.0
16073,4.505,0.0
16074,4.13,0.0
16075,4.01,0.0
16076,3.365,0.0
16077,3.08,0.0
16078,2.855,0.0
16079,2.67,0.0
16080,2.54,0.0
16081,2.435,0.0
16082,2.33,0.0
16083,2.27,0.0
16084,2.235,0.0
16085,2.22,0.0
16086,2.21,0.0
16087,2.2,0.0
16088,2.19,0.0
16089,2.19,0.0
16090,2.21,0.0
16091,2.24,0.0
16092,2.28,0.0
16093,2.385,0.0
16094,2.575,0.0
16095,2.8,0.0
16096,3.075,0.0
16097,3.44,0.0
16098,3.835,0.0
16099,4.185,0.0
16100,4.295,0.0
16101,4.84,0.0
16102,5.1,0.0
16103,5.32,0.0
16104,5.51,0.0
16105,5.685,0.0
16106,5.81,0.0
16107,5.875,0.0
16108,5.91,0.0
16109,5.945,0.0
16110,5.99,0.0
16111,6.045,0.0
16112,6.085,0.0
16113,6.125,0.0
16114,6.17,0.0
16115,6.2,0.0
16116,6.235,0.0
16117,6.245,0.0
16118,6.29,0.0
16119,6.325,0.0
16120,6.355,0.0
16121,6.37,0.0
16122,6.41,0.0
16123,6.455,0.0
16124,6.495,0.0
16125,6.5,0.0
16126,6.55,0.0
16127,6.6,0.0
16128,6.64,0.0
16129,6.665,0.0
16130,6.695,0.0
16131,6.755,0.0
16132,6.795,0.0
16133,6.82,0.0
16134,6.845,0.0
16135,6.89,0.0
16136,6.91,0.0
16137,6.92,0.0
16138,6.915,0.0
16139,6.92,0.0
16140,6.915,0.0
16141,6.895,0.0
16142,6.845,0.0
16143,6.795,0.0
16144,6.745,0.0
16145,6.675,0.0
16146,6.585,0.0
16147,6.49,0.0
16148,6.41,0.0
16149,6.325,0.0
16150,6.29,0.0
16151,6.11,0.0
16152,6.02,0.0
16153,5.93,0.0
16154,5.84,0.0
16155,5.74,0.0
16156,5.675,0.0
16157,5.635,0.0
16158,5.56,0.0
16159,5.5,0.0
16160,5.46,0.0
16161,5.435,0.0
16162,5.395,0.0
16163,5.35,0.0
16164,5.33,0.0
16165,5.325,0.0
16166,5.305,0.0
16167,5.285,0.0
16168,5.27,0.0
16169,5.28,0.0
16170,5.26,0.0
16171,5.24,0.0
16172,5.24,0.0
16173,5.245,0.0
16174,5.245,0.0
16175,5.235,0.0
16176,5.23,0.0
16177,5.245,0.0
16178,5.245,0.0
16179,5.235,0.0
16180,5.23,0.0
16181,5.24,0.0
16182,5.25,0.0
16183,5.24,0.0
16184,5.23,0.0
16185,5.235,0.0
16186,5.24,0.0
16187,5.24,0.0
16188,5.23,0.0
16189,5.225,0.0
16190,5.235,0.0
16191,5.23,0.0
16192,5.215,0.0
16193,5.205,0.0
16194,5.22,0.0
16195,5.215,0.0
16196,5.2,0.0
16197,5.19,0.0
16198,5.195,0.0
16199,5.19,0.0
16200,5.18,0.0
16201,5.17,0.0
16202,5.165,0.0
16203,5.17,0.0
16204,5.155,0.0
16205,5.14,0.0
16206,5.145,0.0
16207,5.145,0.0
16208,5.135,0.0
16209,5.125,0.0
16210,5.12,0.0
16211,5.13,0.0
16212,5.125,0.0
16213,5.095,0.0
16214,5.1,0.0
16215,5.105,0.0
16216,5.1,0.0
16217,5.085,0.0
16218,5.08,0.0
16219,5.09,0.0
16220,5.095,0.0
16221,5.085,0.0
16222,5.075,0.0
16223,5.09,0.0
16224,5.085,0.0
16225,5.08,0.0
16226,5.07,0.0
16227,5.08,0.0
16228,5.08,0.0
16229,5.075,0.0
16230,5.065,0.0
16231,5.075,0.0
16232,5.075,0.0
16233,5.065,0.0
16234,5.055,0.0
16235,5.07,0.0
16236,5.075,0.0
16237,5.075,0.0
16238,5.055,0.0
16239,5.055,0.0
16240,5.07,0.0
16241,5.075,0.0
16242,5.06,0.0
16243,5.055,0.0
16244,5.07,0.0
16245,5.06,0.0
16246,5.055,0.0
16247,5.06,0.0
16248,5.055,0.0
16249,5.07,0.0
16250,5.065,0.0
16251,5.05,0.0
16252,5.065,0.0
16253,5.07,0.0
16254,5.065,0.0
16255,5.08,0.0
16256,5.135,0.0
16257,5.26,0.0
16258,5.66,0.0
16259,6.03,0.0
16260,5.855,0.0
16261,5.58,0.0
16262,5.48,0.0
16263,5.42,0.0
16264,5.375,0.0
16265,5.325,0.0
16266,5.225,0.0
16267,5.025,0.0
16268,4.79,0.0
16269,4.48,0.0
16270,4.135,0.0
16271,3.75,0.0
16272,3.405,0.0
16273,3.15,0.0
16274,2.915,0.0
16275,2.85,0.0
16276,2.62,0.0
16277,2.5,0.0
16278,2.37,0.0
16279,2.295,0.0
16280,2.255,0.0
16281,2.23,0.0
16282,2.22,0.0
16283,2.205,0.0
16284,2.185,0.0
16285,2.19,0.0
16286,2.205,0.0
16287,2.21,0.0
16288,2.23,0.0
16289,2.305,0.0
16290,2.415,0.0
16291,2.575,0.0
16292,2.77,0.0
16293,3.025,0.0
16294,3.355,0.0
16295,3.69,0.0
16296,4.005,0.0
16297,4.315,0.0
16298,4.645,0.0
16299,4.925,0.0
16300,5.005,0.0
16301,5.36,0.0
16302,5.565,0.0
16303,5.72,0.0
16304,5.805,0.0
16305,5.87,0.0
16306,5.93,0.0
16307,5.99,0.0
16308,6.025,0.0
16309,6.065,0.0
16310,6.105,0.0
16311,6.15,0.0
16312,6.17,0.0
16313,6.195,0.0
16314,6.235,0.0
16315,6.285,0.0
16316,6.31,0.0
16317,6.34,0.0
16318,6.385,0.0
16319,6.43,0.0
16320,6.475,0.0
16321,6.51,0.0
16322,6.54,0.0
16323,6.585,0.0
16324,6.635,0.0
16325,6.65,0.0
16326,6.695,0.0
16327,6.735,0.0
16328,6.77,0.0
16329,6.79,0.0
16330,6.81,0.0
16331,6.84,0.0
16332,6.88,0.0
16333,6.89,0.0
16334,6.895,0.0
16335,6.92,0.0
16336,6.93,0.0
16337,6.925,0.0
16338,6.925,0.0
16339,6.935,0.0
16340,6.925,0.0
16341,6.89,0.0
16342,6.83,0.0
16343,6.78,0.0
16344,6.735,0.0
16345,6.67,0.0
16346,6.595,0.0
16347,6.525,0.0
16348,6.45,0.0
16349,6.37,0.0
16350,6.335,0.0
16351,6.16,0.0
16352,6.08,0.0
16353,6.005,0.0
16354,5.92,0.0
16355,5.83,0.0
16356,5.765,0.0
16357,5.695,0.0
16358,5.62,0.0
16359,5.555,0.0
16360,5.51,0.0
16361,5.47,0.0
16362,5.425,0.0
16363,5.375,0.0
16364,5.34,0.0
16365,5.34,0.0
16366,5.305,0.0
16367,5.275,0.0
16368,5.26,0.0
16369,5.265,0.0
16370,5.245,0.0
16371,5.23,0.0
16372,5.22,0.0
16373,5.24,0.0
16374,5.235,0.0
16375,5.23,0.0
16376,5.215,0.0
16377,5.23,0.0
16378,5.235,0.0
16379,5.225,0.0
16380,5.21,0.0
16381,5.235,0.0
16382,5.235,0.0
16383,5.225,0.0
16384,5.22,0.0
16385,5.22,0.0
16386,5.23,0.0
16387,5.23,0.0
16388,5.225,0.0
16389,5.235,0.0
16390,5.24,0.0
16391,5.23,0.0
16392,5.23,0.0
16393,5.22,0.0
16394,5.235,0.0
16395,5.23,0.0
16396,5.21,0.0
16397,5.21,0.0
16398,5.215,0.0
16399,5.21,0.0
16400,5.21,0.0
16401,5.195,0.0
16402,5.185,0.0
16403,5.195,0.0
16404,5.18,0.0
16405,5.17,0.0
16406,5.165,0.0
16407,5.16,0.0
16408,5.15,0.0
16409,5.14,0.0
16410,5.13,0.0
16411,5.13,0.0
16412,5.135,0.0
16413,5.12,0.0
16414,5.115,0.0
16415,5.12,0.0
16416,5.125,0.0
16417,5.095,0.0
16418,5.09,0.0
16419,5.115,0.0
16420,5.1,0.0
16421,5.085,0.0
16422,5.085,0.0
16423,5.075,0.0
16424,5.09,0.0
16425,5.085,0.0
16426,5.06,0.0
16427,5.07,0.0
16428,5.08,0.0
16429,5.06,0.0
16430,5.055,0.0
16431,5.06,0.0
16432,5.055,0.0
16433,5.06,0.0
16434,5.045,0.0
16435,5.04,0.0
16436,5.055,0.0
16437,5.05,0.0
16438,5.04,0.0
16439,5.05,0.0
16440,5.055,0.0
16441,5.045,0.0
16442,5.03,0.0
16443,5.04,0.0
16444,5.05,0.0
16445,5.045,0.0
16446,5.035,0.0
16447,5.035,0.0
16448,5.045,0.0
16449,5.04,0.0
16450,5.04,0.0
16451,5.03,0.0
16452,5.045,0.0
16453,5.05,0.0
16454,5.04,0.0
16455,5.025,0.0
16456,5.04,0.0
16457,5.04,0.0
16458,5.035,0.0
16459,5.015,0.0
16460,5.04,0.0
16461,5.04,0.0
16462,5.045,0.0
16463,5.04,0.0
16464,5.05,0.0
16465,5.1,0.0
16466,5.225,0.0
16467,5.62,0.0
16468,5.935,0.0
16469,5.72,0.0
16470,5.475,0.0
16471,5.365,0.0
16472,5.29,0.0
16473,5.21,0.0
16474,5.075,0.0
16475,5.02,0.0
16476,4.65,0.0
16477,4.405,0.0
16478,4.135,0.0
16479,3.89,0.0
16480,3.68,0.0
16481,3.52,0.0
16482,3.325,0.0
16483,3.05,0.0
16484,2.775,0.0
16485,2.6,0.0
16486,2.485,0.0
16487,2.36,0.0
16488,2.255,0.0
16489,2.205,0.0
16490,2.19,0.0
16491,2.17,0.0
16492,2.155,0.0
16493,2.145,0.0
16494,2.165,0.0
16495,2.175,0.0
16496,2.175,0.0
16497,2.23,0.0
16498,2.335,0.0
16499,2.5,0.0
16500,2.555,0.0
16501,2.96,0.0
16502,3.255,0.0
16503,3.59,0.0
16504,3.93,0.0
16505,4.265,0.0
16506,4.57,0.0
16507,4.87,0.0
16508,5.11,0.0
16509,5.315,0.0
16510,5.53,0.0
16511,5.68,0.0
16512,5.76,0.0
16513,5.815,0.0
16514,5.89,0.0
16515,5.94,0.0
16516,5.98,0.0
16517,6.0,0.0
16518,6.05,0.0
16519,6.09,0.0
16520,6.115,0.0
16521,6.14,0.0
16522,6.175,0.0
16523,6.21,0.0
16524,6.245,0.0
16525,6.255,0.0
16526,6.305,0.0
16527,6.36,0.0
16528,6.385,0.0
16529,6.405,0.0
16530,6.445,0.0
16531,6.5,0.0
16532,6.535,0.0
16533,6.575,0.0
16534,6.6,0.0
16535,6.65,0.0
16536,6.695,0.0
16537,6.72,0.0
16538,6.745,0.0
16539,6.79,0.0
16540,6.825,0.0
16541,6.855,0.0
16542,6.85,0.0
16543,6.875,0.0
16544,6.89,0.0
16545,6.895,0.0
16546,6.87,0.0
16547,6.85,0.0
16548,6.825,0.0
16549,6.795,0.0
16550,6.775,0.0
16551,6.69,0.0
16552,6.635,0.0
16553,6.57,0.0
16554,6.475,0.0
16555,6.375,0.0
16556,6.305,0.0
16557,6.215,0.0
16558,6.125,0.0
16559,6.01,0.0
16560,5.935,0.0
16561,5.855,0.0
16562,5.76,0.0
16563,5.66,0.0
16564,5.59,0.0
16565,5.53,0.0
16566,5.47,0.0
16567,5.405,0.0
16568,5.36,0.0
16569,5.335,0.0
16570,5.3,0.0
16571,5.255,0.0
16572,5.235,0.0
16573,5.245,0.0
16574,5.25,0.0
16575,5.245,0.0
16576,5.2,0.0
16577,5.21,0.0
16578,5.195,0.0
16579,5.18,0.0
16580,5.185,0.0
16581,5.18,0.0
16582,5.185,0.0
16583,5.185,0.0
16584,5.175,0.0
16585,5.18,0.0
16586,5.19,0.0
16587,5.19,0.0
16588,5.18,0.0
16589,5.185,0.0
16590,5.19,0.0
16591,5.2,0.0
16592,5.18,0.0
16593,5.175,0.0
16594,5.18,0.0
16595,5.175,0.0
16596,5.17,0.0
16597,5.17,0.0
16598,5.185,0.0
16599,5.18,0.0
16600,5.165,0.0
16601,5.145,0.0
16602,5.155,0.0
16603,5.16,0.0
16604,5.14,0.0
16605,5.115,0.0
16606,5.13,0.0
16607,5.13,0.0
16608,5.115,0.0
16609,5.105,0.0
16610,5.115,0.0
16611,5.115,0.0
16612,5.11,0.0
16613,5.085,0.0
16614,5.1,0.0
16615,5.095,0.0
16616,5.09,0.0
16617,5.065,0.0
16618,5.075,0.0
16619,5.075,0.0
16620,5.075,0.0
16621,5.07,0.0
16622,5.05,0.0
16623,5.07,0.0
16624,5.065,0.0
16625,5.06,0.0
16626,5.045,0.0
16627,5.06,0.0
16628,5.05,0.0
16629,5.045,0.0
16630,5.025,0.0
16631,5.05,0.0
16632,5.045,0.0
16633,5.04,0.0
16634,5.025,0.0
16635,5.035,0.0
16636,5.045,0.0
16637,5.05,0.0
16638,5.035,0.0
16639,5.035,0.0
16640,5.045,0.0
16641,5.035,0.0
16642,5.03,0.0
16643,5.025,0.0
16644,5.035,0.0
16645,5.04,0.0
16646,5.025,0.0
16647,5.035,0.0
16648,5.04,0.0
16649,5.035,0.0
16650,5.035,0.0
16651,5.02,0.0
16652,5.04,0.0
16653,5.035,0.0
16654,5.03,0.0
16655,5.025,0.0
16656,5.025,0.0
16657,5.03,0.0
16658,5.04,0.0
16659,5.02,0.0
16660,5.025,0.0
16661,5.04,0.0
16662,5.03,0.0
16663,5.03,0.0
16664,5.02,0.0
16665,5.035,0.0
16666,5.035,0.0
16667,5.015,0.0
16668,5.02,0.0
16669,5.03,0.0
16670,5.04,0.0
16671,5.03,0.0
16672,5.07,0.0
16673,5.175,0.0
16674,5.56,0.0
16675,5.72,0.0
16676,5.775,0.0
16677,5.505,0.0
16678,5.42,0.0
16679,5.37,0.0
16680,5.315,0.0
16681,5.265,0.0
16682,5.205,0.0
16683,5.03,0.0
16684,4.8,0.0
16685,4.53,0.0
16686,4.235,0.0
16687,3.885,0.0
16688,3.515,0.0
16689,3.19,0.0
16690,2.96,0.0
16691,2.745,0.0
16692,2.595,0.0
16693,2.49,0.0
16694,2.38,0.0
16695,2.27,0.0
16696,2.21,0.0
16697,2.175,0.0
16698,2.17,0.0
16699,2.155,0.0
16700,2.15,0.0
16701,2.12,0.0
16702,2.14,0.0
16703,2.14,0.0
16704,2.155,0.0
16705,2.17,0.0
16706,2.25,0.0
16707,2.38,0.0
16708,2.54,0.0
16709,2.715,0.0
16710,2.995,0.0
16711,3.305,0.0
16712,3.635,0.0
16713,3.94,0.0
16714,4.265,0.0
16715,4.58,0.0
16716,4.86,0.0
16717,5.08,0.0
16718,5.31,0.0
16719,5.505,0.0
16720,5.66,0.0
16721,5.77,0.0
16722,5.855,0.0
16723,5.915,0.0
16724,5.965,0.0
16725,5.98,0.0
16726,6.04,0.0
16727,6.085,0.0
16728,6.135,0.0
16729,6.16,0.0
16730,6.185,0.0
16731,6.22,0.0
16732,6.26,0.0
16733,6.285,0.0
16734,6.325,0.0
16735,6.365,0.0
16736,6.405,0.0
16737,6.435,0.0
16738,6.47,0.0
16739,6.52,0.0
16740,6.56,0.0
16741,6.605,0.0
16742,6.63,0.0
16743,6.68,0.0
16744,6.73,0.0
16745,6.775,0.0
16746,6.8,0.0
16747,6.84,0.0
16748,6.9,0.0
16749,6.925,0.0
16750,6.935,0.0
16751,6.97,0.0
16752,7.005,0.0
16753,7.02,0.0
16754,7.015,0.0
16755,6.995,0.0
16756,7.0,0.0
16757,6.96,0.0
16758,6.915,0.0
16759,6.85,0.0
16760,6.81,0.0
16761,6.75,0.0
16762,6.66,0.0
16763,6.565,0.0
16764,6.495,0.0
16765,6.415,0.0
16766,6.315,0.0
16767,6.2,0.0
16768,6.105,0.0
16769,6.035,0.0
16770,5.945,0.0
16771,5.85,0.0
16772,5.775,0.0
16773,5.73,0.0
16774,5.65,0.0
16775,5.63,0.0
16776,5.515,0.0
16777,5.475,0.0
16778,5.43,0.0
16779,5.38,0.0
16780,5.345,0.0
16781,5.325,0.0
16782,5.3,0.0
16783,5.27,0.0
16784,5.245,0.0
16785,5.23,0.0
16786,5.225,0.0
16787,5.2,0.0
16788,5.195,0.0
16789,5.2,0.0
16790,5.205,0.0
16791,5.18,0.0
16792,5.165,0.0
16793,5.17,0.0
16794,5.185,0.0
16795,5.175,0.0
16796,5.175,0.0
16797,5.165,0.0
16798,5.185,0.0
16799,5.18,0.0
16800,5.18,0.0
16801,5.17,0.0
16802,5.185,0.0
16803,5.18,0.0
16804,5.16,0.0
16805,5.165,0.0
16806,5.18,0.0
16807,5.19,0.0
16808,5.2,0.0
16809,5.2,0.0
16810,5.215,0.0
16811,5.225,0.0
16812,5.22,0.0
16813,5.21,0.0
16814,5.2,0.0
16815,5.215,0.0
16816,5.22,0.0
16817,5.19,0.0
16818,5.195,0.0
16819,5.2,0.0
16820,5.19,0.0
16821,5.16,0.0
16822,5.14,0.0
16823,5.13,0.0
16824,5.115,0.0
16825,5.105,0.0
16826,5.07,0.0
16827,5.075,0.0
16828,5.065,0.0
16829,5.05,0.0
16830,5.04,0.0
16831,5.065,0.0
16832,5.075,0.0
16833,5.05,0.0
16834,5.04,0.0
16835,5.04,0.0
16836,5.05,0.0
16837,5.04,0.0
16838,5.03,0.0
16839,5.025,0.0
16840,5.04,0.0
16841,5.025,0.0
16842,5.01,0.0
16843,5.02,0.0
16844,5.02,0.0
16845,5.03,0.0
16846,5.01,0.0
16847,5.01,0.0
16848,5.015,0.0
16849,5.02,0.0
16850,5.015,0.0
16851,4.995,0.0
16852,5.01,0.0
16853,5.015,0.0
16854,5.0,0.0
16855,5.0,0.0
16856,4.995,0.0
16857,5.005,0.0
16858,5.005,0.0
16859,4.995,0.0
16860,5.0,0.0
16861,5.005,0.0
16862,4.995,0.0
16863,4.995,0.0
16864,4.99,0.0
16865,5.005,0.0
16866,5.005,0.0
16867,5.0,0.0
16868,4.99,0.0
16869,5.01,0.0
16870,5.005,0.0
16871,5.005,0.0
16872,4.995,0.0
16873,5.0,0.0
16874,5.01,0.0
16875,5.005,0.0
16876,5.0,0.0
16877,5.01,0.0
16878,5.01,0.0
16879,5.02,0.0
16880,5.02,0.0
16881,5.04,0.0
16882,5.08,0.0
16883,5.185,0.0
16884,5.515,0.0
16885,5.955,0.0
16886,5.885,0.0
16887,5.575,0.0
16888,5.445,0.0
16889,5.405,0.0
16890,5.355,0.0
16891,5.31,0.0
16892,5.215,0.0
16893,5.095,0.0
16894,4.885,0.0
16895,4.61,0.0
16896,4.275,0.0
16897,3.945,0.0
16898,3.61,0.0
16899,3.265,0.0
16900,3.165,0.0
16901,2.805,0.0
16902,2.66,0.0
16903,2.57,0.0
16904,2.475,0.0
16905,2.355,0.0
16906,2.265,0.0
16907,2.225,0.0
16908,2.175,0.0
16909,2.14,0.0
16910,2.13,0.0
16911,2.12,0.0
16912,2.12,0.0
16913,2.115,0.0
16914,2.125,0.0
16915,2.155,0.0
16916,2.21,0.0
16917,2.3,0.0
16918,2.45,0.0
16919,2.64,0.0
16920,2.835,0.0
16921,3.05,0.0
16922,3.345,0.0
16923,3.675,0.0
16924,3.965,0.0
16925,4.055,0.0
16926,4.55,0.0
16927,4.835,0.0
16928,5.065,0.0
16929,5.24,0.0
16930,5.425,0.0
16931,5.59,0.0
16932,5.705,0.0
16933,5.78,0.0
16934,5.83,0.0
16935,5.89,0.0
16936,5.935,0.0
16937,5.97,0.0
16938,6.005,0.0
16939,6.05,0.0
16940,6.115,0.0
16941,6.13,0.0
16942,6.165,0.0
16943,6.205,0.0
16944,6.265,0.0
16945,6.32,0.0
16946,6.345,0.0
16947,6.39,0.0
16948,6.445,0.0
16949,6.49,0.0
16950,6.505,0.0
16951,6.595,0.0
16952,6.66,0.0
16953,6.705,0.0
16954,6.745,0.0
16955,6.775,0.0
16956,6.83,0.0
16957,6.88,0.0
16958,6.91,0.0
16959,6.935,0.0
16960,6.985,0.0
16961,7.005,0.0
16962,7.015,0.0
16963,7.015,0.0
16964,7.025,0.0
16965,7.015,0.0
16966,6.985,0.0
16967,6.955,0.0
16968,6.93,0.0
16969,6.885,0.0
16970,6.84,0.0
16971,6.77,0.0
16972,6.7,0.0
16973,6.645,0.0
16974,6.56,0.0
16975,6.54,0.0
16976,6.39,0.0
16977,6.32,0.0
16978,6.24,0.0
16979,6.145,0.0
16980,6.06,0.0
16981,6.0,0.0
16982,5.92,0.0
16983,5.83,0.0
16984,5.75,0.0
16985,5.7,0.0
16986,5.645,0.0
16987,5.585,0.0
16988,5.525,0.0
16989,5.48,0.0
16990,5.445,0.0
16991,5.41,0.0
16992,5.36,0.0
16993,5.335,0.0
16994,5.315,0.0
16995,5.28,0.0
16996,5.245,0.0
16997,5.23,0.0
16998,5.22,0.0
16999,5.195,0.0
17000,5.18,0.0
17001,5.165,0.0
17002,5.155,0.0
17003,5.16,0.0
17004,5.135,0.0
17005,5.125,0.0
17006,5.135,0.0
17007,5.13,0.0
17008,5.115,0.0
17009,5.11,0.0
17010,5.11,0.0
17011,5.115,0.0
17012,5.115,0.0
17013,5.105,0.0
17014,5.11,0.0
17015,5.12,0.0
17016,5.12,0.0
17017,5.105,0.0
17018,5.105,0.0
17019,5.115,0.0
17020,5.125,0.0
17021,5.115,0.0
17022,5.105,0.0
17023,5.115,0.0
17024,5.115,0.0
17025,5.12,0.0
17026,5.105,0.0
17027,5.11,0.0
17028,5.115,0.0
17029,5.11,0.0
17030,5.095,0.0
17031,5.105,0.0
17032,5.12,0.0
17033,5.11,0.0
17034,5.095,0.0
17035,5.095,0.0
17036,5.1,0.0
17037,5.095,0.0
17038,5.08,0.0
17039,5.085,0.0
17040,5.09,0.0
17041,5.065,0.0
17042,5.055,0.0
17043,5.065,0.0
17044,5.07,0.0
17045,5.055,0.0
17046,5.05,0.0
17047,5.045,0.0
17048,5.055,0.0
17049,5.045,0.0
17050,5.04,0.0
17051,5.01,0.0
17052,5.03,0.0
17053,5.03,0.0
17054,5.02,0.0
17055,5.02,0.0
17056,5.02,0.0
17057,5.025,0.0
17058,5.01,0.0
17059,5.0,0.0
17060,5.02,0.0
17061,5.005,0.0
17062,5.015,0.0
17063,5.0,0.0
17064,5.005,0.0
17065,5.01,0.0
17066,5.02,0.0
17067,5.02,0.0
17068,5.025,0.0
17069,5.04,0.0
17070,5.04,0.0
17071,5.025,0.0
17072,5.02,0.0
17073,5.035,0.0
17074,5.035,0.0
17075,5.03,0.0
17076,5.015,0.0
17077,5.025,0.0
17078,5.015,0.0
17079,4.99,0.0
17080,4.965,0.0
17081,4.97,0.0
17082,4.98,0.0
17083,4.94,0.0
17084,4.935,0.0
17085,4.925,0.0
17086,4.94,0.0
17087,4.92,0.0
17088,4.9,0.0
17089,4.915,0.0
17090,4.93,0.0
17091,4.94,0.0
17092,4.935,0.0
17093,4.93,0.0
17094,4.945,0.0
17095,4.95,0.0
17096,4.955,0.0
17097,4.99,0.0
17098,5.125,0.0
17099,5.51,0.0
17100,5.675,0.0
17101,5.735,0.0
17102,5.455,0.0
17103,5.365,0.0
17104,5.32,0.0
17105,5.26,0.0
17106,5.235,0.0
17107,5.15,0.0
17108,4.975,0.0
17109,4.74,0.0
17110,4.43,0.0
17111,4.12,0.0
17112,3.8,0.0
17113,3.45,0.0
17114,3.185,0.0
17115,3.04,0.0
17116,2.905,0.0
17117,2.775,0.0
17118,2.62,0.0
17119,2.475,0.0
17120,2.33,0.0
17121,2.23,0.0
17122,2.18,0.0
17123,2.15,0.0
17124,2.1,0.0
17125,2.085,0.0
17126,2.05,0.0
17127,2.055,0.0
17128,2.055,0.0
17129,2.08,0.0
17130,2.135,0.0
17131,2.27,0.0
17132,2.46,0.0
17133,2.635,0.0
17134,2.87,0.0
17135,3.195,0.0
17136,3.535,0.0
17137,3.855,0.0
17138,4.155,0.0
17139,4.475,0.0
17140,4.755,0.0
17141,4.99,0.0
17142,5.195,0.0
17143,5.4,0.0
17144,5.57,0.0
17145,5.705,0.0
17146,5.785,0.0
17147,5.845,0.0
17148,5.915,0.0
17149,5.96,0.0
17150,5.98,0.0
17151,6.05,0.0
17152,6.11,0.0
17153,6.155,0.0
17154,6.185,0.0
17155,6.235,0.0
17156,6.295,0.0
17157,6.345,0.0
17158,6.38,0.0
17159,6.415,0.0
17160,6.495,0.0
17161,6.545,0.0
17162,6.595,0.0
17163,6.64,0.0
17164,6.7,0.0
17165,6.765,0.0
17166,6.805,0.0
17167,6.83,0.0
17168,6.875,0.0
17169,6.925,0.0
17170,6.95,0.0
17171,6.98,0.0
17172,7.005,0.0
17173,7.03,0.0
17174,7.045,0.0
17175,7.04,0.0
17176,7.015,0.0
17177,7.015,0.0
17178,6.98,0.0
17179,6.94,0.0
17180,6.885,0.0
17181,6.85,0.0
17182,6.785,0.0
17183,6.7,0.0
17184,6.62,0.0
17185,6.54,0.0
17186,6.455,0.0
17187,6.36,0.0
17188,6.26,0.0
17189,6.17,0.0
17190,6.095,0.0
17191,6.005,0.0
17192,5.915,0.0
17193,5.84,0.0
17194,5.76,0.0
17195,5.695,0.0
17196,5.615,0.0
17197,5.565,0.0
17198,5.5,0.0
17199,5.455,0.0
17200,5.435,0.0
17201,5.36,0.0
17202,5.335,0.0
17203,5.3,0.0
17204,5.26,0.0
17205,5.225,0.0
17206,5.225,0.0
17207,5.19,0.0
17208,5.175,0.0
17209,5.14,0.0
17210,5.15,0.0
17211,5.13,0.0
17212,5.12,0.0
17213,5.095,0.0
17214,5.09,0.0
17215,5.1,0.0
17216,5.095,0.0
17217,5.075,0.0
17218,5.065,0.0
17219,5.075,0.0
17220,5.075,0.0
17221,5.05,0.0
17222,5.055,0.0
17223,5.065,0.0
17224,5.06,0.0
17225,5.065,0.0
17226,5.05,0.0
17227,5.06,0.0
17228,5.07,0.0
17229,5.055,0.0
17230,5.06,0.0
17231,5.07,0.0
17232,5.065,0.0
17233,5.065,0.0
17234,5.06,0.0
17235,5.07,0.0
17236,5.08,0.0
17237,5.08,0.0
17238,5.065,0.0
17239,5.075,0.0
17240,5.085,0.0
17241,5.08,0.0
17242,5.06,0.0
17243,5.07,0.0
17244,5.07,0.0
17245,5.07,0.0
17246,5.055,0.0
17247,5.055,0.0
17248,5.06,0.0
17249,5.055,0.0
17250,5.055,0.0
17251,5.04,0.0
17252,5.04,0.0
17253,5.055,0.0
17254,5.03,0.0
17255,5.015,0.0
17256,5.03,0.0
17257,5.025,0.0
17258,5.02,0.0
17259,5.005,0.0
17260,5.01,0.0
17261,5.01,0.0
17262,5.0,0.0
17263,4.99,0.0
17264,4.99,0.0
17265,4.995,0.0
17266,4.98,0.0
17267,4.97,0.0
17268,4.975,0.0
17269,4.985,0.0
17270,4.98,0.0
17271,4.96,0.0
17272,4.965,0.0
17273,4.975,0.0
17274,4.97,0.0
17275,4.96,0.0
17276,4.95,0.0
17277,4.965,0.0
17278,4.955,0.0
17279,4.95,0.0
17280,4.95,0.0
17281,4.965,0.0
17282,4.96,0.0
17283,4.945,0.0
17284,4.94,0.0
17285,4.955,0.0
17286,4.96,0.0
17287,4.95,0.0
17288,4.94,0.0
17289,4.94,0.0
17290,4.945,0.0
17291,4.945,0.0
17292,4.94,0.0
17293,4.95,0.0
17294,4.945,0.0
17295,4.95,0.0
17296,4.935,0.0
17297,4.935,0.0
17298,4.94,0.0
17299,4.94,0.0
17300,4.945,0.0
17301,4.935,0.0
17302,4.945,0.0
17303,4.94,0.0
17304,4.935,0.0
17305,4.935,0.0
17306,4.96,0.0
17307,5.005,0.0
17308,5.08,0.0
17309,5.37,0.0
17310,5.865,0.0
17311,5.895,0.0
17312,5.56,0.0
17313,5.395,0.0
17314,5.335,0.0
17315,5.265,0.0
17316,5.155,0.0
17317,4.97,0.0
17318,4.74,0.0
17319,4.465,0.0
17320,4.12,0.0
17321,3.785,0.0
17322,3.49,0.0
17323,3.255,0.0
17324,3.0,0.0
17325,2.91,0.0
17326,2.455,0.0
17327,2.325,0.0
17328,2.205,0.0
17329,2.11,0.0
17330,2.045,0.0
17331,2.045,0.0
17332,2.02,0.0
17333,2.01,0.0
17334,1.99,0.0
17335,2.005,0.0
17336,2.005,0.0
17337,2.025,0.0
17338,2.065,0.0
17339,2.165,0.0
17340,2.33,0.0
17341,2.52,0.0
17342,2.735,0.0
17343,3.02,0.0
17344,3.335,0.0
17345,3.655,0.0
17346,3.98,0.0
17347,4.29,0.0
17348,4.565,0.0
17349,4.835,0.0
17350,4.91,0.0
17351,5.28,0.0
17352,5.475,0.0
17353,5.6,0.0
17354,5.68,0.0
17355,5.735,0.0
17356,5.805,0.0
17357,5.86,0.0
17358,5.895,0.0
17359,5.935,0.0
17360,5.97,0.0
17361,6.02,0.0
17362,6.04,0.0
17363,6.06,0.0
17364,6.11,0.0
17365,6.15,0.0
17366,6.19,0.0
17367,6.21,0.0
17368,6.26,0.0
17369,6.305,0.0
17370,6.335,0.0
17371,6.365,0.0
17372,6.41,0.0
17373,6.46,0.0
17374,6.495,0.0
17375,6.505,0.0
17376,6.57,0.0
17377,6.615,0.0
17378,6.65,0.0
17379,6.67,0.0
17380,6.71,0.0
17381,6.75,0.0
17382,6.785,0.0
17383,6.8,0.0
17384,6.81,0.0
17385,6.84,0.0
17386,6.85,0.0
17387,6.835,0.0
17388,6.82,0.0
17389,6.82,0.0
17390,6.8,0.0
17391,6.765,0.0
17392,6.705,0.0
17393,6.67,0.0
17394,6.615,0.0
17395,6.54,0.0
17396,6.45,0.0
17397,6.38,0.0
17398,6.31,0.0
17399,6.215,0.0
17400,6.18,0.0
17401,6.035,0.0
17402,5.96,0.0
17403,5.875,0.0
17404,5.78,0.0
17405,5.695,0.0
17406,5.635,0.0
17407,5.575,0.0
17408,5.5,0.0
17409,5.43,0.0
17410,5.385,0.0
17411,5.36,0.0
17412,5.305,0.0
17413,5.265,0.0
17414,5.24,0.0
17415,5.215,0.0
17416,5.19,0.0
17417,5.155,0.0
17418,5.15,0.0
17419,5.145,0.0
17420,5.125,0.0
17421,5.115,0.0
17422,5.11,0.0
17423,5.1,0.0
17424,5.1,0.0
17425,5.095,0.0
17426,5.095,0.0
17427,5.09,0.0
17428,5.1,0.0
17429,5.085,0.0
17430,5.075,0.0
17431,5.095,0.0
17432,5.095,0.0
17433,5.08,0.0
17434,5.075,0.0
17435,5.09,0.0
17436,5.1,0.0
17437,5.095,0.0
17438,5.085,0.0
17439,5.09,0.0
17440,5.095,0.0
17441,5.095,0.0
17442,5.085,0.0
17443,5.08,0.0
17444,5.095,0.0
17445,5.09,0.0
17446,5.08,0.0
17447,5.075,0.0
17448,5.085,0.0
17449,5.085,0.0
17450,5.075,0.0
17451,5.06,0.0
17452,5.07,0.0
17453,5.065,0.0
17454,5.05,0.0
17455,5.05,0.0
17456,5.045,0.0
17457,5.05,0.0
17458,5.035,0.0
17459,5.02,0.0
17460,5.03,0.0
17461,5.025,0.0
17462,5.025,0.0
17463,5.005,0.0
17464,5.005,0.0
17465,5.01,0.0
17466,5.005,0.0
17467,4.98,0.0
17468,4.99,0.0
17469,5.0,0.0
17470,4.99,0.0
17471,4.975,0.0
17472,4.965,0.0
17473,4.98,0.0
17474,4.98,0.0
17475,4.97,0.0
17476,4.96,0.0
17477,4.97,0.0
17478,4.975,0.0
17479,4.96,0.0
17480,4.95,0.0
17481,4.96,0.0
17482,4.96,0.0
17483,4.95,0.0
17484,4.945,0.0
17485,4.95,0.0
17486,4.96,0.0
17487,4.945,0.0
17488,4.945,0.0
17489,4.945,0.0
17490,4.95,0.0
17491,4.935,0.0
17492,4.93,0.0
17493,4.93,0.0
17494,4.95,0.0
17495,4.94,0.0
17496,4.925,0.0
17497,4.93,0.0
17498,4.94,0.0
17499,4.94,0.0
17500,4.935,0.0
17501,4.925,0.0
17502,4.935,0.0
17503,4.94,0.0
17504,4.92,0.0
17505,4.92,0.0
17506,4.925,0.0
17507,4.94,0.0
17508,4.925,0.0
17509,4.92,0.0
17510,4.93,0.0
17511,4.94,0.0
17512,4.945,0.0
17513,4.945,0.0
17514,4.98,0.0
17515,5.08,0.0
17516,5.395,0.0
17517,5.89,0.0
17518,5.89,0.0
17519,5.525,0.0
17520,5.365,0.0
17521,5.295,0.0
17522,5.235,0.0
17523,5.17,0.0
17524,5.01,0.0
17525,4.955,0.0
17526,4.44,0.0
17527,4.035,0.0
17528,3.61,0.0
17529,3.2,0.0
17530,2.85,0.0
17531,2.605,0.0
17532,2.43,0.0
17533,2.295,0.0
17534,2.14,0.0
17535,2.065,0.0
17536,2.025,0.0
17537,1.99,0.0
17538,1.97,0.0
17539,1.955,0.0
17540,1.975,0.0
17541,1.955,0.0
17542,1.955,0.0
17543,1.985,0.0
17544,2.03,0.0
17545,2.115,0.0
17546,2.25,0.0
17547,2.465,0.0
17548,2.705,0.0
17549,3.0,0.0
17550,3.1,0.0
17551,3.725,0.0
17552,4.08,0.0
17553,4.385,0.0
17554,4.675,0.0
17555,4.93,0.0
17556,5.165,0.0
17557,5.37,0.0
17558,5.545,0.0
17559,5.665,0.0
17560,5.755,0.0
17561,5.825,0.0
17562,5.87,0.0
17563,5.895,0.0
17564,5.945,0.0
17565,5.99,0.0
17566,6.025,0.0
17567,6.035,0.0
17568,6.075,0.0
17569,6.11,0.0
17570,6.13,0.0
17571,6.16,0.0
17572,6.195,0.0
17573,6.235,0.0
17574,6.265,0.0
17575,6.275,0.0
17576,6.33,0.0
17577,6.375,0.0
17578,6.425,0.0
17579,6.46,0.0
17580,6.495,0.0
17581,6.545,0.0
17582,6.58,0.0
17583,6.63,0.0
17584,6.66,0.0
17585,6.705,0.0
17586,6.735,0.0
17587,6.765,0.0
17588,6.79,0.0
17589,6.815,0.0
17590,6.84,0.0
17591,6.845,0.0
17592,6.82,0.0
17593,6.825,0.0
17594,6.81,0.0
17595,6.77,0.0
17596,6.72,0.0
17597,6.665,0.0
17598,6.61,0.0
17599,6.54,0.0
17600,6.51,0.0
17601,6.365,0.0
17602,6.29,0.0
17603,6.18,0.0
17604,6.075,0.0
17605,5.985,0.0
17606,5.91,0.0
17607,5.805,0.0
17608,5.715,0.0
17609,5.635,0.0
17610,5.57,0.0
17611,5.515,0.0
17612,5.435,0.0
17613,5.38,0.0
17614,5.355,0.0
17615,5.315,0.0
17616,5.275,0.0
17617,5.235,0.0
17618,5.22,0.0
17619,5.21,0.0
17620,5.19,0.0
17621,5.17,0.0
17622,5.155,0.0
17623,5.17,0.0
17624,5.155,0.0
17625,5.145,0.0
17626,5.13,0.0
17627,5.135,0.0
17628,5.14,0.0
17629,5.125,0.0
17630,5.12,0.0
17631,5.14,0.0
17632,5.13,0.0
17633,5.125,0.0
17634,5.115,0.0
17635,5.12,0.0
17636,5.135,0.0
17637,5.135,0.0
17638,5.12,0.0
17639,5.12,0.0
17640,5.14,0.0
17641,5.13,0.0
17642,5.125,0.0
17643,5.12,0.0
17644,5.135,0.0
17645,5.13,0.0
17646,5.115,0.0
17647,5.115,0.0
17648,5.12,0.0
17649,5.12,0.0
17650,5.11,0.0
17651,5.09,0.0
17652,5.1,0.0
17653,5.095,0.0
17654,5.08,0.0
17655,5.07,0.0
17656,5.075,0.0
17657,5.07,0.0
17658,5.06,0.0
17659,5.055,0.0
17660,5.055,0.0
17661,5.04,0.0
17662,5.04,0.0
17663,5.02,0.0
17664,5.025,0.0
17665,5.03,0.0
17666,5.03,0.0
17667,5.01,0.0
17668,5.01,0.0
17669,5.015,0.0
17670,5.005,0.0
17671,4.99,0.0
17672,5.0,0.0
17673,5.0,0.0
17674,5.005,0.0
17675,4.995,0.0
17676,4.98,0.0
17677,4.98,0.0
17678,4.985,0.0
17679,4.97,0.0
17680,4.965,0.0
17681,4.975,0.0
17682,4.975,0.0
17683,4.965,0.0
17684,4.95,0.0
17685,4.97,0.0
17686,4.975,0.0
17687,4.96,0.0
17688,4.945,0.0
17689,4.96,0.0
17690,4.965,0.0
17691,4.955,0.0
17692,4.95,0.0
17693,4.955,0.0
17694,4.975,0.0
17695,4.96,0.0
17696,4.965,0.0
17697,4.955,0.0
17698,4.97,0.0
17699,4.96,0.0
17700,4.96,0.0
17701,4.955,0.0
17702,4.955,0.0
17703,4.955,0.0
17704,4.95,0.0
17705,4.95,0.0
17706,4.965,0.0
17707,4.96,0.0
17708,4.96,0.0
17709,4.96,0.0
17710,4.985,0.0
17711,5.005,0.0
17712,5.12,0.0
17713,5.52,0.0
17714,6.0,0.0
17715,5.82,0.0
17716,5.475,0.0
17717,5.375,0.0
17718,5.335,0.0
17719,5.29,0.0
17720,5.21,0.0
17721,5.075,0.0
17722,4.855,0.0
17723,4.56,0.0
17724,4.185,0.0
17725,4.07,0.0
17726,3.4,0.0
17727,3.07,0.0
17728,2.79,0.0
17729,2.575,0.0
17730,2.415,0.0
17731,2.29,0.0
17732,2.15,0.0
17733,2.065,0.0
17734,2.025,0.0
17735,2.02,0.0
17736,2.0,0.0
17737,1.99,0.0
17738,1.975,0.0
17739,1.975,0.0
17740,2.0,0.0
17741,2.015,0.0
17742,2.07,0.0
17743,2.19,0.0
17744,2.37,0.0
17745,2.595,0.0
17746,2.855,0.0
17747,3.22,0.0
17748,3.59,0.0
17749,3.92,0.0
17750,4.025,0.0
17751,4.565,0.0
17752,4.855,0.0
17753,5.085,0.0
17754,5.295,0.0
17755,5.51,0.0
17756,5.67,0.0
17757,5.76,0.0
17758,5.825,0.0
17759,5.87,0.0
17760,5.935,0.0
17761,5.995,0.0
17762,6.035,0.0
17763,6.085,0.0
17764,6.135,0.0
17765,6.18,0.0
17766,6.21,0.0
17767,6.235,0.0
17768,6.275,0.0
17769,6.325,0.0
17770,6.345,0.0
17771,6.365,0.0
17772,6.395,0.0
17773,6.45,0.0
17774,6.475,0.0
17775,6.485,0.0
17776,6.53,0.0
17777,6.58,0.0
17778,6.61,0.0
17779,6.635,0.0
17780,6.67,0.0
17781,6.725,0.0
17782,6.78,0.0
17783,6.81,0.0
17784,6.825,0.0
17785,6.865,0.0
17786,6.885,0.0
17787,6.9,0.0
17788,6.89,0.0
17789,6.9,0.0
17790,6.885,0.0
17791,6.865,0.0
17792,6.8,0.0
17793,6.76,0.0
17794,6.71,0.0
17795,6.635,0.0
17796,6.545,0.0
17797,6.46,0.0
17798,6.38,0.0
17799,6.29,0.0
17800,6.255,0.0
17801,6.095,0.0
17802,6.005,0.0
17803,5.91,0.0
17804,5.805,0.0
17805,5.725,0.0
17806,5.655,0.0
17807,5.58,0.0
17808,5.5,0.0
17809,5.43,0.0
17810,5.385,0.0
17811,5.345,0.0
17812,5.305,0.0
17813,5.26,0.0
17814,5.24,0.0
17815,5.225,0.0
17816,5.19,0.0
17817,5.17,0.0
17818,5.17,0.0
17819,5.165,0.0
17820,5.155,0.0
17821,5.135,0.0
17822,5.14,0.0
17823,5.15,0.0
17824,5.145,0.0
17825,5.15,0.0
17826,5.135,0.0
17827,5.145,0.0
17828,5.15,0.0
17829,5.145,0.0
17830,5.135,0.0
17831,5.15,0.0
17832,5.155,0.0
17833,5.15,0.0
17834,5.135,0.0
17835,5.15,0.0
17836,5.15,0.0
17837,5.135,0.0
17838,5.135,0.0
17839,5.14,0.0
17840,5.145,0.0
17841,5.14,0.0
17842,5.125,0.0
17843,5.12,0.0
17844,5.135,0.0
17845,5.115,0.0
17846,5.1,0.0
17847,5.105,0.0
17848,5.11,0.0
17849,5.105,0.0
17850,5.105,0.0
17851,5.085,0.0
17852,5.09,0.0
17853,5.08,0.0
17854,5.07,0.0
17855,5.06,0.0
17856,5.07,0.0
17857,5.06,0.0
17858,5.05,0.0
17859,5.025,0.0
17860,5.045,0.0
17861,5.055,0.0
17862,5.03,0.0
17863,5.025,0.0
17864,5.025,0.0
17865,5.025,0.0
17866,5.025,0.0
17867,5.0,0.0
17868,5.0,0.0
17869,5.015,0.0
17870,5.0,0.0
17871,5.0,0.0
17872,4.985,0.0
17873,5.0,0.0
17874,4.99,0.0
17875,4.985,0.0
17876,4.98,0.0
17877,4.985,0.0
17878,4.99,0.0
17879,4.965,0.0
17880,4.965,0.0
17881,4.97,0.0
17882,4.98,0.0
17883,4.955,0.0
17884,4.95,0.0
17885,4.965,0.0
17886,4.975,0.0
17887,4.965,0.0
17888,4.955,0.0
17889,4.965,0.0
17890,4.965,0.0
17891,4.96,0.0
17892,4.935,0.0
17893,4.955,0.0
17894,4.965,0.0
17895,4.955,0.0
17896,4.945,0.0
17897,4.95,0.0
17898,4.965,0.0
17899,4.96,0.0
17900,4.955,0.0
17901,4.94,0.0
17902,4.95,0.0
17903,4.955,0.0
17904,4.945,0.0
17905,4.95,0.0
17906,4.955,0.0
17907,4.975,0.0
17908,4.99,0.0
17909,5.06,0.0
17910,5.39,0.0
17911,5.88,0.0
17912,5.9,0.0
17913,5.525,0.0
17914,5.35,0.0
17915,5.29,0.0
17916,5.175,0.0
17917,5.05,0.0
17918,4.875,0.0
17919,4.67,0.0
17920,4.395,0.0
17921,4.09,0.0
17922,3.815,0.0
17923,3.61,0.0
17924,3.41,0.0
17925,3.34,0.0
17926,2.895,0.0
17927,2.625,0.0
17928,2.44,0.0
17929,2.285,0.0
17930,2.155,0.0
17931,2.085,0.0
17932,2.03,0.0
17933,1.995,0.0
17934,1.975,0.0
17935,1.97,0.0
17936,1.98,0.0
17937,1.975,0.0
17938,1.965,0.0
17939,1.99,0.0
17940,2.06,0.0
17941,2.145,0.0
17942,2.29,0.0
17943,2.51,0.0
17944,2.8,0.0
17945,3.1,0.0
17946,3.43,0.0
17947,3.815,0.0
17948,4.155,0.0
17949,4.445,0.0
17950,4.535,0.0
17951,4.98,0.0
17952,5.225,0.0
17953,5.435,0.0
17954,5.59,0.0
17955,5.695,0.0
17956,5.78,0.0
17957,5.84,0.0
17958,5.88,0.0
17959,5.92,0.0
17960,5.975,0.0
17961,6.025,0.0
17962,6.055,0.0
17963,6.085,0.0
17964,6.125,0.0
17965,6.165,0.0
17966,6.2,0.0
17967,6.21,0.0
17968,6.245,0.0
17969,6.29,0.0
17970,6.32,0.0
17971,6.34,0.0
17972,6.385,0.0
17973,6.425,0.0
17974,6.465,0.0
17975,6.48,0.0
17976,6.525,0.0
17977,6.575,0.0
17978,6.615,0.0
17979,6.645,0.0
17980,6.68,0.0
17981,6.73,0.0
17982,6.77,0.0
17983,6.805,0.0
17984,6.83,0.0
17985,6.875,0.0
17986,6.9,0.0
17987,6.915,0.0
17988,6.94,0.0
17989,6.945,0.0
17990,6.96,0.0
17991,6.945,0.0
17992,6.925,0.0
17993,6.89,0.0
17994,6.855,0.0
17995,6.795,0.0
17996,6.725,0.0
17997,6.65,0.0
17998,6.565,0.0
17999,6.475,0.0
18000,6.435,0.0
18001,6.255,0.0
18002,6.165,0.0
18003,6.06,0.0
18004,5.96,0.0
18005,5.865,0.0
18006,5.785,0.0
18007,5.695,0.0
18008,5.605,0.0
18009,5.545,0.0
18010,5.505,0.0
18011,5.45,0.0
18012,5.4,0.0
18013,5.34,0.0
18014,5.31,0.0
18015,5.285,0.0
18016,5.25,0.0
18017,5.2,0.0
18018,5.18,0.0
18019,5.18,0.0
18020,5.165,0.0
18021,5.135,0.0
18022,5.125,0.0
18023,5.13,0.0
18024,5.12,0.0
18025,5.12,0.0
18026,5.105,0.0
18027,5.11,0.0
18028,5.12,0.0
18029,5.105,0.0
18030,5.09,0.0
18031,5.1,0.0
18032,5.105,0.0
18033,5.095,0.0
18034,5.09,0.0
18035,5.1,0.0
18036,5.105,0.0
18037,5.11,0.0
18038,5.095,0.0
18039,5.115,0.0
18040,5.125,0.0
18041,5.11,0.0
18042,5.105,0.0
18043,5.105,0.0
18044,5.115,0.0
18045,5.11,0.0
18046,5.1,0.0
18047,5.095,0.0
18048,5.11,0.0
18049,5.105,0.0
18050,5.095,0.0
18051,5.08,0.0
18052,5.09,0.0
18053,5.08,0.0
18054,5.075,0.0
18055,5.065,0.0
18056,5.085,0.0
18057,5.065,0.0
18058,5.055,0.0
18059,5.045,0.0
18060,5.05,0.0
18061,5.045,0.0
18062,5.035,0.0
18063,5.02,0.0
18064,5.025,0.0
18065,5.025,0.0
18066,5.01,0.0
18067,5.0,0.0
18068,4.995,0.0
18069,5.01,0.0
18070,4.995,0.0
18071,4.99,0.0
18072,4.985,0.0
18073,5.0,0.0
18074,4.985,0.0
18075,4.975,0.0
18076,4.975,0.0
18077,4.99,0.0
18078,4.98,0.0
18079,4.975,0.0
18080,4.965,0.0
18081,4.975,0.0
18082,4.975,0.0
18083,4.965,0.0
18084,4.96,0.0
18085,4.965,0.0
18086,4.97,0.0
18087,4.955,0.0
18088,4.95,0.0
18089,4.96,0.0
18090,4.955,0.0
18091,4.945,0.0
18092,4.935,0.0
18093,4.94,0.0
18094,4.96,0.0
18095,4.95,0.0
18096,4.945,0.0
18097,4.935,0.0
18098,4.95,0.0
18099,4.95,0.0
18100,4.935,0.0
18101,4.935,0.0
18102,4.935,0.0
18103,4.94,0.0
18104,4.925,0.0
18105,4.93,0.0
18106,4.95,0.0
18107,4.945,0.0
18108,4.935,0.0
18109,4.925,0.0
18110,4.935,0.0
18111,4.94,0.0
18112,4.925,0.0
18113,4.92,0.0
18114,4.935,0.0
18115,4.935,0.0
18116,4.935,0.0
18117,4.925,0.0
18118,4.93,0.0
18119,4.96,0.0
18120,4.975,0.0
18121,5.075,0.0
18122,5.435,0.0
18123,5.91,0.0
18124,5.875,0.0
18125,5.795,0.0
18126,5.395,0.0
18127,5.345,0.0
18128,5.28,0.0
18129,5.2,0.0
18130,5.11,0.0
18131,4.95,0.0
18132,4.71,0.0
18133,4.385,0.0
18134,4.035,0.0
18135,3.675,0.0
18136,3.295,0.0
18137,2.965,0.0
18138,2.695,0.0
18139,2.5,0.0
18140,2.37,0.0
18141,2.245,0.0
18142,2.12,0.0
18143,2.04,0.0
18144,2.0,0.0
18145,1.97,0.0
18146,1.95,0.0
18147,1.93,0.0
18148,1.925,0.0
18149,1.925,0.0
18150,1.92,0.0
18151,1.93,0.0
18152,1.955,0.0
18153,2.0,0.0
18154,2.07,0.0
18155,2.195,0.0
18156,2.385,0.0
18157,2.585,0.0
18158,2.855,0.0
18159,3.19,0.0
18160,3.56,0.0
18161,3.885,0.0
18162,4.22,0.0
18163,4.525,0.0
18164,4.815,0.0
18165,5.065,0.0
18166,5.275,0.0
18167,5.465,0.0
18168,5.635,0.0
18169,5.745,0.0
18170,5.8,0.0
18171,5.86,0.0
18172,5.92,0.0
18173,5.985,0.0
18174,6.015,0.0
18175,6.02,0.0
18176,6.06,0.0
18177,6.11,0.0
18178,6.13,0.0
18179,6.155,0.0
18180,6.195,0.0
18181,6.24,0.0
18182,6.275,0.0
18183,6.295,0.0
18184,6.325,0.0
18185,6.375,0.0
18186,6.42,0.0
18187,6.455,0.0
18188,6.49,0.0
18189,6.535,0.0
18190,6.585,0.0
18191,6.63,0.0
18192,6.645,0.0
18193,6.71,0.0
18194,6.745,0.0
18195,6.785,0.0
18196,6.8,0.0
18197,6.835,0.0
18198,6.88,0.0
18199,6.89,0.0
18200,6.9,0.0
18201,6.905,0.0
18202,6.925,0.0
18203,6.915,0.0
18204,6.88,0.0
18205,6.85,0.0
18206,6.83,0.0
18207,6.785,0.0
18208,6.72,0.0
18209,6.655,0.0
18210,6.595,0.0
18211,6.515,0.0
18212,6.43,0.0
18213,6.345,0.0
18214,6.255,0.0
18215,6.17,0.0
18216,6.07,0.0
18217,5.99,0.0
18218,5.915,0.0
18219,5.84,0.0
18220,5.76,0.0
18221,5.665,0.0
18222,5.575,0.0
18223,5.525,0.0
18224,5.45,0.0
18225,5.425,0.0
18226,5.34,0.0
18227,5.3,0.0
18228,5.25,0.0
18229,5.205,0.0
18230,5.165,0.0
18231,5.15,0.0
18232,5.14,0.0
18233,5.105,0.0
18234,5.095,0.0
18235,5.105,0.0
18236,5.12,0.0
18237,5.1,0.0
18238,5.095,0.0
18239,5.095,0.0
18240,5.105,0.0
18241,5.08,0.0
18242,5.075,0.0
18243,5.065,0.0
18244,5.09,0.0
18245,5.08,0.0
18246,5.065,0.0
18247,5.07,0.0
18248,5.1,0.0
18249,5.09,0.0
18250,5.095,0.0
18251,5.08,0.0
18252,5.1,0.0
18253,5.09,0.0
18254,5.095,0.0
18255,5.09,0.0
18256,5.1,0.0
18257,5.11,0.0
18258,5.1,0.0
18259,5.085,0.0
18260,5.09,0.0
18261,5.1,0.0
18262,5.09,0.0
18263,5.085,0.0
18264,5.085,0.0
18265,5.085,0.0
18266,5.07,0.0
18267,5.065,0.0
18268,5.07,0.0
18269,5.06,0.0
18270,5.055,0.0
18271,5.04,0.0
18272,5.04,0.0
18273,5.05,0.0
18274,5.04,0.0
18275,5.035,0.0
18276,5.03,0.0
18277,5.025,0.0
18278,5.02,0.0
18279,5.005,0.0
18280,5.005,0.0
18281,5.01,0.0
18282,5.015,0.0
18283,4.995,0.0
18284,4.985,0.0
18285,5.0,0.0
18286,5.005,0.0
18287,4.98,0.0
18288,4.975,0.0
18289,4.98,0.0
18290,4.985,0.0
18291,4.98,0.0
18292,4.97,0.0
18293,4.98,0.0
18294,4.99,0.0
18295,4.975,0.0
18296,4.965,0.0
18297,4.96,0.0
18298,4.975,0.0
18299,4.965,0.0
18300,4.96,0.0
18301,4.955,0.0
18302,4.97,0.0
18303,4.975,0.0
18304,4.955,0.0
18305,4.955,0.0
18306,4.96,0.0
18307,4.96,0.0
18308,4.95,0.0
18309,4.94,0.0
18310,4.955,0.0
18311,4.96,0.0
18312,4.96,0.0
18313,4.945,0.0
18314,4.95,0.0
18315,4.96,0.0
18316,4.955,0.0
18317,4.945,0.0
18318,4.945,0.0
18319,4.955,0.0
18320,4.945,0.0
18321,4.935,0.0
18322,4.945,0.0
18323,4.95,0.0
18324,4.95,0.0
18325,4.94,0.0
18326,4.935,0.0
18327,4.97,0.0
18328,4.96,0.0
18329,4.96,0.0
18330,4.955,0.0
18331,4.975,0.0
18332,5.015,0.0
18333,5.1,0.0
18334,5.41,0.0
18335,5.88,0.0
18336,5.885,0.0
18337,5.56,0.0
18338,5.405,0.0
18339,5.36,0.0
18340,5.305,0.0
18341,5.245,0.0
18342,5.145,0.0
18343,4.995,0.0
18344,4.785,0.0
18345,4.48,0.0
18346,4.135,0.0
18347,3.785,0.0
18348,3.43,0.0
18349,3.095,0.0
18350,2.995,0.0
18351,2.605,0.0
18352,2.48,0.0
18353,2.345,0.0
18354,2.19,0.0
18355,2.08,0.0
18356,2.05,0.0
18357,2.015,0.0
18358,1.985,0.0
18359,1.96,0.0
18360,1.95,0.0
18361,1.955,0.0
18362,1.945,0.0
18363,1.945,0.0
18364,1.97,0.0
18365,2.005,0.0
18366,2.065,0.0
18367,2.185,0.0
18368,2.365,0.0
18369,2.59,0.0
18370,2.88,0.0
18371,3.235,0.0
18372,3.615,0.0
18373,3.97,0.0
18374,4.31,0.0
18375,4.415,0.0
18376,4.91,0.0
18377,5.14,0.0
18378,5.36,0.0
18379,5.535,0.0
18380,5.675,0.0
18381,5.79,0.0
18382,5.845,0.0
18383,5.9,0.0
18384,5.94,0.0
18385,6.005,0.0
18386,6.04,0.0
18387,6.07,0.0
18388,6.1,0.0
18389,6.16,0.0
18390,6.195,0.0
18391,6.23,0.0
18392,6.255,0.0
18393,6.31,0.0
18394,6.345,0.0
18395,6.385,0.0
18396,6.42,0.0
18397,6.47,0.0
18398,6.53,0.0
18399,6.565,0.0
18400,6.58,0.0
18401,6.655,0.0
18402,6.71,0.0
18403,6.755,0.0
18404,6.79,0.0
18405,6.82,0.0
18406,6.88,0.0
18407,6.92,0.0
18408,6.945,0.0
18409,6.97,0.0
18410,7.0,0.0
18411,7.015,0.0
18412,7.035,0.0
18413,7.035,0.0
18414,7.03,0.0
18415,7.02,0.0
18416,6.995,0.0
18417,6.955,0.0
18418,6.905,0.0
18419,6.86,0.0
18420,6.79,0.0
18421,6.71,0.0
18422,6.62,0.0
18423,6.54,0.0
18424,6.435,0.0
18425,6.4,0.0
18426,6.235,0.0
18427,6.155,0.0
18428,6.06,0.0
18429,5.96,0.0
18430,5.865,0.0
18431,5.795,0.0
18432,5.71,0.0
18433,5.625,0.0
18434,5.555,0.0
18435,5.5,0.0
18436,5.445,0.0
18437,5.4,0.0
18438,5.35,0.0
18439,5.315,0.0
18440,5.285,0.0
18441,5.245,0.0
18442,5.215,0.0
18443,5.205,0.0
18444,5.185,0.0
18445,5.16,0.0
18446,5.135,0.0
18447,5.125,0.0
18448,5.125,0.0
18449,5.12,0.0
18450,5.115,0.0
18451,5.095,0.0
18452,5.11,0.0
18453,5.105,0.0
18454,5.095,0.0
18455,5.07,0.0
18456,5.095,0.0
18457,5.095,0.0
18458,5.09,0.0
18459,5.085,0.0
18460,5.095,0.0
18461,5.1,0.0
18462,5.095,0.0
18463,5.09,0.0
18464,5.105,0.0
18465,5.11,0.0
18466,5.095,0.0
18467,5.09,0.0
18468,5.1,0.0
18469,5.105,0.0
18470,5.09,0.0
18471,5.08,0.0
18472,5.095,0.0
18473,5.11,0.0
18474,5.095,0.0
18475,5.085,0.0
18476,5.08,0.0
18477,5.095,0.0
18478,5.09,0.0
18479,5.085,0.0
18480,5.085,0.0
18481,5.1,0.0
18482,5.1,0.0
18483,5.1,0.0
18484,5.1,0.0
18485,5.105,0.0
18486,5.11,0.0
18487,5.095,0.0
18488,5.08,0.0
18489,5.09,0.0
18490,5.075,0.0
18491,5.05,0.0
18492,5.03,0.0
18493,5.015,0.0
18494,5.01,0.0
18495,4.99,0.0
18496,4.965,0.0
18497,4.955,0.0
18498,4.96,0.0
18499,4.94,0.0
18500,4.935,0.0
18501,4.915,0.0
18502,4.935,0.0
18503,4.935,0.0
18504,4.94,0.0
18505,4.935,0.0
18506,4.94,0.0
18507,4.945,0.0
18508,4.93,0.0
18509,4.915,0.0
18510,4.93,0.0
18511,4.935,0.0
18512,4.935,0.0
18513,4.92,0.0
18514,4.925,0.0
18515,4.925,0.0
18516,4.915,0.0
18517,4.91,0.0
18518,4.905,0.0
18519,4.92,0.0
18520,4.91,0.0
18521,4.895,0.0
18522,4.905,0.0
18523,4.915,0.0
18524,4.92,0.0
18525,4.915,0.0
18526,4.895,0.0
18527,4.91,0.0
18528,4.91,0.0
18529,4.9,0.0
18530,4.9,0.0
18531,4.905,0.0
18532,4.915,0.0
18533,4.905,0.0
18534,4.895,0.0
18535,4.91,0.0
18536,4.925,0.0
18537,4.92,0.0
18538,4.91,0.0
18539,4.925,0.0
18540,4.945,0.0
18541,4.97,0.0
18542,5.06,0.0
18543,5.375,0.0
18544,5.875,0.0
18545,5.905,0.0
18546,5.55,0.0
18547,5.38,0.0
18548,5.33,0.0
18549,5.28,0.0
18550,5.26,0.0
18551,5.155,0.0
18552,5.055,0.0
18553,4.82,0.0
18554,4.51,0.0
18555,4.145,0.0
18556,3.8,0.0
18557,3.425,0.0
18558,3.07,0.0
18559,2.81,0.0
18560,2.65,0.0
18561,2.53,0.0
18562,2.415,0.0
18563,2.295,0.0
18564,2.185,0.0
18565,2.105,0.0
18566,2.06,0.0
18567,2.015,0.0
18568,2.0,0.0
18569,1.99,0.0
18570,1.965,0.0
18571,1.955,0.0
18572,1.955,0.0
18573,1.995,0.0
18574,2.035,0.0
18575,2.06,0.0
18576,2.23,0.0
18577,2.39,0.0
18578,2.575,0.0
18579,2.785,0.0
18580,3.07,0.0
18581,3.4,0.0
18582,3.73,0.0
18583,4.04,0.0
18584,4.355,0.0
18585,4.67,0.0
18586,4.95,0.0
18587,5.16,0.0
18588,5.35,0.0
18589,5.55,0.0
18590,5.695,0.0
18591,5.795,0.0
18592,5.845,0.0
18593,5.915,0.0
18594,5.98,0.0
18595,6.025,0.0
18596,6.07,0.0
18597,6.12,0.0
18598,6.17,0.0
18599,6.22,0.0
18600,6.24,0.0
18601,6.315,0.0
18602,6.36,0.0
18603,6.405,0.0
18604,6.445,0.0
18605,6.495,0.0
18606,6.565,0.0
18607,6.615,0.0
18608,6.66,0.0
18609,6.705,0.0
18610,6.775,0.0
18611,6.815,0.0
18612,6.855,0.0
18613,6.895,0.0
18614,6.94,0.0
18615,6.995,0.0
18616,7.025,0.0
18617,7.055,0.0
18618,7.09,0.0
18619,7.115,0.0
18620,7.125,0.0
18621,7.125,0.0
18622,7.125,0.0
18623,7.125,0.0
18624,7.1,0.0
18625,7.09,0.0
18626,7.03,0.0
18627,6.99,0.0
18628,6.93,0.0
18629,6.855,0.0
18630,6.78,0.0
18631,6.72,0.0
18632,6.635,0.0
18633,6.545,0.0
18634,6.445,0.0
18635,6.38,0.0
18636,6.28,0.0
18637,6.175,0.0
18638,6.08,0.0
18639,6.0,0.0
18640,5.93,0.0
18641,5.84,0.0
18642,5.76,0.0
18643,5.695,0.0
18644,5.635,0.0
18645,5.565,0.0
18646,5.5,0.0
18647,5.455,0.0
18648,5.425,0.0
18649,5.375,0.0
18650,5.36,0.0
18651,5.285,0.0
18652,5.26,0.0
18653,5.235,0.0
18654,5.21,0.0
18655,5.16,0.0
18656,5.14,0.0
18657,5.12,0.0
18658,5.11,0.0
18659,5.095,0.0
18660,5.08,0.0
18661,5.075,0.0
18662,5.065,0.0
18663,5.05,0.0
18664,5.045,0.0
18665,5.045,0.0
18666,5.03,0.0
18667,5.015,0.0
18668,5.015,0.0
18669,5.03,0.0
18670,5.02,0.0
18671,5.015,0.0
18672,5.015,0.0
18673,5.025,0.0
18674,5.02,0.0
18675,5.015,0.0
18676,5.015,0.0
18677,5.02,0.0
18678,5.035,0.0
18679,5.02,0.0
18680,5.005,0.0
18681,5.015,0.0
18682,5.025,0.0
18683,5.01,0.0
18684,5.005,0.0
18685,5.025,0.0
18686,5.035,0.0
18687,5.025,0.0
18688,5.015,0.0
18689,5.03,0.0
18690,5.04,0.0
18691,5.03,0.0
18692,5.01,0.0
18693,5.015,0.0
18694,5.02,0.0
18695,5.02,0.0
18696,5.0,0.0
18697,5.0,0.0
18698,5.015,0.0
18699,5.0,0.0
18700,4.995,0.0
18701,4.98,0.0
18702,4.995,0.0
18703,4.99,0.0
18704,4.965,0.0
18705,4.965,0.0
18706,4.965,0.0
18707,4.95,0.0
18708,4.95,0.0
18709,4.945,0.0
18710,4.95,0.0
18711,4.955,0.0
18712,4.94,0.0
18713,4.93,0.0
18714,4.94,0.0
18715,4.935,0.0
18716,4.925,0.0
18717,4.915,0.0
18718,4.92,0.0
18719,4.92,0.0
18720,4.92,0.0
18721,4.9,0.0
18722,4.91,0.0
18723,4.92,0.0
18724,4.915,0.0
18725,4.9,0.0
18726,4.895,0.0
18727,4.91,0.0
18728,4.9,0.0
18729,4.9,0.0
18730,4.89,0.0
18731,4.905,0.0
18732,4.89,0.0
18733,4.89,0.0
18734,4.885,0.0
18735,4.91,0.0
18736,4.92,0.0
18737,4.91,0.0
18738,4.915,0.0
18739,4.93,0.0
18740,4.94,0.0
18741,4.945,0.0
18742,4.95,0.0
18743,4.955,0.0
18744,4.955,0.0
18745,4.955,0.0
18746,4.945,0.0
18747,4.94,0.0
18748,4.95,0.0
18749,4.935,0.0
18750,4.935,0.0
18751,4.93,0.0
18752,4.955,0.0
18753,5.1,0.0
18754,5.52,0.0
18755,5.895,0.0
18756,5.665,0.0
18757,5.335,0.0
18758,5.26,0.0
18759,5.225,0.0
18760,5.18,0.0
18761,5.095,0.0
18762,4.93,0.0
18763,4.68,0.0
18764,4.37,0.0
18765,4.015,0.0
18766,3.62,0.0
18767,3.235,0.0
18768,2.925,0.0
18769,2.705,0.0
18770,2.505,0.0
18771,2.345,0.0
18772,2.205,0.0
18773,2.09,0.0
18774,2.005,0.0
18775,1.99,0.0
18776,1.945,0.0
18777,1.935,0.0
18778,1.915,0.0
18779,1.9,0.0
18780,1.9,0.0
18781,1.915,0.0
18782,1.94,0.0
18783,1.975,0.0
18784,2.06,0.0
18785,2.225,0.0
18786,2.41,0.0
18787,2.625,0.0
18788,2.895,0.0
18789,3.255,0.0
18790,3.595,0.0
18791,3.915,0.0
18792,4.225,0.0
18793,4.545,0.0
18794,4.84,0.0
18795,5.07,0.0
18796,5.265,0.0
18797,5.465,0.0
18798,5.615,0.0
18799,5.71,0.0
18800,5.735,0.0
18801,5.83,0.0
18802,5.895,0.0
18803,5.935,0.0
18804,5.97,0.0
18805,6.02,0.0
18806,6.07,0.0
18807,6.125,0.0
18808,6.15,0.0
18809,6.195,0.0
18810,6.245,0.0
18811,6.295,0.0
18812,6.33,0.0
18813,6.37,0.0
18814,6.425,0.0
18815,6.48,0.0
18816,6.52,0.0
18817,6.555,0.0
18818,6.61,0.0
18819,6.67,0.0
18820,6.71,0.0
18821,6.74,0.0
18822,6.785,0.0
18823,6.825,0.0
18824,6.865,0.0
18825,6.88,0.0
18826,6.915,0.0
18827,6.955,0.0
18828,6.96,0.0
18829,6.955,0.0
18830,6.955,0.0
18831,6.95,0.0
18832,6.935,0.0
18833,6.88,0.0
18834,6.835,0.0
18835,6.785,0.0
18836,6.72,0.0
18837,6.655,0.0
18838,6.56,0.0
18839,6.49,0.0
18840,6.4,0.0
18841,6.3,0.0
18842,6.205,0.0
18843,6.12,0.0
18844,6.05,0.0
18845,5.96,0.0
18846,5.87,0.0
18847,5.79,0.0
18848,5.725,0.0
18849,5.65,0.0
18850,5.62,0.0
18851,5.505,0.0
18852,5.465,0.0
18853,5.415,0.0
18854,5.355,0.0
18855,5.305,0.0
18856,5.28,0.0
18857,5.235,0.0
18858,5.2,0.0
18859,5.165,0.0
18860,5.15,0.0
18861,5.14,0.0
18862,5.105,0.0
18863,5.085,0.0
18864,5.08,0.0
18865,5.08,0.0
18866,5.06,0.0
18867,5.04,0.0
18868,5.035,0.0
18869,5.04,0.0
18870,5.025,0.0
18871,5.015,0.0
18872,5.005,0.0
18873,5.02,0.0
18874,5.0,0.0
18875,5.005,0.0
18876,5.0,0.0
18877,5.015,0.0
18878,5.01,0.0
18879,5.005,0.0
18880,5.005,0.0
18881,5.025,0.0
18882,5.005,0.0
18883,5.01,0.0
18884,5.005,0.0
18885,5.015,0.0
18886,5.025,0.0
18887,5.025,0.0
18888,5.025,0.0
18889,5.025,0.0
18890,5.045,0.0
18891,5.03,0.0
18892,5.015,0.0
18893,5.025,0.0
18894,5.03,0.0
18895,5.02,0.0
18896,5.015,0.0
18897,5.02,0.0
18898,5.04,0.0
18899,5.025,0.0
18900,5.02,0.0
18901,5.015,0.0
18902,5.025,0.0
18903,5.015,0.0
18904,5.0,0.0
18905,4.99,0.0
18906,5.005,0.0
18907,4.99,0.0
18908,4.985,0.0
18909,4.975,0.0
18910,4.985,0.0
18911,4.975,0.0
18912,4.965,0.0
18913,4.955,0.0
18914,4.965,0.0
18915,4.965,0.0
18916,4.965,0.0
18917,4.94,0.0
18918,4.94,0.0
18919,4.95,0.0
18920,4.935,0.0
18921,4.935,0.0
18922,4.925,0.0
18923,4.95,0.0
18924,4.93,0.0
18925,4.93,0.0
18926,4.92,0.0
18927,4.925,0.0
18928,4.93,0.0
18929,4.92,0.0
18930,4.92,0.0
18931,4.92,0.0
18932,4.925,0.0
18933,4.915,0.0
18934,4.905,0.0
18935,4.92,0.0
18936,4.92,0.0
18937,4.91,0.0
18938,4.905,0.0
18939,4.915,0.0
18940,4.92,0.0
18941,4.905,0.0
18942,4.9,0.0
18943,4.91,0.0
18944,4.91,0.0
18945,4.905,0.0
18946,4.895,0.0
18947,4.9,0.0
18948,4.92,0.0
18949,4.905,0.0
18950,4.91,0.0
18951,4.905,0.0
18952,4.915,0.0
18953,4.92,0.0
18954,4.9,0.0
18955,4.92,0.0
18956,4.95,0.0
18957,5.005,0.0
18958,5.275,0.0
18959,5.815,0.0
18960,5.91,0.0
18961,5.545,0.0
18962,5.37,0.0
18963,5.33,0.0
18964,5.275,0.0
18965,5.215,0.0
18966,5.11,0.0
18967,4.9,0.0
18968,4.645,0.0
18969,4.31,0.0
18970,3.945,0.0
18971,3.53,0.0
18972,3.16,0.0
18973,2.885,0.0
18974,2.62,0.0
18975,2.55,0.0
18976,2.305,0.0
18977,2.18,0.0
18978,2.06,0.0
18979,1.985,0.0
18980,1.945,0.0
18981,1.94,0.0
18982,1.925,0.0
18983,1.9,0.0
18984,1.895,0.0
18985,1.91,0.0
18986,1.925,0.0
18987,1.935,0.0
18988,1.975,0.0
18989,2.055,0.0
18990,2.205,0.0
18991,2.39,0.0
18992,2.65,0.0
18993,3.015,0.0
18994,3.425,0.0
18995,3.785,0.0
18996,4.125,0.0
18997,4.47,0.0
18998,4.775,0.0
18999,5.03,0.0
19000,5.1,0.0
19001,5.47,0.0
19002,5.645,0.0
19003,5.725,0.0
19004,5.79,0.0
19005,5.83,0.0
19006,5.895,0.0
19007,5.945,0.0
19008,5.97,0.0
19009,6.01,0.0
19010,6.06,0.0
19011,6.085,0.0
19012,6.105,0.0
19013,6.125,0.0
19014,6.175,0.0
19015,6.21,0.0
19016,6.24,0.0
19017,6.26,0.0
19018,6.3,0.0
19019,6.35,0.0
19020,6.375,0.0
19021,6.415,0.0
19022,6.465,0.0
19023,6.51,0.0
19024,6.55,0.0
19025,6.565,0.0
19026,6.63,0.0
19027,6.695,0.0
19028,6.725,0.0
19029,6.755,0.0
19030,6.79,0.0
19031,6.855,0.0
19032,6.885,0.0
19033,6.91,0.0
19034,6.93,0.0
19035,6.95,0.0
19036,6.965,0.0
19037,6.955,0.0
19038,6.94,0.0
19039,6.935,0.0
19040,6.91,0.0
19041,6.86,0.0
19042,6.8,0.0
19043,6.75,0.0
19044,6.68,0.0
19045,6.61,0.0
19046,6.52,0.0
19047,6.435,0.0
19048,6.36,0.0
19049,6.25,0.0
19050,6.215,0.0
19051,6.05,0.0
19052,5.965,0.0
19053,5.87,0.0
19054,5.78,0.0
19055,5.69,0.0
19056,5.64,0.0
19057,5.565,0.0
19058,5.495,0.0
19059,5.435,0.0
19060,5.395,0.0
19061,5.36,0.0
19062,5.305,0.0
19063,5.265,0.0
19064,5.24,0.0
19065,5.22,0.0
19066,5.175,0.0
19067,5.17,0.0
19068,5.165,0.0
19069,5.165,0.0
19070,5.145,0.0
19071,5.14,0.0
19072,5.14,0.0
19073,5.15,0.0
19074,5.135,0.0
19075,5.13,0.0
19076,5.12,0.0
19077,5.135,0.0
19078,5.125,0.0
19079,5.125,0.0
19080,5.11,0.0
19081,5.14,0.0
19082,5.13,0.0
19083,5.125,0.0
19084,5.125,0.0
19085,5.135,0.0
19086,5.13,0.0
19087,5.12,0.0
19088,5.115,0.0
19089,5.115,0.0
19090,5.13,0.0
19091,5.12,0.0
19092,5.105,0.0
19093,5.11,0.0
19094,5.13,0.0
19095,5.11,0.0
19096,5.085,0.0
19097,5.1,0.0
19098,5.1,0.0
19099,5.09,0.0
19100,5.075,0.0
19101,5.06,0.0
19102,5.07,0.0
19103,5.075,0.0
19104,5.055,0.0
19105,5.055,0.0
19106,5.06,0.0
19107,5.05,0.0
19108,5.035,0.0
19109,5.025,0.0
19110,5.03,0.0
19111,5.025,0.0
19112,5.01,0.0
19113,4.995,0.0
19114,4.995,0.0
19115,5.0,0.0
19116,4.98,0.0
19117,4.98,0.0
19118,4.985,0.0
19119,4.99,0.0
19120,4.98,0.0
19121,4.97,0.0
19122,4.97,0.0
19123,4.985,0.0
19124,4.965,0.0
19125,4.955,0.0
19126,4.96,0.0
19127,4.96,0.0
19128,4.95,0.0
19129,4.96,0.0
19130,4.945,0.0
19131,4.955,0.0
19132,4.96,0.0
19133,4.945,0.0
19134,4.94,0.0
19135,4.945,0.0
19136,4.955,0.0
19137,4.945,0.0
19138,4.94,0.0
19139,4.945,0.0
19140,4.955,0.0
19141,4.95,0.0
19142,4.935,0.0
19143,4.94,0.0
19144,4.95,0.0
19145,4.945,0.0
19146,4.93,0.0
19147,4.93,0.0
19148,4.94,0.0
19149,4.94,0.0
19150,4.935,0.0
19151,4.93,0.0
19152,4.94,0.0
19153,4.945,0.0
19154,4.935,0.0
19155,4.925,0.0
19156,4.94,0.0
19157,4.945,0.0
19158,4.945,0.0
19159,4.95,0.0
19160,5.03,0.0
19161,5.23,0.0
19162,5.745,0.0
19163,5.95,0.0
19164,5.605,0.0
19165,5.39,0.0
19166,5.33,0.0
19167,5.25,0.0
19168,5.19,0.0
19169,5.09,0.0
19170,4.885,0.0
19171,4.595,0.0
19172,4.235,0.0
19173,3.855,0.0
19174,3.44,0.0
19175,3.31,0.0
19176,2.775,0.0
19177,2.56,0.0
19178,2.4,0.0
19179,2.265,0.0
19180,2.125,0.0
19181,2.03,0.0
19182,1.975,0.0
19183,1.94,0.0
19184,1.905,0.0
19185,1.905,0.0
19186,1.9,0.0
19187,1.9,0.0
19188,1.9,0.0
19189,1.935,0.0
19190,1.98,0.0
19191,2.06,0.0
19192,2.215,0.0
19193,2.425,0.0
19194,2.715,0.0
19195,3.065,0.0
19196,3.45,0.0
19197,3.845,0.0
19198,4.21,0.0
19199,4.565,0.0
19200,4.675,0.0
19201,5.16,0.0
19202,5.41,0.0
19203,5.61,0.0
19204,5.745,0.0
19205,5.83,0.0
19206,5.895,0.0
19207,5.955,0.0
19208,5.975,0.0
19209,6.005,0.0
19210,6.05,0.0
19211,6.085,0.0
19212,6.1,0.0
19213,6.13,0.0
19214,6.185,0.0
19215,6.24,0.0
19216,6.265,0.0
19217,6.295,0.0
19218,6.345,0.0
19219,6.375,0.0
19220,6.41,0.0
19221,6.44,0.0
19222,6.485,0.0
19223,6.525,0.0
19224,6.56,0.0
19225,6.57,0.0
19226,6.63,0.0
19227,6.685,0.0
19228,6.725,0.0
19229,6.74,0.0
19230,6.795,0.0
19231,6.845,0.0
19232,6.87,0.0
19233,6.895,0.0
19234,6.925,0.0
19235,6.96,0.0
19236,6.98,0.0
19237,6.985,0.0
19238,6.97,0.0
19239,6.97,0.0
19240,6.955,0.0
19241,6.92,0.0
19242,6.875,0.0
19243,6.835,0.0
19244,6.78,0.0
19245,6.7,0.0
19246,6.61,0.0
19247,6.525,0.0
19248,6.435,0.0
19249,6.325,0.0
19250,6.285,0.0
19251,6.11,0.0
19252,6.035,0.0
19253,5.935,0.0
19254,5.83,0.0
19255,5.75,0.0
19256,5.69,0.0
19257,5.61,0.0
19258,5.545,0.0
19259,5.485,0.0
19260,5.445,0.0
19261,5.405,0.0
19262,5.35,0.0
19263,5.305,0.0
19264,5.285,0.0
19265,5.25,0.0
19266,5.23,0.0
19267,5.205,0.0
19268,5.195,0.0
19269,5.2,0.0
19270,5.185,0.0
19271,5.155,0.0
19272,5.16,0.0
19273,5.165,0.0
19274,5.145,0.0
19275,5.14,0.0
19276,5.135,0.0
19277,5.14,0.0
19278,5.135,0.0
19279,5.125,0.0
19280,5.125,0.0
19281,5.14,0.0
19282,5.135,0.0
19283,5.13,0.0
19284,5.125,0.0
19285,5.14,0.0
19286,5.145,0.0
19287,5.12,0.0
19288,5.115,0.0
19289,5.125,0.0
19290,5.125,0.0
19291,5.125,0.0
19292,5.11,0.0
19293,5.12,0.0
19294,5.12,0.0
19295,5.11,0.0
19296,5.105,0.0
19297,5.1,0.0
19298,5.105,0.0
19299,5.095,0.0
19300,5.09,0.0
19301,5.06,0.0
19302,5.07,0.0
19303,5.06,0.0
19304,5.045,0.0
19305,5.04,0.0
19306,5.04,0.0
19307,5.05,0.0
19308,5.035,0.0
19309,5.015,0.0
19310,5.015,0.0
19311,5.015,0.0
19312,5.005,0.0
19313,5.0,0.0
19314,4.995,0.0
19315,5.005,0.0
19316,4.98,0.0
19317,4.98,0.0
19318,4.99,0.0
19319,4.98,0.0
19320,4.98,0.0
19321,4.97,0.0
19322,4.965,0.0
19323,4.975,0.0
19324,4.965,0.0
19325,4.965,0.0
19326,4.95,0.0
19327,4.97,0.0
19328,4.96,0.0
19329,4.95,0.0
19330,4.935,0.0
19331,4.955,0.0
19332,4.95,0.0
19333,4.93,0.0
19334,4.925,0.0
19335,4.945,0.0
19336,4.945,0.0
19337,4.93,0.0
19338,4.925,0.0
19339,4.925,0.0
19340,4.945,0.0
19341,4.94,0.0
19342,4.925,0.0
19343,4.93,0.0
19344,4.945,0.0
19345,4.93,0.0
19346,4.925,0.0
19347,4.935,0.0
19348,4.94,0.0
19349,4.925,0.0
19350,4.915,0.0
19351,4.92,0.0
19352,4.945,0.0
19353,4.94,0.0
19354,4.92,0.0
19355,4.915,0.0
19356,4.935,0.0
19357,4.95,0.0
19358,4.955,0.0
19359,5.015,0.0
19360,5.315,0.0
19361,5.845,0.0
19362,5.855,0.0
19363,5.48,0.0
19364,5.335,0.0
19365,5.26,0.0
19366,5.13,0.0
19367,4.93,0.0
19368,4.69,0.0
19369,4.41,0.0
19370,4.035,0.0
19371,3.685,0.0
19372,3.405,0.0
19373,3.175,0.0
19374,2.905,0.0
19375,2.805,0.0
19376,2.37,0.0
19377,2.23,0.0
19378,2.1,0.0
19379,1.985,0.0
19380,1.945,0.0
19381,1.92,0.0
19382,1.9,0.0
19383,1.87,0.0
19384,1.86,0.0
19385,1.88,0.0
19386,1.895,0.0
19387,1.91,0.0
19388,1.965,0.0
19389,2.085,0.0
19390,2.27,0.0
19391,2.48,0.0
19392,2.75,0.0
19393,3.105,0.0
19394,3.465,0.0
19395,3.835,0.0
19396,4.17,0.0
19397,4.5,0.0
19398,4.815,0.0
19399,5.08,0.0
19400,5.155,0.0
19401,5.52,0.0
19402,5.68,0.0
19403,5.77,0.0
19404,5.82,0.0
19405,5.875,0.0
19406,5.96,0.0
19407,6.0,0.0
19408,6.035,0.0
19409,6.075,0.0
19410,6.13,0.0
19411,6.175,0.0
19412,6.21,0.0
19413,6.235,0.0
19414,6.285,0.0
19415,6.32,0.0
19416,6.345,0.0
19417,6.385,0.0
19418,6.425,0.0
19419,6.47,0.0
19420,6.5,0.0
19421,6.51,0.0
19422,6.565,0.0
19423,6.595,0.0
19424,6.62,0.0
19425,6.62,0.0
19426,6.67,0.0
19427,6.71,0.0
19428,6.73,0.0
19429,6.755,0.0
19430,6.795,0.0
19431,6.84,0.0
19432,6.88,0.0
19433,6.88,0.0
19434,6.89,0.0
19435,6.9,0.0
19436,6.9,0.0
19437,6.88,0.0
19438,6.845,0.0
19439,6.835,0.0
19440,6.78,0.0
19441,6.705,0.0
19442,6.635,0.0
19443,6.57,0.0
19444,6.495,0.0
19445,6.39,0.0
19446,6.3,0.0
19447,6.21,0.0
19448,6.125,0.0
19449,6.02,0.0
19450,5.975,0.0
19451,5.815,0.0
19452,5.745,0.0
19453,5.665,0.0
19454,5.575,0.0
19455,5.5,0.0
19456,5.45,0.0
19457,5.4,0.0
19458,5.34,0.0
19459,5.3,0.0
19460,5.27,0.0
19461,5.24,0.0
19462,5.215,0.0
19463,5.185,0.0
19464,5.18,0.0
19465,5.17,0.0
19466,5.145,0.0
19467,5.13,0.0
19468,5.135,0.0
19469,5.145,0.0
19470,5.135,0.0
19471,5.12,0.0
19472,5.13,0.0
19473,5.135,0.0
19474,5.13,0.0
19475,5.13,0.0
19476,5.12,0.0
19477,5.135,0.0
19478,5.135,0.0
19479,5.125,0.0
19480,5.12,0.0
19481,5.14,0.0
19482,5.14,0.0
19483,5.12,0.0
19484,5.12,0.0
19485,5.135,0.0
19486,5.135,0.0
19487,5.13,0.0
19488,5.125,0.0
19489,5.125,0.0
19490,5.135,0.0
19491,5.13,0.0
19492,5.115,0.0
19493,5.115,0.0
19494,5.12,0.0
19495,5.1,0.0
19496,5.085,0.0
19497,5.085,0.0
19498,5.09,0.0
19499,5.075,0.0
19500,5.07,0.0
19501,5.065,0.0
19502,5.07,0.0
19503,5.07,0.0
19504,5.04,0.0
19505,5.03,0.0
19506,5.05,0.0
19507,5.045,0.0
19508,5.02,0.0
19509,5.015,0.0
19510,5.01,0.0
19511,5.02,0.0
19512,5.0,0.0
19513,4.99,0.0
19514,5.005,0.0
19515,5.005,0.0
19516,4.985,0.0
19517,4.98,0.0
19518,4.98,0.0
19519,4.995,0.0
19520,4.98,0.0
19521,4.96,0.0
19522,4.975,0.0
19523,4.98,0.0
19524,4.965,0.0
19525,4.965,0.0
19526,4.96,0.0
19527,4.975,0.0
19528,4.965,0.0
19529,4.95,0.0
19530,4.95,0.0
19531,4.96,0.0
19532,4.96,0.0
19533,4.94,0.0
19534,4.94,0.0
19535,4.94,0.0
19536,4.95,0.0
19537,4.93,0.0
19538,4.94,0.0
19539,4.945,0.0
19540,4.955,0.0
19541,4.94,0.0
19542,4.92,0.0
19543,4.935,0.0
19544,4.945,0.0
19545,4.935,0.0
19546,4.92,0.0
19547,4.925,0.0
19548,4.94,0.0
19549,4.94,0.0
19550,4.93,0.0
19551,4.93,0.0
19552,4.945,0.0
19553,4.945,0.0
19554,4.935,0.0
19555,4.935,0.0
19556,4.95,0.0
19557,4.96,0.0
19558,4.95,0.0
19559,4.98,0.0
19560,5.15,0.0
19561,5.59,0.0
19562,5.87,0.0
19563,5.64,0.0
19564,5.43,0.0
19565,5.365,0.0
19566,5.3,0.0
19567,5.245,0.0
19568,5.185,0.0
19569,5.06,0.0
19570,4.86,0.0
19571,4.565,0.0
19572,4.22,0.0
19573,3.865,0.0
19574,3.49,0.0
19575,3.365,0.0
19576,2.875,0.0
19577,2.655,0.0
19578,2.495,0.0
19579,2.35,0.0
19580,2.195,0.0
19581,2.085,0.0
19582,1.995,0.0
19583,1.94,0.0
19584,1.915,0.0
19585,1.915,0.0
19586,1.9,0.0
19587,1.87,0.0
19588,1.87,0.0
19589,1.885,0.0
19590,1.905,0.0
19591,1.92,0.0
19592,1.955,0.0
19593,2.045,0.0
19594,2.2,0.0
19595,2.36,0.0
19596,2.565,0.0
19597,2.835,0.0
19598,3.16,0.0
19599,3.505,0.0
19600,3.61,0.0
19601,4.17,0.0
19602,4.495,0.0
19603,4.79,0.0
19604,5.02,0.0
19605,5.24,0.0
19606,5.455,0.0
19607,5.64,0.0
19608,5.745,0.0
19609,5.835,0.0
19610,5.9,0.0
19611,5.95,0.0
19612,5.99,0.0
19613,6.025,0.0
19614,6.08,0.0
19615,6.115,0.0
19616,6.15,0.0
19617,6.17,0.0
19618,6.215,0.0
19619,6.255,0.0
19620,6.28,0.0
19621,6.295,0.0
19622,6.335,0.0
19623,6.375,0.0
19624,6.41,0.0
19625,6.42,0.0
19626,6.48,0.0
19627,6.525,0.0
19628,6.555,0.0
19629,6.59,0.0
19630,6.63,0.0
19631,6.68,0.0
19632,6.715,0.0
19633,6.74,0.0
19634,6.785,0.0
19635,6.83,0.0
19636,6.87,0.0
19637,6.895,0.0
19638,6.935,0.0
19639,6.975,0.0
19640,7.005,0.0
19641,7.025,0.0
19642,7.03,0.0
19643,7.035,0.0
19644,7.05,0.0
19645,7.045,0.0
19646,7.015,0.0
19647,7.005,0.0
19648,6.98,0.0
19649,6.935,0.0
19650,6.92,0.0
19651,6.82,0.0
19652,6.76,0.0
19653,6.695,0.0
19654,6.6,0.0
19655,6.515,0.0
19656,6.45,0.0
19657,6.35,0.0
19658,6.24,0.0
19659,6.14,0.0
19660,6.07,0.0
19661,5.985,0.0
19662,5.885,0.0
19663,5.8,0.0
19664,5.735,0.0
19665,5.67,0.0
19666,5.58,0.0
19667,5.51,0.0
19668,5.45,0.0
19669,5.41,0.0
19670,5.34,0.0
19671,5.29,0.0
19672,5.255,0.0
19673,5.25,0.0
19674,5.2,0.0
19675,5.19,0.0
19676,5.17,0.0
19677,5.19,0.0
19678,5.18,0.0
19679,5.175,0.0
19680,5.165,0.0
19681,5.16,0.0
19682,5.16,0.0
19683,5.14,0.0
19684,5.135,0.0
19685,5.155,0.0
19686,5.155,0.0
19687,5.14,0.0
19688,5.135,0.0
19689,5.145,0.0
19690,5.14,0.0
19691,5.135,0.0
19692,5.135,0.0
19693,5.15,0.0
19694,5.15,0.0
19695,5.15,0.0
19696,5.135,0.0
19697,5.14,0.0
19698,5.155,0.0
19699,5.15,0.0
19700,5.145,0.0
19701,5.14,0.0
19702,5.15,0.0
19703,5.14,0.0
19704,5.125,0.0
19705,5.13,0.0
19706,5.14,0.0
19707,5.14,0.0
19708,5.125,0.0
19709,5.12,0.0
19710,5.115,0.0
19711,5.115,0.0
19712,5.095,0.0
19713,5.095,0.0
19714,5.09,0.0
19715,5.095,0.0
19716,5.07,0.0
19717,5.06,0.0
19718,5.07,0.0
19719,5.07,0.0
19720,5.065,0.0
19721,5.04,0.0
19722,5.05,0.0
19723,5.06,0.0
19724,5.05,0.0
19725,5.045,0.0
19726,5.03,0.0
19727,5.04,0.0
19728,5.03,0.0
19729,5.03,0.0
19730,5.015,0.0
19731,5.025,0.0
19732,5.025,0.0
19733,5.01,0.0
19734,5.02,0.0
19735,5.015,0.0
19736,5.025,0.0
19737,5.01,0.0
19738,5.01,0.0
19739,5.025,0.0
19740,5.025,0.0
19741,5.005,0.0
19742,4.995,0.0
19743,5.005,0.0
19744,5.01,0.0
19745,5.005,0.0
19746,5.0,0.0
19747,5.005,0.0
19748,5.02,0.0
19749,5.01,0.0
19750,5.005,0.0
19751,5.0,0.0
19752,5.01,0.0
19753,5.005,0.0
19754,4.995,0.0
19755,4.995,0.0
19756,5.005,0.0
19757,5.0,0.0
19758,5.005,0.0
19759,5.005,0.0
19760,5.015,0.0
19761,5.01,0.0
19762,4.995,0.0
19763,4.995,0.0
19764,5.005,0.0
19765,5.015,0.0
19766,5.005,0.0
19767,4.995,0.0
19768,4.99,0.0
19769,5.015,0.0
19770,5.005,0.0
19771,4.975,0.0
19772,5.0,0.0
19773,5.005,0.0
19774,5.01,0.0
19775,5.005,0.0
19776,5.015,0.0
19777,5.035,0.0
19778,5.095,0.0
19779,5.255,0.0
19780,5.705,0.0
19781,5.96,0.0
19782,5.735,0.0
19783,5.505,0.0
19784,5.435,0.0
19785,5.39,0.0
19786,5.34,0.0
19787,5.245,0.0
19788,5.11,0.0
19789,4.91,0.0
19790,4.62,0.0
19791,4.26,0.0
19792,3.885,0.0
19793,3.51,0.0
19794,3.165,0.0
19795,2.865,0.0
19796,2.63,0.0
19797,2.475,0.0
19798,2.365,0.0
19799,2.24,0.0
19800,2.195,0.0
19801,2.04,0.0
19802,2.01,0.0
19803,1.97,0.0
19804,1.93,0.0
19805,1.925,0.0
19806,1.925,0.0
19807,1.93,0.0
19808,1.91,0.0
19809,1.92,0.0
19810,1.945,0.0
19811,1.99,0.0
19812,2.045,0.0
19813,2.165,0.0
19814,2.345,0.0
19815,2.555,0.0
19816,2.8,0.0
19817,3.125,0.0
19818,3.49,0.0
19819,3.825,0.0
19820,4.15,0.0
19821,4.47,0.0
19822,4.79,0.0
19823,5.06,0.0
19824,5.28,0.0
19825,5.345,0.0
19826,5.685,0.0
19827,5.83,0.0
19828,5.91,0.0
19829,5.96,0.0
19830,6.025,0.0
19831,6.085,0.0
19832,6.13,0.0
19833,6.15,0.0
19834,6.185,0.0
19835,6.23,0.0
19836,6.265,0.0
19837,6.295,0.0
19838,6.325,0.0
19839,6.37,0.0
19840,6.415,0.0
19841,6.44,0.0
19842,6.48,0.0
19843,6.535,0.0
19844,6.575,0.0
19845,6.615,0.0
19846,6.655,0.0
19847,6.71,0.0
19848,6.76,0.0
19849,6.8,0.0
19850,6.81,0.0
19851,6.885,0.0
19852,6.935,0.0
19853,6.97,0.0
19854,7.0,0.0
19855,7.05,0.0
19856,7.085,0.0
19857,7.125,0.0
19858,7.13,0.0
19859,7.155,0.0
19860,7.175,0.0
19861,7.185,0.0
19862,7.17,0.0
19863,7.155,0.0
19864,7.15,0.0
19865,7.12,0.0
19866,7.075,0.0
19867,7.015,0.0
19868,6.955,0.0
19869,6.895,0.0
19870,6.815,0.0
19871,6.72,0.0
19872,6.65,0.0
19873,6.57,0.0
19874,6.465,0.0
19875,6.425,0.0
19876,6.265,0.0
19877,6.185,0.0
19878,6.09,0.0
19879,5.985,0.0
19880,5.905,0.0
19881,5.845,0.0
19882,5.76,0.0
19883,5.69,0.0
19884,5.625,0.0
19885,5.58,0.0
19886,5.52,0.0
19887,5.46,0.0
19888,5.42,0.0
19889,5.38,0.0
19890,5.355,0.0
19891,5.32,0.0
19892,5.285,0.0
19893,5.27,0.0
19894,5.255,0.0
19895,5.23,0.0
19896,5.205,0.0
19897,5.2,0.0
19898,5.195,0.0
19899,5.185,0.0
19900,5.18,0.0
19901,5.175,0.0
19902,5.175,0.0
19903,5.165,0.0
19904,5.15,0.0
19905,5.15,0.0
19906,5.155,0.0
19907,5.16,0.0
19908,5.15,0.0
19909,5.145,0.0
19910,5.155,0.0
19911,5.165,0.0
19912,5.15,0.0
19913,5.145,0.0
19914,5.145,0.0
19915,5.15,0.0
19916,5.155,0.0
19917,5.15,0.0
19918,5.165,0.0
19919,5.18,0.0
19920,5.19,0.0
19921,5.175,0.0
19922,5.2,0.0
19923,5.21,0.0
19924,5.205,0.0
19925,5.2,0.0
19926,5.185,0.0
19927,5.2,0.0
19928,5.19,0.0
19929,5.18,0.0
19930,5.18,0.0
19931,5.18,0.0
19932,5.175,0.0
19933,5.15,0.0
19934,5.13,0.0
19935,5.125,0.0
19936,5.1,0.0
19937,5.09,0.0
19938,5.065,0.0
19939,5.065,0.0
19940,5.055,0.0
19941,5.04,0.0
19942,5.005,0.0
19943,5.0,0.0
19944,5.02,0.0
19945,5.025,0.0
19946,5.02,0.0
19947,5.025,0.0
19948,5.025,0.0
19949,5.015,0.0
19950,5.01,0.0
19951,4.995,0.0
19952,5.0,0.0
19953,5.0,0.0
19954,4.99,0.0
19955,4.995,0.0
19956,5.0,0.0
19957,5.0,0.0
19958,4.99,0.0
19959,4.98,0.0
19960,4.985,0.0
19961,4.99,0.0
19962,4.985,0.0
19963,4.96,0.0
19964,4.975,0.0
19965,4.98,0.0
19966,4.965,0.0
19967,4.95,0.0
19968,4.965,0.0
19969,4.965,0.0
19970,4.96,0.0
19971,4.94,0.0
19972,4.955,0.0
19973,4.97,0.0
19974,4.955,0.0
19975,4.945,0.0
19976,4.95,0.0
19977,4.96,0.0
19978,4.955,0.0
19979,4.93,0.0
19980,4.93,0.0
19981,4.955,0.0
19982,4.96,0.0
19983,4.94,0.0
19984,4.935,0.0
19985,4.97,0.0
19986,4.975,0.0
19987,4.95,0.0
19988,4.945,0.0
19989,4.96,0.0
19990,4.975,0.0
19991,4.955,0.0
19992,4.955,0.0
19993,4.99,0.0
19994,5.07,0.0
19995,5.265,0.0
19996,5.775,0.0
19997,6.055,0.0
19998,5.76,0.0
19999,5.475,0.0
20000,5.425,0.0
20001,5.335,0.0
20002,5.29,0.0
20003,5.21,0.0
20004,5.08,0.0
20005,4.87,0.0
20006,4.605,0.0
20007,4.26,0.0
20008,3.865,0.0
20009,3.44,0.0
20010,3.04,0.0
20011,2.725,0.0
20012,2.515,0.0
20013,2.365,0.0
20014,2.285,0.0
20015,2.18,0.0
20016,2.05,0.0
20017,1.97,0.0
20018,1.945,0.0
20019,1.905,0.0
20020,1.895,0.0
20021,1.85,0.0
20022,1.865,0.0
20023,1.88,0.0
20024,1.88,0.0
20025,1.88,0.0
20026,1.95,0.0
20027,2.055,0.0
20028,2.185,0.0
20029,2.355,0.0
20030,2.585,0.0
20031,2.85,0.0
20032,3.15,0.0
20033,3.485,0.0
20034,3.825,0.0
20035,4.125,0.0
20036,4.425,0.0
20037,4.72,0.0
20038,4.965,0.0
20039,5.19,0.0
20040,5.39,0.0
20041,5.55,0.0
20042,5.71,0.0
20043,5.825,0.0
20044,5.91,0.0
20045,5.96,0.0
20046,6.015,0.0
20047,6.07,0.0
20048,6.125,0.0
20049,6.18,0.0
20050,6.195,0.0
20051,6.29,0.0
20052,6.345,0.0
20053,6.385,0.0
20054,6.425,0.0
20055,6.49,0.0
20056,6.555,0.0
20057,6.605,0.0
20058,6.65,0.0
20059,6.715,0.0
20060,6.78,0.0
20061,6.84,0.0
20062,6.89,0.0
20063,6.935,0.0
20064,7.0,0.0
20065,7.05,0.0
20066,7.09,0.0
20067,7.115,0.0
20068,7.165,0.0
20069,7.2,0.0
20070,7.215,0.0
20071,7.21,0.0
20072,7.235,0.0
20073,7.23,0.0
20074,7.21,0.0
20075,7.2,0.0
20076,7.135,0.0
20077,7.09,0.0
20078,7.03,0.0
20079,6.935,0.0
20080,6.86,0.0
20081,6.785,0.0
20082,6.685,0.0
20083,6.585,0.0
20084,6.485,0.0
20085,6.405,0.0
20086,6.315,0.0
20087,6.205,0.0
20088,6.11,0.0
20089,6.04,0.0
20090,5.96,0.0
20091,5.88,0.0
20092,5.795,0.0
20093,5.74,0.0
20094,5.675,0.0
20095,5.6,0.0
20096,5.535,0.0
20097,5.495,0.0
20098,5.465,0.0
20099,5.4,0.0
20100,5.375,0.0
20101,5.325,0.0
20102,5.3,0.0
20103,5.275,0.0
20104,5.24,0.0
20105,5.225,0.0
20106,5.21,0.0
20107,5.205,0.0
20108,5.175,0.0
20109,5.17,0.0
20110,5.16,0.0
20111,5.16,0.0
20112,5.135,0.0
20113,5.12,0.0
20114,5.12,0.0
20115,5.115,0.0
20116,5.1,0.0
20117,5.09,0.0
20118,5.1,0.0
20119,5.1,0.0
20120,5.095,0.0
20121,5.09,0.0
20122,5.09,0.0
20123,5.095,0.0
20124,5.105,0.0
20125,5.1,0.0
20126,5.09,0.0
20127,5.095,0.0
20128,5.095,0.0
20129,5.08,0.0
20130,5.08,0.0
20131,5.09,0.0
20132,5.095,0.0
20133,5.085,0.0
20134,5.08,0.0
20135,5.095,0.0
20136,5.095,0.0
20137,5.075,0.0
20138,5.075,0.0
20139,5.08,0.0
20140,5.085,0.0
20141,5.075,0.0
20142,5.065,0.0
20143,5.07,0.0
20144,5.085,0.0
20145,5.075,0.0
20146,5.065,0.0
20147,5.075,0.0
20148,5.085,0.0
20149,5.075,0.0
20150,5.075,0.0
20151,5.075,0.0
20152,5.09,0.0
20153,5.1,0.0
20154,5.08,0.0
20155,5.075,0.0
20156,5.075,0.0
20157,5.06,0.0
20158,5.03,0.0
20159,5.015,0.0
20160,5.025,0.0
20161,5.02,0.0
20162,4.99,0.0
20163,4.965,0.0
20164,4.945,0.0
20165,4.935,0.0
20166,4.925,0.0
20167,4.905,0.0
20168,4.92,0.0
20169,4.95,0.0
20170,4.95,0.0
20171,4.94,0.0
20172,4.955,0.0
20173,4.95,0.0
20174,4.95,0.0
20175,4.95,0.0
20176,4.94,0.0
20177,4.945,0.0
20178,4.94,0.0
20179,4.935,0.0
20180,4.94,0.0
20181,4.945,0.0
20182,4.955,0.0
20183,4.935,0.0
20184,4.93,0.0
20185,4.94,0.0
20186,4.95,0.0
20187,4.935,0.0
20188,4.93,0.0
20189,4.925,0.0
20190,4.945,0.0
20191,4.935,0.0
20192,4.93,0.0
20193,4.935,0.0
20194,4.945,0.0
20195,4.95,0.0
20196,4.94,0.0
20197,4.955,0.0
20198,4.975,0.0
20199,4.995,0.0
20200,5.01,0.0
20201,5.46,0.0
20202,6.025,0.0
20203,6.0,0.0
20204,5.605,0.0
20205,5.445,0.0
20206,5.41,0.0
20207,5.35,0.0
20208,5.29,0.0
20209,5.215,0.0
20210,5.09,0.0
20211,4.875,0.0
20212,4.575,0.0
20213,4.235,0.0
20214,3.885,0.0
20215,3.535,0.0
20216,3.17,0.0
20217,2.915,0.0
20218,2.71,0.0
20219,2.55,0.0
20220,2.395,0.0
20221,2.225,0.0
20222,2.085,0.0
20223,2.025,0.0
20224,1.96,0.0
20225,1.94,0.0
20226,1.89,0.0
20227,1.87,0.0
20228,1.85,0.0
20229,1.835,0.0
20230,1.855,0.0
20231,1.89,0.0
20232,1.94,0.0
20233,2.035,0.0
20234,2.16,0.0
20235,2.35,0.0
20236,2.535,0.0
20237,2.73,0.0
20238,2.985,0.0
20239,3.305,0.0
20240,3.625,0.0
20241,3.925,0.0
20242,4.225,0.0
20243,4.525,0.0
20244,4.805,0.0
20245,5.035,0.0
20246,5.215,0.0
20247,5.415,0.0
20248,5.59,0.0
20249,5.71,0.0
20250,5.745,0.0
20251,5.845,0.0
20252,5.915,0.0
20253,5.955,0.0
20254,5.99,0.0
20255,6.04,0.0
20256,6.09,0.0
20257,6.13,0.0
20258,6.15,0.0
20259,6.19,0.0
20260,6.25,0.0
20261,6.285,0.0
20262,6.315,0.0
20263,6.36,0.0
20264,6.41,0.0
20265,6.465,0.0
20266,6.505,0.0
20267,6.545,0.0
20268,6.605,0.0
20269,6.655,0.0
20270,6.7,0.0
20271,6.74,0.0
20272,6.8,0.0
20273,6.85,0.0
20274,6.885,0.0
20275,6.895,0.0
20276,6.96,0.0
20277,7.005,0.0
20278,7.04,0.0
20279,7.05,0.0
20280,7.06,0.0
20281,7.085,0.0
20282,7.09,0.0
20283,7.06,0.0
20284,7.04,0.0
20285,7.025,0.0
20286,6.985,0.0
20287,6.92,0.0
20288,6.87,0.0
20289,6.81,0.0
20290,6.75,0.0
20291,6.665,0.0
20292,6.57,0.0
20293,6.485,0.0
20294,6.405,0.0
20295,6.305,0.0
20296,6.21,0.0
20297,6.135,0.0
20298,6.055,0.0
20299,5.96,0.0
20300,5.92,0.0
20301,5.79,0.0
20302,5.73,0.0
20303,5.655,0.0
20304,5.59,0.0
20305,5.535,0.0
20306,5.495,0.0
20307,5.445,0.0
20308,5.39,0.0
20309,5.355,0.0
20310,5.33,0.0
20311,5.295,0.0
20312,5.25,0.0
20313,5.225,0.0
20314,5.215,0.0
20315,5.19,0.0
20316,5.16,0.0
20317,5.14,0.0
20318,5.135,0.0
20319,5.14,0.0
20320,5.12,0.0
20321,5.1,0.0
20322,5.095,0.0
20323,5.105,0.0
20324,5.095,0.0
20325,5.08,0.0
20326,5.075,0.0
20327,5.085,0.0
20328,5.075,0.0
20329,5.07,0.0
20330,5.07,0.0
20331,5.085,0.0
20332,5.085,0.0
20333,5.07,0.0
20334,5.065,0.0
20335,5.08,0.0
20336,5.08,0.0
20337,5.07,0.0
20338,5.065,0.0
20339,5.08,0.0
20340,5.085,0.0
20341,5.085,0.0
20342,5.065,0.0
20343,5.09,0.0
20344,5.09,0.0
20345,5.09,0.0
20346,5.065,0.0
20347,5.085,0.0
20348,5.095,0.0
20349,5.07,0.0
20350,5.065,0.0
20351,5.06,0.0
20352,5.07,0.0
20353,5.065,0.0
20354,5.05,0.0
20355,5.05,0.0
20356,5.055,0.0
20357,5.04,0.0
20358,5.03,0.0
20359,5.025,0.0
20360,5.03,0.0
20361,5.04,0.0
20362,5.03,0.0
20363,5.015,0.0
20364,5.03,0.0
20365,5.045,0.0
20366,5.035,0.0
20367,5.035,0.0
20368,5.055,0.0
20369,5.055,0.0
20370,5.03,0.0
20371,5.0,0.0
20372,4.995,0.0
20373,4.99,0.0
20374,4.975,0.0
20375,4.97,0.0
20376,4.935,0.0
20377,4.93,0.0
20378,4.915,0.0
20379,4.885,0.0
20380,4.88,0.0
20381,4.89,0.0
20382,4.905,0.0
20383,4.91,0.0
20384,4.92,0.0
20385,4.915,0.0
20386,4.925,0.0
20387,4.905,0.0
20388,4.905,0.0
20389,4.92,0.0
20390,4.92,0.0
20391,4.915,0.0
20392,4.915,0.0
20393,4.915,0.0
20394,4.94,0.0
20395,4.93,0.0
20396,4.91,0.0
20397,4.915,0.0
20398,4.925,0.0
20399,4.92,0.0
20400,4.915,0.0
20401,4.925,0.0
20402,4.94,0.0
20403,4.925,0.0
20404,4.94,0.0
20405,4.945,0.0
20406,5.03,0.0
20407,5.28,0.0
20408,5.795,0.0
20409,5.945,0.0
20410,5.595,0.0
20411,5.4,0.0
20412,5.35,0.0
20413,5.305,0.0
20414,5.275,0.0
20415,5.19,0.0
20416,5.04,0.0
20417,4.785,0.0
20418,4.47,0.0
20419,4.125,0.0
20420,3.75,0.0
20421,3.37,0.0
20422,3.06,0.0
20423,2.825,0.0
20424,2.655,0.0
20425,2.61,0.0
20426,2.375,0.0
20427,2.235,0.0
20428,2.09,0.0
20429,1.99,0.0
20430,1.94,0.0
20431,1.905,0.0
20432,1.865,0.0
20433,1.84,0.0
20434,1.83,0.0
20435,1.85,0.0
20436,1.85,0.0
20437,1.865,0.0
20438,1.93,0.0
20439,2.04,0.0
20440,2.195,0.0
20441,2.37,0.0
20442,2.585,0.0
20443,2.87,0.0
20444,3.215,0.0
20445,3.55,0.0
20446,3.875,0.0
20447,4.215,0.0
20448,4.56,0.0
20449,4.845,0.0
20450,4.93,0.0
20451,5.325,0.0
20452,5.525,0.0
20453,5.695,0.0
20454,5.805,0.0
20455,5.885,0.0
20456,5.96,0.0
20457,6.015,0.0
20458,6.055,0.0
20459,6.095,0.0
20460,6.165,0.0
20461,6.21,0.0
20462,6.245,0.0
20463,6.285,0.0
20464,6.345,0.0
20465,6.395,0.0
20466,6.415,0.0
20467,6.465,0.0
20468,6.53,0.0
20469,6.585,0.0
20470,6.63,0.0
20471,6.68,0.0
20472,6.745,0.0
20473,6.81,0.0
20474,6.84,0.0
20475,6.85,0.0
20476,6.945,0.0
20477,7.0,0.0
20478,7.035,0.0
20479,7.055,0.0
20480,7.1,0.0
20481,7.135,0.0
20482,7.16,0.0
20483,7.175,0.0
20484,7.17,0.0
20485,7.18,0.0
20486,7.165,0.0
20487,7.12,0.0
20488,7.085,0.0
20489,7.045,0.0
20490,7.0,0.0
20491,6.91,0.0
20492,6.835,0.0
20493,6.765,0.0
20494,6.675,0.0
20495,6.57,0.0
20496,6.47,0.0
20497,6.37,0.0
20498,6.28,0.0
20499,6.175,0.0
20500,6.135,0.0
20501,5.985,0.0
20502,5.905,0.0
20503,5.805,0.0
20504,5.71,0.0
20505,5.655,0.0
20506,5.605,0.0
20507,5.55,0.0
20508,5.47,0.0
20509,5.435,0.0
20510,5.4,0.0
20511,5.36,0.0
20512,5.315,0.0
20513,5.29,0.0
20514,5.26,0.0
20515,5.24,0.0
20516,5.205,0.0
20517,5.175,0.0
20518,5.17,0.0
20519,5.155,0.0
20520,5.145,0.0
20521,5.125,0.0
20522,5.13,0.0
20523,5.12,0.0
20524,5.11,0.0
20525,5.105,0.0
20526,5.1,0.0
20527,5.105,0.0
20528,5.1,0.0
20529,5.085,0.0
20530,5.095,0.0
20531,5.095,0.0
20532,5.1,0.0
20533,5.09,0.0
20534,5.085,0.0
20535,5.095,0.0
20536,5.105,0.0
20537,5.085,0.0
20538,5.085,0.0
20539,5.1,0.0
20540,5.1,0.0
20541,5.09,0.0
20542,5.085,0.0
20543,5.1,0.0
20544,5.1,0.0
20545,5.1,0.0
20546,5.085,0.0
20547,5.095,0.0
20548,5.095,0.0
20549,5.095,0.0
20550,5.09,0.0
20551,5.08,0.0
20552,5.085,0.0
20553,5.08,0.0
20554,5.065,0.0
20555,5.07,0.0
20556,5.075,0.0
20557,5.07,0.0
20558,5.055,0.0
20559,5.055,0.0
20560,5.045,0.0
20561,5.05,0.0
20562,5.025,0.0
20563,5.025,0.0
20564,5.035,0.0
20565,5.03,0.0
20566,5.005,0.0
20567,5.0,0.0
20568,5.015,0.0
20569,5.005,0.0
20570,5.0,0.0
20571,4.98,0.0
20572,5.0,0.0
20573,4.995,0.0
20574,4.99,0.0
20575,4.98,0.0
20576,4.98,0.0
20577,4.985,0.0
20578,4.98,0.0
20579,4.97,0.0
20580,4.965,0.0
20581,4.97,0.0
20582,4.975,0.0
20583,4.95,0.0
20584,4.945,0.0
20585,4.95,0.0
20586,4.955,0.0
20587,4.95,0.0
20588,4.945,0.0
20589,4.95,0.0
20590,4.97,0.0
20591,4.945,0.0
20592,4.945,0.0
20593,4.95,0.0
20594,4.96,0.0
20595,4.95,0.0
20596,4.94,0.0
20597,4.94,0.0
20598,4.96,0.0
20599,4.955,0.0
20600,4.95,0.0
20601,4.965,0.0
20602,4.98,0.0
20603,4.99,0.0
20604,4.99,0.0
20605,5.01,0.0
20606,5.025,0.0
20607,5.04,0.0
20608,5.07,0.0
20609,5.195,0.0
20610,5.64,0.0
20611,6.08,0.0
20612,5.9,0.0
20613,5.56,0.0
20614,5.445,0.0
20615,5.375,0.0
20616,5.28,0.0
20617,5.165,0.0
20618,5.025,0.0
20619,4.8,0.0
20620,4.47,0.0
20621,4.09,0.0
20622,3.715,0.0
20623,3.34,0.0
20624,2.97,0.0
20625,2.87,0.0
20626,2.47,0.0
20627,2.325,0.0
20628,2.19,0.0
20629,2.05,0.0
20630,1.965,0.0
20631,1.925,0.0
20632,1.89,0.0
20633,1.85,0.0
20634,1.835,0.0
20635,1.835,0.0
20636,1.845,0.0
20637,1.845,0.0
20638,1.86,0.0
20639,1.895,0.0
20640,1.97,0.0
20641,2.065,0.0
20642,2.21,0.0
20643,2.405,0.0
20644,2.615,0.0
20645,2.85,0.0
20646,3.155,0.0
20647,3.515,0.0
20648,3.86,0.0
20649,4.185,0.0
20650,4.28,0.0
20651,4.78,0.0
20652,5.05,0.0
20653,5.28,0.0
20654,5.48,0.0
20655,5.665,0.0
20656,5.795,0.0
20657,5.875,0.0
20658,5.93,0.0
20659,5.99,0.0
20660,6.055,0.0
20661,6.105,0.0
20662,6.135,0.0
20663,6.175,0.0
20664,6.23,0.0
20665,6.27,0.0
20666,6.31,0.0
20667,6.35,0.0
20668,6.4,0.0
20669,6.44,0.0
20670,6.48,0.0
20671,6.51,0.0
20672,6.57,0.0
20673,6.62,0.0
20674,6.65,0.0
20675,6.65,0.0
20676,6.74,0.0
20677,6.8,0.0
20678,6.835,0.0
20679,6.86,0.0
20680,6.905,0.0
20681,6.95,0.0
20682,6.98,0.0
20683,7.015,0.0
20684,7.035,0.0
20685,7.07,0.0
20686,7.085,0.0
20687,7.085,0.0
20688,7.09,0.0
20689,7.085,0.0
20690,7.075,0.0
20691,7.03,0.0
20692,6.985,0.0
20693,6.955,0.0
20694,6.9,0.0
20695,6.825,0.0
20696,6.735,0.0
20697,6.66,0.0
20698,6.575,0.0
20699,6.47,0.0
20700,6.43,0.0
20701,6.28,0.0
20702,6.19,0.0
20703,6.085,0.0
20704,5.975,0.0
20705,5.9,0.0
20706,5.83,0.0
20707,5.74,0.0
20708,5.655,0.0
20709,5.59,0.0
20710,5.535,0.0
20711,5.49,0.0
20712,5.425,0.0
20713,5.385,0.0
20714,5.355,0.0
20715,5.325,0.0
20716,5.285,0.0
20717,5.25,0.0
20718,5.24,0.0
20719,5.215,0.0
20720,5.185,0.0
20721,5.155,0.0
20722,5.165,0.0
20723,5.15,0.0
20724,5.135,0.0
20725,5.135,0.0
20726,5.125,0.0
20727,5.125,0.0
20728,5.12,0.0
20729,5.115,0.0
20730,5.11,0.0
20731,5.12,0.0
20732,5.11,0.0
20733,5.095,0.0
20734,5.1,0.0
20735,5.11,0.0
20736,5.11,0.0
20737,5.11,0.0
20738,5.11,0.0
20739,5.12,0.0
20740,5.125,0.0
20741,5.12,0.0
20742,5.11,0.0
20743,5.12,0.0
20744,5.125,0.0
20745,5.115,0.0
20746,5.115,0.0
20747,5.11,0.0
20748,5.115,0.0
20749,5.11,0.0
20750,5.1,0.0
20751,5.095,0.0
20752,5.105,0.0
20753,5.1,0.0
20754,5.08,0.0
20755,5.075,0.0
20756,5.085,0.0
20757,5.09,0.0
20758,5.06,0.0
20759,5.05,0.0
20760,5.055,0.0
20761,5.06,0.0
20762,5.045,0.0
20763,5.035,0.0
20764,5.035,0.0
20765,5.045,0.0
20766,5.03,0.0
20767,5.015,0.0
20768,5.015,0.0
20769,5.02,0.0
20770,5.005,0.0
20771,4.985,0.0
20772,5.0,0.0
20773,5.01,0.0
20774,4.995,0.0
20775,4.99,0.0
20776,4.99,0.0
20777,5.0,0.0
20778,4.985,0.0
20779,4.97,0.0
20780,4.96,0.0
20781,4.975,0.0
20782,4.965,0.0
20783,4.96,0.0
20784,4.96,0.0
20785,4.97,0.0
20786,4.965,0.0
20787,4.95,0.0
20788,4.95,0.0
20789,4.96,0.0
20790,4.96,0.0
20791,4.95,0.0
20792,4.94,0.0
20793,4.96,0.0
20794,4.97,0.0
20795,4.955,0.0
20796,4.94,0.0
20797,4.955,0.0
20798,4.975,0.0
20799,4.955,0.0
20800,4.95,0.0
20801,4.95,0.0
20802,4.955,0.0
20803,4.95,0.0
20804,4.95,0.0
20805,4.945,0.0
20806,4.955,0.0
20807,4.965,0.0
20808,4.95,0.0
20809,4.965,0.0
20810,4.985,0.0
20811,5.025,0.0
20812,5.21,0.0
20813,5.76,0.0
20814,6.095,0.0
20815,5.75,0.0
20816,5.46,0.0
20817,5.4,0.0
20818,5.355,0.0
20819,5.285,0.0
20820,5.16,0.0
20821,4.96,0.0
20822,4.65,0.0
20823,4.295,0.0
20824,3.875,0.0
20825,3.74,0.0
20826,3.055,0.0
20827,2.75,0.0
20828,2.5,0.0
20829,2.32,0.0
20830,2.18,0.0
20831,2.04,0.0
20832,1.955,0.0
20833,1.89,0.0
20834,1.87,0.0
20835,1.855,0.0
20836,1.85,0.0
20837,1.83,0.0
20838,1.835,0.0
20839,1.85,0.0
20840,1.87,0.0
20841,1.885,0.0
20842,1.985,0.0
20843,2.14,0.0
20844,2.345,0.0
20845,2.565,0.0
20846,2.865,0.0
20847,3.26,0.0
20848,3.64,0.0
20849,3.99,0.0
20850,4.095,0.0
20851,4.67,0.0
20852,4.975,0.0
20853,5.21,0.0
20854,5.415,0.0
20855,5.62,0.0
20856,5.745,0.0
20857,5.83,0.0
20858,5.865,0.0
20859,5.91,0.0
20860,5.985,0.0
20861,6.04,0.0
20862,6.08,0.0
20863,6.115,0.0
20864,6.17,0.0
20865,6.19,0.0
20866,6.21,0.0
20867,6.235,0.0
20868,6.285,0.0
20869,6.32,0.0
20870,6.34,0.0
20871,6.37,0.0
20872,6.425,0.0
20873,6.48,0.0
20874,6.5,0.0
20875,6.515,0.0
20876,6.57,0.0
20877,6.62,0.0
20878,6.645,0.0
20879,6.68,0.0
20880,6.72,0.0
20881,6.78,0.0
20882,6.815,0.0
20883,6.85,0.0
20884,6.87,0.0
20885,6.91,0.0
20886,6.94,0.0
20887,6.955,0.0
20888,6.975,0.0
20889,6.985,0.0
20890,6.985,0.0
20891,6.955,0.0
20892,6.92,0.0
20893,6.895,0.0
20894,6.845,0.0
20895,6.77,0.0
20896,6.695,0.0
20897,6.635,0.0
20898,6.555,0.0
20899,6.455,0.0
20900,6.415,0.0
20901,6.255,0.0
20902,6.17,0.0
20903,6.07,0.0
20904,5.96,0.0
20905,5.865,0.0
20906,5.79,0.0
20907,5.71,0.0
20908,5.615,0.0
20909,5.56,0.0
20910,5.515,0.0
20911,5.455,0.0
20912,5.395,0.0
20913,5.355,0.0
20914,5.33,0.0
20915,5.305,0.0
20916,5.27,0.0
20917,5.24,0.0
20918,5.24,0.0
20919,5.235,0.0
20920,5.215,0.0
20921,5.19,0.0
20922,5.205,0.0
20923,5.2,0.0
20924,5.19,0.0
20925,5.185,0.0
20926,5.175,0.0
20927,5.185,0.0
20928,5.18,0.0
20929,5.165,0.0
20930,5.17,0.0
20931,5.175,0.0
20932,5.185,0.0
20933,5.17,0.0
20934,5.165,0.0
20935,5.185,0.0
20936,5.18,0.0
20937,5.17,0.0
20938,5.17,0.0
20939,5.18,0.0
20940,5.18,0.0
20941,5.16,0.0
20942,5.16,0.0
20943,5.165,0.0
20944,5.175,0.0
20945,5.155,0.0
20946,5.14,0.0
20947,5.145,0.0
20948,5.15,0.0
20949,5.14,0.0
20950,5.135,0.0
20951,5.12,0.0
20952,5.125,0.0
20953,5.12,0.0
20954,5.085,0.0
20955,5.1,0.0
20956,5.1,0.0
20957,5.09,0.0
20958,5.07,0.0
20959,5.06,0.0
20960,5.07,0.0
20961,5.065,0.0
20962,5.045,0.0
20963,5.035,0.0
20964,5.05,0.0
20965,5.045,0.0
20966,5.03,0.0
20967,5.025,0.0
20968,5.015,0.0
20969,5.03,0.0
20970,5.02,0.0
20971,5.005,0.0
20972,5.01,0.0
20973,5.015,0.0
20974,5.01,0.0
20975,4.995,0.0
20976,4.995,0.0
20977,5.005,0.0
20978,5.005,0.0
20979,4.995,0.0
20980,4.99,0.0
20981,5.0,0.0
20982,5.005,0.0
20983,4.985,0.0
20984,4.98,0.0
20985,4.99,0.0
20986,4.985,0.0
20987,4.975,0.0
20988,4.96,0.0
20989,4.98,0.0
20990,4.98,0.0
20991,4.975,0.0
20992,4.975,0.0
20993,4.98,0.0
20994,4.98,0.0
20995,4.98,0.0
20996,4.97,0.0
20997,4.98,0.0
20998,4.975,0.0
20999,4.965,0.0
21000,4.96,0.0
21001,4.975,0.0
21002,4.98,0.0
21003,4.975,0.0
21004,4.98,0.0
21005,4.98,0.0
21006,4.985,0.0
21007,4.995,0.0
21008,4.985,0.0
21009,5.005,0.0
21010,5.095,0.0
21011,5.375,0.0
21012,5.905,0.0
21013,6.005,0.0
21014,5.64,0.0
21015,5.455,0.0
21016,5.38,0.0
21017,5.31,0.0
21018,5.265,0.0
21019,5.16,0.0
21020,4.96,0.0
21021,4.655,0.0
21022,4.3,0.0
21023,3.895,0.0
21024,3.455,0.0
21025,3.32,0.0
21026,2.76,0.0
21027,2.53,0.0
21028,2.37,0.0
21029,2.22,0.0
21030,2.07,0.0
21031,1.985,0.0
21032,1.915,0.0
21033,1.875,0.0
21034,1.86,0.0
21035,1.855,0.0
21036,1.86,0.0
21037,1.85,0.0
21038,1.84,0.0
21039,1.87,0.0
21040,1.895,0.0
21041,1.935,0.0
21042,2.05,0.0
21043,2.24,0.0
21044,2.46,0.0
21045,2.75,0.0
21046,3.095,0.0
21047,3.485,0.0
21048,3.85,0.0
21049,4.2,0.0
21050,4.305,0.0
21051,4.86,0.0
21052,5.125,0.0
21053,5.36,0.0
21054,5.57,0.0
21055,5.745,0.0
21056,5.865,0.0
21057,5.945,0.0
21058,6.01,0.0
21059,6.08,0.0
21060,6.145,0.0
21061,6.185,0.0
21062,6.235,0.0
21063,6.28,0.0
21064,6.335,0.0
21065,6.365,0.0
21066,6.4,0.0
21067,6.415,0.0
21068,6.465,0.0
21069,6.5,0.0
21070,6.505,0.0
21071,6.535,0.0
21072,6.575,0.0
21073,6.6,0.0
21074,6.625,0.0
21075,6.635,0.0
21076,6.695,0.0
21077,6.735,0.0
21078,6.77,0.0
21079,6.795,0.0
21080,6.845,0.0
21081,6.905,0.0
21082,6.955,0.0
21083,6.965,0.0
21084,6.985,0.0
21085,7.03,0.0
21086,7.05,0.0
21087,7.04,0.0
21088,7.045,0.0
21089,7.05,0.0
21090,7.055,0.0
21091,7.02,0.0
21092,6.975,0.0
21093,6.955,0.0
21094,6.905,0.0
21095,6.835,0.0
21096,6.755,0.0
21097,6.695,0.0
21098,6.61,0.0
21099,6.515,0.0
21100,6.48,0.0
21101,6.33,0.0
21102,6.235,0.0
21103,6.14,0.0
21104,6.035,0.0
21105,5.94,0.0
21106,5.86,0.0
21107,5.77,0.0
21108,5.68,0.0
21109,5.605,0.0
21110,5.54,0.0
21111,5.485,0.0
21112,5.42,0.0
21113,5.365,0.0
21114,5.345,0.0
21115,5.305,0.0
21116,5.28,0.0
21117,5.24,0.0
21118,5.225,0.0
21119,5.22,0.0
21120,5.19,0.0
21121,5.17,0.0
21122,5.17,0.0
21123,5.165,0.0
21124,5.165,0.0
21125,5.16,0.0
21126,5.145,0.0
21127,5.16,0.0
21128,5.15,0.0
21129,5.135,0.0
21130,5.155,0.0
21131,5.16,0.0
21132,5.155,0.0
21133,5.14,0.0
21134,5.145,0.0
21135,5.155,0.0
21136,5.16,0.0
21137,5.15,0.0
21138,5.14,0.0
21139,5.165,0.0
21140,5.16,0.0
21141,5.165,0.0
21142,5.135,0.0
21143,5.155,0.0
21144,5.16,0.0
21145,5.145,0.0
21146,5.14,0.0
21147,5.14,0.0
21148,5.15,0.0
21149,5.125,0.0
21150,5.12,0.0
21151,5.125,0.0
21152,5.125,0.0
21153,5.115,0.0
21154,5.1,0.0
21155,5.095,0.0
21156,5.09,0.0
21157,5.1,0.0
21158,5.065,0.0
21159,5.06,0.0
21160,5.08,0.0
21161,5.075,0.0
21162,5.045,0.0
21163,5.04,0.0
21164,5.05,0.0
21165,5.035,0.0
21166,5.035,0.0
21167,5.02,0.0
21168,5.03,0.0
21169,5.025,0.0
21170,5.015,0.0
21171,5.01,0.0
21172,5.015,0.0
21173,5.015,0.0
21174,5.005,0.0
21175,4.995,0.0
21176,4.995,0.0
21177,5.0,0.0
21178,5.005,0.0
21179,4.985,0.0
21180,4.985,0.0
21181,4.99,0.0
21182,4.995,0.0
21183,4.98,0.0
21184,4.975,0.0
21185,4.98,0.0
21186,4.975,0.0
21187,4.96,0.0
21188,4.955,0.0
21189,4.97,0.0
21190,4.97,0.0
21191,4.955,0.0
21192,4.955,0.0
21193,4.965,0.0
21194,4.97,0.0
21195,4.955,0.0
21196,4.96,0.0
21197,4.96,0.0
21198,4.97,0.0
21199,4.96,0.0
21200,4.955,0.0
21201,4.96,0.0
21202,4.96,0.0
21203,4.97,0.0
21204,4.96,0.0
21205,4.95,0.0
21206,4.965,0.0
21207,4.97,0.0
21208,4.955,0.0
21209,4.95,0.0
21210,4.96,0.0
21211,4.95,0.0
21212,4.95,0.0
21213,4.96,0.0
21214,4.97,0.0
21215,4.975,0.0
21216,4.99,0.0
21217,5.05,0.0
21218,5.27,0.0
21219,5.765,0.0
21220,6.05,0.0
21221,5.79,0.0
21222,5.52,0.0
21223,5.43,0.0
21224,5.325,0.0
21225,5.285,0.0
21226,5.12,0.0
21227,4.96,0.0
21228,4.725,0.0
21229,4.44,0.0
21230,4.125,0.0
21231,3.835,0.0
21232,3.55,0.0
21233,3.32,0.0
21234,3.12,0.0
21235,2.87,0.0
21236,2.59,0.0
21237,2.385,0.0
21238,2.24,0.0
21239,2.13,0.0
21240,2.02,0.0
21241,1.93,0.0
21242,1.89,0.0
21243,1.875,0.0
21244,1.86,0.0
21245,1.845,0.0
21246,1.82,0.0
21247,1.83,0.0
21248,1.85,0.0
21249,1.87,0.0
21250,1.87,0.0
21251,2.005,0.0
21252,2.16,0.0
21253,2.345,0.0
21254,2.55,0.0
21255,2.82,0.0
21256,3.15,0.0
21257,3.47,0.0
21258,3.79,0.0
21259,4.135,0.0
21260,4.435,0.0
21261,4.705,0.0
21262,4.95,0.0
21263,5.185,0.0
21264,5.42,0.0
21265,5.595,0.0
21266,5.715,0.0
21267,5.79,0.0
21268,5.855,0.0
21269,5.92,0.0
21270,5.965,0.0
21271,5.99,0.0
21272,6.045,0.0
21273,6.08,0.0
21274,6.1,0.0
21275,6.11,0.0
21276,6.16,0.0
21277,6.195,0.0
21278,6.225,0.0
21279,6.245,0.0
21280,6.285,0.0
21281,6.32,0.0
21282,6.35,0.0
21283,6.365,0.0
21284,6.4,0.0
21285,6.46,0.0
21286,6.5,0.0
21287,6.535,0.0
21288,6.575,0.0
21289,6.635,0.0
21290,6.665,0.0
21291,6.7,0.0
21292,6.725,0.0
21293,6.765,0.0
21294,6.79,0.0
21295,6.825,0.0
21296,6.845,0.0
21297,6.875,0.0
21298,6.89,0.0
21299,6.9,0.0
21300,6.89,0.0
21301,6.9,0.0
21302,6.91,0.0
21303,6.915,0.0
21304,6.885,0.0
21305,6.885,0.0
21306,6.87,0.0
21307,6.85,0.0
21308,6.81,0.0
21309,6.78,0.0
21310,6.73,0.0
21311,6.66,0.0
21312,6.585,0.0
21313,6.51,0.0
21314,6.45,0.0
21315,6.36,0.0
21316,6.265,0.0
21317,6.175,0.0
21318,6.085,0.0
21319,6.01,0.0
21320,5.92,0.0
21321,5.82,0.0
21322,5.755,0.0
21323,5.685,0.0
21324,5.615,0.0
21325,5.585,0.0
21326,5.495,0.0
21327,5.45,0.0
21328,5.39,0.0
21329,5.33,0.0
21330,5.3,0.0
21331,5.285,0.0
21332,5.25,0.0
21333,5.215,0.0
21334,5.19,0.0
21335,5.185,0.0
21336,5.175,0.0
21337,5.15,0.0
21338,5.145,0.0
21339,5.155,0.0
21340,5.145,0.0
21341,5.125,0.0
21342,5.13,0.0
21343,5.14,0.0
21344,5.135,0.0
21345,5.12,0.0
21346,5.11,0.0
21347,5.125,0.0
21348,5.135,0.0
21349,5.13,0.0
21350,5.125,0.0
21351,5.13,0.0
21352,5.135,0.0
21353,5.15,0.0
21354,5.135,0.0
21355,5.14,0.0
21356,5.15,0.0
21357,5.16,0.0
21358,5.145,0.0
21359,5.14,0.0
21360,5.16,0.0
21361,5.16,0.0
21362,5.145,0.0
21363,5.13,0.0
21364,5.145,0.0
21365,5.15,0.0
21366,5.125,0.0
21367,5.12,0.0
21368,5.135,0.0
21369,5.135,0.0
21370,5.12,0.0
21371,5.09,0.0
21372,5.105,0.0
21373,5.1,0.0
21374,5.095,0.0
21375,5.09,0.0
21376,5.09,0.0
21377,5.09,0.0
21378,5.08,0.0
21379,5.06,0.0
21380,5.06,0.0
21381,5.07,0.0
21382,5.055,0.0
21383,5.045,0.0
21384,5.035,0.0
21385,5.055,0.0
21386,5.05,0.0
21387,5.03,0.0
21388,5.015,0.0
21389,5.025,0.0
21390,5.025,0.0
21391,5.005,0.0
21392,5.005,0.0
21393,5.01,0.0
21394,5.015,0.0
21395,5.01,0.0
21396,5.005,0.0
21397,5.0,0.0
21398,5.005,0.0
21399,5.0,0.0
21400,4.99,0.0
21401,4.98,0.0
21402,4.99,0.0
21403,4.985,0.0
21404,4.98,0.0
21405,4.98,0.0
21406,4.985,0.0
21407,4.99,0.0
21408,4.965,0.0
21409,4.965,0.0
21410,4.99,0.0
21411,4.97,0.0
21412,4.965,0.0
21413,4.965,0.0
21414,4.975,0.0
21415,4.975,0.0
21416,4.955,0.0
21417,4.95,0.0
21418,4.965,0.0
21419,4.965,0.0
21420,4.955,0.0
21421,4.95,0.0
21422,4.96,0.0
21423,4.97,0.0
21424,4.965,0.0
21425,4.96,0.0
21426,4.965,0.0
21427,4.96,0.0
21428,4.96,0.0
21429,4.955,0.0
21430,4.965,0.0
21431,4.98,0.0
21432,4.975,0.0
21433,4.97,0.0
21434,4.965,0.0
21435,4.98,0.0
21436,4.99,0.0
21437,5.005,0.0
21438,5.11,0.0
21439,5.445,0.0
21440,5.975,0.0
21441,6.01,0.0
21442,5.63,0.0
21443,5.455,0.0
21444,5.4,0.0
21445,5.32,0.0
21446,5.26,0.0
21447,5.18,0.0
21448,5.03,0.0
21449,4.745,0.0
21450,4.645,0.0
21451,4.0,0.0
21452,3.61,0.0
21453,3.22,0.0
21454,2.9,0.0
21455,2.655,0.0
21456,2.465,0.0
21457,2.31,0.0
21458,2.165,0.0
21459,2.03,0.0
21460,1.955,0.0
21461,1.91,0.0
21462,1.87,0.0
21463,1.85,0.0
21464,1.84,0.0
21465,1.835,0.0
21466,1.815,0.0
21467,1.825,0.0
21468,1.85,0.0
21469,1.87,0.0
21470,1.9,0.0
21471,1.975,0.0
21472,2.13,0.0
21473,2.325,0.0
21474,2.57,0.0
21475,2.65,0.0
21476,3.215,0.0
21477,3.57,0.0
21478,3.91,0.0
21479,4.26,0.0
21480,4.615,0.0
21481,4.935,0.0
21482,5.195,0.0
21483,5.43,0.0
21484,5.645,0.0
21485,5.805,0.0
21486,5.9,0.0
21487,5.95,0.0
21488,6.015,0.0
21489,6.08,0.0
21490,6.13,0.0
21491,6.145,0.0
21492,6.185,0.0
21493,6.235,0.0
21494,6.27,0.0
21495,6.29,0.0
21496,6.33,0.0
21497,6.375,0.0
21498,6.415,0.0
21499,6.445,0.0
21500,6.455,0.0
21501,6.515,0.0
21502,6.555,0.0
21503,6.595,0.0
21504,6.61,0.0
21505,6.665,0.0
21506,6.695,0.0
21507,6.735,0.0
21508,6.775,0.0
21509,6.805,0.0
21510,6.85,0.0
21511,6.89,0.0
21512,6.92,0.0
21513,6.95,0.0
21514,6.99,0.0
21515,7.025,0.0
21516,7.055,0.0
21517,7.065,0.0
21518,7.09,0.0
21519,7.11,0.0
21520,7.11,0.0
21521,7.105,0.0
21522,7.095,0.0
21523,7.065,0.0
21524,7.02,0.0
21525,7.0,0.0
21526,6.905,0.0
21527,6.85,0.0
21528,6.77,0.0
21529,6.675,0.0
21530,6.595,0.0
21531,6.505,0.0
21532,6.405,0.0
21533,6.29,0.0
21534,6.205,0.0
21535,6.115,0.0
21536,6.03,0.0
21537,5.92,0.0
21538,5.84,0.0
21539,5.785,0.0
21540,5.7,0.0
21541,5.61,0.0
21542,5.56,0.0
21543,5.52,0.0
21544,5.475,0.0
21545,5.425,0.0
21546,5.395,0.0
21547,5.375,0.0
21548,5.35,0.0
21549,5.32,0.0
21550,5.305,0.0
21551,5.29,0.0
21552,5.28,0.0
21553,5.27,0.0
21554,5.24,0.0
21555,5.25,0.0
21556,5.24,0.0
21557,5.225,0.0
21558,5.2,0.0
21559,5.195,0.0
21560,5.19,0.0
21561,5.165,0.0
21562,5.135,0.0
21563,5.12,0.0
21564,5.125,0.0
21565,5.125,0.0
21566,5.11,0.0
21567,5.095,0.0
21568,5.1,0.0
21569,5.115,0.0
21570,5.12,0.0
21571,5.115,0.0
21572,5.13,0.0
21573,5.135,0.0
21574,5.13,0.0
21575,5.12,0.0
21576,5.12,0.0
21577,5.13,0.0
21578,5.13,0.0
21579,5.125,0.0
21580,5.125,0.0
21581,5.12,0.0
21582,5.12,0.0
21583,5.11,0.0
21584,5.105,0.0
21585,5.115,0.0
21586,5.11,0.0
21587,5.085,0.0
21588,5.07,0.0
21589,5.085,0.0
21590,5.08,0.0
21591,5.07,0.0
21592,5.055,0.0
21593,5.065,0.0
21594,5.055,0.0
21595,5.055,0.0
21596,5.03,0.0
21597,5.045,0.0
21598,5.035,0.0
21599,5.025,0.0
21600,5.015,0.0
21601,5.02,0.0
21602,5.02,0.0
21603,5.015,0.0
21604,4.985,0.0
21605,5.0,0.0
21606,5.01,0.0
21607,5.01,0.0
21608,4.995,0.0
21609,4.995,0.0
21610,5.0,0.0
21611,5.0,0.0
21612,4.985,0.0
21613,4.98,0.0
21614,4.985,0.0
21615,4.985,0.0
21616,4.985,0.0
21617,4.98,0.0
21618,4.985,0.0
21619,4.99,0.0
21620,4.98,0.0
21621,4.96,0.0
21622,4.985,0.0
21623,4.985,0.0
21624,4.97,0.0
21625,4.965,0.0
21626,4.97,0.0
21627,4.98,0.0
21628,4.975,0.0
21629,4.965,0.0
21630,4.975,0.0
21631,4.975,0.0
21632,4.98,0.0
21633,4.955,0.0
21634,4.96,0.0
21635,4.98,0.0
21636,4.97,0.0
21637,4.955,0.0
21638,4.955,0.0
21639,4.965,0.0
21640,4.975,0.0
21641,4.965,0.0
21642,4.96,0.0
21643,4.97,0.0
21644,4.98,0.0
21645,4.97,0.0
21646,4.965,0.0
21647,4.985,0.0
21648,4.985,0.0
21649,5.01,0.0
21650,5.015,0.0
21651,5.435,0.0
21652,5.96,0.0
21653,5.85,0.0
21654,5.505,0.0
21655,5.39,0.0
21656,5.35,0.0
21657,5.27,0.0
21658,5.145,0.0
21659,4.965,0.0
21660,4.67,0.0
21661,4.305,0.0
21662,3.905,0.0
21663,3.5,0.0
21664,3.105,0.0
21665,2.79,0.0
21666,2.55,0.0
21667,2.38,0.0
21668,2.29,0.0
21669,2.195,0.0
21670,2.055,0.0
21671,1.95,0.0
21672,1.91,0.0
21673,1.89,0.0
21674,1.845,0.0
21675,1.825,0.0
21676,1.82,0.0
21677,1.82,0.0
21678,1.84,0.0
21679,1.845,0.0
21680,1.9,0.0
21681,1.99,0.0
21682,2.125,0.0
21683,2.31,0.0
21684,2.55,0.0
21685,2.845,0.0
21686,3.185,0.0
21687,3.54,0.0
21688,3.9,0.0
21689,4.25,0.0
21690,4.58,0.0
21691,4.875,0.0
21692,5.11,0.0
21693,5.34,0.0
21694,5.55,0.0
21695,5.705,0.0
21696,5.82,0.0
21697,5.9,0.0
21698,5.96,0.0
21699,6.015,0.0
21700,6.035,0.0
21701,6.105,0.0
21702,6.16,0.0
21703,6.2,0.0
21704,6.23,0.0
21705,6.285,0.0
21706,6.33,0.0
21707,6.375,0.0
21708,6.4,0.0
21709,6.445,0.0
21710,6.51,0.0
21711,6.55,0.0
21712,6.6,0.0
21713,6.645,0.0
21714,6.705,0.0
21715,6.755,0.0
21716,6.8,0.0
21717,6.85,0.0
21718,6.905,0.0
21719,6.95,0.0
21720,6.99,0.0
21721,7.035,0.0
21722,7.075,0.0
21723,7.115,0.0
21724,7.14,0.0
21725,7.145,0.0
21726,7.16,0.0
21727,7.175,0.0
21728,7.18,0.0
21729,7.15,0.0
21730,7.14,0.0
21731,7.105,0.0
21732,7.065,0.0
21733,6.995,0.0
21734,6.94,0.0
21735,6.87,0.0
21736,6.79,0.0
21737,6.7,0.0
21738,6.605,0.0
21739,6.525,0.0
21740,6.42,0.0
21741,6.32,0.0
21742,6.22,0.0
21743,6.14,0.0
21744,6.05,0.0
21745,5.96,0.0
21746,5.875,0.0
21747,5.805,0.0
21748,5.74,0.0
21749,5.67,0.0
21750,5.645,0.0
21751,5.545,0.0
21752,5.515,0.0
21753,5.45,0.0
21754,5.395,0.0
21755,5.37,0.0
21756,5.35,0.0
21757,5.31,0.0
21758,5.275,0.0
21759,5.26,0.0
21760,5.245,0.0
21761,5.22,0.0
21762,5.2,0.0
21763,5.175,0.0
21764,5.185,0.0
21765,5.165,0.0
21766,5.135,0.0
21767,5.13,0.0
21768,5.14,0.0
21769,5.125,0.0
21770,5.125,0.0
21771,5.115,0.0
21772,5.12,0.0
21773,5.12,0.0
21774,5.11,0.0
21775,5.1,0.0
21776,5.11,0.0
21777,5.11,0.0
21778,5.105,0.0
21779,5.095,0.0
21780,5.095,0.0
21781,5.115,0.0
21782,5.11,0.0
21783,5.095,0.0
21784,5.11,0.0
21785,5.11,0.0
21786,5.12,0.0
21787,5.105,0.0
21788,5.11,0.0
21789,5.115,0.0
21790,5.12,0.0
21791,5.095,0.0
21792,5.105,0.0
21793,5.105,0.0
21794,5.115,0.0
21795,5.125,0.0
21796,5.11,0.0
21797,5.13,0.0
21798,5.145,0.0
21799,5.14,0.0
21800,5.14,0.0
21801,5.145,0.0
21802,5.14,0.0
21803,5.135,0.0
21804,5.13,0.0
21805,5.13,0.0
21806,5.135,0.0
21807,5.115,0.0
21808,5.1,0.0
21809,5.085,0.0
21810,5.08,0.0
21811,5.065,0.0
21812,5.025,0.0
21813,5.01,0.0
21814,5.005,0.0
21815,5.005,0.0
21816,4.98,0.0
21817,4.97,0.0
21818,4.99,0.0
21819,5.01,0.0
21820,4.995,0.0
21821,4.975,0.0
21822,4.985,0.0
21823,4.995,0.0
21824,4.975,0.0
21825,4.97,0.0
21826,4.965,0.0
21827,4.975,0.0
21828,4.985,0.0
21829,4.965,0.0
21830,4.965,0.0
21831,4.975,0.0
21832,4.97,0.0
21833,4.955,0.0
21834,4.95,0.0
21835,4.96,0.0
21836,4.965,0.0
21837,4.955,0.0
21838,4.955,0.0
21839,4.97,0.0
21840,4.96,0.0
21841,4.945,0.0
21842,4.95,0.0
21843,4.96,0.0
21844,4.97,0.0
21845,4.96,0.0
21846,4.94,0.0
21847,4.96,0.0
21848,4.97,0.0
21849,4.965,0.0
21850,4.955,0.0
21851,4.985,0.0
21852,5.005,0.0
21853,5.075,0.0
21854,5.405,0.0
21855,5.93,0.0
21856,5.85,0.0
21857,5.515,0.0
21858,5.41,0.0
21859,5.38,0.0
21860,5.345,0.0
21861,5.3,0.0
21862,5.19,0.0
21863,5.005,0.0
21864,4.755,0.0
21865,4.395,0.0
21866,3.995,0.0
21867,3.605,0.0
21868,3.22,0.0
21869,2.945,0.0
21870,2.71,0.0
21871,2.54,0.0
21872,2.41,0.0
21873,2.265,0.0
21874,2.1,0.0
21875,2.05,0.0
21876,1.96,0.0
21877,1.935,0.0
21878,1.89,0.0
21879,1.86,0.0
21880,1.865,0.0
21881,1.865,0.0
21882,1.87,0.0
21883,1.88,0.0
21884,1.94,0.0
21885,2.06,0.0
21886,2.2,0.0
21887,2.375,0.0
21888,2.59,0.0
21889,2.825,0.0
21890,3.125,0.0
21891,3.455,0.0
21892,3.795,0.0
21893,4.135,0.0
21894,4.46,0.0
21895,4.77,0.0
21896,5.01,0.0
21897,5.235,0.0
21898,5.435,0.0
21899,5.615,0.0
21900,5.67,0.0
21901,5.845,0.0
21902,5.925,0.0
21903,5.975,0.0
21904,6.02,0.0
21905,6.085,0.0
21906,6.125,0.0
21907,6.17,0.0
21908,6.205,0.0
21909,6.24,0.0
21910,6.31,0.0
21911,6.35,0.0
21912,6.385,0.0
21913,6.42,0.0
21914,6.49,0.0
21915,6.55,0.0
21916,6.58,0.0
21917,6.63,0.0
21918,6.705,0.0
21919,6.75,0.0
21920,6.79,0.0
21921,6.83,0.0
21922,6.89,0.0
21923,6.94,0.0
21924,6.98,0.0
21925,6.99,0.0
21926,7.07,0.0
21927,7.11,0.0
21928,7.145,0.0
21929,7.15,0.0
21930,7.175,0.0
21931,7.185,0.0
21932,7.19,0.0
21933,7.175,0.0
21934,7.155,0.0
21935,7.135,0.0
21936,7.095,0.0
21937,7.03,0.0
21938,6.96,0.0
21939,6.91,0.0
21940,6.815,0.0
21941,6.725,0.0
21942,6.635,0.0
21943,6.54,0.0
21944,6.445,0.0
21945,6.345,0.0
21946,6.24,0.0
21947,6.16,0.0
21948,6.07,0.0
21949,5.98,0.0
21950,5.94,0.0
21951,5.81,0.0
21952,5.75,0.0
21953,5.68,0.0
21954,5.61,0.0
21955,5.555,0.0
21956,5.52,0.0
21957,5.475,0.0
21958,5.42,0.0
21959,5.39,0.0
21960,5.365,0.0
21961,5.335,0.0
21962,5.3,0.0
21963,5.27,0.0
21964,5.26,0.0
21965,5.25,0.0
21966,5.23,0.0
21967,5.205,0.0
21968,5.205,0.0
21969,5.205,0.0
21970,5.175,0.0
21971,5.165,0.0
21972,5.165,0.0
21973,5.165,0.0
21974,5.145,0.0
21975,5.135,0.0
21976,5.145,0.0
21977,5.155,0.0
21978,5.14,0.0
21979,5.135,0.0
21980,5.15,0.0
21981,5.15,0.0
21982,5.155,0.0
21983,5.14,0.0
21984,5.14,0.0
21985,5.16,0.0
21986,5.155,0.0
21987,5.145,0.0
21988,5.145,0.0
21989,5.15,0.0
21990,5.155,0.0
21991,5.145,0.0
21992,5.145,0.0
21993,5.16,0.0
21994,5.16,0.0
21995,5.155,0.0
21996,5.135,0.0
21997,5.145,0.0
21998,5.15,0.0
21999,5.135,0.0
22000,5.125,0.0
22001,5.13,0.0
22002,5.125,0.0
22003,5.125,0.0
22004,5.105,0.0
22005,5.115,0.0
22006,5.105,0.0
22007,5.105,0.0
22008,5.08,0.0
22009,5.085,0.0
22010,5.085,0.0
22011,5.075,0.0
22012,5.065,0.0
22013,5.055,0.0
22014,5.07,0.0
22015,5.065,0.0
22016,5.05,0.0
22017,5.05,0.0
22018,5.055,0.0
22019,5.05,0.0
22020,5.04,0.0
22021,5.025,0.0
22022,5.04,0.0
22023,5.03,0.0
22024,5.03,0.0
22025,5.025,0.0
22026,5.025,0.0
22027,5.03,0.0
22028,5.01,0.0
22029,5.005,0.0
22030,5.015,0.0
22031,5.025,0.0
22032,5.025,0.0
22033,5.0,0.0
22034,5.0,0.0
22035,5.025,0.0
22036,5.025,0.0
22037,5.045,0.0
22038,5.045,0.0
22039,5.065,0.0
22040,5.07,0.0
22041,5.055,0.0
22042,5.06,0.0
22043,5.05,0.0
22044,5.055,0.0
22045,5.065,0.0
22046,5.04,0.0
22047,5.04,0.0
22048,5.045,0.0
22049,5.02,0.0
22050,5.01,0.0
22051,5.02,0.0
22052,5.03,0.0
22053,5.045,0.0
22054,5.215,0.0
22055,5.705,0.0
22056,5.935,0.0
22057,5.625,0.0
22058,5.425,0.0
22059,5.385,0.0
22060,5.35,0.0
22061,5.27,0.0
22062,5.16,0.0
22063,4.975,0.0
22064,4.705,0.0
22065,4.345,0.0
22066,3.955,0.0
22067,3.57,0.0
22068,3.18,0.0
22069,2.875,0.0
22070,2.635,0.0
22071,2.46,0.0
22072,2.33,0.0
22073,2.19,0.0
22074,2.07,0.0
22075,2.03,0.0
22076,1.97,0.0
22077,1.955,0.0
22078,1.915,0.0
22079,1.89,0.0
22080,1.89,0.0
22081,1.9,0.0
22082,1.905,0.0
22083,1.91,0.0
22084,1.955,0.0
22085,2.06,0.0
22086,2.18,0.0
22087,2.355,0.0
22088,2.555,0.0
22089,2.81,0.0
22090,3.12,0.0
22091,3.475,0.0
22092,3.83,0.0
22093,4.18,0.0
22094,4.515,0.0
22095,4.815,0.0
22096,5.085,0.0
22097,5.33,0.0
22098,5.56,0.0
22099,5.73,0.0
22100,5.775,0.0
22101,5.935,0.0
22102,6.005,0.0
22103,6.055,0.0
22104,6.095,0.0
22105,6.165,0.0
22106,6.215,0.0
22107,6.255,0.0
22108,6.295,0.0
22109,6.335,0.0
22110,6.39,0.0
22111,6.445,0.0
22112,6.47,0.0
22113,6.535,0.0
22114,6.59,0.0
22115,6.635,0.0
22116,6.675,0.0
22117,6.715,0.0
22118,6.785,0.0
22119,6.82,0.0
22120,6.87,0.0
22121,6.915,0.0
22122,6.965,0.0
22123,7.01,0.0
22124,7.055,0.0
22125,7.06,0.0
22126,7.125,0.0
22127,7.15,0.0
22128,7.185,0.0
22129,7.18,0.0
22130,7.195,0.0
22131,7.195,0.0
22132,7.18,0.0
22133,7.155,0.0
22134,7.13,0.0
22135,7.09,0.0
22136,7.035,0.0
22137,6.965,0.0
22138,6.9,0.0
22139,6.825,0.0
22140,6.725,0.0
22141,6.62,0.0
22142,6.52,0.0
22143,6.44,0.0
22144,6.33,0.0
22145,6.22,0.0
22146,6.125,0.0
22147,6.035,0.0
22148,5.965,0.0
22149,5.875,0.0
22150,5.84,0.0
22151,5.73,0.0
22152,5.66,0.0
22153,5.595,0.0
22154,5.535,0.0
22155,5.485,0.0
22156,5.445,0.0
22157,5.39,0.0
22158,5.355,0.0
22159,5.32,0.0
22160,5.3,0.0
22161,5.27,0.0
22162,5.245,0.0
22163,5.215,0.0
22164,5.22,0.0
22165,5.205,0.0
22166,5.18,0.0
22167,5.17,0.0
22168,5.165,0.0
22169,5.16,0.0
22170,5.14,0.0
22171,5.12,0.0
22172,5.135,0.0
22173,5.145,0.0
22174,5.13,0.0
22175,5.12,0.0
22176,5.125,0.0
22177,5.13,0.0
22178,5.125,0.0
22179,5.115,0.0
22180,5.12,0.0
22181,5.125,0.0
22182,5.125,0.0
22183,5.12,0.0
22184,5.125,0.0
22185,5.135,0.0
22186,5.135,0.0
22187,5.12,0.0
22188,5.13,0.0
22189,5.14,0.0
22190,5.145,0.0
22191,5.125,0.0
22192,5.12,0.0
22193,5.13,0.0
22194,5.14,0.0
22195,5.13,0.0
22196,5.115,0.0
22197,5.13,0.0
22198,5.135,0.0
22199,5.13,0.0
22200,5.125,0.0
22201,5.11,0.0
22202,5.11,0.0
22203,5.1,0.0
22204,5.085,0.0
22205,5.09,0.0
22206,5.085,0.0
22207,5.075,0.0
22208,5.065,0.0
22209,5.065,0.0
22210,5.075,0.0
22211,5.065,0.0
22212,5.055,0.0
22213,5.04,0.0
22214,5.06,0.0
22215,5.05,0.0
22216,5.025,0.0
22217,5.035,0.0
22218,5.035,0.0
22219,5.03,0.0
22220,5.025,0.0
22221,5.02,0.0
22222,5.025,0.0
22223,5.035,0.0
22224,5.02,0.0
22225,5.015,0.0
22226,5.015,0.0
22227,5.015,0.0
22228,5.015,0.0
22229,5.0,0.0
22230,4.995,0.0
22231,5.01,0.0
22232,5.005,0.0
22233,4.99,0.0
22234,5.0,0.0
22235,4.995,0.0
22236,5.0,0.0
22237,4.985,0.0
22238,4.995,0.0
22239,5.01,0.0
22240,5.005,0.0
22241,4.98,0.0
22242,4.98,0.0
22243,4.995,0.0
22244,5.0,0.0
22245,4.995,0.0
22246,4.975,0.0
22247,4.99,0.0
22248,5.0,0.0
22249,4.99,0.0
22250,4.995,0.0
22251,4.985,0.0
22252,4.99,0.0
22253,4.995,0.0
22254,4.995,0.0
22255,5.04,0.0
22256,5.12,0.0
22257,5.425,0.0
22258,5.9,0.0
22259,5.93,0.0
22260,5.625,0.0
22261,5.465,0.0
22262,5.395,0.0
22263,5.33,0.0
22264,5.275,0.0
22265,5.155,0.0
22266,4.95,0.0
22267,4.675,0.0
22268,4.35,0.0
22269,4.01,0.0
22270,3.62,0.0
22271,3.245,0.0
22272,2.95,0.0
22273,2.685,0.0
22274,2.47,0.0
22275,2.415,0.0
22276,2.195,0.0
22277,2.06,0.0
22278,1.985,0.0
22279,1.93,0.0
22280,1.92,0.0
22281,1.905,0.0
22282,1.895,0.0
22283,1.88,0.0
22284,1.875,0.0
22285,1.91,0.0
22286,1.915,0.0
22287,1.93,0.0
22288,1.995,0.0
22289,2.11,0.0
22290,2.265,0.0
22291,2.465,0.0
22292,2.74,0.0
22293,3.06,0.0
22294,3.425,0.0
22295,3.755,0.0
22296,4.09,0.0
22297,4.43,0.0
22298,4.74,0.0
22299,4.98,0.0
22300,5.055,0.0
22301,5.44,0.0
22302,5.63,0.0
22303,5.755,0.0
22304,5.825,0.0
22305,5.9,0.0
22306,5.955,0.0
22307,5.995,0.0
22308,6.03,0.0
22309,6.075,0.0
22310,6.125,0.0
22311,6.155,0.0
22312,6.175,0.0
22313,6.215,0.0
22314,6.245,0.0
22315,6.285,0.0
22316,6.295,0.0
22317,6.335,0.0
22318,6.38,0.0
22319,6.42,0.0
22320,6.445,0.0
22321,6.47,0.0
22322,6.525,0.0
22323,6.58,0.0
22324,6.61,0.0
22325,6.625,0.0
22326,6.69,0.0
22327,6.74,0.0
22328,6.78,0.0
22329,6.81,0.0
22330,6.85,0.0
22331,6.9,0.0
22332,6.925,0.0
22333,6.945,0.0
22334,6.965,0.0
22335,7.005,0.0
22336,7.025,0.0
22337,7.005,0.0
22338,7.005,0.0
22339,7.0,0.0
22340,6.98,0.0
22341,6.93,0.0
22342,6.89,0.0
22343,6.855,0.0
22344,6.78,0.0
22345,6.705,0.0
22346,6.615,0.0
22347,6.545,0.0
22348,6.445,0.0
22349,6.35,0.0
22350,6.315,0.0
22351,6.16,0.0
22352,6.09,0.0
22353,5.975,0.0
22354,5.885,0.0
22355,5.815,0.0
22356,5.74,0.0
22357,5.66,0.0
22358,5.585,0.0
22359,5.54,0.0
22360,5.49,0.0
22361,5.445,0.0
22362,5.395,0.0
22363,5.365,0.0
22364,5.35,0.0
22365,5.32,0.0
22366,5.275,0.0
22367,5.255,0.0
22368,5.25,0.0
22369,5.245,0.0
22370,5.23,0.0
22371,5.215,0.0
22372,5.225,0.0
22373,5.225,0.0
22374,5.22,0.0
22375,5.215,0.0
22376,5.21,0.0
22377,5.22,0.0
22378,5.215,0.0
22379,5.195,0.0
22380,5.195,0.0
22381,5.21,0.0
22382,5.205,0.0
22383,5.19,0.0
22384,5.195,0.0
22385,5.205,0.0
22386,5.2,0.0
22387,5.19,0.0
22388,5.185,0.0
22389,5.2,0.0
22390,5.19,0.0
22391,5.185,0.0
22392,5.17,0.0
22393,5.18,0.0
22394,5.19,0.0
22395,5.175,0.0
22396,5.165,0.0
22397,5.175,0.0
22398,5.175,0.0
22399,5.16,0.0
22400,5.15,0.0
22401,5.15,0.0
22402,5.15,0.0
22403,5.14,0.0
22404,5.115,0.0
22405,5.12,0.0
22406,5.125,0.0
22407,5.115,0.0
22408,5.095,0.0
22409,5.09,0.0
22410,5.11,0.0
22411,5.1,0.0
22412,5.09,0.0
22413,5.08,0.0
22414,5.085,0.0
22415,5.085,0.0
22416,5.065,0.0
22417,5.05,0.0
22418,5.06,0.0
22419,5.065,0.0
22420,5.04,0.0
22421,5.05,0.0
22422,5.055,0.0
22423,5.06,0.0
22424,5.035,0.0
22425,5.04,0.0
22426,5.045,0.0
22427,5.055,0.0
22428,5.045,0.0
22429,5.04,0.0
22430,5.03,0.0
22431,5.04,0.0
22432,5.035,0.0
22433,5.02,0.0
22434,5.025,0.0
22435,5.035,0.0
22436,5.035,0.0
22437,5.02,0.0
22438,5.015,0.0
22439,5.04,0.0
22440,5.03,0.0
22441,5.025,0.0
22442,5.01,0.0
22443,5.025,0.0
22444,5.035,0.0
22445,5.025,0.0
22446,5.015,0.0
22447,5.035,0.0
22448,5.035,0.0
22449,5.025,0.0
22450,5.02,0.0
22451,5.02,0.0
22452,5.025,0.0
22453,5.025,0.0
22454,5.015,0.0
22455,5.02,0.0
22456,5.035,0.0
22457,5.035,0.0
22458,5.05,0.0
22459,5.1,0.0
22460,5.33,0.0
22461,5.88,0.0
22462,6.11,0.0
22463,5.75,0.0
22464,5.525,0.0
22465,5.47,0.0
22466,5.415,0.0
22467,5.36,0.0
22468,5.295,0.0
22469,5.145,0.0
22470,4.915,0.0
22471,4.6,0.0
22472,4.26,0.0
22473,3.885,0.0
22474,3.5,0.0
22475,3.375,0.0
22476,2.89,0.0
22477,2.67,0.0
22478,2.515,0.0
22479,2.345,0.0
22480,2.2,0.0
22481,2.1,0.0
22482,2.035,0.0
22483,1.995,0.0
22484,1.98,0.0
22485,1.97,0.0
22486,1.96,0.0
22487,1.95,0.0
22488,1.96,0.0
22489,1.995,0.0
22490,2.025,0.0
22491,2.09,0.0
22492,2.235,0.0
22493,2.415,0.0
22494,2.65,0.0
22495,2.935,0.0
22496,3.29,0.0
22497,3.685,0.0
22498,4.06,0.0
22499,4.405,0.0
22500,4.505,0.0
22501,5.03,0.0
22502,5.28,0.0
22503,5.495,0.0
22504,5.69,0.0
22505,5.86,0.0
22506,5.955,0.0
22507,6.0,0.0
22508,6.03,0.0
22509,6.07,0.0
22510,6.13,0.0
22511,6.145,0.0
22512,6.16,0.0
22513,6.195,0.0
22514,6.23,0.0
22515,6.26,0.0
22516,6.265,0.0
22517,6.3,0.0
22518,6.355,0.0
22519,6.4,0.0
22520,6.44,0.0
22521,6.475,0.0
22522,6.52,0.0
22523,6.555,0.0
22524,6.59,0.0
22525,6.6,0.0
22526,6.675,0.0
22527,6.73,0.0
22528,6.745,0.0
22529,6.785,0.0
22530,6.83,0.0
22531,6.885,0.0
22532,6.915,0.0
22533,6.935,0.0
22534,6.965,0.0
22535,7.01,0.0
22536,7.025,0.0
22537,7.04,0.0
22538,7.05,0.0
22539,7.07,0.0
22540,7.065,0.0
22541,7.04,0.0
22542,7.02,0.0
22543,7.01,0.0
22544,6.975,0.0
22545,6.915,0.0
22546,6.85,0.0
22547,6.795,0.0
22548,6.705,0.0
22549,6.61,0.0
22550,6.575,0.0
22551,6.435,0.0
22552,6.34,0.0
22553,6.245,0.0
22554,6.135,0.0
22555,6.045,0.0
22556,5.97,0.0
22557,5.885,0.0
22558,5.8,0.0
22559,5.735,0.0
22560,5.675,0.0
22561,5.61,0.0
22562,5.545,0.0
22563,5.505,0.0
22564,5.455,0.0
22565,5.42,0.0
22566,5.38,0.0
22567,5.355,0.0
22568,5.34,0.0
22569,5.325,0.0
22570,5.29,0.0
22571,5.275,0.0
22572,5.27,0.0
22573,5.27,0.0
22574,5.26,0.0
22575,5.25,0.0
22576,5.24,0.0
22577,5.25,0.0
22578,5.24,0.0
22579,5.225,0.0
22580,5.225,0.0
22581,5.24,0.0
22582,5.24,0.0
22583,5.225,0.0
22584,5.23,0.0
22585,5.25,0.0
22586,5.24,0.0
22587,5.225,0.0
22588,5.235,0.0
22589,5.245,0.0
22590,5.245,0.0
22591,5.225,0.0
22592,5.23,0.0
22593,5.23,0.0
22594,5.235,0.0
22595,5.225,0.0
22596,5.215,0.0
22597,5.225,0.0
22598,5.23,0.0
22599,5.21,0.0
22600,5.205,0.0
22601,5.21,0.0
22602,5.21,0.0
22603,5.2,0.0
22604,5.18,0.0
22605,5.185,0.0
22606,5.18,0.0
22607,5.175,0.0
22608,5.15,0.0
22609,5.155,0.0
22610,5.16,0.0
22611,5.15,0.0
22612,5.135,0.0
22613,5.125,0.0
22614,5.135,0.0
22615,5.13,0.0
22616,5.095,0.0
22617,5.105,0.0
22618,5.115,0.0
22619,5.09,0.0
22620,5.085,0.0
22621,5.08,0.0
22622,5.09,0.0
22623,5.09,0.0
22624,5.085,0.0
22625,5.08,0.0
22626,5.07,0.0
22627,5.075,0.0
22628,5.07,0.0
22629,5.055,0.0
22630,5.05,0.0
22631,5.06,0.0
22632,5.05,0.0
22633,5.045,0.0
22634,5.045,0.0
22635,5.055,0.0
22636,5.045,0.0
22637,5.045,0.0
22638,5.04,0.0
22639,5.06,0.0
22640,5.05,0.0
22641,5.035,0.0
22642,5.025,0.0
22643,5.035,0.0
22644,5.045,0.0
22645,5.025,0.0
22646,5.025,0.0
22647,5.04,0.0
22648,5.05,0.0
22649,5.03,0.0
22650,5.03,0.0
22651,5.035,0.0
22652,5.045,0.0
22653,5.035,0.0
22654,5.025,0.0
22655,5.03,0.0
22656,5.035,0.0
22657,5.04,0.0
22658,5.03,0.0
22659,5.035,0.0
22660,5.05,0.0
22661,5.055,0.0
22662,5.05,0.0
22663,5.085,0.0
22664,5.155,0.0
22665,5.455,0.0
22666,5.995,0.0
22667,6.03,0.0
22668,5.675,0.0
22669,5.495,0.0
22670,5.41,0.0
22671,5.305,0.0
22672,5.21,0.0
22673,5.04,0.0
22674,4.825,0.0
22675,4.75,0.0
22676,4.27,0.0
22677,3.985,0.0
22678,3.73,0.0
22679,3.49,0.0
22680,3.27,0.0
22681,3.015,0.0
22682,2.705,0.0
22683,2.47,0.0
22684,2.325,0.0
22685,2.215,0.0
22686,2.115,0.0
22687,2.03,0.0
22688,2.0,0.0
22689,2.0,0.0
22690,1.975,0.0
22691,1.955,0.0
22692,1.965,0.0
22693,1.995,0.0
22694,2.02,0.0
22695,2.05,0.0
22696,2.155,0.0
22697,2.32,0.0
22698,2.525,0.0
22699,2.78,0.0
22700,2.865,0.0
22701,3.5,0.0
22702,3.87,0.0
22703,4.21,0.0
22704,4.525,0.0
22705,4.845,0.0
22706,5.105,0.0
22707,5.36,0.0
22708,5.565,0.0
22709,5.745,0.0
22710,5.845,0.0
22711,5.91,0.0
22712,5.965,0.0
22713,6.015,0.0
22714,6.07,0.0
22715,6.115,0.0
22716,6.145,0.0
22717,6.18,0.0
22718,6.225,0.0
22719,6.26,0.0
22720,6.295,0.0
22721,6.325,0.0
22722,6.39,0.0
22723,6.415,0.0
22724,6.45,0.0
22725,6.455,0.0
22726,6.53,0.0
22727,6.575,0.0
22728,6.605,0.0
22729,6.625,0.0
22730,6.68,0.0
22731,6.73,0.0
22732,6.755,0.0
22733,6.775,0.0
22734,6.81,0.0
22735,6.85,0.0
22736,6.87,0.0
22737,6.89,0.0
22738,6.915,0.0
22739,6.945,0.0
22740,6.96,0.0
22741,6.96,0.0
22742,6.975,0.0
22743,6.995,0.0
22744,7.01,0.0
22745,7.015,0.0
22746,7.01,0.0
22747,6.995,0.0
22748,6.96,0.0
22749,6.905,0.0
22750,6.885,0.0
22751,6.795,0.0
22752,6.745,0.0
22753,6.65,0.0
22754,6.57,0.0
22755,6.485,0.0
22756,6.4,0.0
22757,6.32,0.0
22758,6.22,0.0
22759,6.135,0.0
22760,6.06,0.0
22761,5.98,0.0
22762,5.895,0.0
22763,5.82,0.0
22764,5.76,0.0
22765,5.7,0.0
22766,5.61,0.0
22767,5.56,0.0
22768,5.515,0.0
22769,5.47,0.0
22770,5.41,0.0
22771,5.375,0.0
22772,5.35,0.0
22773,5.32,0.0
22774,5.285,0.0
22775,5.275,0.0
22776,5.26,0.0
22777,5.255,0.0
22778,5.235,0.0
22779,5.215,0.0
22780,5.22,0.0
22781,5.22,0.0
22782,5.22,0.0
22783,5.195,0.0
22784,5.195,0.0
22785,5.21,0.0
22786,5.215,0.0
22787,5.185,0.0
22788,5.19,0.0
22789,5.205,0.0
22790,5.21,0.0
22791,5.195,0.0
22792,5.2,0.0
22793,5.21,0.0
22794,5.215,0.0
22795,5.2,0.0
22796,5.205,0.0
22797,5.22,0.0
22798,5.21,0.0
22799,5.215,0.0
22800,5.21,0.0
22801,5.215,0.0
22802,5.215,0.0
22803,5.205,0.0
22804,5.19,0.0
22805,5.195,0.0
22806,5.21,0.0
22807,5.2,0.0
22808,5.19,0.0
22809,5.195,0.0
22810,5.19,0.0
22811,5.18,0.0
22812,5.165,0.0
22813,5.16,0.0
22814,5.175,0.0
22815,5.165,0.0
22816,5.14,0.0
22817,5.13,0.0
22818,5.14,0.0
22819,5.145,0.0
22820,5.135,0.0
22821,5.115,0.0
22822,5.12,0.0
22823,5.12,0.0
22824,5.11,0.0
22825,5.105,0.0
22826,5.1,0.0
22827,5.1,0.0
22828,5.085,0.0
22829,5.075,0.0
22830,5.085,0.0
22831,5.09,0.0
22832,5.08,0.0
22833,5.055,0.0
22834,5.06,0.0
22835,5.07,0.0
22836,5.065,0.0
22837,5.045,0.0
22838,5.04,0.0
22839,5.055,0.0
22840,5.055,0.0
22841,5.045,0.0
22842,5.035,0.0
22843,5.04,0.0
22844,5.055,0.0
22845,5.035,0.0
22846,5.025,0.0
22847,5.025,0.0
22848,5.03,0.0
22849,5.02,0.0
22850,5.01,0.0
22851,5.02,0.0
22852,5.035,0.0
22853,5.02,0.0
22854,5.01,0.0
22855,5.01,0.0
22856,5.025,0.0
22857,5.02,0.0
22858,5.0,0.0
22859,5.005,0.0
22860,5.025,0.0
22861,5.01,0.0
22862,5.0,0.0
22863,5.005,0.0
22864,5.01,0.0
22865,5.015,0.0
22866,5.01,0.0
22867,5.005,0.0
22868,5.015,0.0
22869,5.02,0.0
22870,5.005,0.0
22871,5.0,0.0
22872,5.02,0.0
22873,5.02,0.0
22874,5.02,0.0
22875,5.01,0.0
22876,5.025,0.0
22877,5.045,0.0
22878,5.06,0.0
22879,5.16,0.0
22880,5.505,0.0
22881,5.995,0.0
22882,6.03,0.0
22883,5.68,0.0
22884,5.495,0.0
22885,5.425,0.0
22886,5.33,0.0
22887,5.21,0.0
22888,5.065,0.0
22889,4.895,0.0
22890,4.65,0.0
22891,4.35,0.0
22892,4.03,0.0
22893,3.775,0.0
22894,3.55,0.0
22895,3.33,0.0
22896,3.12,0.0
22897,2.865,0.0
22898,2.63,0.0
22899,2.465,0.0
22900,2.42,0.0
22901,2.225,0.0
22902,2.135,0.0
22903,2.07,0.0
22904,2.035,0.0
22905,2.025,0.0
22906,2.02,0.0
22907,2.005,0.0
22908,1.99,0.0
22909,2.005,0.0
22910,2.03,0.0
22911,2.05,0.0
22912,2.1,0.0
22913,2.2,0.0
22914,2.345,0.0
22915,2.53,0.0
22916,2.74,0.0
22917,3.035,0.0
22918,3.365,0.0
22919,3.7,0.0
22920,4.025,0.0
22921,4.34,0.0
22922,4.635,0.0
22923,4.885,0.0
22924,5.11,0.0
22925,5.17,0.0
22926,5.52,0.0
22927,5.67,0.0
22928,5.765,0.0
22929,5.825,0.0
22930,5.895,0.0
22931,5.95,0.0
22932,5.98,0.0
22933,6.01,0.0
22934,6.045,0.0
22935,6.09,0.0
22936,6.11,0.0
22937,6.13,0.0
22938,6.16,0.0
22939,6.2,0.0
22940,6.215,0.0
22941,6.235,0.0
22942,6.26,0.0
22943,6.325,0.0
22944,6.335,0.0
22945,6.36,0.0
22946,6.385,0.0
22947,6.425,0.0
22948,6.455,0.0
22949,6.49,0.0
22950,6.5,0.0
22951,6.57,0.0
22952,6.62,0.0
22953,6.655,0.0
22954,6.695,0.0
22955,6.74,0.0
22956,6.79,0.0
22957,6.83,0.0
22958,6.835,0.0
22959,6.87,0.0
22960,6.89,0.0
22961,6.9,0.0
22962,6.91,0.0
22963,6.925,0.0
22964,6.94,0.0
22965,6.935,0.0
22966,6.915,0.0
22967,6.885,0.0
22968,6.875,0.0
22969,6.84,0.0
22970,6.79,0.0
22971,6.75,0.0
22972,6.71,0.0
22973,6.655,0.0
22974,6.6,0.0
22975,6.585,0.0
22976,6.49,0.0
22977,6.415,0.0
22978,6.335,0.0
22979,6.24,0.0
22980,6.185,0.0
22981,6.105,0.0
22982,6.02,0.0
22983,5.935,0.0
22984,5.865,0.0
22985,5.805,0.0
22986,5.745,0.0
22987,5.66,0.0
22988,5.605,0.0
22989,5.565,0.0
22990,5.515,0.0
22991,5.45,0.0
22992,5.415,0.0
22993,5.385,0.0
22994,5.355,0.0
22995,5.315,0.0
22996,5.29,0.0
22997,5.275,0.0
22998,5.26,0.0
22999,5.24,0.0
23000,5.235,0.0
23001,5.225,0.0
23002,5.215,0.0
23003,5.21,0.0
23004,5.195,0.0
23005,5.195,0.0
23006,5.19,0.0
23007,5.2,0.0
23008,5.185,0.0
23009,5.18,0.0
23010,5.2,0.0
23011,5.195,0.0
23012,5.19,0.0
23013,5.19,0.0
23014,5.21,0.0
23015,5.21,0.0
23016,5.19,0.0
23017,5.195,0.0
23018,5.205,0.0
23019,5.21,0.0
23020,5.2,0.0
23021,5.2,0.0
23022,5.21,0.0
23023,5.21,0.0
23024,5.205,0.0
23025,5.205,0.0
23026,5.21,0.0
23027,5.215,0.0
23028,5.21,0.0
23029,5.2,0.0
23030,5.2,0.0
23031,5.2,0.0
23032,5.195,0.0
23033,5.175,0.0
23034,5.18,0.0
23035,5.18,0.0
23036,5.185,0.0
23037,5.17,0.0
23038,5.16,0.0
23039,5.17,0.0
23040,5.15,0.0
23041,5.145,0.0
23042,5.135,0.0
23043,5.13,0.0
23044,5.135,0.0
23045,5.125,0.0
23046,5.12,0.0
23047,5.12,0.0
23048,5.12,0.0
23049,5.11,0.0
23050,5.1,0.0
23051,5.105,0.0
23052,5.105,0.0
23053,5.1,0.0
23054,5.085,0.0
23055,5.08,0.0
23056,5.09,0.0
23057,5.08,0.0
23058,5.07,0.0
23059,5.07,0.0
23060,5.08,0.0
23061,5.07,0.0
23062,5.055,0.0
23063,5.05,0.0
23064,5.075,0.0
23065,5.065,0.0
23066,5.045,0.0
23067,5.03,0.0
23068,5.06,0.0
23069,5.055,0.0
23070,5.05,0.0
23071,5.035,0.0
23072,5.055,0.0
23073,5.05,0.0
23074,5.045,0.0
23075,5.04,0.0
23076,5.045,0.0
23077,5.045,0.0
23078,5.045,0.0
23079,5.03,0.0
23080,5.035,0.0
23081,5.045,0.0
23082,5.045,0.0
23083,5.03,0.0
23084,5.025,0.0
23085,5.04,0.0
23086,5.03,0.0
23087,5.02,0.0
23088,5.03,0.0
23089,5.045,0.0
23090,5.04,0.0
23091,5.025,0.0
23092,5.025,0.0
23093,5.04,0.0
23094,5.04,0.0
23095,5.03,0.0
23096,5.06,0.0
23097,5.125,0.0
23098,5.33,0.0
23099,5.85,0.0
23100,6.035,0.0
23101,5.8,0.0
23102,5.555,0.0
23103,5.495,0.0
23104,5.42,0.0
23105,5.38,0.0
23106,5.33,0.0
23107,5.215,0.0
23108,5.015,0.0
23109,4.745,0.0
23110,4.41,0.0
23111,4.055,0.0
23112,3.665,0.0
23113,3.285,0.0
23114,3.0,0.0
23115,2.75,0.0
23116,2.565,0.0
23117,2.415,0.0
23118,2.27,0.0
23119,2.15,0.0
23120,2.08,0.0
23121,2.055,0.0
23122,2.03,0.0
23123,2.025,0.0
23124,2.005,0.0
23125,1.985,0.0
23126,2.02,0.0
23127,2.035,0.0
23128,2.035,0.0
23129,2.08,0.0
23130,2.18,0.0
23131,2.325,0.0
23132,2.495,0.0
23133,2.715,0.0
23134,2.995,0.0
23135,3.33,0.0
23136,3.66,0.0
23137,3.98,0.0
23138,4.32,0.0
23139,4.63,0.0
23140,4.9,0.0
23141,5.135,0.0
23142,5.345,0.0
23143,5.56,0.0
23144,5.73,0.0
23145,5.825,0.0
23146,5.9,0.0
23147,5.97,0.0
23148,6.015,0.0
23149,6.055,0.0
23150,6.06,0.0
23151,6.14,0.0
23152,6.185,0.0
23153,6.21,0.0
23154,6.23,0.0
23155,6.285,0.0
23156,6.315,0.0
23157,6.345,0.0
23158,6.375,0.0
23159,6.41,0.0
23160,6.455,0.0
23161,6.49,0.0
23162,6.52,0.0
23163,6.555,0.0
23164,6.62,0.0
23165,6.655,0.0
23166,6.685,0.0
23167,6.725,0.0
23168,6.775,0.0
23169,6.815,0.0
23170,6.845,0.0
23171,6.885,0.0
23172,6.95,0.0
23173,6.99,0.0
23174,7.02,0.0
23175,7.035,0.0
23176,7.09,0.0
23177,7.115,0.0
23178,7.12,0.0
23179,7.115,0.0
23180,7.1,0.0
23181,7.105,0.0
23182,7.075,0.0
23183,7.04,0.0
23184,7.005,0.0
23185,6.955,0.0
23186,6.9,0.0
23187,6.815,0.0
23188,6.74,0.0
23189,6.675,0.0
23190,6.585,0.0
23191,6.5,0.0
23192,6.41,0.0
23193,6.35,0.0
23194,6.26,0.0
23195,6.16,0.0
23196,6.06,0.0
23197,5.98,0.0
23198,5.9,0.0
23199,5.815,0.0
23200,5.775,0.0
23201,5.675,0.0
23202,5.63,0.0
23203,5.565,0.0
23204,5.51,0.0
23205,5.475,0.0
23206,5.44,0.0
23207,5.39,0.0
23208,5.345,0.0
23209,5.325,0.0
23210,5.32,0.0
23211,5.295,0.0
23212,5.27,0.0
23213,5.255,0.0
23214,5.245,0.0
23215,5.245,0.0
23216,5.205,0.0
23217,5.215,0.0
23218,5.215,0.0
23219,5.215,0.0
23220,5.205,0.0
23221,5.195,0.0
23222,5.205,0.0
23223,5.215,0.0
23224,5.195,0.0
23225,5.19,0.0
23226,5.195,0.0
23227,5.21,0.0
23228,5.21,0.0
23229,5.195,0.0
23230,5.2,0.0
23231,5.21,0.0
23232,5.23,0.0
23233,5.205,0.0
23234,5.22,0.0
23235,5.225,0.0
23236,5.215,0.0
23237,5.205,0.0
23238,5.2,0.0
23239,5.21,0.0
23240,5.215,0.0
23241,5.195,0.0
23242,5.2,0.0
23243,5.21,0.0
23244,5.2,0.0
23245,5.19,0.0
23246,5.18,0.0
23247,5.18,0.0
23248,5.185,0.0
23249,5.155,0.0
23250,5.14,0.0
23251,5.15,0.0
23252,5.15,0.0
23253,5.145,0.0
23254,5.13,0.0
23255,5.13,0.0
23256,5.125,0.0
23257,5.115,0.0
23258,5.105,0.0
23259,5.105,0.0
23260,5.1,0.0
23261,5.095,0.0
23262,5.075,0.0
23263,5.075,0.0
23264,5.09,0.0
23265,5.075,0.0
23266,5.06,0.0
23267,5.065,0.0
23268,5.075,0.0
23269,5.075,0.0
23270,5.055,0.0
23271,5.055,0.0
23272,5.06,0.0
23273,5.055,0.0
23274,5.05,0.0
23275,5.04,0.0
23276,5.05,0.0
23277,5.05,0.0
23278,5.05,0.0
23279,5.045,0.0
23280,5.04,0.0
23281,5.05,0.0
23282,5.035,0.0
23283,5.025,0.0
23284,5.025,0.0
23285,5.035,0.0
23286,5.025,0.0
23287,5.015,0.0
23288,5.02,0.0
23289,5.04,0.0
23290,5.03,0.0
23291,5.02,0.0
23292,5.01,0.0
23293,5.035,0.0
23294,5.04,0.0
23295,5.03,0.0
23296,5.015,0.0
23297,5.02,0.0
23298,5.03,0.0
23299,5.025,0.0
23300,5.02,0.0
23301,5.025,0.0
23302,5.04,0.0
23303,5.05,0.0
23304,5.04,0.0
23305,5.105,0.0
23306,5.305,0.0
23307,5.81,0.0
23308,6.11,0.0
23309,5.785,0.0
23310,5.49,0.0
23311,5.395,0.0
23312,5.295,0.0
23313,5.17,0.0
23314,5.0,0.0
23315,4.745,0.0
23316,4.43,0.0
23317,4.08,0.0
23318,3.775,0.0
23319,3.505,0.0
23320,3.255,0.0
23321,2.95,0.0
23322,2.675,0.0
23323,2.465,0.0
23324,2.32,0.0
23325,2.27,0.0
23326,2.1,0.0
23327,2.06,0.0
23328,2.02,0.0
23329,2.0,0.0
23330,2.01,0.0
23331,2.01,0.0
23332,2.01,0.0
23333,2.015,0.0
23334,2.06,0.0
23335,2.145,0.0
23336,2.27,0.0
23337,2.435,0.0
23338,2.68,0.0
23339,3.0,0.0
23340,3.365,0.0
23341,3.73,0.0
23342,4.1,0.0
23343,4.425,0.0
23344,4.73,0.0
23345,5.0,0.0
23346,5.26,0.0
23347,5.505,0.0
23348,5.675,0.0
23349,5.795,0.0
23350,5.82,0.0
23351,5.935,0.0
23352,5.995,0.0
23353,6.035,0.0
23354,6.065,0.0
23355,6.115,0.0
23356,6.155,0.0
23357,6.18,0.0
23358,6.205,0.0
23359,6.24,0.0
23360,6.285,0.0
23361,6.32,0.0
23362,6.345,0.0
23363,6.38,0.0
23364,6.425,0.0
23365,6.465,0.0
23366,6.48,0.0
23367,6.52,0.0
23368,6.585,0.0
23369,6.62,0.0
23370,6.65,0.0
23371,6.69,0.0
23372,6.745,0.0
23373,6.785,0.0
23374,6.815,0.0
23375,6.82,0.0
23376,6.885,0.0
23377,6.93,0.0
23378,6.96,0.0
23379,6.975,0.0
23380,7.005,0.0
23381,7.025,0.0
23382,7.035,0.0
23383,7.02,0.0
23384,7.015,0.0
23385,7.015,0.0
23386,6.985,0.0
23387,6.94,0.0
23388,6.895,0.0
23389,6.855,0.0
23390,6.775,0.0
23391,6.705,0.0
23392,6.615,0.0
23393,6.54,0.0
23394,6.45,0.0
23395,6.35,0.0
23396,6.25,0.0
23397,6.17,0.0
23398,6.07,0.0
23399,5.975,0.0
23400,5.935,0.0
23401,5.81,0.0
23402,5.735,0.0
23403,5.66,0.0
23404,5.585,0.0
23405,5.53,0.0
23406,5.485,0.0
23407,5.455,0.0
23408,5.38,0.0
23409,5.355,0.0
23410,5.325,0.0
23411,5.305,0.0
23412,5.275,0.0
23413,5.265,0.0
23414,5.26,0.0
23415,5.245,0.0
23416,5.215,0.0
23417,5.215,0.0
23418,5.22,0.0
23419,5.21,0.0
23420,5.2,0.0
23421,5.185,0.0
23422,5.195,0.0
23423,5.2,0.0
23424,5.2,0.0
23425,5.185,0.0
23426,5.205,0.0
23427,5.215,0.0
23428,5.2,0.0
23429,5.185,0.0
23430,5.205,0.0
23431,5.205,0.0
23432,5.2,0.0
23433,5.19,0.0
23434,5.2,0.0
23435,5.195,0.0
23436,5.2,0.0
23437,5.19,0.0
23438,5.19,0.0
23439,5.22,0.0
23440,5.22,0.0
23441,5.225,0.0
23442,5.22,0.0
23443,5.23,0.0
23444,5.23,0.0
23445,5.21,0.0
23446,5.205,0.0
23447,5.215,0.0
23448,5.21,0.0
23449,5.2,0.0
23450,5.185,0.0
23451,5.165,0.0
23452,5.16,0.0
23453,5.12,0.0
23454,5.095,0.0
23455,5.095,0.0
23456,5.08,0.0
23457,5.075,0.0
23458,5.05,0.0
23459,5.03,0.0
23460,5.045,0.0
23461,5.055,0.0
23462,5.05,0.0
23463,5.05,0.0
23464,5.055,0.0
23465,5.045,0.0
23466,5.02,0.0
23467,5.03,0.0
23468,5.03,0.0
23469,5.035,0.0
23470,5.025,0.0
23471,5.02,0.0
23472,5.03,0.0
23473,5.035,0.0
23474,5.02,0.0
23475,5.015,0.0
23476,5.03,0.0
23477,5.03,0.0
23478,5.01,0.0
23479,4.995,0.0
23480,5.005,0.0
23481,5.025,0.0
23482,5.015,0.0
23483,5.015,0.0
23484,5.015,0.0
23485,5.02,0.0
23486,5.015,0.0
23487,5.0,0.0
23488,5.005,0.0
23489,5.02,0.0
23490,5.02,0.0
23491,5.01,0.0
23492,5.005,0.0
23493,5.015,0.0
23494,5.025,0.0
23495,5.015,0.0
23496,5.01,0.0
23497,5.015,0.0
23498,5.025,0.0
23499,5.02,0.0
23500,5.02,0.0
23501,5.035,0.0
23502,5.04,0.0
23503,5.04,0.0
23504,5.06,0.0
23505,5.155,0.0
23506,5.47,0.0
23507,5.94,0.0
23508,5.92,0.0
23509,5.605,0.0
23510,5.485,0.0
23511,5.43,0.0
23512,5.35,0.0
23513,5.285,0.0
23514,5.18,0.0
23515,4.965,0.0
23516,4.655,0.0
23517,4.29,0.0
23518,3.92,0.0
23519,3.53,0.0
23520,3.14,0.0
23521,2.87,0.0
23522,2.695,0.0
23523,2.555,0.0
23524,2.47,0.0
23525,2.44,0.0
23526,2.26,0.0
23527,2.18,0.0
23528,2.135,0.0
23529,2.095,0.0
23530,2.065,0.0
23531,2.06,0.0
23532,2.05,0.0
23533,2.045,0.0
23534,2.06,0.0
23535,2.1,0.0
23536,2.15,0.0
23537,2.24,0.0
23538,2.38,0.0
23539,2.565,0.0
23540,2.76,0.0
23541,2.975,0.0
23542,3.255,0.0
23543,3.58,0.0
23544,3.895,0.0
23545,4.19,0.0
23546,4.485,0.0
23547,4.785,0.0
23548,5.035,0.0
23549,5.235,0.0
23550,5.29,0.0
23551,5.63,0.0
23552,5.775,0.0
23553,5.85,0.0
23554,5.91,0.0
23555,5.975,0.0
23556,6.025,0.0
23557,6.075,0.0
23558,6.11,0.0
23559,6.16,0.0
23560,6.225,0.0
23561,6.265,0.0
23562,6.3,0.0
23563,6.355,0.0
23564,6.425,0.0
23565,6.46,0.0
23566,6.49,0.0
23567,6.55,0.0
23568,6.605,0.0
23569,6.67,0.0
23570,6.705,0.0
23571,6.76,0.0
23572,6.815,0.0
23573,6.85,0.0
23574,6.9,0.0
23575,6.91,0.0
23576,6.995,0.0
23577,7.035,0.0
23578,7.07,0.0
23579,7.09,0.0
23580,7.125,0.0
23581,7.15,0.0
23582,7.165,0.0
23583,7.15,0.0
23584,7.15,0.0
23585,7.135,0.0
23586,7.105,0.0
23587,7.065,0.0
23588,7.02,0.0
23589,6.98,0.0
23590,6.915,0.0
23591,6.84,0.0
23592,6.77,0.0
23593,6.695,0.0
23594,6.605,0.0
23595,6.51,0.0
23596,6.41,0.0
23597,6.335,0.0
23598,6.25,0.0
23599,6.145,0.0
23600,6.11,0.0
23601,5.985,0.0
23602,5.905,0.0
23603,5.825,0.0
23604,5.745,0.0
23605,5.685,0.0
23606,5.64,0.0
23607,5.58,0.0
23608,5.53,0.0
23609,5.5,0.0
23610,5.465,0.0
23611,5.41,0.0
23612,5.375,0.0
23613,5.345,0.0
23614,5.34,0.0
23615,5.305,0.0
23616,5.275,0.0
23617,5.255,0.0
23618,5.26,0.0
23619,5.25,0.0
23620,5.22,0.0
23621,5.215,0.0
23622,5.22,0.0
23623,5.21,0.0
23624,5.195,0.0
23625,5.185,0.0
23626,5.18,0.0
23627,5.19,0.0
23628,5.185,0.0
23629,5.17,0.0
23630,5.175,0.0
23631,5.17,0.0
23632,5.185,0.0
23633,5.165,0.0
23634,5.17,0.0
23635,5.18,0.0
23636,5.18,0.0
23637,5.17,0.0
23638,5.17,0.0
23639,5.185,0.0
23640,5.195,0.0
23641,5.17,0.0
23642,5.17,0.0
23643,5.18,0.0
23644,5.185,0.0
23645,5.18,0.0
23646,5.185,0.0
23647,5.19,0.0
23648,5.185,0.0
23649,5.17,0.0
23650,5.165,0.0
23651,5.175,0.0
23652,5.175,0.0
23653,5.16,0.0
23654,5.145,0.0
23655,5.155,0.0
23656,5.155,0.0
23657,5.145,0.0
23658,5.13,0.0
23659,5.13,0.0
23660,5.145,0.0
23661,5.125,0.0
23662,5.115,0.0
23663,5.105,0.0
23664,5.125,0.0
23665,5.115,0.0
23666,5.095,0.0
23667,5.095,0.0
23668,5.115,0.0
23669,5.11,0.0
23670,5.095,0.0
23671,5.095,0.0
23672,5.11,0.0
23673,5.125,0.0
23674,5.115,0.0
23675,5.105,0.0
23676,5.12,0.0
23677,5.13,0.0
23678,5.125,0.0
23679,5.11,0.0
23680,5.12,0.0
23681,5.135,0.0
23682,5.125,0.0
23683,5.095,0.0
23684,5.09,0.0
23685,5.09,0.0
23686,5.075,0.0
23687,5.04,0.0
23688,5.03,0.0
23689,5.025,0.0
23690,5.02,0.0
23691,5.01,0.0
23692,4.995,0.0
23693,5.01,0.0
23694,5.03,0.0
23695,5.045,0.0
23696,5.035,0.0
23697,5.04,0.0
23698,5.045,0.0
23699,5.06,0.0
23700,5.055,0.0
23701,5.075,0.0
23702,5.105,0.0
23703,5.24,0.0
23704,5.65,0.0
23705,5.975,0.0
23706,5.74,0.0
23707,5.505,0.0
23708,5.465,0.0
23709,5.435,0.0
23710,5.415,0.0
23711,5.34,0.0
23712,5.205,0.0
23713,5.0,0.0
23714,4.745,0.0
23715,4.44,0.0
23716,4.13,0.0
23717,3.82,0.0
23718,3.575,0.0
23719,3.375,0.0
23720,3.21,0.0
23721,3.07,0.0
23722,2.9,0.0
23723,2.71,0.0
23724,2.53,0.0
23725,2.475,0.0
23726,2.365,0.0
23727,2.31,0.0
23728,2.24,0.0
23729,2.185,0.0
23730,2.17,0.0
23731,2.155,0.0
23732,2.135,0.0
23733,2.135,0.0
23734,2.18,0.0
23735,2.275,0.0
23736,2.4,0.0
23737,2.56,0.0
23738,2.755,0.0
23739,2.995,0.0
23740,3.28,0.0
23741,3.575,0.0
23742,3.9,0.0
23743,4.22,0.0
23744,4.52,0.0
23745,4.8,0.0
23746,5.05,0.0
23747,5.27,0.0
23748,5.45,0.0
23749,5.62,0.0
23750,5.66,0.0
23751,5.86,0.0
23752,5.935,0.0
23753,5.99,0.0
23754,6.045,0.0
23755,6.105,0.0
23756,6.155,0.0
23757,6.185,0.0
23758,6.225,0.0
23759,6.275,0.0
23760,6.315,0.0
23761,6.355,0.0
23762,6.385,0.0
23763,6.435,0.0
23764,6.49,0.0
23765,6.545,0.0
23766,6.585,0.0
23767,6.64,0.0
23768,6.705,0.0
23769,6.755,0.0
23770,6.805,0.0
23771,6.855,0.0
23772,6.91,0.0
23773,6.96,0.0
23774,6.995,0.0
23775,7.0,0.0
23776,7.075,0.0
23777,7.12,0.0
23778,7.115,0.0
23779,7.14,0.0
23780,7.16,0.0
23781,7.175,0.0
23782,7.16,0.0
23783,7.135,0.0
23784,7.125,0.0
23785,7.095,0.0
23786,7.05,0.0
23787,6.98,0.0
23788,6.92,0.0
23789,6.865,0.0
23790,6.775,0.0
23791,6.68,0.0
23792,6.6,0.0
23793,6.525,0.0
23794,6.43,0.0
23795,6.325,0.0
23796,6.225,0.0
23797,6.145,0.0
23798,6.06,0.0
23799,5.965,0.0
23800,5.935,0.0
23801,5.81,0.0
23802,5.745,0.0
23803,5.68,0.0
23804,5.61,0.0
23805,5.565,0.0
23806,5.52,0.0
23807,5.475,0.0
23808,5.42,0.0
23809,5.395,0.0
23810,5.38,0.0
23811,5.34,0.0
23812,5.31,0.0
23813,5.295,0.0
23814,5.295,0.0
23815,5.27,0.0
23816,5.245,0.0
23817,5.23,0.0
23818,5.24,0.0
23819,5.225,0.0
23820,5.2,0.0
23821,5.205,0.0
23822,5.205,0.0
23823,5.195,0.0
23824,5.195,0.0
23825,5.185,0.0
23826,5.18,0.0
23827,5.185,0.0
23828,5.19,0.0
23829,5.175,0.0
23830,5.185,0.0
23831,5.195,0.0
23832,5.185,0.0
23833,5.175,0.0
23834,5.175,0.0
23835,5.195,0.0
23836,5.185,0.0
23837,5.17,0.0
23838,5.18,0.0
23839,5.2,0.0
23840,5.2,0.0
23841,5.19,0.0
23842,5.19,0.0
23843,5.2,0.0
23844,5.195,0.0
23845,5.195,0.0
23846,5.19,0.0
23847,5.195,0.0
23848,5.195,0.0
23849,5.195,0.0
23850,5.185,0.0
23851,5.19,0.0
23852,5.2,0.0
23853,5.195,0.0
23854,5.175,0.0
23855,5.165,0.0
23856,5.175,0.0
23857,5.155,0.0
23858,5.135,0.0
23859,5.14,0.0
23860,5.15,0.0
23861,5.145,0.0
23862,5.115,0.0
23863,5.115,0.0
23864,5.135,0.0
23865,5.125,0.0
23866,5.105,0.0
23867,5.105,0.0
23868,5.115,0.0
23869,5.105,0.0
23870,5.09,0.0
23871,5.085,0.0
23872,5.1,0.0
23873,5.105,0.0
23874,5.09,0.0
23875,5.075,0.0
23876,5.08,0.0
23877,5.09,0.0
23878,5.075,0.0
23879,5.06,0.0
23880,5.075,0.0
23881,5.07,0.0
23882,5.06,0.0
23883,5.05,0.0
23884,5.055,0.0
23885,5.075,0.0
23886,5.065,0.0
23887,5.045,0.0
23888,5.045,0.0
23889,5.065,0.0
23890,5.055,0.0
23891,5.035,0.0
23892,5.04,0.0
23893,5.05,0.0
23894,5.05,0.0
23895,5.05,0.0
23896,5.035,0.0
23897,5.055,0.0
23898,5.05,0.0
23899,5.04,0.0
23900,5.03,0.0
23901,5.06,0.0
23902,5.065,0.0
23903,5.06,0.0
23904,5.055,0.0
23905,5.095,0.0
23906,5.215,0.0
23907,5.57,0.0
23908,5.97,0.0
23909,5.855,0.0
23910,5.59,0.0
23911,5.5,0.0
23912,5.445,0.0
23913,5.405,0.0
23914,5.37,0.0
23915,5.265,0.0
23916,5.08,0.0
23917,4.8,0.0
23918,4.47,0.0
23919,4.105,0.0
23920,3.725,0.0
23921,3.355,0.0
23922,3.075,0.0
23923,2.84,0.0
23924,2.64,0.0
23925,2.595,0.0
23926,2.385,0.0
23927,2.26,0.0
23928,2.17,0.0
23929,2.115,0.0
23930,2.095,0.0
23931,2.095,0.0
23932,2.07,0.0
23933,2.05,0.0
23934,2.055,0.0
23935,2.07,0.0
23936,2.075,0.0
23937,2.09,0.0
23938,2.145,0.0
23939,2.235,0.0
23940,2.385,0.0
23941,2.555,0.0
23942,2.77,0.0
23943,3.055,0.0
23944,3.355,0.0
23945,3.65,0.0
23946,3.965,0.0
23947,4.275,0.0
23948,4.575,0.0
23949,4.825,0.0
23950,4.9,0.0
23951,5.28,0.0
23952,5.475,0.0
23953,5.66,0.0
23954,5.77,0.0
23955,5.855,0.0
23956,5.905,0.0
23957,5.96,0.0
23958,5.99,0.0
23959,6.05,0.0
23960,6.1,0.0
23961,6.13,0.0
23962,6.155,0.0
23963,6.195,0.0
23964,6.24,0.0
23965,6.27,0.0
23966,6.29,0.0
23967,6.335,0.0
23968,6.39,0.0
23969,6.425,0.0
23970,6.445,0.0
23971,6.495,0.0
23972,6.54,0.0
23973,6.585,0.0
23974,6.615,0.0
23975,6.62,0.0
23976,6.71,0.0
23977,6.76,0.0
23978,6.8,0.0
23979,6.83,0.0
23980,6.885,0.0
23981,6.93,0.0
23982,6.955,0.0
23983,6.985,0.0
23984,7.025,0.0
23985,7.055,0.0
23986,7.08,0.0
23987,7.075,0.0
23988,7.085,0.0
23989,7.09,0.0
23990,7.08,0.0
23991,7.055,0.0
23992,7.025,0.0
23993,6.99,0.0
23994,6.93,0.0
23995,6.86,0.0
23996,6.78,0.0
23997,6.715,0.0
23998,6.635,0.0
23999,6.53,0.0
24000,6.495,0.0
24001,6.35,0.0
24002,6.275,0.0
24003,6.165,0.0
24004,6.065,0.0
24005,5.985,0.0
24006,5.91,0.0
24007,5.84,0.0
24008,5.76,0.0
24009,5.69,0.0
24010,5.635,0.0
24011,5.58,0.0
24012,5.515,0.0
24013,5.475,0.0
24014,5.445,0.0
24015,5.405,0.0
24016,5.355,0.0
24017,5.345,0.0
24018,5.33,0.0
24019,5.3,0.0
24020,5.27,0.0
24021,5.24,0.0
24022,5.25,0.0
24023,5.245,0.0
24024,5.225,0.0
24025,5.215,0.0
24026,5.22,0.0
24027,5.235,0.0
24028,5.23,0.0
24029,5.22,0.0
24030,5.21,0.0
24031,5.22,0.0
24032,5.205,0.0
24033,5.195,0.0
24034,5.2,0.0
24035,5.21,0.0
24036,5.215,0.0
24037,5.195,0.0
24038,5.2,0.0
24039,5.215,0.0
24040,5.21,0.0
24041,5.19,0.0
24042,5.19,0.0
24043,5.21,0.0
24044,5.21,0.0
24045,5.19,0.0
24046,5.195,0.0
24047,5.2,0.0
24048,5.19,0.0
24049,5.18,0.0
24050,5.175,0.0
24051,5.18,0.0
24052,5.19,0.0
24053,5.18,0.0
24054,5.165,0.0
24055,5.16,0.0
24056,5.165,0.0
24057,5.15,0.0
24058,5.14,0.0
24059,5.135,0.0
24060,5.145,0.0
24061,5.13,0.0
24062,5.12,0.0
24063,5.115,0.0
24064,5.125,0.0
24065,5.12,0.0
24066,5.1,0.0
24067,5.085,0.0
24068,5.09,0.0
24069,5.095,0.0
24070,5.075,0.0
24071,5.07,0.0
24072,5.075,0.0
24073,5.085,0.0
24074,5.075,0.0
24075,5.065,0.0
24076,5.06,0.0
24077,5.07,0.0
24078,5.065,0.0
24079,5.05,0.0
24080,5.065,0.0
24081,5.07,0.0
24082,5.06,0.0
24083,5.045,0.0
24084,5.05,0.0
24085,5.055,0.0
24086,5.055,0.0
24087,5.04,0.0
24088,5.04,0.0
24089,5.06,0.0
24090,5.045,0.0
24091,5.04,0.0
24092,5.03,0.0
24093,5.03,0.0
24094,5.035,0.0
24095,5.03,0.0
24096,5.025,0.0
24097,5.035,0.0
24098,5.035,0.0
24099,5.025,0.0
24100,5.02,0.0
24101,5.035,0.0
24102,5.045,0.0
24103,5.04,0.0
24104,5.03,0.0
24105,5.025,0.0
24106,5.035,0.0
24107,5.035,0.0
24108,5.03,0.0
24109,5.035,0.0
24110,5.055,0.0
24111,5.085,0.0
24112,5.18,0.0
24113,5.575,0.0
24114,6.065,0.0
24115,5.96,0.0
24116,5.585,0.0
24117,5.48,0.0
24118,5.435,0.0
24119,5.38,0.0
24120,5.3,0.0
24121,5.19,0.0
24122,5.015,0.0
24123,4.76,0.0
24124,4.42,0.0
24125,4.31,0.0
24126,3.73,0.0
24127,3.37,0.0
24128,3.08,0.0
24129,2.84,0.0
24130,2.66,0.0
24131,2.545,0.0
24132,2.4,0.0
24133,2.26,0.0
24134,2.17,0.0
24135,2.14,0.0
24136,2.1,0.0
24137,2.065,0.0
24138,2.05,0.0
24139,2.06,0.0
24140,2.05,0.0
24141,2.025,0.0
24142,2.055,0.0
24143,2.08,0.0
24144,2.115,0.0
24145,2.195,0.0
24146,2.33,0.0
24147,2.515,0.0
24148,2.72,0.0
24149,2.97,0.0
24150,3.055,0.0
24151,3.605,0.0
24152,3.925,0.0
24153,4.21,0.0
24154,4.515,0.0
24155,4.805,0.0
24156,5.045,0.0
24157,5.265,0.0
24158,5.455,0.0
24159,5.64,0.0
24160,5.765,0.0
24161,5.835,0.0
24162,5.88,0.0
24163,5.94,0.0
24164,5.99,0.0
24165,6.015,0.0
24166,6.05,0.0
24167,6.075,0.0
24168,6.125,0.0
24169,6.15,0.0
24170,6.17,0.0
24171,6.195,0.0
24172,6.245,0.0
24173,6.28,0.0
24174,6.3,0.0
24175,6.31,0.0
24176,6.37,0.0
24177,6.39,0.0
24178,6.42,0.0
24179,6.46,0.0
24180,6.505,0.0
24181,6.555,0.0
24182,6.59,0.0
24183,6.605,0.0
24184,6.65,0.0
24185,6.695,0.0
24186,6.74,0.0
24187,6.77,0.0
24188,6.805,0.0
24189,6.85,0.0
24190,6.87,0.0
24191,6.895,0.0
24192,6.905,0.0
24193,6.93,0.0
24194,6.935,0.0
24195,6.93,0.0
24196,6.93,0.0
24197,6.92,0.0
24198,6.905,0.0
24199,6.865,0.0
24200,6.845,0.0
24201,6.77,0.0
24202,6.705,0.0
24203,6.63,0.0
24204,6.55,0.0
24205,6.475,0.0
24206,6.39,0.0
24207,6.31,0.0
24208,6.205,0.0
24209,6.125,0.0
24210,6.05,0.0
24211,5.965,0.0
24212,5.88,0.0
24213,5.805,0.0
24214,5.755,0.0
24215,5.69,0.0
24216,5.615,0.0
24217,5.565,0.0
24218,5.525,0.0
24219,5.48,0.0
24220,5.425,0.0
24221,5.4,0.0
24222,5.375,0.0
24223,5.35,0.0
24224,5.305,0.0
24225,5.29,0.0
24226,5.285,0.0
24227,5.28,0.0
24228,5.265,0.0
24229,5.24,0.0
24230,5.24,0.0
24231,5.245,0.0
24232,5.225,0.0
24233,5.215,0.0
24234,5.225,0.0
24235,5.23,0.0
24236,5.22,0.0
24237,5.215,0.0
24238,5.215,0.0
24239,5.225,0.0
24240,5.215,0.0
24241,5.2,0.0
24242,5.205,0.0
24243,5.215,0.0
24244,5.22,0.0
24245,5.2,0.0
24246,5.195,0.0
24247,5.21,0.0
24248,5.21,0.0
24249,5.205,0.0
24250,5.195,0.0
24251,5.215,0.0
24252,5.205,0.0
24253,5.21,0.0
24254,5.2,0.0
24255,5.2,0.0
24256,5.205,0.0
24257,5.19,0.0
24258,5.18,0.0
24259,5.185,0.0
24260,5.195,0.0
24261,5.185,0.0
24262,5.165,0.0
24263,5.165,0.0
24264,5.18,0.0
24265,5.165,0.0
24266,5.15,0.0
24267,5.15,0.0
24268,5.15,0.0
24269,5.145,0.0
24270,5.125,0.0
24271,5.12,0.0
24272,5.125,0.0
24273,5.115,0.0
24274,5.12,0.0
24275,5.11,0.0
24276,5.11,0.0
24277,5.12,0.0
24278,5.1,0.0
24279,5.08,0.0
24280,5.095,0.0
24281,5.09,0.0
24282,5.08,0.0
24283,5.07,0.0
24284,5.07,0.0
24285,5.09,0.0
24286,5.075,0.0
24287,5.06,0.0
24288,5.07,0.0
24289,5.075,0.0
24290,5.07,0.0
24291,5.05,0.0
24292,5.04,0.0
24293,5.065,0.0
24294,5.06,0.0
24295,5.055,0.0
24296,5.045,0.0
24297,5.06,0.0
24298,5.06,0.0
24299,5.05,0.0
24300,5.05,0.0
24301,5.05,0.0
24302,5.05,0.0
24303,5.055,0.0
24304,5.035,0.0
24305,5.045,0.0
24306,5.05,0.0
24307,5.035,0.0
24308,5.035,0.0
24309,5.035,0.0
24310,5.05,0.0
24311,5.045,0.0
24312,5.035,0.0
24313,5.035,0.0
24314,5.05,0.0
24315,5.04,0.0
24316,5.04,0.0
24317,5.035,0.0
24318,5.06,0.0
24319,5.07,0.0
24320,5.07,0.0
24321,5.11,0.0
24322,5.27,0.0
24323,5.68,0.0
24324,5.99,0.0
24325,6.0,0.0
24326,5.535,0.0
24327,5.48,0.0
24328,5.415,0.0
24329,5.36,0.0
24330,5.31,0.0
24331,5.19,0.0
24332,5.0,0.0
24333,4.715,0.0
24334,4.405,0.0
24335,4.105,0.0
24336,3.78,0.0
24337,3.47,0.0
24338,3.235,0.0
24339,3.035,0.0
24340,2.855,0.0
24341,2.71,0.0
24342,2.535,0.0
24343,2.37,0.0
24344,2.27,0.0
24345,2.195,0.0
24346,2.16,0.0
24347,2.13,0.0
24348,2.1,0.0
24349,2.08,0.0
24350,2.065,0.0
24351,2.08,0.0
24352,2.09,0.0
24353,2.11,0.0
24354,2.15,0.0
24355,2.26,0.0
24356,2.41,0.0
24357,2.585,0.0
24358,2.815,0.0
24359,3.12,0.0
24360,3.445,0.0
24361,3.765,0.0
24362,4.06,0.0
24363,4.385,0.0
24364,4.68,0.0
24365,4.92,0.0
24366,5.115,0.0
24367,5.315,0.0
24368,5.5,0.0
24369,5.63,0.0
24370,5.715,0.0
24371,5.765,0.0
24372,5.835,0.0
24373,5.88,0.0
24374,5.91,0.0
24375,5.915,0.0
24376,5.985,0.0
24377,6.02,0.0
24378,6.035,0.0
24379,6.05,0.0
24380,6.085,0.0
24381,6.12,0.0
24382,6.15,0.0
24383,6.175,0.0
24384,6.205,0.0
24385,6.265,0.0
24386,6.285,0.0
24387,6.31,0.0
24388,6.355,0.0
24389,6.4,0.0
24390,6.44,0.0
24391,6.47,0.0
24392,6.515,0.0
24393,6.58,0.0
24394,6.61,0.0
24395,6.655,0.0
24396,6.685,0.0
24397,6.735,0.0
24398,6.785,0.0
24399,6.81,0.0
24400,6.825,0.0
24401,6.875,0.0
24402,6.89,0.0
24403,6.92,0.0
24404,6.92,0.0
24405,6.93,0.0
24406,6.945,0.0
24407,6.91,0.0
24408,6.885,0.0
24409,6.875,0.0
24410,6.845,0.0
24411,6.795,0.0
24412,6.73,0.0
24413,6.67,0.0
24414,6.605,0.0
24415,6.51,0.0
24416,6.42,0.0
24417,6.335,0.0
24418,6.26,0.0
24419,6.17,0.0
24420,6.085,0.0
24421,5.995,0.0
24422,5.925,0.0
24423,5.845,0.0
24424,5.765,0.0
24425,5.735,0.0
24426,5.65,0.0
24427,5.6,0.0
24428,5.53,0.0
24429,5.475,0.0
24430,5.45,0.0
24431,5.42,0.0
24432,5.375,0.0
24433,5.34,0.0
24434,5.32,0.0
24435,5.305,0.0
24436,5.285,0.0
24437,5.255,0.0
24438,5.25,0.0
24439,5.26,0.0
24440,5.245,0.0
24441,5.22,0.0
24442,5.22,0.0
24443,5.225,0.0
24444,5.215,0.0
24445,5.205,0.0
24446,5.21,0.0
24447,5.225,0.0
24448,5.215,0.0
24449,5.205,0.0
24450,5.195,0.0
24451,5.21,0.0
24452,5.22,0.0
24453,5.2,0.0
24454,5.2,0.0
24455,5.21,0.0
24456,5.215,0.0
24457,5.2,0.0
24458,5.2,0.0
24459,5.205,0.0
24460,5.22,0.0
24461,5.215,0.0
24462,5.2,0.0
24463,5.2,0.0
24464,5.215,0.0
24465,5.21,0.0
24466,5.195,0.0
24467,5.185,0.0
24468,5.195,0.0
24469,5.19,0.0
24470,5.17,0.0
24471,5.17,0.0
24472,5.175,0.0
24473,5.17,0.0
24474,5.155,0.0
24475,5.145,0.0
24476,5.16,0.0
24477,5.155,0.0
24478,5.14,0.0
24479,5.125,0.0
24480,5.13,0.0
24481,5.125,0.0
24482,5.12,0.0
24483,5.1,0.0
24484,5.09,0.0
24485,5.105,0.0
24486,5.095,0.0
24487,5.075,0.0
24488,5.07,0.0
24489,5.075,0.0
24490,5.07,0.0
24491,5.05,0.0
24492,5.045,0.0
24493,5.07,0.0
24494,5.055,0.0
24495,5.045,0.0
24496,5.05,0.0
24497,5.06,0.0
24498,5.05,0.0
24499,5.04,0.0
24500,5.04,0.0
24501,5.04,0.0
24502,5.04,0.0
24503,5.035,0.0
24504,5.025,0.0
24505,5.035,0.0
24506,5.045,0.0
24507,5.025,0.0
24508,5.025,0.0
24509,5.02,0.0
24510,5.04,0.0
24511,5.04,0.0
24512,5.0,0.0
24513,5.02,0.0
24514,5.03,0.0
24515,5.02,0.0
24516,5.0,0.0
24517,5.005,0.0
24518,5.015,0.0
24519,5.02,0.0
24520,5.005,0.0
24521,4.995,0.0
24522,5.02,0.0
24523,5.005,0.0
24524,5.005,0.0
24525,5.005,0.0
24526,5.0,0.0
24527,5.015,0.0
24528,5.01,0.0
24529,5.0,0.0
24530,5.005,0.0
24531,5.025,0.0
24532,5.015,0.0
24533,5.015,0.0
24534,5.035,0.0
24535,5.08,0.0
24536,5.18,0.0
24537,5.505,0.0
24538,5.915,0.0
24539,5.91,0.0
24540,5.595,0.0
24541,5.455,0.0
24542,5.41,0.0
24543,5.36,0.0
24544,5.31,0.0
24545,5.25,0.0
24546,5.135,0.0
24547,4.97,0.0
24548,4.745,0.0
24549,4.43,0.0
24550,4.33,0.0
24551,3.815,0.0
24552,3.505,0.0
24553,3.23,0.0
24554,2.99,0.0
24555,2.82,0.0
24556,2.68,0.0
24557,2.545,0.0
24558,2.385,0.0
24559,2.25,0.0
24560,2.18,0.0
24561,2.13,0.0
24562,2.075,0.0
24563,2.06,0.0
24564,2.055,0.0
24565,2.04,0.0
24566,2.025,0.0
24567,2.025,0.0
24568,2.05,0.0
24569,2.08,0.0
24570,2.11,0.0
24571,2.195,0.0
24572,2.325,0.0
24573,2.465,0.0
24574,2.615,0.0
24575,2.67,0.0
24576,3.11,0.0
24577,3.415,0.0
24578,3.72,0.0
24579,4.005,0.0
24580,4.31,0.0
24581,4.595,0.0
24582,4.85,0.0
24583,5.05,0.0
24584,5.245,0.0
24585,5.445,0.0
24586,5.605,0.0
24587,5.71,0.0
24588,5.785,0.0
24589,5.855,0.0
24590,5.89,0.0
24591,5.925,0.0
24592,5.96,0.0
24593,6.01,0.0
24594,6.035,0.0
24595,6.06,0.0
24596,6.1,0.0
24597,6.135,0.0
24598,6.17,0.0
24599,6.2,0.0
24600,6.21,0.0
24601,6.265,0.0
24602,6.3,0.0
24603,6.335,0.0
24604,6.355,0.0
24605,6.415,0.0
24606,6.45,0.0
24607,6.49,0.0
24608,6.515,0.0
24609,6.565,0.0
24610,6.61,0.0
24611,6.635,0.0
24612,6.67,0.0
24613,6.72,0.0
24614,6.76,0.0
24615,6.8,0.0
24616,6.84,0.0
24617,6.88,0.0
24618,6.925,0.0
24619,6.96,0.0
24620,6.975,0.0
24621,6.995,0.0
24622,7.015,0.0
24623,7.03,0.0
24624,7.015,0.0
24625,7.01,0.0
24626,6.995,0.0
24627,6.98,0.0
24628,6.94,0.0
24629,6.895,0.0
24630,6.86,0.0
24631,6.795,0.0
24632,6.725,0.0
24633,6.64,0.0
24634,6.58,0.0
24635,6.505,0.0
24636,6.41,0.0
24637,6.315,0.0
24638,6.23,0.0
24639,6.15,0.0
24640,6.055,0.0
24641,5.97,0.0
24642,5.885,0.0
24643,5.83,0.0
24644,5.75,0.0
24645,5.685,0.0
24646,5.62,0.0
24647,5.575,0.0
24648,5.525,0.0
24649,5.46,0.0
24650,5.44,0.0
24651,5.385,0.0
24652,5.35,0.0
24653,5.325,0.0
24654,5.285,0.0
24655,5.28,0.0
24656,5.265,0.0
24657,5.235,0.0
24658,5.22,0.0
24659,5.215,0.0
24660,5.215,0.0
24661,5.205,0.0
24662,5.195,0.0
24663,5.19,0.0
24664,5.2,0.0
24665,5.18,0.0
24666,5.16,0.0
24667,5.165,0.0
24668,5.17,0.0
24669,5.175,0.0
24670,5.165,0.0
24671,5.165,0.0
24672,5.18,0.0
24673,5.18,0.0
24674,5.165,0.0
24675,5.165,0.0
24676,5.17,0.0
24677,5.18,0.0
24678,5.17,0.0
24679,5.16,0.0
24680,5.16,0.0
24681,5.165,0.0
24682,5.15,0.0
24683,5.15,0.0
24684,5.155,0.0
24685,5.16,0.0
24686,5.16,0.0
24687,5.14,0.0
24688,5.135,0.0
24689,5.145,0.0
24690,5.14,0.0
24691,5.125,0.0
24692,5.12,0.0
24693,5.125,0.0
24694,5.12,0.0
24695,5.11,0.0
24696,5.1,0.0
24697,5.105,0.0
24698,5.095,0.0
24699,5.09,0.0
24700,5.08,0.0
24701,5.08,0.0
24702,5.075,0.0
24703,5.075,0.0
24704,5.06,0.0
24705,5.055,0.0
24706,5.055,0.0
24707,5.04,0.0
24708,5.025,0.0
24709,5.04,0.0
24710,5.04,0.0
24711,5.045,0.0
24712,5.02,0.0
24713,5.035,0.0
24714,5.045,0.0
24715,5.03,0.0
24716,5.02,0.0
24717,5.015,0.0
24718,5.015,0.0
24719,5.015,0.0
24720,5.015,0.0
24721,5.005,0.0
24722,5.015,0.0
24723,5.005,0.0
24724,4.995,0.0
24725,4.99,0.0
24726,5.005,0.0
24727,5.005,0.0
24728,5.01,0.0
24729,4.985,0.0
24730,5.005,0.0
24731,5.0,0.0
24732,4.995,0.0
24733,4.985,0.0
24734,4.985,0.0
24735,5.0,0.0
24736,4.995,0.0
24737,4.99,0.0
24738,4.99,0.0
24739,5.0,0.0
24740,4.99,0.0
24741,4.985,0.0
24742,4.98,0.0
24743,4.995,0.0
24744,5.0,0.0
24745,4.985,0.0
24746,4.99,0.0
24747,5.01,0.0
24748,5.01,0.0
24749,5.0,0.0
24750,4.99,0.0
24751,5.06,0.0
24752,5.18,0.0
24753,5.57,0.0
24754,6.015,0.0
24755,5.905,0.0
24756,5.58,0.0
24757,5.465,0.0
24758,5.395,0.0
24759,5.34,0.0
24760,5.29,0.0
24761,5.185,0.0
24762,5.035,0.0
24763,4.815,0.0
24764,4.535,0.0
24765,4.195,0.0
24766,3.845,0.0
24767,3.475,0.0
24768,3.175,0.0
24769,2.935,0.0
24770,2.71,0.0
24771,2.56,0.0
24772,2.44,0.0
24773,2.285,0.0
24774,2.17,0.0
24775,2.145,0.0
24776,2.095,0.0
24777,2.07,0.0
24778,2.045,0.0
24779,2.035,0.0
24780,2.03,0.0
24781,2.045,0.0
24782,2.05,0.0
24783,2.075,0.0
24784,2.155,0.0
24785,2.265,0.0
24786,2.425,0.0
24787,2.62,0.0
24788,2.84,0.0
24789,3.14,0.0
24790,3.46,0.0
24791,3.76,0.0
24792,4.075,0.0
24793,4.38,0.0
24794,4.665,0.0
24795,4.885,0.0
24796,5.11,0.0
24797,5.315,0.0
24798,5.505,0.0
24799,5.635,0.0
24800,5.675,0.0
24801,5.805,0.0
24802,5.87,0.0
24803,5.9,0.0
24804,5.93,0.0
24805,5.98,0.0
24806,6.025,0.0
24807,6.05,0.0
24808,6.08,0.0
24809,6.11,0.0
24810,6.155,0.0
24811,6.185,0.0
24812,6.2,0.0
24813,6.24,0.0
24814,6.285,0.0
24815,6.31,0.0
24816,6.34,0.0
24817,6.385,0.0
24818,6.44,0.0
24819,6.485,0.0
24820,6.51,0.0
24821,6.55,0.0
24822,6.61,0.0
24823,6.64,0.0
24824,6.675,0.0
24825,6.685,0.0
24826,6.76,0.0
24827,6.8,0.0
24828,6.835,0.0
24829,6.86,0.0
24830,6.89,0.0
24831,6.925,0.0
24832,6.925,0.0
24833,6.925,0.0
24834,6.93,0.0
24835,6.94,0.0
24836,6.91,0.0
24837,6.87,0.0
24838,6.84,0.0
24839,6.81,0.0
24840,6.74,0.0
24841,6.66,0.0
24842,6.595,0.0
24843,6.525,0.0
24844,6.445,0.0
24845,6.345,0.0
24846,6.26,0.0
24847,6.195,0.0
24848,6.1,0.0
24849,6.01,0.0
24850,5.98,0.0
24851,5.85,0.0
24852,5.78,0.0
24853,5.71,0.0
24854,5.635,0.0
24855,5.59,0.0
24856,5.545,0.0
24857,5.485,0.0
24858,5.44,0.0
24859,5.41,0.0
24860,5.385,0.0
24861,5.35,0.0
24862,5.315,0.0
24863,5.295,0.0
24864,5.285,0.0
24865,5.26,0.0
24866,5.235,0.0
24867,5.225,0.0
24868,5.23,0.0
24869,5.215,0.0
24870,5.205,0.0
24871,5.195,0.0
24872,5.21,0.0
24873,5.2,0.0
24874,5.19,0.0
24875,5.18,0.0
24876,5.19,0.0
24877,5.2,0.0
24878,5.19,0.0
24879,5.18,0.0
24880,5.19,0.0
24881,5.2,0.0
24882,5.185,0.0
24883,5.18,0.0
24884,5.18,0.0
24885,5.205,0.0
24886,5.195,0.0
24887,5.18,0.0
24888,5.185,0.0
24889,5.195,0.0
24890,5.185,0.0
24891,5.17,0.0
24892,5.18,0.0
24893,5.185,0.0
24894,5.19,0.0
24895,5.175,0.0
24896,5.165,0.0
24897,5.18,0.0
24898,5.17,0.0
24899,5.16,0.0
24900,5.155,0.0
24901,5.145,0.0
24902,5.15,0.0
24903,5.14,0.0
24904,5.125,0.0
24905,5.135,0.0
24906,5.13,0.0
24907,5.11,0.0
24908,5.1,0.0
24909,5.095,0.0
24910,5.105,0.0
24911,5.095,0.0
24912,5.07,0.0
24913,5.08,0.0
24914,5.075,0.0
24915,5.075,0.0
24916,5.07,0.0
24917,5.06,0.0
24918,5.075,0.0
24919,5.075,0.0
24920,5.06,0.0
24921,5.05,0.0
24922,5.055,0.0
24923,5.055,0.0
24924,5.045,0.0
24925,5.04,0.0
24926,5.045,0.0
24927,5.05,0.0
24928,5.035,0.0
24929,5.03,0.0
24930,5.04,0.0
24931,5.055,0.0
24932,5.025,0.0
24933,5.035,0.0
24934,5.025,0.0
24935,5.045,0.0
24936,5.04,0.0
24937,5.03,0.0
24938,5.025,0.0
24939,5.035,0.0
24940,5.035,0.0
24941,5.02,0.0
24942,5.03,0.0
24943,5.035,0.0
24944,5.03,0.0
24945,5.025,0.0
24946,5.025,0.0
24947,5.04,0.0
24948,5.04,0.0
24949,5.03,0.0
24950,5.025,0.0
24951,5.04,0.0
24952,5.05,0.0
24953,5.05,0.0
24954,5.08,0.0
24955,5.215,0.0
24956,5.67,0.0
24957,6.04,0.0
24958,5.78,0.0
24959,5.515,0.0
24960,5.47,0.0
24961,5.43,0.0
24962,5.37,0.0
24963,5.325,0.0
24964,5.225,0.0
24965,5.01,0.0
24966,4.715,0.0
24967,4.39,0.0
24968,4.07,0.0
24969,3.715,0.0
24970,3.385,0.0
24971,3.115,0.0
24972,2.91,0.0
24973,2.735,0.0
24974,2.54,0.0
24975,2.475,0.0
24976,2.235,0.0
24977,2.195,0.0
24978,2.14,0.0
24979,2.095,0.0
24980,2.09,0.0
24981,2.08,0.0
24982,2.08,0.0
24983,2.075,0.0
24984,2.095,0.0
24985,2.165,0.0
24986,2.27,0.0
24987,2.425,0.0
24988,2.62,0.0
24989,2.87,0.0
24990,3.145,0.0
24991,3.48,0.0
24992,3.815,0.0
24993,4.14,0.0
24994,4.455,0.0
24995,4.73,0.0
24996,4.955,0.0
24997,5.175,0.0
24998,5.38,0.0
24999,5.54,0.0
25000,5.58,0.0
25001,5.725,0.0
25002,5.78,0.0
25003,5.825,0.0
25004,5.865,0.0
25005,5.91,0.0
25006,5.945,0.0
25007,5.985,0.0
25008,6.005,0.0
25009,6.04,0.0
25010,6.09,0.0
25011,6.105,0.0
25012,6.13,0.0
25013,6.175,0.0
25014,6.215,0.0
25015,6.25,0.0
25016,6.29,0.0
25017,6.33,0.0
25018,6.39,0.0
25019,6.425,0.0
25020,6.465,0.0
25021,6.515,0.0
25022,6.575,0.0
25023,6.615,0.0
25024,6.65,0.0
25025,6.665,0.0
25026,6.75,0.0
25027,6.805,0.0
25028,6.835,0.0
25029,6.865,0.0
25030,6.91,0.0
25031,6.935,0.0
25032,6.95,0.0
25033,6.94,0.0
25034,6.955,0.0
25035,6.95,0.0
25036,6.93,0.0
25037,6.89,0.0
25038,6.845,0.0
25039,6.815,0.0
25040,6.74,0.0
25041,6.65,0.0
25042,6.58,0.0
25043,6.515,0.0
25044,6.415,0.0
25045,6.32,0.0
25046,6.225,0.0
25047,6.155,0.0
25048,6.065,0.0
25049,5.97,0.0
25050,5.945,0.0
25051,5.825,0.0
25052,5.765,0.0
25053,5.68,0.0
25054,5.605,0.0
25055,5.56,0.0
25056,5.525,0.0
25057,5.465,0.0
25058,5.415,0.0
25059,5.4,0.0
25060,5.365,0.0
25061,5.33,0.0
25062,5.295,0.0
25063,5.29,0.0
25064,5.275,0.0
25065,5.26,0.0
25066,5.225,0.0
25067,5.225,0.0
25068,5.23,0.0
25069,5.22,0.0
25070,5.21,0.0
25071,5.205,0.0
25072,5.215,0.0
25073,5.22,0.0
25074,5.21,0.0
25075,5.205,0.0
25076,5.21,0.0
25077,5.205,0.0
25078,5.2,0.0
25079,5.19,0.0
25080,5.21,0.0
25081,5.215,0.0
25082,5.21,0.0
25083,5.2,0.0
25084,5.205,0.0
25085,5.22,0.0
25086,5.21,0.0
25087,5.2,0.0
25088,5.195,0.0
25089,5.215,0.0
25090,5.205,0.0
25091,5.18,0.0
25092,5.185,0.0
25093,5.2,0.0
25094,5.185,0.0
25095,5.17,0.0
25096,5.17,0.0
25097,5.16,0.0
25098,5.15,0.0
25099,5.145,0.0
25100,5.13,0.0
25101,5.13,0.0
25102,5.135,0.0
25103,5.115,0.0
25104,5.1,0.0
25105,5.115,0.0
25106,5.115,0.0
25107,5.1,0.0
25108,5.085,0.0
25109,5.085,0.0
25110,5.1,0.0
25111,5.085,0.0
25112,5.05,0.0
25113,5.06,0.0
25114,5.075,0.0
25115,5.075,0.0
25116,5.045,0.0
25117,5.05,0.0
25118,5.06,0.0
25119,5.06,0.0
25120,5.05,0.0
25121,5.04,0.0
25122,5.055,0.0
25123,5.05,0.0
25124,5.04,0.0
25125,5.035,0.0
25126,5.04,0.0
25127,5.05,0.0
25128,5.025,0.0
25129,5.03,0.0
25130,5.035,0.0
25131,5.045,0.0
25132,5.035,0.0
25133,5.025,0.0
25134,5.035,0.0
25135,5.045,0.0
25136,5.025,0.0
25137,5.02,0.0
25138,5.03,0.0
25139,5.04,0.0
25140,5.03,0.0
25141,5.015,0.0
25142,5.015,0.0
25143,5.025,0.0
25144,5.035,0.0
25145,5.025,0.0
25146,5.01,0.0
25147,5.03,0.0
25148,5.025,0.0
25149,5.02,0.0
25150,5.015,0.0
25151,5.045,0.0
25152,5.055,0.0
25153,5.12,0.0
25154,5.415,0.0
25155,5.945,0.0
25156,5.925,0.0
25157,5.565,0.0
25158,5.44,0.0
25159,5.4,0.0
25160,5.355,0.0
25161,5.29,0.0
25162,5.185,0.0
25163,5.025,0.0
25164,4.775,0.0
25165,4.44,0.0
25166,4.09,0.0
25167,3.715,0.0
25168,3.39,0.0
25169,3.105,0.0
25170,2.875,0.0
25171,2.695,0.0
25172,2.595,0.0
25173,2.44,0.0
25174,2.28,0.0
25175,2.235,0.0
25176,2.16,0.0
25177,2.125,0.0
25178,2.085,0.0
25179,2.065,0.0
25180,2.065,0.0
25181,2.08,0.0
25182,2.08,0.0
25183,2.085,0.0
25184,2.11,0.0
25185,2.2,0.0
25186,2.31,0.0
25187,2.465,0.0
25188,2.675,0.0
25189,2.97,0.0
25190,3.295,0.0
25191,3.605,0.0
25192,3.95,0.0
25193,4.305,0.0
25194,4.64,0.0
25195,4.91,0.0
25196,5.16,0.0
25197,5.38,0.0
25198,5.57,0.0
25199,5.72,0.0
25200,5.76,0.0
25201,5.875,0.0
25202,5.92,0.0
25203,5.955,0.0
25204,5.98,0.0
25205,6.015,0.0
25206,6.05,0.0
25207,6.07,0.0
25208,6.09,0.0
25209,6.12,0.0
25210,6.16,0.0
25211,6.18,0.0
25212,6.215,0.0
25213,6.27,0.0
25214,6.315,0.0
25215,6.34,0.0
25216,6.36,0.0
25217,6.4,0.0
25218,6.45,0.0
25219,6.49,0.0
25220,6.52,0.0
25221,6.55,0.0
25222,6.61,0.0
25223,6.655,0.0
25224,6.68,0.0
25225,6.69,0.0
25226,6.775,0.0
25227,6.815,0.0
25228,6.845,0.0
25229,6.875,0.0
25230,6.915,0.0
25231,6.945,0.0
25232,6.96,0.0
25233,6.965,0.0
25234,6.975,0.0
25235,6.99,0.0
25236,6.965,0.0
25237,6.94,0.0
25238,6.885,0.0
25239,6.86,0.0
25240,6.79,0.0
25241,6.71,0.0
25242,6.635,0.0
25243,6.57,0.0
25244,6.48,0.0
25245,6.375,0.0
25246,6.28,0.0
25247,6.205,0.0
25248,6.11,0.0
25249,6.0,0.0
25250,5.96,0.0
25251,5.845,0.0
25252,5.78,0.0
25253,5.7,0.0
25254,5.63,0.0
25255,5.58,0.0
25256,5.525,0.0
25257,5.47,0.0
25258,5.415,0.0
25259,5.4,0.0
25260,5.375,0.0
25261,5.34,0.0
25262,5.305,0.0
25263,5.285,0.0
25264,5.285,0.0
25265,5.26,0.0
25266,5.24,0.0
25267,5.225,0.0
25268,5.23,0.0
25269,5.215,0.0
25270,5.21,0.0
25271,5.205,0.0
25272,5.215,0.0
25273,5.215,0.0
25274,5.205,0.0
25275,5.2,0.0
25276,5.215,0.0
25277,5.215,0.0
25278,5.205,0.0
25279,5.19,0.0
25280,5.21,0.0
25281,5.21,0.0
25282,5.205,0.0
25283,5.2,0.0
25284,5.205,0.0
25285,5.215,0.0
25286,5.2,0.0
25287,5.195,0.0
25288,5.195,0.0
25289,5.205,0.0
25290,5.19,0.0
25291,5.17,0.0
25292,5.16,0.0
25293,5.185,0.0
25294,5.185,0.0
25295,5.16,0.0
25296,5.15,0.0
25297,5.16,0.0
25298,5.17,0.0
25299,5.145,0.0
25300,5.14,0.0
25301,5.135,0.0
25302,5.14,0.0
25303,5.12,0.0
25304,5.105,0.0
25305,5.105,0.0
25306,5.105,0.0
25307,5.095,0.0
25308,5.085,0.0
25309,5.09,0.0
25310,5.09,0.0
25311,5.075,0.0
25312,5.065,0.0
25313,5.06,0.0
25314,5.07,0.0
25315,5.055,0.0
25316,5.045,0.0
25317,5.04,0.0
25318,5.055,0.0
25319,5.05,0.0
25320,5.05,0.0
25321,5.035,0.0
25322,5.055,0.0
25323,5.05,0.0
25324,5.035,0.0
25325,5.025,0.0
25326,5.035,0.0
25327,5.035,0.0
25328,5.025,0.0
25329,5.01,0.0
25330,5.025,0.0
25331,5.02,0.0
25332,5.02,0.0
25333,5.015,0.0
25334,5.01,0.0
25335,5.03,0.0
25336,5.015,0.0
25337,5.01,0.0
25338,5.01,0.0
25339,5.03,0.0
25340,5.01,0.0
25341,5.0,0.0
25342,5.005,0.0
25343,5.02,0.0
25344,5.01,0.0
25345,5.005,0.0
25346,5.005,0.0
25347,5.02,0.0
25348,5.015,0.0
25349,5.01,0.0
25350,5.005,0.0
25351,5.03,0.0
25352,5.055,0.0
25353,5.15,0.0
25354,5.495,0.0
25355,5.975,0.0
25356,5.895,0.0
25357,5.555,0.0
25358,5.425,0.0
25359,5.385,0.0
25360,5.315,0.0
25361,5.24,0.0
25362,5.115,0.0
25363,4.93,0.0
25364,4.685,0.0
25365,4.335,0.0
25366,3.995,0.0
25367,3.625,0.0
25368,3.295,0.0
25369,3.025,0.0
25370,2.78,0.0
25371,2.625,0.0
25372,2.515,0.0
25373,2.36,0.0
25374,2.225,0.0
25375,2.19,0.0
25376,2.14,0.0
25377,2.105,0.0
25378,2.08,0.0
25379,2.06,0.0
25380,2.075,0.0
25381,2.08,0.0
25382,2.08,0.0
25383,2.085,0.0
25384,2.125,0.0
25385,2.215,0.0
25386,2.305,0.0
25387,2.455,0.0
25388,2.66,0.0
25389,2.895,0.0
25390,3.175,0.0
25391,3.495,0.0
25392,3.825,0.0
25393,4.125,0.0
25394,4.425,0.0
25395,4.705,0.0
25396,4.935,0.0
25397,5.16,0.0
25398,5.36,0.0
25399,5.525,0.0
25400,5.575,0.0
25401,5.76,0.0
25402,5.815,0.0
25403,5.855,0.0
25404,5.895,0.0
25405,5.935,0.0
25406,5.98,0.0
25407,6.02,0.0
25408,6.045,0.0
25409,6.09,0.0
25410,6.135,0.0
25411,6.155,0.0
25412,6.185,0.0
25413,6.215,0.0
25414,6.27,0.0
25415,6.295,0.0
25416,6.33,0.0
25417,6.365,0.0
25418,6.415,0.0
25419,6.44,0.0
25420,6.475,0.0
25421,6.515,0.0
25422,6.555,0.0
25423,6.6,0.0
25424,6.605,0.0
25425,6.615,0.0
25426,6.685,0.0
25427,6.71,0.0
25428,6.725,0.0
25429,6.74,0.0
25430,6.775,0.0
25431,6.8,0.0
25432,6.82,0.0
25433,6.82,0.0
25434,6.835,0.0
25435,6.86,0.0
25436,6.845,0.0
25437,6.84,0.0
25438,6.825,0.0
25439,6.8,0.0
25440,6.75,0.0
25441,6.69,0.0
25442,6.63,0.0
25443,6.565,0.0
25444,6.485,0.0
25445,6.405,0.0
25446,6.325,0.0
25447,6.245,0.0
25448,6.16,0.0
25449,6.05,0.0
25450,6.015,0.0
25451,5.905,0.0
25452,5.82,0.0
25453,5.74,0.0
25454,5.665,0.0
25455,5.6,0.0
25456,5.55,0.0
25457,5.49,0.0
25458,5.43,0.0
25459,5.405,0.0
25460,5.36,0.0
25461,5.32,0.0
25462,5.29,0.0
25463,5.26,0.0
25464,5.245,0.0
25465,5.23,0.0
25466,5.205,0.0
25467,5.2,0.0
25468,5.21,0.0
25469,5.195,0.0
25470,5.175,0.0
25471,5.165,0.0
25472,5.18,0.0
25473,5.175,0.0
25474,5.175,0.0
25475,5.17,0.0
25476,5.175,0.0
25477,5.185,0.0
25478,5.16,0.0
25479,5.15,0.0
25480,5.175,0.0
25481,5.185,0.0
25482,5.185,0.0
25483,5.17,0.0
25484,5.175,0.0
25485,5.195,0.0
25486,5.185,0.0
25487,5.175,0.0
25488,5.175,0.0
25489,5.19,0.0
25490,5.18,0.0
25491,5.175,0.0
25492,5.165,0.0
25493,5.175,0.0
25494,5.175,0.0
25495,5.16,0.0
25496,5.155,0.0
25497,5.16,0.0
25498,5.165,0.0
25499,5.135,0.0
25500,5.125,0.0
25501,5.135,0.0
25502,5.135,0.0
25503,5.13,0.0
25504,5.115,0.0
25505,5.12,0.0
25506,5.12,0.0
25507,5.105,0.0
25508,5.1,0.0
25509,5.095,0.0
25510,5.105,0.0
25511,5.095,0.0
25512,5.08,0.0
25513,5.08,0.0
25514,5.09,0.0
25515,5.08,0.0
25516,5.055,0.0
25517,5.055,0.0
25518,5.07,0.0
25519,5.065,0.0
25520,5.055,0.0
25521,5.045,0.0
25522,5.06,0.0
25523,5.055,0.0
25524,5.045,0.0
25525,5.04,0.0
25526,5.045,0.0
25527,5.05,0.0
25528,5.035,0.0
25529,5.025,0.0
25530,5.04,0.0
25531,5.045,0.0
25532,5.035,0.0
25533,5.03,0.0
25534,5.025,0.0
25535,5.045,0.0
25536,5.025,0.0
25537,5.025,0.0
25538,5.02,0.0
25539,5.03,0.0
25540,5.025,0.0
25541,5.01,0.0
25542,5.015,0.0
25543,5.03,0.0
25544,5.04,0.0
25545,5.02,0.0
25546,5.015,0.0
25547,5.02,0.0
25548,5.03,0.0
25549,5.015,0.0
25550,5.0,0.0
25551,5.02,0.0
25552,5.03,0.0
25553,5.03,0.0
25554,5.015,0.0
25555,5.03,0.0
25556,5.04,0.0
25557,5.035,0.0
25558,5.035,0.0
25559,5.04,0.0
25560,5.07,0.0
25561,5.14,0.0
25562,5.445,0.0
25563,5.955,0.0
25564,6.01,0.0
25565,5.66,0.0
25566,5.49,0.0
25567,5.44,0.0
25568,5.395,0.0
25569,5.36,0.0
25570,5.295,0.0
25571,5.205,0.0
25572,5.065,0.0
25573,4.825,0.0
25574,4.53,0.0
25575,4.435,0.0
25576,3.885,0.0
25577,3.545,0.0
25578,3.27,0.0
25579,3.03,0.0
25580,2.845,0.0
25581,2.71,0.0
25582,2.545,0.0
25583,2.375,0.0
25584,2.265,0.0
25585,2.22,0.0
25586,2.17,0.0
25587,2.14,0.0
25588,2.12,0.0
25589,2.135,0.0
25590,2.11,0.0
25591,2.1,0.0
25592,2.115,0.0
25593,2.14,0.0
25594,2.16,0.0
25595,2.21,0.0
25596,2.305,0.0
25597,2.47,0.0
25598,2.635,0.0
25599,2.825,0.0
25600,2.895,0.0
25601,3.415,0.0
25602,3.72,0.0
25603,4.005,0.0
25604,4.305,0.0
25605,4.6,0.0
25606,4.865,0.0
25607,5.075,0.0
25608,5.255,0.0
25609,5.455,0.0
25610,5.63,0.0
25611,5.74,0.0
25612,5.79,0.0
25613,5.855,0.0
25614,5.915,0.0
25615,5.95,0.0
25616,5.97,0.0
25617,6.01,0.0
25618,6.065,0.0
25619,6.09,0.0
25620,6.1,0.0
25621,6.125,0.0
25622,6.175,0.0
25623,6.21,0.0
25624,6.215,0.0
25625,6.22,0.0
25626,6.285,0.0
25627,6.32,0.0
25628,6.34,0.0
25629,6.375,0.0
25630,6.42,0.0
25631,6.47,0.0
25632,6.495,0.0
25633,6.53,0.0
25634,6.57,0.0
25635,6.63,0.0
25636,6.665,0.0
25637,6.69,0.0
25638,6.735,0.0
25639,6.785,0.0
25640,6.805,0.0
25641,6.835,0.0
25642,6.85,0.0
25643,6.91,0.0
25644,6.92,0.0
25645,6.93,0.0
25646,6.945,0.0
25647,6.975,0.0
25648,6.955,0.0
25649,6.94,0.0
25650,6.93,0.0
25651,6.9,0.0
25652,6.85,0.0
25653,6.785,0.0
25654,6.725,0.0
25655,6.67,0.0
25656,6.595,0.0
25657,6.51,0.0
25658,6.415,0.0
25659,6.34,0.0
25660,6.26,0.0
25661,6.165,0.0
25662,6.07,0.0
25663,5.99,0.0
25664,5.935,0.0
25665,5.85,0.0
25666,5.76,0.0
25667,5.715,0.0
25668,5.66,0.0
25669,5.59,0.0
25670,5.525,0.0
25671,5.475,0.0
25672,5.455,0.0
25673,5.415,0.0
25674,5.36,0.0
25675,5.34,0.0
25676,5.3,0.0
25677,5.27,0.0
25678,5.245,0.0
25679,5.22,0.0
25680,5.22,0.0
25681,5.215,0.0
25682,5.205,0.0
25683,5.2,0.0
25684,5.2,0.0
25685,5.21,0.0
25686,5.2,0.0
25687,5.19,0.0
25688,5.195,0.0
25689,5.21,0.0
25690,5.205,0.0
25691,5.2,0.0
25692,5.2,0.0
25693,5.215,0.0
25694,5.205,0.0
25695,5.2,0.0
25696,5.195,0.0
25697,5.215,0.0
25698,5.205,0.0
25699,5.205,0.0
25700,5.2,0.0
25701,5.215,0.0
25702,5.205,0.0
25703,5.2,0.0
25704,5.185,0.0
25705,5.205,0.0
25706,5.2,0.0
25707,5.185,0.0
25708,5.165,0.0
25709,5.155,0.0
25710,5.175,0.0
25711,5.17,0.0
25712,5.14,0.0
25713,5.145,0.0
25714,5.145,0.0
25715,5.135,0.0
25716,5.115,0.0
25717,5.115,0.0
25718,5.11,0.0
25719,5.11,0.0
25720,5.095,0.0
25721,5.085,0.0
25722,5.1,0.0
25723,5.1,0.0
25724,5.085,0.0
25725,5.085,0.0
25726,5.08,0.0
25727,5.09,0.0
25728,5.08,0.0
25729,5.07,0.0
25730,5.075,0.0
25731,5.08,0.0
25732,5.07,0.0
25733,5.045,0.0
25734,5.05,0.0
25735,5.07,0.0
25736,5.065,0.0
25737,5.055,0.0
25738,5.05,0.0
25739,5.05,0.0
25740,5.05,0.0
25741,5.035,0.0
25742,5.04,0.0
25743,5.055,0.0
25744,5.055,0.0
25745,5.045,0.0
25746,5.025,0.0
25747,5.045,0.0
25748,5.055,0.0
25749,5.04,0.0
25750,5.03,0.0
25751,5.04,0.0
25752,5.045,0.0
25753,5.04,0.0
25754,5.03,0.0
25755,5.03,0.0
25756,5.04,0.0
25757,5.03,0.0
25758,5.025,0.0
25759,5.03,0.0
25760,5.045,0.0
25761,5.04,0.0
25762,5.02,0.0
25763,5.03,0.0
25764,5.03,0.0
25765,5.025,0.0
25766,5.015,0.0
25767,5.02,0.0
25768,5.035,0.0
25769,5.03,0.0
25770,5.025,0.0
25771,5.025,0.0
25772,5.05,0.0
25773,5.07,0.0
25774,5.135,0.0
25775,5.17,0.0
25776,5.895,0.0
25777,6.09,0.0
25778,5.76,0.0
25779,5.51,0.0
25780,5.435,0.0
25781,5.38,0.0
25782,5.315,0.0
25783,5.235,0.0
25784,5.115,0.0
25785,4.925,0.0
25786,4.63,0.0
25787,4.29,0.0
25788,3.955,0.0
25789,3.615,0.0
25790,3.27,0.0
25791,3.015,0.0
25792,2.82,0.0
25793,2.685,0.0
25794,2.58,0.0
25795,2.475,0.0
25796,2.355,0.0
25797,2.275,0.0
25798,2.22,0.0
25799,2.185,0.0
25800,2.175,0.0
25801,2.14,0.0
25802,2.14,0.0
25803,2.125,0.0
25804,2.115,0.0
25805,2.125,0.0
25806,2.145,0.0
25807,2.17,0.0
25808,2.22,0.0
25809,2.32,0.0
25810,2.475,0.0
25811,2.64,0.0
25812,2.825,0.0
25813,3.075,0.0
25814,3.37,0.0
25815,3.685,0.0
25816,3.965,0.0
25817,4.285,0.0
25818,4.6,0.0
25819,4.845,0.0
25820,5.055,0.0
25821,5.25,0.0
25822,5.42,0.0
25823,5.59,0.0
25824,5.705,0.0
25825,5.735,0.0
25826,5.865,0.0
25827,5.92,0.0
25828,5.955,0.0
25829,5.995,0.0
25830,6.05,0.0
25831,6.09,0.0
25832,6.115,0.0
25833,6.145,0.0
25834,6.19,0.0
25835,6.24,0.0
25836,6.26,0.0
25837,6.285,0.0
25838,6.34,0.0
25839,6.385,0.0
25840,6.42,0.0
25841,6.44,0.0
25842,6.485,0.0
25843,6.535,0.0
25844,6.57,0.0
25845,6.61,0.0
25846,6.655,0.0
25847,6.71,0.0
25848,6.75,0.0
25849,6.795,0.0
25850,6.81,0.0
25851,6.87,0.0
25852,6.9,0.0
25853,6.92,0.0
25854,6.955,0.0
25855,6.99,0.0
25856,7.01,0.0
25857,7.01,0.0
25858,7.01,0.0
25859,7.015,0.0
25860,7.005,0.0
25861,6.975,0.0
25862,6.935,0.0
25863,6.9,0.0
25864,6.85,0.0
25865,6.78,0.0
25866,6.72,0.0
25867,6.64,0.0
25868,6.58,0.0
25869,6.49,0.0
25870,6.39,0.0
25871,6.305,0.0
25872,6.25,0.0
25873,6.155,0.0
25874,6.08,0.0
25875,6.055,0.0
25876,5.955,0.0
25877,5.89,0.0
25878,5.82,0.0
25879,5.76,0.0
25880,5.715,0.0
25881,5.655,0.0
25882,5.59,0.0
25883,5.53,0.0
25884,5.47,0.0
25885,5.44,0.0
25886,5.4,0.0
25887,5.34,0.0
25888,5.305,0.0
25889,5.28,0.0
25890,5.235,0.0
25891,5.195,0.0
25892,5.185,0.0
25893,5.19,0.0
25894,5.17,0.0
25895,5.155,0.0
25896,5.16,0.0
25897,5.175,0.0
25898,5.18,0.0
25899,5.165,0.0
25900,5.155,0.0
25901,5.155,0.0
25902,5.155,0.0
25903,5.145,0.0
25904,5.145,0.0
25905,5.145,0.0
25906,5.155,0.0
25907,5.145,0.0
25908,5.13,0.0
25909,5.145,0.0
25910,5.165,0.0
25911,5.145,0.0
25912,5.15,0.0
25913,5.165,0.0
25914,5.17,0.0
25915,5.165,0.0
25916,5.155,0.0
25917,5.16,0.0
25918,5.165,0.0
25919,5.17,0.0
25920,5.16,0.0
25921,5.145,0.0
25922,5.155,0.0
25923,5.145,0.0
25924,5.15,0.0
25925,5.145,0.0
25926,5.145,0.0
25927,5.14,0.0
25928,5.13,0.0
25929,5.115,0.0
25930,5.115,0.0
25931,5.115,0.0
25932,5.105,0.0
25933,5.09,0.0
25934,5.085,0.0
25935,5.095,0.0
25936,5.085,0.0
25937,5.075,0.0
25938,5.075,0.0
25939,5.08,0.0
25940,5.07,0.0
25941,5.06,0.0
25942,5.055,0.0
25943,5.065,0.0
25944,5.07,0.0
25945,5.06,0.0
25946,5.055,0.0
25947,5.055,0.0
25948,5.055,0.0
25949,5.04,0.0
25950,5.04,0.0
25951,5.05,0.0
25952,5.05,0.0
25953,5.04,0.0
25954,5.04,0.0
25955,5.04,0.0
25956,5.045,0.0
25957,5.04,0.0
25958,5.02,0.0
25959,5.025,0.0
25960,5.035,0.0
25961,5.04,0.0
25962,5.025,0.0
25963,5.03,0.0
25964,5.045,0.0
25965,5.035,0.0
25966,5.03,0.0
25967,5.015,0.0
25968,5.035,0.0
25969,5.03,0.0
25970,5.02,0.0
25971,5.01,0.0
25972,5.025,0.0
25973,5.03,0.0
25974,5.015,0.0
25975,5.005,0.0
25976,5.025,0.0
25977,5.025,0.0
25978,5.015,0.0
25979,5.025,0.0
25980,5.03,0.0
25981,5.025,0.0
25982,5.025,0.0
25983,5.035,0.0
25984,5.085,0.0
25985,5.3,0.0
25986,5.76,0.0
25987,6.045,0.0
25988,5.74,0.0
25989,5.5,0.0
25990,5.44,0.0
25991,5.365,0.0
25992,5.315,0.0
25993,5.26,0.0
25994,5.125,0.0
25995,4.94,0.0
25996,4.695,0.0
25997,4.41,0.0
25998,4.105,0.0
25999,3.77,0.0
26000,3.665,0.0
26001,3.22,0.0
26002,3.005,0.0
26003,2.84,0.0
26004,2.7,0.0
26005,2.57,0.0
26006,2.415,0.0
26007,2.29,0.0
26008,2.235,0.0
26009,2.21,0.0
26010,2.19,0.0
26011,2.15,0.0
26012,2.13,0.0
26013,2.135,0.0
26014,2.145,0.0
26015,2.15,0.0
26016,2.16,0.0
26017,2.215,0.0
26018,2.32,0.0
26019,2.45,0.0
26020,2.61,0.0
26021,2.815,0.0
26022,3.075,0.0
26023,3.375,0.0
26024,3.66,0.0
26025,3.745,0.0
26026,4.23,0.0
26027,4.515,0.0
26028,4.755,0.0
26029,4.975,0.0
26030,5.195,0.0
26031,5.37,0.0
26032,5.53,0.0
26033,5.635,0.0
26034,5.73,0.0
26035,5.785,0.0
26036,5.82,0.0
26037,5.855,0.0
26038,5.91,0.0
26039,5.94,0.0
26040,5.975,0.0
26041,6.005,0.0
26042,6.045,0.0
26043,6.085,0.0
26044,6.11,0.0
26045,6.125,0.0
26046,6.16,0.0
26047,6.205,0.0
26048,6.24,0.0
26049,6.27,0.0
26050,6.28,0.0
26051,6.36,0.0
26052,6.395,0.0
26053,6.425,0.0
26054,6.47,0.0
26055,6.525,0.0
26056,6.57,0.0
26057,6.615,0.0
26058,6.64,0.0
26059,6.685,0.0
26060,6.74,0.0
26061,6.76,0.0
26062,6.795,0.0
26063,6.83,0.0
26064,6.88,0.0
26065,6.88,0.0
26066,6.885,0.0
26067,6.9,0.0
26068,6.91,0.0
26069,6.905,0.0
26070,6.875,0.0
26071,6.855,0.0
26072,6.83,0.0
26073,6.77,0.0
26074,6.705,0.0
26075,6.685,0.0
26076,6.585,0.0
26077,6.52,0.0
26078,6.435,0.0
26079,6.345,0.0
26080,6.285,0.0
26081,6.21,0.0
26082,6.105,0.0
26083,6.025,0.0
26084,5.965,0.0
26085,5.91,0.0
26086,5.845,0.0
26087,5.76,0.0
26088,5.7,0.0
26089,5.65,0.0
26090,5.565,0.0
26091,5.515,0.0
26092,5.475,0.0
26093,5.44,0.0
26094,5.385,0.0
26095,5.33,0.0
26096,5.29,0.0
26097,5.275,0.0
26098,5.24,0.0
26099,5.215,0.0
26100,5.21,0.0
26101,5.195,0.0
26102,5.195,0.0
26103,5.2,0.0
26104,5.19,0.0
26105,5.195,0.0
26106,5.19,0.0
26107,5.185,0.0
26108,5.165,0.0
26109,5.17,0.0
26110,5.185,0.0
26111,5.175,0.0
26112,5.17,0.0
26113,5.175,0.0
26114,5.195,0.0
26115,5.175,0.0
26116,5.18,0.0
26117,5.175,0.0
26118,5.19,0.0
26119,5.185,0.0
26120,5.175,0.0
26121,5.175,0.0
26122,5.195,0.0
26123,5.195,0.0
26124,5.18,0.0
26125,5.18,0.0
26126,5.2,0.0
26127,5.2,0.0
26128,5.19,0.0
26129,5.18,0.0
26130,5.185,0.0
26131,5.195,0.0
26132,5.175,0.0
26133,5.16,0.0
26134,5.175,0.0
26135,5.165,0.0
26136,5.155,0.0
26137,5.14,0.0
26138,5.145,0.0
26139,5.145,0.0
26140,5.145,0.0
26141,5.115,0.0
26142,5.125,0.0
26143,5.125,0.0
26144,5.12,0.0
26145,5.115,0.0
26146,5.095,0.0
26147,5.11,0.0
26148,5.105,0.0
26149,5.1,0.0
26150,5.09,0.0
26151,5.1,0.0
26152,5.105,0.0
26153,5.095,0.0
26154,5.08,0.0
26155,5.09,0.0
26156,5.095,0.0
26157,5.085,0.0
26158,5.075,0.0
26159,5.08,0.0
26160,5.1,0.0
26161,5.085,0.0
26162,5.07,0.0
26163,5.07,0.0
26164,5.085,0.0
26165,5.08,0.0
26166,5.065,0.0
26167,5.06,0.0
26168,5.075,0.0
26169,5.085,0.0
26170,5.065,0.0
26171,5.065,0.0
26172,5.075,0.0
26173,5.075,0.0
26174,5.055,0.0
26175,5.06,0.0
26176,5.07,0.0
26177,5.08,0.0
26178,5.06,0.0
26179,5.065,0.0
26180,5.075,0.0
26181,5.08,0.0
26182,5.065,0.0
26183,5.065,0.0
26184,5.07,0.0
26185,5.075,0.0
26186,5.065,0.0
26187,5.06,0.0
26188,5.06,0.0
26189,5.075,0.0
26190,5.065,0.0
26191,5.065,0.0
26192,5.065,0.0
26193,5.085,0.0
26194,5.075,0.0
26195,5.07,0.0
26196,5.065,0.0
26197,5.085,0.0
26198,5.11,0.0
26199,5.175,0.0
26200,5.215,0.0
26201,5.935,0.0
26202,6.03,0.0
26203,5.685,0.0
26204,5.51,0.0
26205,5.475,0.0
26206,5.42,0.0
26207,5.375,0.0
26208,5.295,0.0
26209,5.205,0.0
26210,5.03,0.0
26211,4.76,0.0
26212,4.435,0.0
26213,4.105,0.0
26214,3.775,0.0
26215,3.44,0.0
26216,3.185,0.0
26217,2.985,0.0
26218,2.835,0.0
26219,2.705,0.0
26220,2.57,0.0
26221,2.44,0.0
26222,2.35,0.0
26223,2.295,0.0
26224,2.255,0.0
26225,2.24,0.0
26226,2.215,0.0
26227,2.195,0.0
26228,2.175,0.0
26229,2.18,0.0
26230,2.19,0.0
26231,2.21,0.0
26232,2.22,0.0
26233,2.255,0.0
26234,2.335,0.0
26235,2.45,0.0
26236,2.59,0.0
26237,2.75,0.0
26238,2.965,0.0
26239,3.255,0.0
26240,3.555,0.0
26241,3.86,0.0
26242,4.15,0.0
26243,4.465,0.0
26244,4.745,0.0
26245,4.985,0.0
26246,5.19,0.0
26247,5.39,0.0
26248,5.57,0.0
26249,5.7,0.0
26250,5.74,0.0
26251,5.865,0.0
26252,5.915,0.0
26253,5.955,0.0
26254,6.0,0.0
26255,6.04,0.0
26256,6.08,0.0
26257,6.11,0.0
26258,6.135,0.0
26259,6.17,0.0
26260,6.21,0.0
26261,6.235,0.0
26262,6.26,0.0
26263,6.3,0.0
26264,6.345,0.0
26265,6.37,0.0
26266,6.395,0.0
26267,6.445,0.0
26268,6.495,0.0
26269,6.52,0.0
26270,6.55,0.0
26271,6.595,0.0
26272,6.655,0.0
26273,6.69,0.0
26274,6.73,0.0
26275,6.745,0.0
26276,6.81,0.0
26277,6.87,0.0
26278,6.88,0.0
26279,6.91,0.0
26280,6.955,0.0
26281,6.985,0.0
26282,6.99,0.0
26283,6.995,0.0
26284,7.02,0.0
26285,7.03,0.0
26286,7.01,0.0
26287,6.995,0.0
26288,6.97,0.0
26289,6.96,0.0
26290,6.9,0.0
26291,6.84,0.0
26292,6.78,0.0
26293,6.73,0.0
26294,6.635,0.0
26295,6.545,0.0
26296,6.465,0.0
26297,6.39,0.0
26298,6.3,0.0
26299,6.21,0.0
26300,6.18,0.0
26301,6.06,0.0
26302,5.99,0.0
26303,5.895,0.0
26304,5.825,0.0
26305,5.77,0.0
26306,5.72,0.0
26307,5.655,0.0
26308,5.585,0.0
26309,5.54,0.0
26310,5.5,0.0
26311,5.465,0.0
26312,5.405,0.0
26313,5.385,0.0
26314,5.375,0.0
26315,5.335,0.0
26316,5.3,0.0
26317,5.295,0.0
26318,5.285,0.0
26319,5.265,0.0
26320,5.255,0.0
26321,5.235,0.0
26322,5.24,0.0
26323,5.245,0.0
26324,5.22,0.0
26325,5.21,0.0
26326,5.225,0.0
26327,5.235,0.0
26328,5.225,0.0
26329,5.21,0.0
26330,5.23,0.0
26331,5.22,0.0
26332,5.215,0.0
26333,5.205,0.0
26334,5.225,0.0
26335,5.225,0.0
26336,5.225,0.0
26337,5.22,0.0
26338,5.245,0.0
26339,5.27,0.0
26340,5.265,0.0
26341,5.25,0.0
26342,5.255,0.0
26343,5.265,0.0
26344,5.265,0.0
26345,5.26,0.0
26346,5.25,0.0
26347,5.27,0.0
26348,5.25,0.0
26349,5.22,0.0
26350,5.2,0.0
26351,5.205,0.0
26352,5.205,0.0
26353,5.175,0.0
26354,5.15,0.0
26355,5.145,0.0
26356,5.13,0.0
26357,5.11,0.0
26358,5.095,0.0
26359,5.1,0.0
26360,5.115,0.0
26361,5.12,0.0
26362,5.115,0.0
26363,5.105,0.0
26364,5.12,0.0
26365,5.095,0.0
26366,5.085,0.0
26367,5.075,0.0
26368,5.085,0.0
26369,5.08,0.0
26370,5.06,0.0
26371,5.06,0.0
26372,5.065,0.0
26373,5.065,0.0
26374,5.06,0.0
26375,5.05,0.0
26376,5.05,0.0
26377,5.06,0.0
26378,5.035,0.0
26379,5.04,0.0
26380,5.045,0.0
26381,5.05,0.0
26382,5.04,0.0
26383,5.035,0.0
26384,5.03,0.0
26385,5.045,0.0
26386,5.04,0.0
26387,5.025,0.0
26388,5.025,0.0
26389,5.045,0.0
26390,5.045,0.0
26391,5.025,0.0
26392,5.03,0.0
26393,5.035,0.0
26394,5.04,0.0
26395,5.025,0.0
26396,5.03,0.0
26397,5.045,0.0
26398,5.04,0.0
26399,5.045,0.0
26400,5.04,0.0
26401,5.04,0.0
26402,5.05,0.0
26403,5.04,0.0
26404,5.035,0.0
26405,5.05,0.0
26406,5.065,0.0
26407,5.065,0.0
26408,5.075,0.0
26409,5.17,0.0
26410,5.52,0.0
26411,6.02,0.0
26412,5.95,0.0
26413,5.6,0.0
26414,5.46,0.0
26415,5.405,0.0
26416,5.34,0.0
26417,5.27,0.0
26418,5.175,0.0
26419,4.99,0.0
26420,4.735,0.0
26421,4.43,0.0
26422,4.12,0.0
26423,3.795,0.0
26424,3.445,0.0
26425,3.33,0.0
26426,2.925,0.0
26427,2.76,0.0
26428,2.635,0.0
26429,2.54,0.0
26430,2.45,0.0
26431,2.345,0.0
26432,2.27,0.0
26433,2.235,0.0
26434,2.22,0.0
26435,2.2,0.0
26436,2.185,0.0
26437,2.155,0.0
26438,2.175,0.0
26439,2.2,0.0
26440,2.205,0.0
26441,2.245,0.0
26442,2.345,0.0
26443,2.49,0.0
26444,2.65,0.0
26445,2.84,0.0
26446,3.05,0.0
26447,3.34,0.0
26448,3.63,0.0
26449,3.935,0.0
26450,4.025,0.0
26451,4.54,0.0
26452,4.805,0.0
26453,5.005,0.0
26454,5.2,0.0
26455,5.365,0.0
26456,5.525,0.0
26457,5.645,0.0
26458,5.74,0.0
26459,5.835,0.0
26460,5.89,0.0
26461,5.94,0.0
26462,5.975,0.0
26463,6.035,0.0
26464,6.095,0.0
26465,6.145,0.0
26466,6.17,0.0
26467,6.22,0.0
26468,6.275,0.0
26469,6.33,0.0
26470,6.365,0.0
26471,6.42,0.0
26472,6.48,0.0
26473,6.53,0.0
26474,6.57,0.0
26475,6.58,0.0
26476,6.69,0.0
26477,6.745,0.0
26478,6.78,0.0
26479,6.82,0.0
26480,6.875,0.0
26481,6.935,0.0
26482,6.955,0.0
26483,6.975,0.0
26484,7.02,0.0
26485,7.03,0.0
26486,7.035,0.0
26487,7.03,0.0
26488,7.025,0.0
26489,7.025,0.0
26490,6.98,0.0
26491,6.935,0.0
26492,6.885,0.0
26493,6.85,0.0
26494,6.775,0.0
26495,6.68,0.0
26496,6.605,0.0
26497,6.525,0.0
26498,6.43,0.0
26499,6.33,0.0
26500,6.3,0.0
26501,6.155,0.0
26502,6.08,0.0
26503,5.98,0.0
26504,5.895,0.0
26505,5.825,0.0
26506,5.765,0.0
26507,5.69,0.0
26508,5.62,0.0
26509,5.58,0.0
26510,5.53,0.0
26511,5.465,0.0
26512,5.415,0.0
26513,5.385,0.0
26514,5.37,0.0
26515,5.325,0.0
26516,5.29,0.0
26517,5.28,0.0
26518,5.27,0.0
26519,5.245,0.0
26520,5.225,0.0
26521,5.22,0.0
26522,5.21,0.0
26523,5.21,0.0
26524,5.185,0.0
26525,5.175,0.0
26526,5.175,0.0
26527,5.175,0.0
26528,5.16,0.0
26529,5.15,0.0
26530,5.165,0.0
26531,5.155,0.0
26532,5.14,0.0
26533,5.135,0.0
26534,5.135,0.0
26535,5.15,0.0
26536,5.145,0.0
26537,5.13,0.0
26538,5.14,0.0
26539,5.15,0.0
26540,5.145,0.0
26541,5.14,0.0
26542,5.145,0.0
26543,5.155,0.0
26544,5.155,0.0
26545,5.15,0.0
26546,5.155,0.0
26547,5.165,0.0
26548,5.165,0.0
26549,5.16,0.0
26550,5.155,0.0
26551,5.155,0.0
26552,5.155,0.0
26553,5.15,0.0
26554,5.145,0.0
26555,5.14,0.0
26556,5.15,0.0
26557,5.14,0.0
26558,5.125,0.0
26559,5.135,0.0
26560,5.13,0.0
26561,5.135,0.0
26562,5.115,0.0
26563,5.12,0.0
26564,5.135,0.0
26565,5.125,0.0
26566,5.12,0.0
26567,5.13,0.0
26568,5.15,0.0
26569,5.15,0.0
26570,5.14,0.0
26571,5.13,0.0
26572,5.135,0.0
26573,5.14,0.0
26574,5.12,0.0
26575,5.11,0.0
26576,5.11,0.0
26577,5.105,0.0
26578,5.065,0.0
26579,5.05,0.0
26580,5.06,0.0
26581,5.045,0.0
26582,5.01,0.0
26583,4.995,0.0
26584,5.0,0.0
26585,5.015,0.0
26586,5.03,0.0
26587,5.025,0.0
26588,5.035,0.0
26589,5.035,0.0
26590,5.025,0.0
26591,5.02,0.0
26592,5.03,0.0
26593,5.045,0.0
26594,5.035,0.0
26595,5.025,0.0
26596,5.02,0.0
26597,5.03,0.0
26598,5.03,0.0
26599,5.01,0.0
26600,5.005,0.0
26601,5.03,0.0
26602,5.03,0.0
26603,5.04,0.0
26604,5.04,0.0
26605,5.06,0.0
26606,5.14,0.0
26607,5.435,0.0
26608,5.985,0.0
26609,5.99,0.0
26610,5.595,0.0
26611,5.46,0.0
26612,5.425,0.0
26613,5.395,0.0
26614,5.37,0.0
26615,5.275,0.0
26616,5.11,0.0
26617,4.87,0.0
26618,4.595,0.0
26619,4.29,0.0
26620,3.95,0.0
26621,3.655,0.0
26622,3.44,0.0
26623,3.26,0.0
26624,3.085,0.0
26625,3.035,0.0
26626,2.725,0.0
26627,2.57,0.0
26628,2.435,0.0
26629,2.365,0.0
26630,2.32,0.0
26631,2.285,0.0
26632,2.23,0.0
26633,2.21,0.0
26634,2.215,0.0
26635,2.22,0.0
26636,2.24,0.0
26637,2.305,0.0
26638,2.43,0.0
26639,2.57,0.0
26640,2.74,0.0
26641,2.92,0.0
26642,3.18,0.0
26643,3.495,0.0
26644,3.825,0.0
26645,4.115,0.0
26646,4.425,0.0
26647,4.72,0.0
26648,4.98,0.0
26649,5.175,0.0
26650,5.235,0.0
26651,5.555,0.0
26652,5.695,0.0
26653,5.77,0.0
26654,5.83,0.0
26655,5.9,0.0
26656,5.945,0.0
26657,5.985,0.0
26658,6.04,0.0
26659,6.09,0.0
26660,6.145,0.0
26661,6.195,0.0
26662,6.21,0.0
26663,6.27,0.0
26664,6.325,0.0
26665,6.375,0.0
26666,6.42,0.0
26667,6.47,0.0
26668,6.54,0.0
26669,6.58,0.0
26670,6.62,0.0
26671,6.68,0.0
26672,6.73,0.0
26673,6.77,0.0
26674,6.805,0.0
26675,6.815,0.0
26676,6.9,0.0
26677,6.945,0.0
26678,6.965,0.0
26679,6.985,0.0
26680,7.01,0.0
26681,7.02,0.0
26682,7.01,0.0
26683,6.985,0.0
26684,6.96,0.0
26685,6.93,0.0
26686,6.88,0.0
26687,6.81,0.0
26688,6.755,0.0
26689,6.685,0.0
26690,6.59,0.0
26691,6.485,0.0
26692,6.405,0.0
26693,6.32,0.0
26694,6.215,0.0
26695,6.11,0.0
26696,6.025,0.0
26697,5.945,0.0
26698,5.865,0.0
26699,5.765,0.0
26700,5.74,0.0
26701,5.64,0.0
26702,5.575,0.0
26703,5.505,0.0
26704,5.46,0.0
26705,5.43,0.0
26706,5.4,0.0
26707,5.355,0.0
26708,5.31,0.0
26709,5.3,0.0
26710,5.275,0.0
26711,5.25,0.0
26712,5.225,0.0
26713,5.215,0.0
26714,5.215,0.0
26715,5.2,0.0
26716,5.175,0.0
26717,5.175,0.0
26718,5.18,0.0
26719,5.175,0.0
26720,5.155,0.0
26721,5.15,0.0
26722,5.16,0.0
26723,5.16,0.0
26724,5.145,0.0
26725,5.14,0.0
26726,5.15,0.0
26727,5.155,0.0
26728,5.145,0.0
26729,5.145,0.0
26730,5.15,0.0
26731,5.16,0.0
26732,5.165,0.0
26733,5.155,0.0
26734,5.165,0.0
26735,5.175,0.0
26736,5.165,0.0
26737,5.155,0.0
26738,5.17,0.0
26739,5.185,0.0
26740,5.18,0.0
26741,5.16,0.0
26742,5.175,0.0
26743,5.175,0.0
26744,5.18,0.0
26745,5.16,0.0
26746,5.15,0.0
26747,5.17,0.0
26748,5.155,0.0
26749,5.14,0.0
26750,5.135,0.0
26751,5.13,0.0
26752,5.135,0.0
26753,5.12,0.0
26754,5.11,0.0
26755,5.12,0.0
26756,5.115,0.0
26757,5.105,0.0
26758,5.095,0.0
26759,5.095,0.0
26760,5.1,0.0
26761,5.085,0.0
26762,5.08,0.0
26763,5.07,0.0
26764,5.09,0.0
26765,5.07,0.0
26766,5.055,0.0
26767,5.055,0.0
26768,5.065,0.0
26769,5.06,0.0
26770,5.045,0.0
26771,5.035,0.0
26772,5.055,0.0
26773,5.055,0.0
26774,5.035,0.0
26775,5.025,0.0
26776,5.05,0.0
26777,5.045,0.0
26778,5.025,0.0
26779,5.035,0.0
26780,5.025,0.0
26781,5.04,0.0
26782,5.035,0.0
26783,5.025,0.0
26784,5.035,0.0
26785,5.035,0.0
26786,5.03,0.0
26787,5.035,0.0
26788,5.045,0.0
26789,5.065,0.0
26790,5.06,0.0
26791,5.06,0.0
26792,5.06,0.0
26793,5.08,0.0
26794,5.07,0.0
26795,5.065,0.0
26796,5.06,0.0
26797,5.08,0.0
26798,5.075,0.0
26799,5.05,0.0
26800,5.04,0.0
26801,5.055,0.0
26802,5.06,0.0
26803,5.08,0.0
26804,5.265,0.0
26805,5.735,0.0
26806,5.885,0.0
26807,5.57,0.0
26808,5.385,0.0
26809,5.34,0.0
26810,5.305,0.0
26811,5.265,0.0
26812,5.195,0.0
26813,5.07,0.0
26814,4.845,0.0
26815,4.535,0.0
26816,4.2,0.0
26817,3.865,0.0
26818,3.515,0.0
26819,3.235,0.0
26820,3.005,0.0
26821,2.835,0.0
26822,2.71,0.0
26823,2.555,0.0
26824,2.415,0.0
26825,2.375,0.0
26826,2.305,0.0
26827,2.28,0.0
26828,2.235,0.0
26829,2.2,0.0
26830,2.195,0.0
26831,2.185,0.0
26832,2.175,0.0
26833,2.18,0.0
26834,2.225,0.0
26835,2.305,0.0
26836,2.415,0.0
26837,2.545,0.0
26838,2.715,0.0
26839,2.9,0.0
26840,3.14,0.0
26841,3.43,0.0
26842,3.755,0.0
26843,4.06,0.0
26844,4.35,0.0
26845,4.615,0.0
26846,4.87,0.0
26847,5.105,0.0
26848,5.305,0.0
26849,5.48,0.0
26850,5.535,0.0
26851,5.74,0.0
26852,5.815,0.0
26853,5.865,0.0
26854,5.915,0.0
26855,5.97,0.0
26856,6.02,0.0
26857,6.05,0.0
26858,6.095,0.0
26859,6.15,0.0
26860,6.2,0.0
26861,6.235,0.0
26862,6.275,0.0
26863,6.34,0.0
26864,6.38,0.0
26865,6.435,0.0
26866,6.46,0.0
26867,6.51,0.0
26868,6.58,0.0
26869,6.62,0.0
26870,6.655,0.0
26871,6.705,0.0
26872,6.755,0.0
26873,6.8,0.0
26874,6.83,0.0
26875,6.84,0.0
26876,6.915,0.0
26877,6.93,0.0
26878,6.96,0.0
26879,6.96,0.0
26880,6.975,0.0
26881,6.975,0.0
26882,6.95,0.0
26883,6.915,0.0
26884,6.895,0.0
26885,6.84,0.0
26886,6.78,0.0
26887,6.705,0.0
26888,6.645,0.0
26889,6.57,0.0
26890,6.485,0.0
26891,6.395,0.0
26892,6.305,0.0
26893,6.22,0.0
26894,6.13,0.0
26895,6.025,0.0
26896,5.95,0.0
26897,5.87,0.0
26898,5.775,0.0
26899,5.68,0.0
26900,5.645,0.0
26901,5.58,0.0
26902,5.52,0.0
26903,5.455,0.0
26904,5.4,0.0
26905,5.375,0.0
26906,5.34,0.0
26907,5.3,0.0
26908,5.26,0.0
26909,5.255,0.0
26910,5.24,0.0
26911,5.215,0.0
26912,5.18,0.0
26913,5.18,0.0
26914,5.18,0.0
26915,5.155,0.0
26916,5.14,0.0
26917,5.145,0.0
26918,5.15,0.0
26919,5.14,0.0
26920,5.115,0.0
26921,5.12,0.0
26922,5.125,0.0
26923,5.13,0.0
26924,5.115,0.0
26925,5.11,0.0
26926,5.125,0.0
26927,5.13,0.0
26928,5.125,0.0
26929,5.115,0.0
26930,5.13,0.0
26931,5.13,0.0
26932,5.13,0.0
26933,5.125,0.0
26934,5.13,0.0
26935,5.135,0.0
26936,5.13,0.0
26937,5.12,0.0
26938,5.13,0.0
26939,5.14,0.0
26940,5.135,0.0
26941,5.12,0.0
26942,5.12,0.0
26943,5.135,0.0
26944,5.12,0.0
26945,5.12,0.0
26946,5.11,0.0
26947,5.125,0.0
26948,5.12,0.0
26949,5.1,0.0
26950,5.095,0.0
26951,5.1,0.0
26952,5.11,0.0
26953,5.095,0.0
26954,5.07,0.0
26955,5.085,0.0
26956,5.075,0.0
26957,5.065,0.0
26958,5.045,0.0
26959,5.05,0.0
26960,5.08,0.0
26961,5.06,0.0
26962,5.04,0.0
26963,5.04,0.0
26964,5.05,0.0
26965,5.035,0.0
26966,5.03,0.0
26967,5.03,0.0
26968,5.04,0.0
26969,5.04,0.0
26970,5.025,0.0
26971,5.01,0.0
26972,5.035,0.0
26973,5.035,0.0
26974,5.015,0.0
26975,5.005,0.0
26976,5.02,0.0
26977,5.03,0.0
26978,5.01,0.0
26979,5.0,0.0
26980,5.01,0.0
26981,5.015,0.0
26982,5.0,0.0
26983,4.985,0.0
26984,5.0,0.0
26985,5.005,0.0
26986,4.995,0.0
26987,4.98,0.0
26988,5.0,0.0
26989,5.015,0.0
26990,5.005,0.0
26991,4.995,0.0
26992,5.0,0.0
26993,5.015,0.0
26994,5.01,0.0
26995,5.0,0.0
26996,5.0,0.0
26997,5.025,0.0
26998,5.04,0.0
26999,5.035,0.0
27000,5.04,0.0
27001,5.065,0.0
27002,5.07,0.0
27003,5.065,0.0
27004,5.095,0.0
27005,5.315,0.0
27006,5.745,0.0
27007,5.835,0.0
27008,5.56,0.0
27009,5.405,0.0
27010,5.345,0.0
27011,5.26,0.0
27012,5.14,0.0
27013,5.005,0.0
27014,4.83,0.0
27015,4.595,0.0
27016,4.335,0.0
27017,4.07,0.0
27018,3.855,0.0
27019,3.645,0.0
27020,3.44,0.0
27021,3.24,0.0
27022,2.985,0.0
27023,2.765,0.0
27024,2.61,0.0
27025,2.56,0.0
27026,2.365,0.0
27027,2.29,0.0
27028,2.24,0.0
27029,2.205,0.0
27030,2.195,0.0
27031,2.19,0.0
27032,2.18,0.0
27033,2.185,0.0
27034,2.205,0.0
27035,2.255,0.0
27036,2.32,0.0
27037,2.46,0.0
27038,2.635,0.0
27039,2.825,0.0
27040,3.055,0.0
27041,3.29,0.0
27042,3.585,0.0
27043,3.87,0.0
27044,4.135,0.0
27045,4.385,0.0
27046,4.635,0.0
27047,4.88,0.0
27048,5.075,0.0
27049,5.255,0.0
27050,5.31,0.0
27051,5.57,0.0
27052,5.65,0.0
27053,5.715,0.0
27054,5.76,0.0
27055,5.815,0.0
27056,5.865,0.0
27057,5.9,0.0
27058,5.93,0.0
27059,5.965,0.0
27060,6.015,0.0
27061,6.04,0.0
27062,6.055,0.0
27063,6.1,0.0
27064,6.145,0.0
27065,6.175,0.0
27066,6.195,0.0
27067,6.24,0.0
27068,6.295,0.0
27069,6.33,0.0
27070,6.35,0.0
27071,6.4,0.0
27072,6.455,0.0
27073,6.49,0.0
27074,6.51,0.0
27075,6.515,0.0
27076,6.605,0.0
27077,6.635,0.0
27078,6.65,0.0
27079,6.685,0.0
27080,6.72,0.0
27081,6.74,0.0
27082,6.75,0.0
27083,6.755,0.0
27084,6.77,0.0
27085,6.775,0.0
27086,6.755,0.0
27087,6.715,0.0
27088,6.705,0.0
27089,6.67,0.0
27090,6.62,0.0
27091,6.55,0.0
27092,6.505,0.0
27093,6.45,0.0
27094,6.375,0.0
27095,6.295,0.0
27096,6.23,0.0
27097,6.165,0.0
27098,6.075,0.0
27099,5.995,0.0
27100,5.965,0.0
27101,5.855,0.0
27102,5.775,0.0
27103,5.705,0.0
27104,5.63,0.0
27105,5.58,0.0
27106,5.52,0.0
27107,5.46,0.0
27108,5.42,0.0
27109,5.395,0.0
27110,5.345,0.0
27111,5.31,0.0
27112,5.27,0.0
27113,5.255,0.0
27114,5.245,0.0
27115,5.225,0.0
27116,5.175,0.0
27117,5.175,0.0
27118,5.17,0.0
27119,5.175,0.0
27120,5.15,0.0
27121,5.145,0.0
27122,5.15,0.0
27123,5.135,0.0
27124,5.12,0.0
27125,5.115,0.0
27126,5.125,0.0
27127,5.115,0.0
27128,5.11,0.0
27129,5.1,0.0
27130,5.105,0.0
27131,5.115,0.0
27132,5.11,0.0
27133,5.105,0.0
27134,5.115,0.0
27135,5.125,0.0
27136,5.115,0.0
27137,5.105,0.0
27138,5.115,0.0
27139,5.125,0.0
27140,5.125,0.0
27141,5.105,0.0
27142,5.115,0.0
27143,5.12,0.0
27144,5.125,0.0
27145,5.115,0.0
27146,5.105,0.0
27147,5.12,0.0
27148,5.12,0.0
27149,5.095,0.0
27150,5.08,0.0
27151,5.12,0.0
27152,5.115,0.0
27153,5.09,0.0
27154,5.085,0.0
27155,5.095,0.0
27156,5.09,0.0
27157,5.07,0.0
27158,5.07,0.0
27159,5.065,0.0
27160,5.07,0.0
27161,5.055,0.0
27162,5.055,0.0
27163,5.055,0.0
27164,5.055,0.0
27165,5.05,0.0
27166,5.03,0.0
27167,5.035,0.0
27168,5.05,0.0
27169,5.04,0.0
27170,5.025,0.0
27171,5.025,0.0
27172,5.03,0.0
27173,5.035,0.0
27174,5.015,0.0
27175,5.01,0.0
27176,5.015,0.0
27177,5.02,0.0
27178,5.015,0.0
27179,5.005,0.0
27180,5.0,0.0
27181,5.015,0.0
27182,5.01,0.0
27183,4.995,0.0
27184,5.005,0.0
27185,5.005,0.0
27186,5.01,0.0
27187,4.985,0.0
27188,4.995,0.0
27189,4.995,0.0
27190,4.99,0.0
27191,4.985,0.0
27192,4.985,0.0
27193,5.0,0.0
27194,5.0,0.0
27195,4.98,0.0
27196,4.98,0.0
27197,5.0,0.0
27198,4.995,0.0
27199,4.98,0.0
27200,4.975,0.0
27201,4.99,0.0
27202,4.99,0.0
27203,4.99,0.0
27204,4.99,0.0
27205,4.995,0.0
27206,5.005,0.0
27207,4.995,0.0
27208,5.0,0.0
27209,5.02,0.0
27210,5.035,0.0
27211,5.045,0.0
27212,5.04,0.0
27213,5.055,0.0
27214,5.065,0.0
27215,5.08,0.0
27216,5.155,0.0
27217,5.585,0.0
27218,5.92,0.0
27219,5.695,0.0
27220,5.44,0.0
27221,5.38,0.0
27222,5.34,0.0
27223,5.28,0.0
27224,5.21,0.0
27225,5.185,0.0
27226,5.0,0.0
27227,4.79,0.0
27228,4.51,0.0
27229,4.235,0.0
27230,3.945,0.0
27231,3.625,0.0
27232,3.345,0.0
27233,3.125,0.0
27234,2.94,0.0
27235,2.805,0.0
27236,2.66,0.0
27237,2.505,0.0
27238,2.385,0.0
27239,2.33,0.0
27240,2.29,0.0
27241,2.235,0.0
27242,2.22,0.0
27243,2.22,0.0
27244,2.205,0.0
27245,2.19,0.0
27246,2.195,0.0
27247,2.21,0.0
27248,2.24,0.0
27249,2.27,0.0
27250,2.29,0.0
27251,2.49,0.0
27252,2.64,0.0
27253,2.775,0.0
27254,2.955,0.0
27255,3.185,0.0
27256,3.47,0.0
27257,3.73,0.0
27258,4.005,0.0
27259,4.275,0.0
27260,4.54,0.0
27261,4.765,0.0
27262,4.975,0.0
27263,5.17,0.0
27264,5.35,0.0
27265,5.5,0.0
27266,5.61,0.0
27267,5.7,0.0
27268,5.77,0.0
27269,5.82,0.0
27270,5.855,0.0
27271,5.91,0.0
27272,5.95,0.0
27273,5.995,0.0
27274,6.025,0.0
27275,6.035,0.0
27276,6.11,0.0
27277,6.145,0.0
27278,6.17,0.0
27279,6.225,0.0
27280,6.265,0.0
27281,6.32,0.0
27282,6.345,0.0
27283,6.375,0.0
27284,6.44,0.0
27285,6.48,0.0
27286,6.505,0.0
27287,6.545,0.0
27288,6.595,0.0
27289,6.65,0.0
27290,6.675,0.0
27291,6.7,0.0
27292,6.755,0.0
27293,6.805,0.0
27294,6.83,0.0
27295,6.83,0.0
27296,6.86,0.0
27297,6.88,0.0
27298,6.89,0.0
27299,6.895,0.0
27300,6.89,0.0
27301,6.905,0.0
27302,6.895,0.0
27303,6.86,0.0
27304,6.825,0.0
27305,6.79,0.0
27306,6.755,0.0
27307,6.675,0.0
27308,6.6,0.0
27309,6.535,0.0
27310,6.455,0.0
27311,6.35,0.0
27312,6.255,0.0
27313,6.175,0.0
27314,6.09,0.0
27315,5.995,0.0
27316,5.905,0.0
27317,5.84,0.0
27318,5.78,0.0
27319,5.695,0.0
27320,5.63,0.0
27321,5.57,0.0
27322,5.52,0.0
27323,5.47,0.0
27324,5.415,0.0
27325,5.4,0.0
27326,5.355,0.0
27327,5.32,0.0
27328,5.28,0.0
27329,5.255,0.0
27330,5.25,0.0
27331,5.235,0.0
27332,5.2,0.0
27333,5.19,0.0
27334,5.185,0.0
27335,5.175,0.0
27336,5.16,0.0
27337,5.15,0.0
27338,5.145,0.0
27339,5.15,0.0
27340,5.14,0.0
27341,5.125,0.0
27342,5.125,0.0
27343,5.14,0.0
27344,5.135,0.0
27345,5.125,0.0
27346,5.13,0.0
27347,5.135,0.0
27348,5.13,0.0
27349,5.13,0.0
27350,5.125,0.0
27351,5.145,0.0
27352,5.135,0.0
27353,5.13,0.0
27354,5.13,0.0
27355,5.14,0.0
27356,5.145,0.0
27357,5.145,0.0
27358,5.13,0.0
27359,5.14,0.0
27360,5.14,0.0
27361,5.14,0.0
27362,5.115,0.0
27363,5.12,0.0
27364,5.13,0.0
27365,5.12,0.0
27366,5.095,0.0
27367,5.115,0.0
27368,5.12,0.0
27369,5.11,0.0
27370,5.09,0.0
27371,5.09,0.0
27372,5.095,0.0
27373,5.09,0.0
27374,5.075,0.0
27375,5.065,0.0
27376,5.065,0.0
27377,5.065,0.0
27378,5.055,0.0
27379,5.05,0.0
27380,5.055,0.0
27381,5.05,0.0
27382,5.045,0.0
27383,5.035,0.0
27384,5.035,0.0
27385,5.035,0.0
27386,5.04,0.0
27387,5.025,0.0
27388,5.025,0.0
27389,5.035,0.0
27390,5.025,0.0
27391,4.995,0.0
27392,5.015,0.0
27393,5.015,0.0
27394,5.025,0.0
27395,5.01,0.0
27396,5.01,0.0
27397,5.02,0.0
27398,5.02,0.0
27399,5.005,0.0
27400,5.0,0.0
27401,5.01,0.0
27402,5.02,0.0
27403,5.0,0.0
27404,4.995,0.0
27405,5.005,0.0
27406,5.005,0.0
27407,4.985,0.0
27408,4.99,0.0
27409,4.995,0.0
27410,5.0,0.0
27411,4.99,0.0
27412,4.99,0.0
27413,4.99,0.0
27414,5.005,0.0
27415,4.985,0.0
27416,4.98,0.0
27417,4.98,0.0
27418,4.99,0.0
27419,4.99,0.0
27420,4.985,0.0
27421,4.99,0.0
27422,5.005,0.0
27423,5.0,0.0
27424,4.99,0.0
27425,4.985,0.0
27426,5.01,0.0
27427,5.02,0.0
27428,5.035,0.0
27429,5.055,0.0
27430,5.26,0.0
27431,5.745,0.0
27432,6.005,0.0
27433,5.69,0.0
27434,5.45,0.0
27435,5.4,0.0
27436,5.33,0.0
27437,5.27,0.0
27438,5.235,0.0
27439,5.145,0.0
27440,4.96,0.0
27441,4.72,0.0
27442,4.435,0.0
27443,4.145,0.0
27444,3.81,0.0
27445,3.48,0.0
27446,3.2,0.0
27447,2.995,0.0
27448,2.815,0.0
27449,2.675,0.0
27450,2.63,0.0
27451,2.425,0.0
27452,2.32,0.0
27453,2.255,0.0
27454,2.215,0.0
27455,2.205,0.0
27456,2.19,0.0
27457,2.17,0.0
27458,2.155,0.0
27459,2.165,0.0
27460,2.18,0.0
27461,2.185,0.0
27462,2.195,0.0
27463,2.255,0.0
27464,2.355,0.0
27465,2.485,0.0
27466,2.63,0.0
27467,2.825,0.0
27468,3.075,0.0
27469,3.345,0.0
27470,3.62,0.0
27471,3.915,0.0
27472,4.205,0.0
27473,4.485,0.0
27474,4.74,0.0
27475,4.81,0.0
27476,5.185,0.0
27477,5.385,0.0
27478,5.545,0.0
27479,5.65,0.0
27480,5.735,0.0
27481,5.795,0.0
27482,5.84,0.0
27483,5.875,0.0
27484,5.915,0.0
27485,5.96,0.0
27486,5.99,0.0
27487,6.005,0.0
27488,6.045,0.0
27489,6.07,0.0
27490,6.095,0.0
27491,6.11,0.0
27492,6.14,0.0
27493,6.17,0.0
27494,6.205,0.0
27495,6.215,0.0
27496,6.255,0.0
27497,6.29,0.0
27498,6.335,0.0
27499,6.355,0.0
27500,6.36,0.0
27501,6.43,0.0
27502,6.485,0.0
27503,6.5,0.0
27504,6.53,0.0
27505,6.575,0.0
27506,6.625,0.0
27507,6.655,0.0
27508,6.68,0.0
27509,6.73,0.0
27510,6.76,0.0
27511,6.795,0.0
27512,6.81,0.0
27513,6.825,0.0
27514,6.855,0.0
27515,6.855,0.0
27516,6.83,0.0
27517,6.82,0.0
27518,6.805,0.0
27519,6.76,0.0
27520,6.69,0.0
27521,6.65,0.0
27522,6.585,0.0
27523,6.505,0.0
27524,6.415,0.0
27525,6.38,0.0
27526,6.255,0.0
27527,6.165,0.0
27528,6.075,0.0
27529,5.975,0.0
27530,5.905,0.0
27531,5.83,0.0
27532,5.735,0.0
27533,5.67,0.0
27534,5.61,0.0
27535,5.565,0.0
27536,5.505,0.0
27537,5.45,0.0
27538,5.415,0.0
27539,5.38,0.0
27540,5.335,0.0
27541,5.295,0.0
27542,5.28,0.0
27543,5.275,0.0
27544,5.26,0.0
27545,5.225,0.0
27546,5.225,0.0
27547,5.235,0.0
27548,5.21,0.0
27549,5.205,0.0
27550,5.2,0.0
27551,5.2,0.0
27552,5.2,0.0
27553,5.195,0.0
27554,5.185,0.0
27555,5.19,0.0
27556,5.2,0.0
27557,5.185,0.0
27558,5.18,0.0
27559,5.19,0.0
27560,5.19,0.0
27561,5.19,0.0
27562,5.17,0.0
27563,5.175,0.0
27564,5.19,0.0
27565,5.175,0.0
27566,5.165,0.0
27567,5.165,0.0
27568,5.18,0.0
27569,5.17,0.0
27570,5.16,0.0
27571,5.155,0.0
27572,5.16,0.0
27573,5.16,0.0
27574,5.14,0.0
27575,5.135,0.0
27576,5.13,0.0
27577,5.135,0.0
27578,5.125,0.0
27579,5.115,0.0
27580,5.105,0.0
27581,5.11,0.0
27582,5.105,0.0
27583,5.08,0.0
27584,5.095,0.0
27585,5.1,0.0
27586,5.085,0.0
27587,5.065,0.0
27588,5.06,0.0
27589,5.07,0.0
27590,5.055,0.0
27591,5.03,0.0
27592,5.05,0.0
27593,5.055,0.0
27594,5.04,0.0
27595,5.03,0.0
27596,5.03,0.0
27597,5.04,0.0
27598,5.04,0.0
27599,5.025,0.0
27600,5.01,0.0
27601,5.025,0.0
27602,5.03,0.0
27603,5.02,0.0
27604,5.005,0.0
27605,5.025,0.0
27606,5.015,0.0
27607,5.005,0.0
27608,5.005,0.0
27609,5.01,0.0
27610,5.02,0.0
27611,5.01,0.0
27612,4.995,0.0
27613,5.005,0.0
27614,5.015,0.0
27615,5.01,0.0
27616,4.99,0.0
27617,5.0,0.0
27618,5.01,0.0
27619,5.01,0.0
27620,4.985,0.0
27621,4.99,0.0
27622,5.005,0.0
27623,4.995,0.0
27624,4.995,0.0
27625,4.985,0.0
27626,5.0,0.0
27627,5.005,0.0
27628,4.995,0.0
27629,4.985,0.0
27630,5.005,0.0
27631,5.0,0.0
27632,5.0,0.0
27633,4.995,0.0
27634,5.005,0.0
27635,5.01,0.0
27636,5.01,0.0
27637,5.01,0.0
27638,5.035,0.0
27639,5.075,0.0
27640,5.19,0.0
27641,5.525,0.0
27642,5.91,0.0
27643,5.795,0.0
27644,5.49,0.0
27645,5.395,0.0
27646,5.35,0.0
27647,5.295,0.0
27648,5.215,0.0
27649,5.09,0.0
27650,5.045,0.0
27651,4.675,0.0
27652,4.365,0.0
27653,4.035,0.0
27654,3.69,0.0
27655,3.37,0.0
27656,3.125,0.0
27657,2.9,0.0
27658,2.735,0.0
27659,2.625,0.0
27660,2.49,0.0
27661,2.36,0.0
27662,2.285,0.0
27663,2.265,0.0
27664,2.25,0.0
27665,2.21,0.0
27666,2.19,0.0
27667,2.205,0.0
27668,2.215,0.0
27669,2.23,0.0
27670,2.22,0.0
27671,2.245,0.0
27672,2.31,0.0
27673,2.41,0.0
27674,2.545,0.0
27675,2.6,0.0
27676,2.955,0.0
27677,3.235,0.0
27678,3.52,0.0
27679,3.85,0.0
27680,4.175,0.0
27681,4.475,0.0
27682,4.75,0.0
27683,4.975,0.0
27684,5.205,0.0
27685,5.4,0.0
27686,5.565,0.0
27687,5.685,0.0
27688,5.775,0.0
27689,5.845,0.0
27690,5.875,0.0
27691,5.89,0.0
27692,5.95,0.0
27693,5.995,0.0
27694,6.005,0.0
27695,6.015,0.0
27696,6.035,0.0
27697,6.06,0.0
27698,6.08,0.0
27699,6.09,0.0
27700,6.095,0.0
27701,6.145,0.0
27702,6.175,0.0
27703,6.2,0.0
27704,6.235,0.0
27705,6.28,0.0
27706,6.315,0.0
27707,6.33,0.0
27708,6.36,0.0
27709,6.415,0.0
27710,6.445,0.0
27711,6.49,0.0
27712,6.5,0.0
27713,6.555,0.0
27714,6.585,0.0
27715,6.615,0.0
27716,6.635,0.0
27717,6.68,0.0
27718,6.71,0.0
27719,6.735,0.0
27720,6.735,0.0
27721,6.75,0.0
27722,6.775,0.0
27723,6.775,0.0
27724,6.755,0.0
27725,6.75,0.0
27726,6.73,0.0
27727,6.705,0.0
27728,6.645,0.0
27729,6.595,0.0
27730,6.555,0.0
27731,6.485,0.0
27732,6.405,0.0
27733,6.32,0.0
27734,6.26,0.0
27735,6.18,0.0
27736,6.095,0.0
27737,6.005,0.0
27738,5.93,0.0
27739,5.86,0.0
27740,5.795,0.0
27741,5.705,0.0
27742,5.65,0.0
27743,5.605,0.0
27744,5.55,0.0
27745,5.48,0.0
27746,5.445,0.0
27747,5.42,0.0
27748,5.385,0.0
27749,5.34,0.0
27750,5.325,0.0
27751,5.305,0.0
27752,5.285,0.0
27753,5.265,0.0
27754,5.245,0.0
27755,5.24,0.0
27756,5.24,0.0
27757,5.225,0.0
27758,5.2,0.0
27759,5.21,0.0
27760,5.225,0.0
27761,5.205,0.0
27762,5.195,0.0
27763,5.2,0.0
27764,5.205,0.0
27765,5.19,0.0
27766,5.185,0.0
27767,5.195,0.0
27768,5.21,0.0
27769,5.205,0.0
27770,5.185,0.0
27771,5.185,0.0
27772,5.205,0.0
27773,5.21,0.0
27774,5.19,0.0
27775,5.185,0.0
27776,5.195,0.0
27777,5.2,0.0
27778,5.185,0.0
27779,5.17,0.0
27780,5.185,0.0
27781,5.19,0.0
27782,5.17,0.0
27783,5.16,0.0
27784,5.165,0.0
27785,5.165,0.0
27786,5.16,0.0
27787,5.15,0.0
27788,5.14,0.0
27789,5.16,0.0
27790,5.14,0.0
27791,5.12,0.0
27792,5.13,0.0
27793,5.135,0.0
27794,5.135,0.0
27795,5.115,0.0
27796,5.115,0.0
27797,5.115,0.0
27798,5.105,0.0
27799,5.09,0.0
27800,5.085,0.0
27801,5.095,0.0
27802,5.09,0.0
27803,5.07,0.0
27804,5.06,0.0
27805,5.07,0.0
27806,5.07,0.0
27807,5.05,0.0
27808,5.05,0.0
27809,5.055,0.0
27810,5.05,0.0
27811,5.045,0.0
27812,5.035,0.0
27813,5.04,0.0
27814,5.05,0.0
27815,5.03,0.0
27816,5.015,0.0
27817,5.02,0.0
27818,5.035,0.0
27819,5.035,0.0
27820,5.025,0.0
27821,5.015,0.0
27822,5.035,0.0
27823,5.025,0.0
27824,5.02,0.0
27825,5.015,0.0
27826,5.02,0.0
27827,5.025,0.0
27828,5.01,0.0
27829,5.015,0.0
27830,5.015,0.0
27831,5.03,0.0
27832,5.01,0.0
27833,5.01,0.0
27834,5.02,0.0
27835,5.025,0.0
27836,5.005,0.0
27837,5.0,0.0
27838,5.01,0.0
27839,5.02,0.0
27840,5.015,0.0
27841,4.995,0.0
27842,5.0,0.0
27843,5.025,0.0
27844,5.02,0.0
27845,5.01,0.0
27846,5.03,0.0
27847,5.03,0.0
27848,5.025,0.0
27849,5.015,0.0
27850,5.01,0.0
27851,5.05,0.0
27852,5.105,0.0
27853,5.33,0.0
27854,5.78,0.0
27855,5.905,0.0
27856,5.61,0.0
27857,5.43,0.0
27858,5.375,0.0
27859,5.345,0.0
27860,5.3,0.0
27861,5.235,0.0
27862,5.12,0.0
27863,4.93,0.0
27864,4.685,0.0
27865,4.355,0.0
27866,4.045,0.0
27867,3.7,0.0
27868,3.385,0.0
27869,3.13,0.0
27870,2.9,0.0
27871,2.775,0.0
27872,2.655,0.0
27873,2.51,0.0
27874,2.375,0.0
27875,2.34,0.0
27876,2.27,0.0
27877,2.245,0.0
27878,2.205,0.0
27879,2.185,0.0
27880,2.195,0.0
27881,2.2,0.0
27882,2.185,0.0
27883,2.195,0.0
27884,2.215,0.0
27885,2.265,0.0
27886,2.315,0.0
27887,2.425,0.0
27888,2.58,0.0
27889,2.77,0.0
27890,3.005,0.0
27891,3.28,0.0
27892,3.625,0.0
27893,3.925,0.0
27894,4.22,0.0
27895,4.505,0.0
27896,4.77,0.0
27897,5.005,0.0
27898,5.205,0.0
27899,5.37,0.0
27900,5.415,0.0
27901,5.69,0.0
27902,5.765,0.0
27903,5.81,0.0
27904,5.865,0.0
27905,5.91,0.0
27906,5.95,0.0
27907,5.975,0.0
27908,6.0,0.0
27909,6.035,0.0
27910,6.07,0.0
27911,6.095,0.0
27912,6.1,0.0
27913,6.14,0.0
27914,6.17,0.0
27915,6.205,0.0
27916,6.225,0.0
27917,6.26,0.0
27918,6.305,0.0
27919,6.345,0.0
27920,6.365,0.0
27921,6.41,0.0
27922,6.475,0.0
27923,6.51,0.0
27924,6.555,0.0
27925,6.565,0.0
27926,6.64,0.0
27927,6.665,0.0
27928,6.705,0.0
27929,6.74,0.0
27930,6.785,0.0
27931,6.83,0.0
27932,6.86,0.0
27933,6.87,0.0
27934,6.895,0.0
27935,6.92,0.0
27936,6.915,0.0
27937,6.895,0.0
27938,6.87,0.0
27939,6.855,0.0
27940,6.805,0.0
27941,6.74,0.0
27942,6.69,0.0
27943,6.645,0.0
27944,6.57,0.0
27945,6.495,0.0
27946,6.425,0.0
27947,6.355,0.0
27948,6.265,0.0
27949,6.155,0.0
27950,6.12,0.0
27951,5.985,0.0
27952,5.895,0.0
27953,5.815,0.0
27954,5.74,0.0
27955,5.68,0.0
27956,5.625,0.0
27957,5.565,0.0
27958,5.505,0.0
27959,5.47,0.0
27960,5.435,0.0
27961,5.39,0.0
27962,5.35,0.0
27963,5.325,0.0
27964,5.315,0.0
27965,5.28,0.0
27966,5.25,0.0
27967,5.245,0.0
27968,5.245,0.0
27969,5.23,0.0
27970,5.215,0.0
27971,5.205,0.0
27972,5.215,0.0
27973,5.21,0.0
27974,5.205,0.0
27975,5.21,0.0
27976,5.215,0.0
27977,5.23,0.0
27978,5.21,0.0
27979,5.21,0.0
27980,5.22,0.0
27981,5.225,0.0
27982,5.205,0.0
27983,5.215,0.0
27984,5.22,0.0
27985,5.23,0.0
27986,5.23,0.0
27987,5.215,0.0
27988,5.22,0.0
27989,5.23,0.0
27990,5.225,0.0
27991,5.205,0.0
27992,5.2,0.0
27993,5.215,0.0
27994,5.195,0.0
27995,5.18,0.0
27996,5.17,0.0
27997,5.18,0.0
27998,5.17,0.0
27999,5.16,0.0
28000,5.155,0.0
28001,5.155,0.0
28002,5.145,0.0
28003,5.135,0.0
28004,5.12,0.0
28005,5.13,0.0
28006,5.135,0.0
28007,5.11,0.0
28008,5.105,0.0
28009,5.105,0.0
28010,5.11,0.0
28011,5.09,0.0
28012,5.085,0.0
28013,5.09,0.0
28014,5.1,0.0
28015,5.085,0.0
28016,5.085,0.0
28017,5.085,0.0
28018,5.085,0.0
28019,5.08,0.0
28020,5.07,0.0
28021,5.07,0.0
28022,5.075,0.0
28023,5.085,0.0
28024,5.065,0.0
28025,5.06,0.0
28026,5.075,0.0
28027,5.085,0.0
28028,5.065,0.0
28029,5.055,0.0
28030,5.065,0.0
28031,5.06,0.0
28032,5.06,0.0
28033,5.05,0.0
28034,5.055,0.0
28035,5.07,0.0
28036,5.06,0.0
28037,5.035,0.0
28038,5.055,0.0
28039,5.075,0.0
28040,5.06,0.0
28041,5.05,0.0
28042,5.04,0.0
28043,5.055,0.0
28044,5.05,0.0
28045,5.045,0.0
28046,5.055,0.0
28047,5.055,0.0
28048,5.06,0.0
28049,5.04,0.0
28050,5.03,0.0
28051,5.05,0.0
28052,5.05,0.0
28053,5.055,0.0
28054,5.05,0.0
28055,5.085,0.0
28056,5.14,0.0
28057,5.37,0.0
28058,5.885,0.0
28059,6.09,0.0
28060,5.73,0.0
28061,5.495,0.0
28062,5.405,0.0
28063,5.335,0.0
28064,5.255,0.0
28065,5.075,0.0
28066,4.87,0.0
28067,4.64,0.0
28068,4.35,0.0
28069,4.025,0.0
28070,3.745,0.0
28071,3.515,0.0
28072,3.305,0.0
28073,3.035,0.0
28074,2.755,0.0
28075,2.68,0.0
28076,2.5,0.0
28077,2.4,0.0
28078,2.315,0.0
28079,2.285,0.0
28080,2.265,0.0
28081,2.25,0.0
28082,2.23,0.0
28083,2.215,0.0
28084,2.235,0.0
28085,2.245,0.0
28086,2.245,0.0
28087,2.265,0.0
28088,2.345,0.0
28089,2.46,0.0
28090,2.62,0.0
28091,2.83,0.0
28092,3.09,0.0
28093,3.41,0.0
28094,3.75,0.0
28095,4.075,0.0
28096,4.39,0.0
28097,4.675,0.0
28098,4.94,0.0
28099,5.165,0.0
28100,5.23,0.0
28101,5.58,0.0
28102,5.71,0.0
28103,5.78,0.0
28104,5.84,0.0
28105,5.91,0.0
28106,5.95,0.0
28107,5.985,0.0
28108,6.01,0.0
28109,6.045,0.0
28110,6.095,0.0
28111,6.105,0.0
28112,6.12,0.0
28113,6.16,0.0
28114,6.19,0.0
28115,6.21,0.0
28116,6.225,0.0
28117,6.255,0.0
28118,6.295,0.0
28119,6.325,0.0
28120,6.35,0.0
28121,6.385,0.0
28122,6.425,0.0
28123,6.47,0.0
28124,6.475,0.0
28125,6.485,0.0
28126,6.57,0.0
28127,6.595,0.0
28128,6.625,0.0
28129,6.66,0.0
28130,6.695,0.0
28131,6.725,0.0
28132,6.745,0.0
28133,6.765,0.0
28134,6.79,0.0
28135,6.815,0.0
28136,6.81,0.0
28137,6.785,0.0
28138,6.795,0.0
28139,6.775,0.0
28140,6.735,0.0
28141,6.69,0.0
28142,6.635,0.0
28143,6.58,0.0
28144,6.515,0.0
28145,6.43,0.0
28146,6.355,0.0
28147,6.29,0.0
28148,6.205,0.0
28149,6.115,0.0
28150,6.085,0.0
28151,5.955,0.0
28152,5.865,0.0
28153,5.775,0.0
28154,5.69,0.0
28155,5.625,0.0
28156,5.57,0.0
28157,5.5,0.0
28158,5.44,0.0
28159,5.4,0.0
28160,5.36,0.0
28161,5.33,0.0
28162,5.28,0.0
28163,5.275,0.0
28164,5.275,0.0
28165,5.265,0.0
28166,5.24,0.0
28167,5.25,0.0
28168,5.25,0.0
28169,5.245,0.0
28170,5.235,0.0
28171,5.225,0.0
28172,5.235,0.0
28173,5.24,0.0
28174,5.225,0.0
28175,5.22,0.0
28176,5.235,0.0
28177,5.245,0.0
28178,5.23,0.0
28179,5.225,0.0
28180,5.235,0.0
28181,5.24,0.0
28182,5.225,0.0
28183,5.22,0.0
28184,5.24,0.0
28185,5.24,0.0
28186,5.235,0.0
28187,5.21,0.0
28188,5.225,0.0
28189,5.23,0.0
28190,5.22,0.0
28191,5.19,0.0
28192,5.19,0.0
28193,5.2,0.0
28194,5.185,0.0
28195,5.17,0.0
28196,5.16,0.0
28197,5.175,0.0
28198,5.165,0.0
28199,5.145,0.0
28200,5.135,0.0
28201,5.155,0.0
28202,5.15,0.0
28203,5.125,0.0
28204,5.115,0.0
28205,5.12,0.0
28206,5.125,0.0
28207,5.105,0.0
28208,5.095,0.0
28209,5.105,0.0
28210,5.1,0.0
28211,5.095,0.0
28212,5.09,0.0
28213,5.09,0.0
28214,5.09,0.0
28215,5.09,0.0
28216,5.07,0.0
28217,5.085,0.0
28218,5.08,0.0
28219,5.08,0.0
28220,5.075,0.0
28221,5.08,0.0
28222,5.09,0.0
28223,5.08,0.0
28224,5.075,0.0
28225,5.07,0.0
28226,5.08,0.0
28227,5.085,0.0
28228,5.07,0.0
28229,5.065,0.0
28230,5.075,0.0
28231,5.075,0.0
28232,5.065,0.0
28233,5.06,0.0
28234,5.08,0.0
28235,5.08,0.0
28236,5.06,0.0
28237,5.05,0.0
28238,5.07,0.0
28239,5.075,0.0
28240,5.065,0.0
28241,5.055,0.0
28242,5.06,0.0
28243,5.07,0.0
28244,5.065,0.0
28245,5.055,0.0
28246,5.05,0.0
28247,5.055,0.0
28248,5.06,0.0
28249,5.055,0.0
28250,5.045,0.0
28251,5.07,0.0
28252,5.085,0.0
28253,5.11,0.0
28254,5.285,0.0
28255,5.755,0.0
28256,6.035,0.0
28257,5.755,0.0
28258,5.515,0.0
28259,5.46,0.0
28260,5.415,0.0
28261,5.35,0.0
28262,5.28,0.0
28263,5.18,0.0
28264,4.99,0.0
28265,4.72,0.0
28266,4.39,0.0
28267,4.085,0.0
28268,3.76,0.0
28269,3.45,0.0
28270,3.175,0.0
28271,2.985,0.0
28272,2.855,0.0
28273,2.72,0.0
28274,2.57,0.0
28275,2.515,0.0
28276,2.365,0.0
28277,2.32,0.0
28278,2.28,0.0
28279,2.25,0.0
28280,2.24,0.0
28281,2.24,0.0
28282,2.225,0.0
28283,2.235,0.0
28284,2.25,0.0
28285,2.295,0.0
28286,2.35,0.0
28287,2.465,0.0
28288,2.63,0.0
28289,2.815,0.0
28290,3.045,0.0
28291,3.315,0.0
28292,3.645,0.0
28293,3.955,0.0
28294,4.25,0.0
28295,4.54,0.0
28296,4.81,0.0
28297,5.035,0.0
28298,5.235,0.0
28299,5.395,0.0
28300,5.445,0.0
28301,5.7,0.0
28302,5.78,0.0
28303,5.81,0.0
28304,5.855,0.0
28305,5.905,0.0
28306,5.95,0.0
28307,5.98,0.0
28308,6.005,0.0
28309,6.05,0.0
28310,6.08,0.0
28311,6.11,0.0
28312,6.135,0.0
28313,6.17,0.0
28314,6.205,0.0
28315,6.235,0.0
28316,6.265,0.0
28317,6.32,0.0
28318,6.365,0.0
28319,6.395,0.0
28320,6.44,0.0
28321,6.485,0.0
28322,6.54,0.0
28323,6.57,0.0
28324,6.61,0.0
28325,6.625,0.0
28326,6.715,0.0
28327,6.76,0.0
28328,6.785,0.0
28329,6.83,0.0
28330,6.87,0.0
28331,6.9,0.0
28332,6.895,0.0
28333,6.91,0.0
28334,6.92,0.0
28335,6.915,0.0
28336,6.89,0.0
28337,6.85,0.0
28338,6.81,0.0
28339,6.77,0.0
28340,6.705,0.0
28341,6.615,0.0
28342,6.555,0.0
28343,6.48,0.0
28344,6.395,0.0
28345,6.3,0.0
28346,6.225,0.0
28347,6.145,0.0
28348,6.065,0.0
28349,5.98,0.0
28350,5.945,0.0
28351,5.825,0.0
28352,5.745,0.0
28353,5.665,0.0
28354,5.59,0.0
28355,5.545,0.0
28356,5.485,0.0
28357,5.425,0.0
28358,5.37,0.0
28359,5.34,0.0
28360,5.315,0.0
28361,5.275,0.0
28362,5.245,0.0
28363,5.24,0.0
28364,5.255,0.0
28365,5.24,0.0
28366,5.215,0.0
28367,5.22,0.0
28368,5.22,0.0
28369,5.215,0.0
28370,5.2,0.0
28371,5.2,0.0
28372,5.215,0.0
28373,5.2,0.0
28374,5.195,0.0
28375,5.19,0.0
28376,5.205,0.0
28377,5.2,0.0
28378,5.2,0.0
28379,5.195,0.0
28380,5.205,0.0
28381,5.215,0.0
28382,5.205,0.0
28383,5.19,0.0
28384,5.205,0.0
28385,5.215,0.0
28386,5.21,0.0
28387,5.19,0.0
28388,5.195,0.0
28389,5.195,0.0
28390,5.19,0.0
28391,5.17,0.0
28392,5.175,0.0
28393,5.185,0.0
28394,5.175,0.0
28395,5.155,0.0
28396,5.15,0.0
28397,5.15,0.0
28398,5.135,0.0
28399,5.125,0.0
28400,5.115,0.0
28401,5.135,0.0
28402,5.125,0.0
28403,5.105,0.0
28404,5.1,0.0
28405,5.1,0.0
28406,5.105,0.0
28407,5.1,0.0
28408,5.085,0.0
28409,5.085,0.0
28410,5.085,0.0
28411,5.08,0.0
28412,5.07,0.0
28413,5.08,0.0
28414,5.07,0.0
28415,5.07,0.0
28416,5.06,0.0
28417,5.07,0.0
28418,5.08,0.0
28419,5.08,0.0
28420,5.06,0.0
28421,5.065,0.0
28422,5.07,0.0
28423,5.06,0.0
28424,5.055,0.0
28425,5.05,0.0
28426,5.055,0.0
28427,5.065,0.0
28428,5.045,0.0
28429,5.04,0.0
28430,5.06,0.0
28431,5.055,0.0
28432,5.05,0.0
28433,5.045,0.0
28434,5.055,0.0
28435,5.055,0.0
28436,5.045,0.0
28437,5.04,0.0
28438,5.055,0.0
28439,5.05,0.0
28440,5.045,0.0
28441,5.025,0.0
28442,5.035,0.0
28443,5.04,0.0
28444,5.04,0.0
28445,5.025,0.0
28446,5.03,0.0
28447,5.035,0.0
28448,5.03,0.0
28449,5.025,0.0
28450,5.02,0.0
28451,5.035,0.0
28452,5.045,0.0
28453,5.04,0.0
28454,5.035,0.0
28455,5.075,0.0
28456,5.14,0.0
28457,5.395,0.0
28458,5.84,0.0
28459,5.83,0.0
28460,5.54,0.0
28461,5.42,0.0
28462,5.36,0.0
28463,5.32,0.0
28464,5.27,0.0
28465,5.19,0.0
28466,5.06,0.0
28467,4.875,0.0
28468,4.64,0.0
28469,4.33,0.0
28470,3.99,0.0
28471,3.66,0.0
28472,3.36,0.0
28473,3.105,0.0
28474,2.89,0.0
28475,2.835,0.0
28476,2.645,0.0
28477,2.51,0.0
28478,2.37,0.0
28479,2.285,0.0
28480,2.265,0.0
28481,2.235,0.0
28482,2.195,0.0
28483,2.185,0.0
28484,2.19,0.0
28485,2.205,0.0
28486,2.195,0.0
28487,2.195,0.0
28488,2.23,0.0
28489,2.29,0.0
28490,2.375,0.0
28491,2.495,0.0
28492,2.68,0.0
28493,2.9,0.0
28494,3.165,0.0
28495,3.485,0.0
28496,3.81,0.0
28497,4.11,0.0
28498,4.41,0.0
28499,4.675,0.0
28500,4.76,0.0
28501,5.115,0.0
28502,5.305,0.0
28503,5.455,0.0
28504,5.63,0.0
28505,5.74,0.0
28506,5.8,0.0
28507,5.84,0.0
28508,5.875,0.0
28509,5.93,0.0
28510,5.975,0.0
28511,6.01,0.0
28512,6.03,0.0
28513,6.07,0.0
28514,6.11,0.0
28515,6.135,0.0
28516,6.165,0.0
28517,6.195,0.0
28518,6.24,0.0
28519,6.275,0.0
28520,6.305,0.0
28521,6.355,0.0
28522,6.395,0.0
28523,6.455,0.0
28524,6.475,0.0
28525,6.495,0.0
28526,6.585,0.0
28527,6.64,0.0
28528,6.67,0.0
28529,6.72,0.0
28530,6.77,0.0
28531,6.8,0.0
28532,6.825,0.0
28533,6.85,0.0
28534,6.895,0.0
28535,6.92,0.0
28536,6.93,0.0
28537,6.92,0.0
28538,6.935,0.0
28539,6.92,0.0
28540,6.89,0.0
28541,6.855,0.0
28542,6.81,0.0
28543,6.745,0.0
28544,6.695,0.0
28545,6.61,0.0
28546,6.515,0.0
28547,6.445,0.0
28548,6.35,0.0
28549,6.245,0.0
28550,6.205,0.0
28551,6.075,0.0
28552,5.975,0.0
28553,5.88,0.0
28554,5.8,0.0
28555,5.75,0.0
28556,5.68,0.0
28557,5.6,0.0
28558,5.525,0.0
28559,5.5,0.0
28560,5.455,0.0
28561,5.395,0.0
28562,5.365,0.0
28563,5.355,0.0
28564,5.32,0.0
28565,5.295,0.0
28566,5.26,0.0
28567,5.26,0.0
28568,5.245,0.0
28569,5.235,0.0
28570,5.21,0.0
28571,5.21,0.0
28572,5.215,0.0
28573,5.215,0.0
28574,5.205,0.0
28575,5.2,0.0
28576,5.205,0.0
28577,5.21,0.0
28578,5.21,0.0
28579,5.195,0.0
28580,5.21,0.0
28581,5.21,0.0
28582,5.195,0.0
28583,5.19,0.0
28584,5.2,0.0
28585,5.21,0.0
28586,5.2,0.0
28587,5.195,0.0
28588,5.22,0.0
28589,5.22,0.0
28590,5.21,0.0
28591,5.195,0.0
28592,5.2,0.0
28593,5.21,0.0
28594,5.2,0.0
28595,5.205,0.0
28596,5.21,0.0
28597,5.22,0.0
28598,5.22,0.0
28599,5.21,0.0
28600,5.215,0.0
28601,5.23,0.0
28602,5.22,0.0
28603,5.2,0.0
28604,5.19,0.0
28605,5.205,0.0
28606,5.19,0.0
28607,5.16,0.0
28608,5.15,0.0
28609,5.15,0.0
28610,5.14,0.0
28611,5.115,0.0
28612,5.085,0.0
28613,5.085,0.0
28614,5.08,0.0
28615,5.055,0.0
28616,5.04,0.0
28617,5.045,0.0
28618,5.06,0.0
28619,5.07,0.0
28620,5.045,0.0
28621,5.06,0.0
28622,5.055,0.0
28623,5.045,0.0
28624,5.045,0.0
28625,5.04,0.0
28626,5.05,0.0
28627,5.05,0.0
28628,5.04,0.0
28629,5.04,0.0
28630,5.05,0.0
28631,5.045,0.0
28632,5.03,0.0
28633,5.035,0.0
28634,5.045,0.0
28635,5.05,0.0
28636,5.035,0.0
28637,5.025,0.0
28638,5.045,0.0
28639,5.045,0.0
28640,5.035,0.0
28641,5.015,0.0
28642,5.03,0.0
28643,5.03,0.0
28644,5.03,0.0
28645,5.025,0.0
28646,5.025,0.0
28647,5.045,0.0
28648,5.035,0.0
28649,5.04,0.0
28650,5.035,0.0
28651,5.045,0.0
28652,5.04,0.0
28653,5.035,0.0
28654,5.035,0.0
28655,5.055,0.0
28656,5.045,0.0
28657,5.035,0.0
28658,5.025,0.0
28659,5.04,0.0
28660,5.05,0.0
28661,5.065,0.0
28662,5.105,0.0
28663,5.275,0.0
28664,5.69,0.0
28665,5.945,0.0
28666,5.725,0.0
28667,5.525,0.0
28668,5.465,0.0
28669,5.41,0.0
28670,5.355,0.0
28671,5.32,0.0
28672,5.265,0.0
28673,5.17,0.0
28674,4.99,0.0
28675,4.925,0.0
28676,4.495,0.0
28677,4.195,0.0
28678,3.875,0.0
28679,3.525,0.0
28680,3.24,0.0
28681,3.02,0.0
28682,2.83,0.0
28683,2.715,0.0
28684,2.65,0.0
28685,2.555,0.0
28686,2.435,0.0
28687,2.355,0.0
28688,2.325,0.0
28689,2.3,0.0
28690,2.265,0.0
28691,2.225,0.0
28692,2.225,0.0
28693,2.225,0.0
28694,2.225,0.0
28695,2.22,0.0
28696,2.26,0.0
28697,2.33,0.0
28698,2.425,0.0
28699,2.54,0.0
28700,2.58,0.0
28701,2.89,0.0
28702,3.07,0.0
28703,3.29,0.0
28704,3.555,0.0
28705,3.825,0.0
28706,4.1,0.0
28707,4.335,0.0
28708,4.585,0.0
28709,4.855,0.0
28710,5.06,0.0
28711,5.23,0.0
28712,5.4,0.0
28713,5.575,0.0
28714,5.695,0.0
28715,5.775,0.0
28716,5.83,0.0
28717,5.89,0.0
28718,5.955,0.0
28719,5.99,0.0
28720,6.01,0.0
28721,6.06,0.0
28722,6.125,0.0
28723,6.155,0.0
28724,6.195,0.0
28725,6.21,0.0
28726,6.285,0.0
28727,6.34,0.0
28728,6.375,0.0
28729,6.42,0.0
28730,6.47,0.0
28731,6.525,0.0
28732,6.57,0.0
28733,6.61,0.0
28734,6.68,0.0
28735,6.72,0.0
28736,6.75,0.0
28737,6.785,0.0
28738,6.84,0.0
28739,6.875,0.0
28740,6.91,0.0
28741,6.93,0.0
28742,6.985,0.0
28743,7.01,0.0
28744,7.01,0.0
28745,7.0,0.0
28746,7.01,0.0
28747,7.01,0.0
28748,7.0,0.0
28749,6.945,0.0
28750,6.93,0.0
28751,6.86,0.0
28752,6.805,0.0
28753,6.725,0.0
28754,6.645,0.0
28755,6.59,0.0
28756,6.505,0.0
28757,6.415,0.0
28758,6.315,0.0
28759,6.25,0.0
28760,6.155,0.0
28761,6.075,0.0
28762,5.975,0.0
28763,5.915,0.0
28764,5.855,0.0
28765,5.775,0.0
28766,5.705,0.0
28767,5.66,0.0
28768,5.615,0.0
28769,5.56,0.0
28770,5.51,0.0
28771,5.475,0.0
28772,5.45,0.0
28773,5.41,0.0
28774,5.37,0.0
28775,5.355,0.0
28776,5.34,0.0
28777,5.32,0.0
28778,5.285,0.0
28779,5.26,0.0
28780,5.27,0.0
28781,5.26,0.0
28782,5.23,0.0
28783,5.22,0.0
28784,5.225,0.0
28785,5.215,0.0
28786,5.2,0.0
28787,5.185,0.0
28788,5.19,0.0
28789,5.19,0.0
28790,5.185,0.0
28791,5.165,0.0
28792,5.17,0.0
28793,5.18,0.0
28794,5.17,0.0
28795,5.155,0.0
28796,5.16,0.0
28797,5.175,0.0
28798,5.17,0.0
28799,5.175,0.0
28800,5.17,0.0
28801,5.175,0.0
28802,5.18,0.0
28803,5.17,0.0
28804,5.165,0.0
28805,5.18,0.0
28806,5.19,0.0
28807,5.175,0.0
28808,5.17,0.0
28809,5.18,0.0
28810,5.185,0.0
28811,5.175,0.0
28812,5.175,0.0
28813,5.185,0.0
28814,5.195,0.0
28815,5.175,0.0
28816,5.16,0.0
28817,5.175,0.0
28818,5.165,0.0
28819,5.165,0.0
28820,5.15,0.0
28821,5.15,0.0
28822,5.155,0.0
28823,5.15,0.0
28824,5.135,0.0
28825,5.125,0.0
28826,5.14,0.0
28827,5.14,0.0
28828,5.12,0.0
28829,5.125,0.0
28830,5.13,0.0
28831,5.115,0.0
28832,5.115,0.0
28833,5.095,0.0
28834,5.11,0.0
28835,5.12,0.0
28836,5.1,0.0
28837,5.095,0.0
28838,5.095,0.0
28839,5.105,0.0
28840,5.1,0.0
28841,5.09,0.0
28842,5.11,0.0
28843,5.125,0.0
28844,5.125,0.0
28845,5.12,0.0
28846,5.13,0.0
28847,5.14,0.0
28848,5.135,0.0
28849,5.12,0.0
28850,5.115,0.0
28851,5.135,0.0
28852,5.135,0.0
28853,5.115,0.0
28854,5.095,0.0
28855,5.105,0.0
28856,5.09,0.0
28857,5.06,0.0
28858,5.05,0.0
28859,5.05,0.0
28860,5.045,0.0
28861,5.025,0.0
28862,5.005,0.0
28863,5.005,0.0
28864,5.005,0.0
28865,5.015,0.0
28866,5.03,0.0
28867,5.045,0.0
28868,5.055,0.0
28869,5.04,0.0
28870,5.035,0.0
28871,5.03,0.0
28872,5.045,0.0
28873,5.045,0.0
28874,5.035,0.0
28875,5.025,0.0
28876,5.05,0.0
28877,5.06,0.0
28878,5.045,0.0
28879,5.075,0.0
28880,5.15,0.0
28881,5.4,0.0
28882,5.895,0.0
28883,6.01,0.0
28884,5.71,0.0
28885,5.525,0.0
28886,5.47,0.0
28887,5.42,0.0
28888,5.395,0.0
28889,5.385,0.0
28890,5.32,0.0
28891,5.225,0.0
28892,5.1,0.0
28893,4.905,0.0
28894,4.665,0.0
28895,4.395,0.0
28896,4.145,0.0
28897,3.88,0.0
28898,3.66,0.0
28899,3.495,0.0
28900,3.445,0.0
28901,3.23,0.0
28902,3.085,0.0
28903,2.905,0.0
28904,2.73,0.0
28905,2.605,0.0
28906,2.535,0.0
28907,2.47,0.0
28908,2.4,0.0
28909,2.36,0.0
28910,2.325,0.0
28911,2.29,0.0
28912,2.265,0.0
28913,2.265,0.0
28914,2.265,0.0
28915,2.285,0.0
28916,2.325,0.0
28917,2.44,0.0
28918,2.585,0.0
28919,2.745,0.0
28920,2.905,0.0
28921,3.11,0.0
28922,3.36,0.0
28923,3.635,0.0
28924,3.89,0.0
28925,3.975,0.0
28926,4.425,0.0
28927,4.685,0.0
28928,4.915,0.0
28929,5.135,0.0
28930,5.33,0.0
28931,5.49,0.0
28932,5.64,0.0
28933,5.745,0.0
28934,5.83,0.0
28935,5.88,0.0
28936,5.92,0.0
28937,5.965,0.0
28938,6.03,0.0
28939,6.08,0.0
28940,6.11,0.0
28941,6.15,0.0
28942,6.195,0.0
28943,6.24,0.0
28944,6.28,0.0
28945,6.315,0.0
28946,6.365,0.0
28947,6.43,0.0
28948,6.47,0.0
28949,6.51,0.0
28950,6.53,0.0
28951,6.63,0.0
28952,6.675,0.0
28953,6.715,0.0
28954,6.765,0.0
28955,6.825,0.0
28956,6.87,0.0
28957,6.9,0.0
28958,6.93,0.0
28959,6.98,0.0
28960,7.01,0.0
28961,7.015,0.0
28962,7.025,0.0
28963,7.035,0.0
28964,7.045,0.0
28965,7.015,0.0
28966,6.98,0.0
28967,6.96,0.0
28968,6.915,0.0
28969,6.87,0.0
28970,6.8,0.0
28971,6.745,0.0
28972,6.69,0.0
28973,6.615,0.0
28974,6.515,0.0
28975,6.485,0.0
28976,6.375,0.0
28977,6.29,0.0
28978,6.19,0.0
28979,6.105,0.0
28980,6.045,0.0
28981,5.955,0.0
28982,5.86,0.0
28983,5.78,0.0
28984,5.71,0.0
28985,5.655,0.0
28986,5.595,0.0
28987,5.535,0.0
28988,5.505,0.0
28989,5.46,0.0
28990,5.415,0.0
28991,5.38,0.0
28992,5.355,0.0
28993,5.345,0.0
28994,5.315,0.0
28995,5.275,0.0
28996,5.27,0.0
28997,5.265,0.0
28998,5.25,0.0
28999,5.235,0.0
29000,5.23,0.0
29001,5.23,0.0
29002,5.23,0.0
29003,5.215,0.0
29004,5.205,0.0
29005,5.22,0.0
29006,5.21,0.0
29007,5.19,0.0
29008,5.19,0.0
29009,5.195,0.0
29010,5.195,0.0
29011,5.19,0.0
29012,5.185,0.0
29013,5.2,0.0
29014,5.21,0.0
29015,5.205,0.0
29016,5.195,0.0
29017,5.205,0.0
29018,5.215,0.0
29019,5.21,0.0
29020,5.2,0.0
29021,5.2,0.0
29022,5.22,0.0
29023,5.22,0.0
29024,5.21,0.0
29025,5.205,0.0
29026,5.225,0.0
29027,5.22,0.0
29028,5.215,0.0
29029,5.205,0.0
29030,5.215,0.0
29031,5.21,0.0
29032,5.2,0.0
29033,5.18,0.0
29034,5.185,0.0
29035,5.18,0.0
29036,5.165,0.0
29037,5.165,0.0
29038,5.165,0.0
29039,5.165,0.0
29040,5.16,0.0
29041,5.135,0.0
29042,5.145,0.0
29043,5.145,0.0
29044,5.14,0.0
29045,5.13,0.0
29046,5.135,0.0
29047,5.135,0.0
29048,5.125,0.0
29049,5.11,0.0
29050,5.1,0.0
29051,5.125,0.0
29052,5.125,0.0
29053,5.1,0.0
29054,5.1,0.0
29055,5.105,0.0
29056,5.11,0.0
29057,5.095,0.0
29058,5.085,0.0
29059,5.1,0.0
29060,5.095,0.0
29061,5.085,0.0
29062,5.08,0.0
29063,5.095,0.0
29064,5.095,0.0
29065,5.085,0.0
29066,5.07,0.0
29067,5.085,0.0
29068,5.08,0.0
29069,5.08,0.0
29070,5.075,0.0
29071,5.07,0.0
29072,5.08,0.0
29073,5.07,0.0
29074,5.065,0.0
29075,5.06,0.0
29076,5.08,0.0
29077,5.075,0.0
29078,5.06,0.0
29079,5.065,0.0
29080,5.075,0.0
29081,5.065,0.0
29082,5.055,0.0
29083,5.055,0.0
29084,5.075,0.0
29085,5.07,0.0
29086,5.06,0.0
29087,5.045,0.0
29088,5.065,0.0
29089,5.075,0.0
29090,5.075,0.0
29091,5.09,0.0
29092,5.17,0.0
29093,5.385,0.0
29094,5.87,0.0
29095,6.11,0.0
29096,5.835,0.0
29097,5.58,0.0
29098,5.475,0.0
29099,5.415,0.0
29100,5.4,0.0
29101,5.33,0.0
29102,5.235,0.0
29103,5.085,0.0
29104,4.865,0.0
29105,4.6,0.0
29106,4.28,0.0
29107,3.955,0.0
29108,3.61,0.0
29109,3.315,0.0
29110,3.095,0.0
29111,2.895,0.0
29112,2.755,0.0
29113,2.605,0.0
29114,2.475,0.0
29115,2.355,0.0
29116,2.275,0.0
29117,2.25,0.0
29118,2.235,0.0
29119,2.2,0.0
29120,2.185,0.0
29121,2.19,0.0
29122,2.2,0.0
29123,2.21,0.0
29124,2.21,0.0
29125,2.215,0.0
29126,2.295,0.0
29127,2.38,0.0
29128,2.51,0.0
29129,2.69,0.0
29130,2.95,0.0
29131,3.235,0.0
29132,3.545,0.0
29133,3.86,0.0
29134,4.175,0.0
29135,4.46,0.0
29136,4.72,0.0
29137,4.95,0.0
29138,5.16,0.0
29139,5.365,0.0
29140,5.54,0.0
29141,5.675,0.0
29142,5.78,0.0
29143,5.83,0.0
29144,5.875,0.0
29145,5.91,0.0
29146,5.945,0.0
29147,5.995,0.0
29148,6.015,0.0
29149,6.04,0.0
29150,6.05,0.0
29151,6.12,0.0
29152,6.14,0.0
29153,6.16,0.0
29154,6.19,0.0
29155,6.23,0.0
29156,6.26,0.0
29157,6.29,0.0
29158,6.33,0.0
29159,6.385,0.0
29160,6.415,0.0
29161,6.445,0.0
29162,6.49,0.0
29163,6.545,0.0
29164,6.595,0.0
29165,6.615,0.0
29166,6.655,0.0
29167,6.71,0.0
29168,6.76,0.0
29169,6.785,0.0
29170,6.82,0.0
29171,6.86,0.0
29172,6.89,0.0
29173,6.91,0.0
29174,6.9,0.0
29175,6.91,0.0
29176,6.93,0.0
29177,6.935,0.0
29178,6.91,0.0
29179,6.875,0.0
29180,6.845,0.0
29181,6.8,0.0
29182,6.725,0.0
29183,6.65,0.0
29184,6.58,0.0
29185,6.485,0.0
29186,6.385,0.0
29187,6.295,0.0
29188,6.215,0.0
29189,6.11,0.0
29190,6.01,0.0
29191,5.92,0.0
29192,5.85,0.0
29193,5.795,0.0
29194,5.705,0.0
29195,5.63,0.0
29196,5.575,0.0
29197,5.54,0.0
29198,5.485,0.0
29199,5.44,0.0
29200,5.42,0.0
29201,5.39,0.0
29202,5.375,0.0
29203,5.335,0.0
29204,5.325,0.0
29205,5.325,0.0
29206,5.31,0.0
29207,5.285,0.0
29208,5.28,0.0
29209,5.285,0.0
29210,5.28,0.0
29211,5.27,0.0
29212,5.27,0.0
29213,5.265,0.0
29214,5.27,0.0
29215,5.255,0.0
29216,5.25,0.0
29217,5.26,0.0
29218,5.275,0.0
29219,5.27,0.0
29220,5.25,0.0
29221,5.26,0.0
29222,5.265,0.0
29223,5.26,0.0
29224,5.245,0.0
29225,5.245,0.0
29226,5.255,0.0
29227,5.245,0.0
29228,5.245,0.0
29229,5.23,0.0
29230,5.235,0.0
29231,5.235,0.0
29232,5.215,0.0
29233,5.21,0.0
29234,5.215,0.0
29235,5.21,0.0
29236,5.21,0.0
29237,5.185,0.0
29238,5.195,0.0
29239,5.195,0.0
29240,5.185,0.0
29241,5.16,0.0
29242,5.165,0.0
29243,5.17,0.0
29244,5.16,0.0
29245,5.15,0.0
29246,5.145,0.0
29247,5.145,0.0
29248,5.135,0.0
29249,5.125,0.0
29250,5.115,0.0
29251,5.135,0.0
29252,5.135,0.0
29253,5.105,0.0
29254,5.1,0.0
29255,5.115,0.0
29256,5.115,0.0
29257,5.095,0.0
29258,5.09,0.0
29259,5.1,0.0
29260,5.1,0.0
29261,5.09,0.0
29262,5.08,0.0
29263,5.09,0.0
29264,5.105,0.0
29265,5.08,0.0
29266,5.08,0.0
29267,5.08,0.0
29268,5.095,0.0
29269,5.09,0.0
29270,5.075,0.0
29271,5.07,0.0
29272,5.08,0.0
29273,5.075,0.0
29274,5.065,0.0
29275,5.07,0.0
29276,5.08,0.0
29277,5.075,0.0
29278,5.07,0.0
29279,5.065,0.0
29280,5.075,0.0
29281,5.075,0.0
29282,5.055,0.0
29283,5.065,0.0
29284,5.075,0.0
29285,5.065,0.0
29286,5.07,0.0
29287,5.055,0.0
29288,5.065,0.0
29289,5.07,0.0
29290,5.065,0.0
29291,5.06,0.0
29292,5.06,0.0
29293,5.07,0.0
29294,5.065,0.0
29295,5.05,0.0
29296,5.06,0.0
29297,5.08,0.0
29298,5.08,0.0
29299,5.135,0.0
29300,5.155,0.0
29301,5.8,0.0
29302,5.99,0.0
29303,5.68,0.0
29304,5.505,0.0
29305,5.465,0.0
29306,5.4,0.0
29307,5.325,0.0
29308,5.24,0.0
29309,5.11,0.0
29310,4.885,0.0
29311,4.59,0.0
29312,4.26,0.0
29313,3.945,0.0
29314,3.575,0.0
29315,3.265,0.0
29316,3.015,0.0
29317,2.84,0.0
29318,2.695,0.0
29319,2.56,0.0
29320,2.415,0.0
29321,2.31,0.0
29322,2.28,0.0
29323,2.245,0.0
29324,2.2,0.0
29325,2.19,0.0
29326,2.19,0.0
29327,2.2,0.0
29328,2.18,0.0
29329,2.2,0.0
29330,2.24,0.0
29331,2.305,0.0
29332,2.39,0.0
29333,2.54,0.0
29334,2.735,0.0
29335,2.98,0.0
29336,3.25,0.0
29337,3.56,0.0
29338,3.89,0.0
29339,4.18,0.0
29340,4.47,0.0
29341,4.74,0.0
29342,4.975,0.0
29343,5.18,0.0
29344,5.39,0.0
29345,5.56,0.0
29346,5.705,0.0
29347,5.79,0.0
29348,5.84,0.0
29349,5.875,0.0
29350,5.89,0.0
29351,5.975,0.0
29352,6.015,0.0
29353,6.04,0.0
29354,6.065,0.0
29355,6.11,0.0
29356,6.14,0.0
29357,6.145,0.0
29358,6.18,0.0
29359,6.21,0.0
29360,6.25,0.0
29361,6.275,0.0
29362,6.295,0.0
29363,6.345,0.0
29364,6.39,0.0
29365,6.405,0.0
29366,6.44,0.0
29367,6.49,0.0
29368,6.53,0.0
29369,6.575,0.0
29370,6.605,0.0
29371,6.65,0.0
29372,6.695,0.0
29373,6.725,0.0
29374,6.75,0.0
29375,6.755,0.0
29376,6.82,0.0
29377,6.845,0.0
29378,6.845,0.0
29379,6.86,0.0
29380,6.885,0.0
29381,6.88,0.0
29382,6.86,0.0
29383,6.835,0.0
29384,6.825,0.0
29385,6.77,0.0
29386,6.71,0.0
29387,6.645,0.0
29388,6.59,0.0
29389,6.52,0.0
29390,6.425,0.0
29391,6.33,0.0
29392,6.245,0.0
29393,6.165,0.0
29394,6.07,0.0
29395,5.985,0.0
29396,5.91,0.0
29397,5.845,0.0
29398,5.755,0.0
29399,5.68,0.0
29400,5.66,0.0
29401,5.59,0.0
29402,5.53,0.0
29403,5.47,0.0
29404,5.43,0.0
29405,5.41,0.0
29406,5.375,0.0
29407,5.34,0.0
29408,5.32,0.0
29409,5.315,0.0
29410,5.295,0.0
29411,5.275,0.0
29412,5.255,0.0
29413,5.26,0.0
29414,5.26,0.0
29415,5.25,0.0
29416,5.23,0.0
29417,5.245,0.0
29418,5.255,0.0
29419,5.24,0.0
29420,5.23,0.0
29421,5.23,0.0
29422,5.23,0.0
29423,5.235,0.0
29424,5.21,0.0
29425,5.21,0.0
29426,5.23,0.0
29427,5.225,0.0
29428,5.22,0.0
29429,5.215,0.0
29430,5.235,0.0
29431,5.23,0.0
29432,5.21,0.0
29433,5.205,0.0
29434,5.215,0.0
29435,5.22,0.0
29436,5.205,0.0
29437,5.19,0.0
29438,5.2,0.0
29439,5.195,0.0
29440,5.185,0.0
29441,5.17,0.0
29442,5.175,0.0
29443,5.185,0.0
29444,5.165,0.0
29445,5.155,0.0
29446,5.16,0.0
29447,5.155,0.0
29448,5.15,0.0
29449,5.14,0.0
29450,5.135,0.0
29451,5.14,0.0
29452,5.125,0.0
29453,5.105,0.0
29454,5.115,0.0
29455,5.115,0.0
29456,5.11,0.0
29457,5.09,0.0
29458,5.08,0.0
29459,5.085,0.0
29460,5.1,0.0
29461,5.075,0.0
29462,5.065,0.0
29463,5.075,0.0
29464,5.08,0.0
29465,5.06,0.0
29466,5.055,0.0
29467,5.065,0.0
29468,5.075,0.0
29469,5.055,0.0
29470,5.055,0.0
29471,5.045,0.0
29472,5.065,0.0
29473,5.055,0.0
29474,5.045,0.0
29475,5.04,0.0
29476,5.045,0.0
29477,5.04,0.0
29478,5.035,0.0
29479,5.035,0.0
29480,5.045,0.0
29481,5.04,0.0
29482,5.03,0.0
29483,5.03,0.0
29484,5.035,0.0
29485,5.045,0.0
29486,5.035,0.0
29487,5.015,0.0
29488,5.035,0.0
29489,5.03,0.0
29490,5.025,0.0
29491,5.015,0.0
29492,5.025,0.0
29493,5.035,0.0
29494,5.03,0.0
29495,5.02,0.0
29496,5.025,0.0
29497,5.035,0.0
29498,5.04,0.0
29499,5.02,0.0
29500,5.015,0.0
29501,5.03,0.0
29502,5.045,0.0
29503,5.03,0.0
29504,5.05,0.0
29505,5.08,0.0
29506,5.165,0.0
29507,5.44,0.0
29508,5.905,0.0
29509,5.94,0.0
29510,5.62,0.0
29511,5.465,0.0
29512,5.425,0.0
29513,5.39,0.0
29514,5.345,0.0
29515,5.275,0.0
29516,5.15,0.0
29517,4.95,0.0
29518,4.68,0.0
29519,4.36,0.0
29520,4.01,0.0
29521,3.66,0.0
29522,3.375,0.0
29523,3.105,0.0
29524,2.895,0.0
29525,2.84,0.0
29526,2.595,0.0
29527,2.42,0.0
29528,2.31,0.0
29529,2.25,0.0
29530,2.225,0.0
29531,2.195,0.0
29532,2.16,0.0
29533,2.15,0.0
29534,2.16,0.0
29535,2.155,0.0
29536,2.165,0.0
29537,2.17,0.0
29538,2.22,0.0
29539,2.305,0.0
29540,2.44,0.0
29541,2.62,0.0
29542,2.82,0.0
29543,3.075,0.0
29544,3.385,0.0
29545,3.715,0.0
29546,4.03,0.0
29547,4.345,0.0
29548,4.64,0.0
29549,4.885,0.0
29550,4.945,0.0
29551,5.29,0.0
29552,5.445,0.0
29553,5.575,0.0
29554,5.675,0.0
29555,5.74,0.0
29556,5.79,0.0
29557,5.835,0.0
29558,5.895,0.0
29559,5.97,0.0
29560,5.995,0.0
29561,6.01,0.0
29562,6.035,0.0
29563,6.085,0.0
29564,6.135,0.0
29565,6.135,0.0
29566,6.165,0.0
29567,6.2,0.0
29568,6.23,0.0
29569,6.265,0.0
29570,6.29,0.0
29571,6.325,0.0
29572,6.37,0.0
29573,6.4,0.0
29574,6.435,0.0
29575,6.45,0.0
29576,6.53,0.0
29577,6.56,0.0
29578,6.585,0.0
29579,6.64,0.0
29580,6.68,0.0
29581,6.725,0.0
29582,6.73,0.0
29583,6.78,0.0
29584,6.82,0.0
29585,6.84,0.0
29586,6.85,0.0
29587,6.855,0.0
29588,6.875,0.0
29589,6.87,0.0
29590,6.835,0.0
29591,6.81,0.0
29592,6.78,0.0
29593,6.73,0.0
29594,6.655,0.0
29595,6.57,0.0
29596,6.495,0.0
29597,6.42,0.0
29598,6.32,0.0
29599,6.215,0.0
29600,6.185,0.0
29601,6.035,0.0
29602,5.95,0.0
29603,5.855,0.0
29604,5.775,0.0
29605,5.715,0.0
29606,5.64,0.0
29607,5.57,0.0
29608,5.5,0.0
29609,5.465,0.0
29610,5.415,0.0
29611,5.375,0.0
29612,5.345,0.0
29613,5.33,0.0
29614,5.305,0.0
29615,5.285,0.0
29616,5.265,0.0
29617,5.25,0.0
29618,5.25,0.0
29619,5.235,0.0
29620,5.225,0.0
29621,5.225,0.0
29622,5.24,0.0
29623,5.23,0.0
29624,5.215,0.0
29625,5.21,0.0
29626,5.23,0.0
29627,5.225,0.0
29628,5.205,0.0
29629,5.205,0.0
29630,5.225,0.0
29631,5.215,0.0
29632,5.2,0.0
29633,5.21,0.0
29634,5.215,0.0
29635,5.22,0.0
29636,5.205,0.0
29637,5.205,0.0
29638,5.21,0.0
29639,5.215,0.0
29640,5.195,0.0
29641,5.185,0.0
29642,5.185,0.0
29643,5.19,0.0
29644,5.175,0.0
29645,5.165,0.0
29646,5.165,0.0
29647,5.17,0.0
29648,5.16,0.0
29649,5.145,0.0
29650,5.135,0.0
29651,5.15,0.0
29652,5.14,0.0
29653,5.12,0.0
29654,5.12,0.0
29655,5.115,0.0
29656,5.105,0.0
29657,5.085,0.0
29658,5.095,0.0
29659,5.095,0.0
29660,5.1,0.0
29661,5.075,0.0
29662,5.075,0.0
29663,5.08,0.0
29664,5.075,0.0
29665,5.06,0.0
29666,5.055,0.0
29667,5.055,0.0
29668,5.06,0.0
29669,5.055,0.0
29670,5.045,0.0
29671,5.05,0.0
29672,5.05,0.0
29673,5.05,0.0
29674,5.045,0.0
29675,5.04,0.0
29676,5.045,0.0
29677,5.04,0.0
29678,5.035,0.0
29679,5.03,0.0
29680,5.04,0.0
29681,5.035,0.0
29682,5.025,0.0
29683,5.02,0.0
29684,5.04,0.0
29685,5.035,0.0
29686,5.025,0.0
29687,5.025,0.0
29688,5.02,0.0
29689,5.02,0.0
29690,5.015,0.0
29691,5.015,0.0
29692,5.01,0.0
29693,5.03,0.0
29694,5.02,0.0
29695,5.01,0.0
29696,5.02,0.0
29697,5.025,0.0
29698,5.02,0.0
29699,5.01,0.0
29700,5.005,0.0
29701,5.02,0.0
29702,5.025,0.0
29703,5.015,0.0
29704,5.015,0.0
29705,5.055,0.0
29706,5.08,0.0
29707,5.215,0.0
29708,5.7,0.0
29709,6.07,0.0
29710,5.775,0.0
29711,5.48,0.0
29712,5.4,0.0
29713,5.36,0.0
29714,5.31,0.0
29715,5.245,0.0
29716,5.125,0.0
29717,4.95,0.0
29718,4.7,0.0
29719,4.375,0.0
29720,4.015,0.0
29721,3.675,0.0
29722,3.355,0.0
29723,3.085,0.0
29724,2.855,0.0
29725,2.79,0.0
29726,2.575,0.0
29727,2.415,0.0
29728,2.275,0.0
29729,2.215,0.0
29730,2.185,0.0
29731,2.15,0.0
29732,2.12,0.0
29733,2.12,0.0
29734,2.12,0.0
29735,2.115,0.0
29736,2.125,0.0
29737,2.125,0.0
29738,2.17,0.0
29739,2.23,0.0
29740,2.345,0.0
29741,2.505,0.0
29742,2.725,0.0
29743,3.0,0.0
29744,3.355,0.0
29745,3.68,0.0
29746,4.02,0.0
29747,4.365,0.0
29748,4.68,0.0
29749,4.935,0.0
29750,5.01,0.0
29751,5.39,0.0
29752,5.58,0.0
29753,5.695,0.0
29754,5.78,0.0
29755,5.845,0.0
29756,5.88,0.0
29757,5.925,0.0
29758,5.96,0.0
29759,6.02,0.0
29760,6.06,0.0
29761,6.075,0.0
29762,6.12,0.0
29763,6.175,0.0
29764,6.21,0.0
29765,6.23,0.0
29766,6.27,0.0
29767,6.32,0.0
29768,6.365,0.0
29769,6.405,0.0
29770,6.445,0.0
29771,6.495,0.0
29772,6.54,0.0
29773,6.575,0.0
29774,6.615,0.0
29775,6.625,0.0
29776,6.705,0.0
29777,6.74,0.0
29778,6.765,0.0
29779,6.795,0.0
29780,6.84,0.0
29781,6.855,0.0
29782,6.875,0.0
29783,6.885,0.0
29784,6.915,0.0
29785,6.93,0.0
29786,6.91,0.0
29787,6.915,0.0
29788,6.925,0.0
29789,6.91,0.0
29790,6.87,0.0
29791,6.82,0.0
29792,6.78,0.0
29793,6.725,0.0
29794,6.64,0.0
29795,6.56,0.0
29796,6.47,0.0
29797,6.38,0.0
29798,6.28,0.0
29799,6.17,0.0
29800,6.13,0.0
29801,6.005,0.0
29802,5.895,0.0
29803,5.79,0.0
29804,5.715,0.0
29805,5.65,0.0
29806,5.575,0.0
29807,5.505,0.0
29808,5.455,0.0
29809,5.415,0.0
29810,5.365,0.0
29811,5.32,0.0
29812,5.28,0.0
29813,5.265,0.0
29814,5.245,0.0
29815,5.22,0.0
29816,5.2,0.0
29817,5.195,0.0
29818,5.195,0.0
29819,5.18,0.0
29820,5.17,0.0
29821,5.175,0.0
29822,5.185,0.0
29823,5.175,0.0
29824,5.165,0.0
29825,5.155,0.0
29826,5.185,0.0
29827,5.185,0.0
29828,5.17,0.0
29829,5.165,0.0
29830,5.185,0.0
29831,5.19,0.0
29832,5.17,0.0
29833,5.17,0.0
29834,5.175,0.0
29835,5.18,0.0
29836,5.17,0.0
29837,5.155,0.0
29838,5.17,0.0
29839,5.175,0.0
29840,5.16,0.0
29841,5.15,0.0
29842,5.155,0.0
29843,5.16,0.0
29844,5.15,0.0
29845,5.13,0.0
29846,5.12,0.0
29847,5.125,0.0
29848,5.125,0.0
29849,5.105,0.0
29850,5.1,0.0
29851,5.1,0.0
29852,5.09,0.0
29853,5.08,0.0
29854,5.07,0.0
29855,5.085,0.0
29856,5.075,0.0
29857,5.055,0.0
29858,5.045,0.0
29859,5.055,0.0
29860,5.05,0.0
29861,5.04,0.0
29862,5.01,0.0
29863,5.025,0.0
29864,5.03,0.0
29865,5.025,0.0
29866,4.995,0.0
29867,5.015,0.0
29868,5.02,0.0
29869,5.01,0.0
29870,4.995,0.0
29871,5.01,0.0
29872,5.005,0.0
29873,4.995,0.0
29874,4.99,0.0
29875,4.98,0.0
29876,5.0,0.0
29877,4.995,0.0
29878,4.98,0.0
29879,4.98,0.0
29880,4.98,0.0
29881,4.985,0.0
29882,4.97,0.0
29883,4.975,0.0
29884,4.985,0.0
29885,4.99,0.0
29886,4.98,0.0
29887,4.96,0.0
29888,4.98,0.0
29889,4.975,0.0
29890,4.975,0.0
29891,4.96,0.0
29892,4.97,0.0
29893,4.98,0.0
29894,4.975,0.0
29895,4.965,0.0
29896,4.96,0.0
29897,4.975,0.0
29898,4.97,0.0
29899,4.96,0.0
29900,4.96,0.0
29901,4.985,0.0
29902,4.99,0.0
29903,5.0,0.0
29904,5.08,0.0
29905,5.375,0.0
29906,5.875,0.0
29907,5.96,0.0
29908,5.59,0.0
29909,5.4,0.0
29910,5.325,0.0
29911,5.22,0.0
29912,5.11,0.0
29913,4.98,0.0
29914,4.78,0.0
29915,4.525,0.0
29916,4.235,0.0
29917,3.95,0.0
29918,3.7,0.0
29919,3.49,0.0
29920,3.27,0.0
29921,3.01,0.0
29922,2.75,0.0
29923,2.565,0.0
29924,2.43,0.0
29925,2.39,0.0
29926,2.22,0.0
29927,2.16,0.0
29928,2.12,0.0
29929,2.095,0.0
29930,2.095,0.0
29931,2.08,0.0
29932,2.065,0.0
29933,2.075,0.0
29934,2.105,0.0
29935,2.155,0.0
29936,2.225,0.0
29937,2.36,0.0
29938,2.565,0.0
29939,2.81,0.0
29940,3.08,0.0
29941,3.405,0.0
29942,3.755,0.0
29943,4.085,0.0
29944,4.365,0.0
29945,4.63,0.0
29946,4.895,0.0
29947,5.125,0.0
29948,5.34,0.0
29949,5.505,0.0
29950,5.555,0.0
29951,5.715,0.0
29952,5.77,0.0
29953,5.805,0.0
29954,5.845,0.0
29955,5.9,0.0
29956,5.93,0.0
29957,5.96,0.0
29958,5.98,0.0
29959,6.015,0.0
29960,6.04,0.0
29961,6.06,0.0
29962,6.095,0.0
29963,6.12,0.0
29964,6.165,0.0
29965,6.185,0.0
29966,6.22,0.0
29967,6.265,0.0
29968,6.29,0.0
29969,6.325,0.0
29970,6.36,0.0
29971,6.4,0.0
29972,6.45,0.0
29973,6.49,0.0
29974,6.51,0.0
29975,6.52,0.0
29976,6.61,0.0
29977,6.65,0.0
29978,6.665,0.0
29979,6.695,0.0
29980,6.73,0.0
29981,6.745,0.0
29982,6.76,0.0
29983,6.765,0.0
29984,6.765,0.0
29985,6.745,0.0
29986,6.71,0.0
29987,6.685,0.0
29988,6.645,0.0
29989,6.6,0.0
29990,6.525,0.0
29991,6.45,0.0
29992,6.375,0.0
29993,6.29,0.0
29994,6.205,0.0
29995,6.1,0.0
29996,6.015,0.0
29997,5.93,0.0
29998,5.835,0.0
29999,5.74,0.0
30000,5.715,0.0
30001,5.61,0.0
30002,5.545,0.0
30003,5.48,0.0
30004,5.43,0.0
30005,5.39,0.0
30006,5.355,0.0
30007,5.305,0.0
30008,5.275,0.0
30009,5.26,0.0
30010,5.24,0.0
30011,5.21,0.0
30012,5.195,0.0
30013,5.195,0.0
30014,5.185,0.0
30015,5.18,0.0
30016,5.18,0.0
30017,5.195,0.0
30018,5.205,0.0
30019,5.2,0.0
30020,5.18,0.0
30021,5.195,0.0
30022,5.2,0.0
30023,5.195,0.0
30024,5.185,0.0
30025,5.19,0.0
30026,5.2,0.0
30027,5.195,0.0
30028,5.16,0.0
30029,5.135,0.0
30030,5.14,0.0
30031,5.14,0.0
30032,5.12,0.0
30033,5.1,0.0
30034,5.1,0.0
30035,5.105,0.0
30036,5.085,0.0
30037,5.085,0.0
30038,5.11,0.0
30039,5.115,0.0
30040,5.1,0.0
30041,5.085,0.0
30042,5.085,0.0
30043,5.09,0.0
30044,5.09,0.0
30045,5.08,0.0
30046,5.075,0.0
30047,5.07,0.0
30048,5.065,0.0
30049,5.045,0.0
30050,5.045,0.0
30051,5.05,0.0
30052,5.045,0.0
30053,5.035,0.0
30054,5.02,0.0
30055,5.025,0.0
30056,5.02,0.0
30057,5.005,0.0
30058,5.0,0.0
30059,5.01,0.0
30060,5.0,0.0
30061,4.995,0.0
30062,4.985,0.0
30063,4.995,0.0
30064,4.98,0.0
30065,4.98,0.0
30066,4.975,0.0
30067,4.99,0.0
30068,4.98,0.0
30069,4.98,0.0
30070,4.97,0.0
30071,4.965,0.0
30072,4.98,0.0
30073,4.97,0.0
30074,4.965,0.0
30075,4.97,0.0
30076,4.98,0.0
30077,4.98,0.0
30078,4.975,0.0
30079,4.965,0.0
30080,4.99,0.0
30081,4.985,0.0
30082,4.97,0.0
30083,4.98,0.0
30084,4.98,0.0
30085,4.985,0.0
30086,4.975,0.0
30087,4.96,0.0
30088,4.98,0.0
30089,4.98,0.0
30090,4.975,0.0
30091,4.965,0.0
30092,4.985,0.0
30093,4.99,0.0
30094,4.975,0.0
30095,4.965,0.0
30096,4.975,0.0
30097,4.975,0.0
30098,4.98,0.0
30099,4.96,0.0
30100,4.955,0.0
30101,4.975,0.0
30102,4.98,0.0
30103,4.97,0.0
30104,4.975,0.0
30105,4.985,0.0
30106,5.0,0.0
30107,4.99,0.0
30108,5.0,0.0
30109,5.03,0.0
30110,5.195,0.0
30111,5.6,0.0
30112,5.885,0.0
30113,5.665,0.0
30114,5.43,0.0
30115,5.38,0.0
30116,5.33,0.0
30117,5.295,0.0
30118,5.24,0.0
30119,5.11,0.0
30120,4.915,0.0
30121,4.655,0.0
30122,4.34,0.0
30123,4.005,0.0
30124,3.65,0.0
30125,3.54,0.0
30126,3.08,0.0
30127,2.87,0.0
30128,2.72,0.0
30129,2.625,0.0
30130,2.535,0.0
30131,2.415,0.0
30132,2.29,0.0
30133,2.225,0.0
30134,2.21,0.0
30135,2.17,0.0
30136,2.14,0.0
30137,2.105,0.0
30138,2.115,0.0
30139,2.115,0.0
30140,2.1,0.0
30141,2.095,0.0
30142,2.135,0.0
30143,2.195,0.0
30144,2.27,0.0
30145,2.38,0.0
30146,2.545,0.0
30147,2.735,0.0
30148,2.955,0.0
30149,3.25,0.0
30150,3.345,0.0
30151,3.905,0.0
30152,4.195,0.0
30153,4.48,0.0
30154,4.785,0.0
30155,5.025,0.0
30156,5.23,0.0
30157,5.41,0.0
30158,5.575,0.0
30159,5.72,0.0
30160,5.785,0.0
30161,5.835,0.0
30162,5.89,0.0
30163,5.95,0.0
30164,6.0,0.0
30165,6.025,0.0
30166,6.075,0.0
30167,6.12,0.0
30168,6.17,0.0
30169,6.2,0.0
30170,6.235,0.0
30171,6.285,0.0
30172,6.335,0.0
30173,6.37,0.0
30174,6.41,0.0
30175,6.425,0.0
30176,6.53,0.0
30177,6.58,0.0
30178,6.625,0.0
30179,6.68,0.0
30180,6.74,0.0
30181,6.785,0.0
30182,6.83,0.0
30183,6.875,0.0
30184,6.935,0.0
30185,6.97,0.0
30186,6.995,0.0
30187,7.015,0.0
30188,7.06,0.0
30189,7.075,0.0
30190,7.065,0.0
30191,7.055,0.0
30192,7.05,0.0
30193,7.03,0.0
30194,6.98,0.0
30195,6.91,0.0
30196,6.855,0.0
30197,6.785,0.0
30198,6.715,0.0
30199,6.62,0.0
30200,6.59,0.0
30201,6.455,0.0
30202,6.35,0.0
30203,6.255,0.0
30204,6.155,0.0
30205,6.09,0.0
30206,6.005,0.0
30207,5.905,0.0
30208,5.825,0.0
30209,5.765,0.0
30210,5.71,0.0
30211,5.64,0.0
30212,5.58,0.0
30213,5.53,0.0
30214,5.495,0.0
30215,5.44,0.0
30216,5.385,0.0
30217,5.38,0.0
30218,5.35,0.0
30219,5.315,0.0
30220,5.29,0.0
30221,5.275,0.0
30222,5.265,0.0
30223,5.245,0.0
30224,5.22,0.0
30225,5.21,0.0
30226,5.215,0.0
30227,5.205,0.0
30228,5.185,0.0
30229,5.18,0.0
30230,5.2,0.0
30231,5.185,0.0
30232,5.165,0.0
30233,5.165,0.0
30234,5.17,0.0
30235,5.175,0.0
30236,5.175,0.0
30237,5.16,0.0
30238,5.175,0.0
30239,5.175,0.0
30240,5.165,0.0
30241,5.155,0.0
30242,5.17,0.0
30243,5.175,0.0
30244,5.175,0.0
30245,5.155,0.0
30246,5.17,0.0
30247,5.17,0.0
30248,5.185,0.0
30249,5.155,0.0
30250,5.155,0.0
30251,5.17,0.0
30252,5.17,0.0
30253,5.155,0.0
30254,5.15,0.0
30255,5.165,0.0
30256,5.155,0.0
30257,5.135,0.0
30258,5.135,0.0
30259,5.145,0.0
30260,5.14,0.0
30261,5.13,0.0
30262,5.12,0.0
30263,5.13,0.0
30264,5.125,0.0
30265,5.115,0.0
30266,5.105,0.0
30267,5.115,0.0
30268,5.105,0.0
30269,5.1,0.0
30270,5.085,0.0
30271,5.08,0.0
30272,5.09,0.0
30273,5.08,0.0
30274,5.08,0.0
30275,5.08,0.0
30276,5.105,0.0
30277,5.11,0.0
30278,5.1,0.0
30279,5.115,0.0
30280,5.125,0.0
30281,5.12,0.0
30282,5.095,0.0
30283,5.09,0.0
30284,5.1,0.0
30285,5.1,0.0
30286,5.08,0.0
30287,5.09,0.0
30288,5.085,0.0
30289,5.08,0.0
30290,5.05,0.0
30291,5.02,0.0
30292,5.025,0.0
30293,5.025,0.0
30294,5.0,0.0
30295,4.99,0.0
30296,4.98,0.0
30297,4.98,0.0
30298,4.975,0.0
30299,4.965,0.0
30300,4.965,0.0
30301,5.005,0.0
30302,5.0,0.0
30303,4.99,0.0
30304,4.99,0.0
30305,5.0,0.0
30306,4.99,0.0
30307,4.99,0.0
30308,4.985,0.0
30309,4.995,0.0
30310,4.995,0.0
30311,4.99,0.0
30312,4.985,0.0
30313,4.995,0.0
30314,5.005,0.0
30315,4.995,0.0
30316,4.99,0.0
30317,5.005,0.0
30318,5.01,0.0
30319,5.015,0.0
30320,5.02,0.0
30321,5.085,0.0
30322,5.31,0.0
30323,5.785,0.0
30324,5.875,0.0
30325,5.815,0.0
30326,5.475,0.0
30327,5.41,0.0
30328,5.37,0.0
30329,5.335,0.0
30330,5.325,0.0
30331,5.245,0.0
30332,5.1,0.0
30333,4.91,0.0
30334,4.675,0.0
30335,4.39,0.0
30336,4.09,0.0
30337,3.775,0.0
30338,3.51,0.0
30339,3.29,0.0
30340,3.115,0.0
30341,2.96,0.0
30342,2.875,0.0
30343,2.76,0.0
30344,2.62,0.0
30345,2.465,0.0
30346,2.37,0.0
30347,2.315,0.0
30348,2.25,0.0
30349,2.19,0.0
30350,2.17,0.0
30351,2.14,0.0
30352,2.125,0.0
30353,2.1,0.0
30354,2.105,0.0
30355,2.145,0.0
30356,2.185,0.0
30357,2.245,0.0
30358,2.36,0.0
30359,2.525,0.0
30360,2.7,0.0
30361,2.88,0.0
30362,3.125,0.0
30363,3.42,0.0
30364,3.725,0.0
30365,4.02,0.0
30366,4.315,0.0
30367,4.63,0.0
30368,4.895,0.0
30369,5.1,0.0
30370,5.28,0.0
30371,5.46,0.0
30372,5.64,0.0
30373,5.76,0.0
30374,5.845,0.0
30375,5.87,0.0
30376,5.99,0.0
30377,6.025,0.0
30378,6.07,0.0
30379,6.125,0.0
30380,6.185,0.0
30381,6.215,0.0
30382,6.25,0.0
30383,6.305,0.0
30384,6.365,0.0
30385,6.41,0.0
30386,6.45,0.0
30387,6.49,0.0
30388,6.555,0.0
30389,6.6,0.0
30390,6.645,0.0
30391,6.685,0.0
30392,6.75,0.0
30393,6.805,0.0
30394,6.855,0.0
30395,6.88,0.0
30396,6.955,0.0
30397,6.995,0.0
30398,7.035,0.0
30399,7.06,0.0
30400,7.07,0.0
30401,7.13,0.0
30402,7.14,0.0
30403,7.155,0.0
30404,7.155,0.0
30405,7.155,0.0
30406,7.135,0.0
30407,7.09,0.0
30408,7.055,0.0
30409,7.03,0.0
30410,6.975,0.0
30411,6.89,0.0
30412,6.825,0.0
30413,6.765,0.0
30414,6.69,0.0
30415,6.6,0.0
30416,6.5,0.0
30417,6.42,0.0
30418,6.33,0.0
30419,6.22,0.0
30420,6.13,0.0
30421,6.055,0.0
30422,5.985,0.0
30423,5.905,0.0
30424,5.81,0.0
30425,5.79,0.0
30426,5.705,0.0
30427,5.64,0.0
30428,5.575,0.0
30429,5.525,0.0
30430,5.5,0.0
30431,5.45,0.0
30432,5.395,0.0
30433,5.365,0.0
30434,5.36,0.0
30435,5.33,0.0
30436,5.31,0.0
30437,5.26,0.0
30438,5.265,0.0
30439,5.245,0.0
30440,5.23,0.0
30441,5.21,0.0
30442,5.215,0.0
30443,5.215,0.0
30444,5.195,0.0
30445,5.18,0.0
30446,5.18,0.0
30447,5.175,0.0
30448,5.17,0.0
30449,5.14,0.0
30450,5.135,0.0
30451,5.15,0.0
30452,5.15,0.0
30453,5.145,0.0
30454,5.145,0.0
30455,5.16,0.0
30456,5.155,0.0
30457,5.14,0.0
30458,5.145,0.0
30459,5.15,0.0
30460,5.155,0.0
30461,5.145,0.0
30462,5.135,0.0
30463,5.155,0.0
30464,5.155,0.0
30465,5.155,0.0
30466,5.14,0.0
30467,5.16,0.0
30468,5.165,0.0
30469,5.155,0.0
30470,5.15,0.0
30471,5.145,0.0
30472,5.16,0.0
30473,5.155,0.0
30474,5.14,0.0
30475,5.135,0.0
30476,5.16,0.0
30477,5.145,0.0
30478,5.125,0.0
30479,5.13,0.0
30480,5.14,0.0
30481,5.135,0.0
30482,5.115,0.0
30483,5.11,0.0
30484,5.115,0.0
30485,5.12,0.0
30486,5.105,0.0
30487,5.1,0.0
30488,5.1,0.0
30489,5.095,0.0
30490,5.09,0.0
30491,5.075,0.0
30492,5.085,0.0
30493,5.085,0.0
30494,5.065,0.0
30495,5.05,0.0
30496,5.065,0.0
30497,5.07,0.0
30498,5.06,0.0
30499,5.035,0.0
30500,5.03,0.0
30501,5.045,0.0
30502,5.055,0.0
30503,5.03,0.0
30504,5.035,0.0
30505,5.05,0.0
30506,5.045,0.0
30507,5.025,0.0
30508,5.03,0.0
30509,5.03,0.0
30510,5.01,0.0
30511,5.01,0.0
30512,5.01,0.0
30513,5.025,0.0
30514,5.02,0.0
30515,5.015,0.0
30516,5.01,0.0
30517,5.015,0.0
30518,5.025,0.0
30519,5.01,0.0
30520,5.0,0.0
30521,5.01,0.0
30522,5.01,0.0
30523,5.01,0.0
30524,5.0,0.0
30525,5.005,0.0
30526,5.02,0.0
30527,5.015,0.0
30528,5.005,0.0
30529,5.015,0.0
30530,5.035,0.0
30531,5.035,0.0
30532,5.04,0.0
30533,5.04,0.0
30534,5.06,0.0
30535,5.06,0.0
30536,5.065,0.0
30537,5.065,0.0
30538,5.08,0.0
30539,5.1,0.0
30540,5.15,0.0
30541,5.365,0.0
30542,5.84,0.0
30543,5.98,0.0
30544,5.68,0.0
30545,5.495,0.0
30546,5.445,0.0
30547,5.395,0.0
30548,5.325,0.0
30549,5.255,0.0
30550,5.23,0.0
30551,5.04,0.0
30552,4.815,0.0
30553,4.525,0.0
30554,4.22,0.0
30555,3.92,0.0
30556,3.59,0.0
30557,3.27,0.0
30558,3.005,0.0
30559,2.805,0.0
30560,2.65,0.0
30561,2.51,0.0
30562,2.365,0.0
30563,2.26,0.0
30564,2.18,0.0
30565,2.125,0.0
30566,2.09,0.0
30567,2.08,0.0
30568,2.075,0.0
30569,2.06,0.0
30570,2.065,0.0
30571,2.07,0.0
30572,2.09,0.0
30573,2.115,0.0
30574,2.165,0.0
30575,2.19,0.0
30576,2.425,0.0
30577,2.6,0.0
30578,2.765,0.0
30579,3.01,0.0
30580,3.32,0.0
30581,3.645,0.0
30582,3.93,0.0
30583,4.205,0.0
30584,4.5,0.0
30585,4.76,0.0
30586,4.99,0.0
30587,5.195,0.0
30588,5.405,0.0
30589,5.58,0.0
30590,5.69,0.0
30591,5.78,0.0
30592,5.855,0.0
30593,5.905,0.0
30594,5.955,0.0
30595,5.98,0.0
30596,6.035,0.0
30597,6.08,0.0
30598,6.1,0.0
30599,6.135,0.0
30600,6.15,0.0
30601,6.22,0.0
30602,6.25,0.0
30603,6.275,0.0
30604,6.325,0.0
30605,6.375,0.0
30606,6.415,0.0
30607,6.45,0.0
30608,6.495,0.0
30609,6.55,0.0
30610,6.59,0.0
30611,6.615,0.0
30612,6.66,0.0
30613,6.71,0.0
30614,6.75,0.0
30615,6.785,0.0
30616,6.82,0.0
30617,6.87,0.0
30618,6.895,0.0
30619,6.91,0.0
30620,6.93,0.0
30621,6.95,0.0
30622,6.96,0.0
30623,6.94,0.0
30624,6.93,0.0
30625,6.92,0.0
30626,6.895,0.0
30627,6.84,0.0
30628,6.78,0.0
30629,6.715,0.0
30630,6.655,0.0
30631,6.585,0.0
30632,6.485,0.0
30633,6.405,0.0
30634,6.335,0.0
30635,6.245,0.0
30636,6.15,0.0
30637,6.06,0.0
30638,5.995,0.0
30639,5.915,0.0
30640,5.83,0.0
30641,5.745,0.0
30642,5.695,0.0
30643,5.63,0.0
30644,5.555,0.0
30645,5.495,0.0
30646,5.46,0.0
30647,5.435,0.0
30648,5.385,0.0
30649,5.34,0.0
30650,5.335,0.0
30651,5.3,0.0
30652,5.275,0.0
30653,5.235,0.0
30654,5.23,0.0
30655,5.225,0.0
30656,5.21,0.0
30657,5.175,0.0
30658,5.17,0.0
30659,5.175,0.0
30660,5.175,0.0
30661,5.16,0.0
30662,5.145,0.0
30663,5.155,0.0
30664,5.16,0.0
30665,5.155,0.0
30666,5.15,0.0
30667,5.155,0.0
30668,5.165,0.0
30669,5.15,0.0
30670,5.145,0.0
30671,5.155,0.0
30672,5.165,0.0
30673,5.16,0.0
30674,5.15,0.0
30675,5.14,0.0
30676,5.16,0.0
30677,5.155,0.0
30678,5.15,0.0
30679,5.15,0.0
30680,5.165,0.0
30681,5.165,0.0
30682,5.135,0.0
30683,5.15,0.0
30684,5.16,0.0
30685,5.155,0.0
30686,5.145,0.0
30687,5.135,0.0
30688,5.14,0.0
30689,5.14,0.0
30690,5.13,0.0
30691,5.12,0.0
30692,5.12,0.0
30693,5.125,0.0
30694,5.105,0.0
30695,5.095,0.0
30696,5.1,0.0
30697,5.115,0.0
30698,5.09,0.0
30699,5.075,0.0
30700,5.07,0.0
30701,5.08,0.0
30702,5.07,0.0
30703,5.045,0.0
30704,5.055,0.0
30705,5.045,0.0
30706,5.06,0.0
30707,5.035,0.0
30708,5.035,0.0
30709,5.05,0.0
30710,5.04,0.0
30711,5.035,0.0
30712,5.02,0.0
30713,5.045,0.0
30714,5.04,0.0
30715,5.03,0.0
30716,5.01,0.0
30717,5.025,0.0
30718,5.035,0.0
30719,5.025,0.0
30720,5.015,0.0
30721,5.01,0.0
30722,5.025,0.0
30723,5.015,0.0
30724,5.005,0.0
30725,5.01,0.0
30726,5.025,0.0
30727,5.01,0.0
30728,5.01,0.0
30729,5.005,0.0
30730,5.02,0.0
30731,5.01,0.0
30732,4.99,0.0
30733,4.995,0.0
30734,5.01,0.0
30735,5.015,0.0
30736,5.005,0.0
30737,4.99,0.0
30738,5.0,0.0
30739,5.005,0.0
30740,5.0,0.0
30741,4.99,0.0
30742,5.0,0.0
30743,5.0,0.0
30744,4.995,0.0
30745,4.98,0.0
30746,4.99,0.0
30747,5.005,0.0
30748,5.01,0.0
30749,5.0,0.0
30750,5.0,0.0
30751,5.065,0.0
30752,5.215,0.0
30753,5.66,0.0
30754,5.99,0.0
30755,5.78,0.0
30756,5.52,0.0
30757,5.425,0.0
30758,5.375,0.0
30759,5.34,0.0
30760,5.275,0.0
30761,5.17,0.0
30762,4.985,0.0
30763,4.74,0.0
30764,4.41,0.0
30765,4.03,0.0
30766,3.645,0.0
30767,3.285,0.0
30768,3.005,0.0
30769,2.775,0.0
30770,2.59,0.0
30771,2.48,0.0
30772,2.34,0.0
30773,2.21,0.0
30774,2.13,0.0
30775,2.11,0.0
30776,2.075,0.0
30777,2.06,0.0
30778,2.03,0.0
30779,2.015,0.0
30780,2.035,0.0
30781,2.035,0.0
30782,2.03,0.0
30783,2.065,0.0
30784,2.135,0.0
30785,2.255,0.0
30786,2.415,0.0
30787,2.62,0.0
30788,2.885,0.0
30789,3.205,0.0
30790,3.53,0.0
30791,3.86,0.0
30792,4.2,0.0
30793,4.515,0.0
30794,4.805,0.0
30795,5.05,0.0
30796,5.3,0.0
30797,5.525,0.0
30798,5.655,0.0
30799,5.745,0.0
30800,5.765,0.0
30801,5.87,0.0
30802,5.915,0.0
30803,5.945,0.0
30804,5.98,0.0
30805,6.04,0.0
30806,6.06,0.0
30807,6.09,0.0
30808,6.11,0.0
30809,6.155,0.0
30810,6.19,0.0
30811,6.22,0.0
30812,6.245,0.0
30813,6.285,0.0
30814,6.325,0.0
30815,6.35,0.0
30816,6.395,0.0
30817,6.455,0.0
30818,6.505,0.0
30819,6.54,0.0
30820,6.58,0.0
30821,6.63,0.0
30822,6.68,0.0
30823,6.71,0.0
30824,6.76,0.0
30825,6.78,0.0
30826,6.855,0.0
30827,6.895,0.0
30828,6.91,0.0
30829,6.945,0.0
30830,6.97,0.0
30831,6.975,0.0
30832,6.965,0.0
30833,6.96,0.0
30834,6.95,0.0
30835,6.905,0.0
30836,6.855,0.0
30837,6.785,0.0
30838,6.725,0.0
30839,6.645,0.0
30840,6.545,0.0
30841,6.445,0.0
30842,6.365,0.0
30843,6.27,0.0
30844,6.175,0.0
30845,6.065,0.0
30846,5.985,0.0
30847,5.9,0.0
30848,5.805,0.0
30849,5.725,0.0
30850,5.705,0.0
30851,5.615,0.0
30852,5.555,0.0
30853,5.48,0.0
30854,5.445,0.0
30855,5.415,0.0
30856,5.375,0.0
30857,5.335,0.0
30858,5.31,0.0
30859,5.305,0.0
30860,5.28,0.0
30861,5.25,0.0
30862,5.24,0.0
30863,5.245,0.0
30864,5.24,0.0
30865,5.23,0.0
30866,5.21,0.0
30867,5.23,0.0
30868,5.225,0.0
30869,5.215,0.0
30870,5.215,0.0
30871,5.22,0.0
30872,5.225,0.0
30873,5.22,0.0
30874,5.215,0.0
30875,5.205,0.0
30876,5.22,0.0
30877,5.225,0.0
30878,5.205,0.0
30879,5.205,0.0
30880,5.235,0.0
30881,5.215,0.0
30882,5.195,0.0
30883,5.195,0.0
30884,5.215,0.0
30885,5.21,0.0
30886,5.185,0.0
30887,5.175,0.0
30888,5.18,0.0
30889,5.18,0.0
30890,5.165,0.0
30891,5.15,0.0
30892,5.155,0.0
30893,5.15,0.0
30894,5.13,0.0
30895,5.115,0.0
30896,5.115,0.0
30897,5.12,0.0
30898,5.095,0.0
30899,5.095,0.0
30900,5.095,0.0
30901,5.09,0.0
30902,5.085,0.0
30903,5.07,0.0
30904,5.065,0.0
30905,5.075,0.0
30906,5.065,0.0
30907,5.04,0.0
30908,5.04,0.0
30909,5.055,0.0
30910,5.04,0.0
30911,5.025,0.0
30912,5.025,0.0
30913,5.035,0.0
30914,5.04,0.0
30915,5.02,0.0
30916,5.01,0.0
30917,5.025,0.0
30918,5.015,0.0
30919,5.01,0.0
30920,4.995,0.0
30921,5.01,0.0
30922,5.015,0.0
30923,5.005,0.0
30924,4.99,0.0
30925,4.985,0.0
30926,5.0,0.0
30927,5.005,0.0
30928,4.99,0.0
30929,4.99,0.0
30930,5.0,0.0
30931,5.0,0.0
30932,4.98,0.0
30933,4.995,0.0
30934,4.99,0.0
30935,5.005,0.0
30936,4.99,0.0
30937,4.98,0.0
30938,4.995,0.0
30939,4.99,0.0
30940,4.985,0.0
30941,4.98,0.0
30942,4.985,0.0
30943,4.985,0.0
30944,4.975,0.0
30945,4.97,0.0
30946,4.99,0.0
30947,5.0,0.0
30948,4.995,0.0
30949,4.98,0.0
30950,4.985,0.0
30951,5.01,0.0
30952,5.065,0.0
30953,5.285,0.0
30954,5.8,0.0
30955,5.97,0.0
30956,5.63,0.0
30957,5.4,0.0
30958,5.315,0.0
30959,5.24,0.0
30960,5.12,0.0
30961,4.92,0.0
30962,4.67,0.0
30963,4.395,0.0
30964,4.075,0.0
30965,3.79,0.0
30966,3.55,0.0
30967,3.34,0.0
30968,3.115,0.0
30969,2.805,0.0
30970,2.55,0.0
30971,2.41,0.0
30972,2.295,0.0
30973,2.175,0.0
30974,2.08,0.0
30975,2.06,0.0
30976,2.05,0.0
30977,2.02,0.0
30978,2.0,0.0
30979,1.995,0.0
30980,2.01,0.0
30981,2.03,0.0
30982,2.055,0.0
30983,2.14,0.0
30984,2.3,0.0
30985,2.505,0.0
30986,2.76,0.0
30987,3.09,0.0
30988,3.475,0.0
30989,3.85,0.0
30990,4.195,0.0
30991,4.535,0.0
30992,4.855,0.0
30993,5.14,0.0
30994,5.395,0.0
30995,5.605,0.0
30996,5.75,0.0
30997,5.845,0.0
30998,5.895,0.0
30999,5.94,0.0
31000,5.96,0.0
31001,6.02,0.0
31002,6.045,0.0
31003,6.065,0.0
31004,6.09,0.0
31005,6.115,0.0
31006,6.125,0.0
31007,6.14,0.0
31008,6.165,0.0
31009,6.195,0.0
31010,6.215,0.0
31011,6.235,0.0
31012,6.29,0.0
31013,6.345,0.0
31014,6.385,0.0
31015,6.41,0.0
31016,6.445,0.0
31017,6.49,0.0
31018,6.53,0.0
31019,6.56,0.0
31020,6.59,0.0
31021,6.64,0.0
31022,6.68,0.0
31023,6.715,0.0
31024,6.735,0.0
31025,6.745,0.0
31026,6.805,0.0
31027,6.83,0.0
31028,6.84,0.0
31029,6.86,0.0
31030,6.875,0.0
31031,6.865,0.0
31032,6.845,0.0
31033,6.825,0.0
31034,6.815,0.0
31035,6.775,0.0
31036,6.72,0.0
31037,6.655,0.0
31038,6.6,0.0
31039,6.52,0.0
31040,6.435,0.0
31041,6.36,0.0
31042,6.28,0.0
31043,6.195,0.0
31044,6.105,0.0
31045,6.01,0.0
31046,5.935,0.0
31047,5.855,0.0
31048,5.77,0.0
31049,5.69,0.0
31050,5.665,0.0
31051,5.575,0.0
31052,5.52,0.0
31053,5.455,0.0
31054,5.415,0.0
31055,5.395,0.0
31056,5.345,0.0
31057,5.305,0.0
31058,5.29,0.0
31059,5.285,0.0
31060,5.255,0.0
31061,5.23,0.0
31062,5.215,0.0
31063,5.215,0.0
31064,5.21,0.0
31065,5.195,0.0
31066,5.195,0.0
31067,5.195,0.0
31068,5.2,0.0
31069,5.2,0.0
31070,5.185,0.0
31071,5.2,0.0
31072,5.205,0.0
31073,5.2,0.0
31074,5.185,0.0
31075,5.18,0.0
31076,5.205,0.0
31077,5.195,0.0
31078,5.19,0.0
31079,5.185,0.0
31080,5.2,0.0
31081,5.19,0.0
31082,5.16,0.0
31083,5.17,0.0
31084,5.175,0.0
31085,5.17,0.0
31086,5.16,0.0
31087,5.155,0.0
31088,5.155,0.0
31089,5.16,0.0
31090,5.14,0.0
31091,5.125,0.0
31092,5.135,0.0
31093,5.13,0.0
31094,5.12,0.0
31095,5.11,0.0
31096,5.11,0.0
31097,5.11,0.0
31098,5.095,0.0
31099,5.07,0.0
31100,5.065,0.0
31101,5.075,0.0
31102,5.07,0.0
31103,5.05,0.0
31104,5.055,0.0
31105,5.07,0.0
31106,5.055,0.0
31107,5.035,0.0
31108,5.035,0.0
31109,5.04,0.0
31110,5.04,0.0
31111,5.02,0.0
31112,5.02,0.0
31113,5.025,0.0
31114,5.02,0.0
31115,5.015,0.0
31116,5.0,0.0
31117,5.01,0.0
31118,5.015,0.0
31119,5.01,0.0
31120,4.99,0.0
31121,4.995,0.0
31122,5.005,0.0
31123,5.0,0.0
31124,4.98,0.0
31125,4.985,0.0
31126,5.0,0.0
31127,4.995,0.0
31128,4.975,0.0
31129,4.975,0.0
31130,4.985,0.0
31131,4.99,0.0
31132,4.97,0.0
31133,4.98,0.0
31134,4.99,0.0
31135,4.985,0.0
31136,4.98,0.0
31137,4.975,0.0
31138,4.99,0.0
31139,4.99,0.0
31140,4.975,0.0
31141,4.965,0.0
31142,4.97,0.0
31143,4.98,0.0
31144,4.985,0.0
31145,4.97,0.0
31146,4.97,0.0
31147,4.98,0.0
31148,4.97,0.0
31149,4.96,0.0
31150,4.965,0.0
31151,4.98,0.0
31152,4.98,0.0
31153,4.965,0.0
31154,4.975,0.0
31155,4.99,0.0
31156,4.995,0.0
31157,4.985,0.0
31158,5.035,0.0
31159,5.18,0.0
31160,5.615,0.0
31161,6.035,0.0
31162,5.855,0.0
31163,5.545,0.0
31164,5.415,0.0
31165,5.33,0.0
31166,5.24,0.0
31167,5.135,0.0
31168,4.97,0.0
31169,4.735,0.0
31170,4.46,0.0
31171,4.175,0.0
31172,3.895,0.0
31173,3.63,0.0
31174,3.4,0.0
31175,3.325,0.0
31176,2.925,0.0
31177,2.67,0.0
31178,2.485,0.0
31179,2.355,0.0
31180,2.245,0.0
31181,2.15,0.0
31182,2.09,0.0
31183,2.06,0.0
31184,2.05,0.0
31185,2.03,0.0
31186,2.01,0.0
31187,2.015,0.0
31188,2.03,0.0
31189,2.05,0.0
31190,2.105,0.0
31191,2.215,0.0
31192,2.4,0.0
31193,2.64,0.0
31194,2.91,0.0
31195,3.255,0.0
31196,3.63,0.0
31197,3.99,0.0
31198,4.315,0.0
31199,4.605,0.0
31200,4.7,0.0
31201,5.125,0.0
31202,5.335,0.0
31203,5.5,0.0
31204,5.635,0.0
31205,5.735,0.0
31206,5.795,0.0
31207,5.845,0.0
31208,5.9,0.0
31209,5.945,0.0
31210,5.975,0.0
31211,6.01,0.0
31212,6.05,0.0
31213,6.105,0.0
31214,6.135,0.0
31215,6.155,0.0
31216,6.205,0.0
31217,6.23,0.0
31218,6.25,0.0
31219,6.265,0.0
31220,6.285,0.0
31221,6.325,0.0
31222,6.36,0.0
31223,6.38,0.0
31224,6.4,0.0
31225,6.41,0.0
31226,6.465,0.0
31227,6.485,0.0
31228,6.495,0.0
31229,6.54,0.0
31230,6.575,0.0
31231,6.61,0.0
31232,6.655,0.0
31233,6.705,0.0
31234,6.74,0.0
31235,6.77,0.0
31236,6.78,0.0
31237,6.795,0.0
31238,6.82,0.0
31239,6.81,0.0
31240,6.79,0.0
31241,6.765,0.0
31242,6.745,0.0
31243,6.715,0.0
31244,6.64,0.0
31245,6.57,0.0
31246,6.51,0.0
31247,6.435,0.0
31248,6.35,0.0
31249,6.255,0.0
31250,6.225,0.0
31251,6.095,0.0
31252,6.015,0.0
31253,5.92,0.0
31254,5.85,0.0
31255,5.78,0.0
31256,5.705,0.0
31257,5.64,0.0
31258,5.575,0.0
31259,5.545,0.0
31260,5.475,0.0
31261,5.425,0.0
31262,5.38,0.0
31263,5.355,0.0
31264,5.315,0.0
31265,5.285,0.0
31266,5.26,0.0
31267,5.25,0.0
31268,5.24,0.0
31269,5.22,0.0
31270,5.21,0.0
31271,5.205,0.0
31272,5.21,0.0
31273,5.2,0.0
31274,5.185,0.0
31275,5.18,0.0
31276,5.21,0.0
31277,5.2,0.0
31278,5.185,0.0
31279,5.2,0.0
31280,5.2,0.0
31281,5.2,0.0
31282,5.195,0.0
31283,5.195,0.0
31284,5.21,0.0
31285,5.22,0.0
31286,5.21,0.0
31287,5.19,0.0
31288,5.21,0.0
31289,5.21,0.0
31290,5.2,0.0
31291,5.18,0.0
31292,5.195,0.0
31293,5.2,0.0
31294,5.185,0.0
31295,5.18,0.0
31296,5.175,0.0
31297,5.18,0.0
31298,5.16,0.0
31299,5.145,0.0
31300,5.15,0.0
31301,5.16,0.0
31302,5.14,0.0
31303,5.135,0.0
31304,5.12,0.0
31305,5.125,0.0
31306,5.115,0.0
31307,5.09,0.0
31308,5.095,0.0
31309,5.105,0.0
31310,5.105,0.0
31311,5.095,0.0
31312,5.08,0.0
31313,5.085,0.0
31314,5.08,0.0
31315,5.07,0.0
31316,5.055,0.0
31317,5.075,0.0
31318,5.06,0.0
31319,5.055,0.0
31320,5.045,0.0
31321,5.045,0.0
31322,5.045,0.0
31323,5.045,0.0
31324,5.03,0.0
31325,5.03,0.0
31326,5.035,0.0
31327,5.03,0.0
31328,5.02,0.0
31329,5.015,0.0
31330,5.02,0.0
31331,5.02,0.0
31332,5.02,0.0
31333,5.005,0.0
31334,5.02,0.0
31335,5.02,0.0
31336,5.005,0.0
31337,5.005,0.0
31338,5.005,0.0
31339,5.015,0.0
31340,5.02,0.0
31341,4.995,0.0
31342,5.015,0.0
31343,5.02,0.0
31344,5.01,0.0
31345,5.005,0.0
31346,5.03,0.0
31347,5.015,0.0
31348,5.015,0.0
31349,5.005,0.0
31350,5.0,0.0
31351,5.015,0.0
31352,5.015,0.0
31353,5.01,0.0
31354,5.005,0.0
31355,5.02,0.0
31356,5.015,0.0
31357,4.995,0.0
31358,5.01,0.0
31359,5.015,0.0
31360,5.05,0.0
31361,5.115,0.0
31362,5.42,0.0
31363,5.9,0.0
31364,5.94,0.0
31365,5.605,0.0
31366,5.455,0.0
31367,5.415,0.0
31368,5.365,0.0
31369,5.315,0.0
31370,5.225,0.0
31371,5.07,0.0
31372,4.815,0.0
31373,4.47,0.0
31374,4.11,0.0
31375,3.995,0.0
31376,3.395,0.0
31377,3.1,0.0
31378,2.835,0.0
31379,2.67,0.0
31380,2.535,0.0
31381,2.375,0.0
31382,2.23,0.0
31383,2.16,0.0
31384,2.13,0.0
31385,2.085,0.0
31386,2.05,0.0
31387,2.04,0.0
31388,2.035,0.0
31389,2.05,0.0
31390,2.04,0.0
31391,2.04,0.0
31392,2.09,0.0
31393,2.165,0.0
31394,2.295,0.0
31395,2.48,0.0
31396,2.695,0.0
31397,2.995,0.0
31398,3.345,0.0
31399,3.675,0.0
31400,3.78,0.0
31401,4.35,0.0
31402,4.635,0.0
31403,4.89,0.0
31404,5.13,0.0
31405,5.345,0.0
31406,5.535,0.0
31407,5.685,0.0
31408,5.8,0.0
31409,5.875,0.0
31410,5.935,0.0
31411,5.98,0.0
31412,6.025,0.0
31413,6.085,0.0
31414,6.12,0.0
31415,6.145,0.0
31416,6.17,0.0
31417,6.225,0.0
31418,6.255,0.0
31419,6.285,0.0
31420,6.32,0.0
31421,6.375,0.0
31422,6.425,0.0
31423,6.455,0.0
31424,6.485,0.0
31425,6.505,0.0
31426,6.585,0.0
31427,6.61,0.0
31428,6.64,0.0
31429,6.68,0.0
31430,6.73,0.0
31431,6.755,0.0
31432,6.77,0.0
31433,6.8,0.0
31434,6.84,0.0
31435,6.86,0.0
31436,6.875,0.0
31437,6.9,0.0
31438,6.94,0.0
31439,6.95,0.0
31440,6.965,0.0
31441,6.98,0.0
31442,6.995,0.0
31443,6.985,0.0
31444,6.94,0.0
31445,6.895,0.0
31446,6.85,0.0
31447,6.79,0.0
31448,6.71,0.0
31449,6.625,0.0
31450,6.59,0.0
31451,6.465,0.0
31452,6.355,0.0
31453,6.26,0.0
31454,6.17,0.0
31455,6.085,0.0
31456,5.995,0.0
31457,5.895,0.0
31458,5.81,0.0
31459,5.755,0.0
31460,5.68,0.0
31461,5.61,0.0
31462,5.54,0.0
31463,5.515,0.0
31464,5.455,0.0
31465,5.41,0.0
31466,5.36,0.0
31467,5.34,0.0
31468,5.32,0.0
31469,5.295,0.0
31470,5.26,0.0
31471,5.26,0.0
31472,5.265,0.0
31473,5.25,0.0
31474,5.235,0.0
31475,5.24,0.0
31476,5.24,0.0
31477,5.24,0.0
31478,5.215,0.0
31479,5.23,0.0
31480,5.245,0.0
31481,5.235,0.0
31482,5.225,0.0
31483,5.23,0.0
31484,5.24,0.0
31485,5.24,0.0
31486,5.235,0.0
31487,5.225,0.0
31488,5.235,0.0
31489,5.245,0.0
31490,5.23,0.0
31491,5.235,0.0
31492,5.235,0.0
31493,5.225,0.0
31494,5.22,0.0
31495,5.205,0.0
31496,5.21,0.0
31497,5.21,0.0
31498,5.2,0.0
31499,5.175,0.0
31500,5.175,0.0
31501,5.185,0.0
31502,5.165,0.0
31503,5.15,0.0
31504,5.15,0.0
31505,5.145,0.0
31506,5.145,0.0
31507,5.11,0.0
31508,5.125,0.0
31509,5.13,0.0
31510,5.12,0.0
31511,5.1,0.0
31512,5.09,0.0
31513,5.1,0.0
31514,5.1,0.0
31515,5.08,0.0
31516,5.07,0.0
31517,5.08,0.0
31518,5.075,0.0
31519,5.075,0.0
31520,5.055,0.0
31521,5.06,0.0
31522,5.065,0.0
31523,5.055,0.0
31524,5.05,0.0
31525,5.045,0.0
31526,5.05,0.0
31527,5.045,0.0
31528,5.03,0.0
31529,5.04,0.0
31530,5.05,0.0
31531,5.04,0.0
31532,5.03,0.0
31533,5.03,0.0
31534,5.03,0.0
31535,5.035,0.0
31536,5.025,0.0
31537,5.03,0.0
31538,5.03,0.0
31539,5.035,0.0
31540,5.025,0.0
31541,5.015,0.0
31542,5.03,0.0
31543,5.03,0.0
31544,5.025,0.0
31545,5.015,0.0
31546,5.025,0.0
31547,5.03,0.0
31548,5.02,0.0
31549,5.015,0.0
31550,5.02,0.0
31551,5.03,0.0
31552,5.03,0.0
31553,5.005,0.0
31554,5.015,0.0
31555,5.02,0.0
31556,5.03,0.0
31557,5.025,0.0
31558,5.035,0.0
31559,5.05,0.0
31560,5.105,0.0
31561,5.34,0.0
31562,5.845,0.0
31563,5.975,0.0
31564,5.645,0.0
31565,5.44,0.0
31566,5.355,0.0
31567,5.27,0.0
31568,5.155,0.0
31569,4.975,0.0
31570,4.74,0.0
31571,4.475,0.0
31572,4.18,0.0
31573,3.89,0.0
31574,3.655,0.0
31575,3.585,0.0
31576,3.245,0.0
31577,2.96,0.0
31578,2.675,0.0
31579,2.495,0.0
31580,2.38,0.0
31581,2.25,0.0
31582,2.145,0.0
31583,2.09,0.0
31584,2.075,0.0
31585,2.04,0.0
31586,2.02,0.0
31587,2.005,0.0
31588,2.02,0.0
31589,2.035,0.0
31590,2.045,0.0
31591,2.075,0.0
31592,2.155,0.0
31593,2.27,0.0
31594,2.45,0.0
31595,2.675,0.0
31596,2.99,0.0
31597,3.345,0.0
31598,3.705,0.0
31599,4.065,0.0
31600,4.17,0.0
31601,4.685,0.0
31602,4.975,0.0
31603,5.23,0.0
31604,5.475,0.0
31605,5.655,0.0
31606,5.77,0.0
31607,5.84,0.0
31608,5.905,0.0
31609,5.975,0.0
31610,6.015,0.0
31611,6.05,0.0
31612,6.08,0.0
31613,6.13,0.0
31614,6.155,0.0
31615,6.175,0.0
31616,6.195,0.0
31617,6.24,0.0
31618,6.28,0.0
31619,6.3,0.0
31620,6.325,0.0
31621,6.38,0.0
31622,6.42,0.0
31623,6.44,0.0
31624,6.465,0.0
31625,6.48,0.0
31626,6.57,0.0
31627,6.595,0.0
31628,6.64,0.0
31629,6.68,0.0
31630,6.725,0.0
31631,6.765,0.0
31632,6.795,0.0
31633,6.845,0.0
31634,6.89,0.0
31635,6.92,0.0
31636,6.94,0.0
31637,6.96,0.0
31638,6.995,0.0
31639,7.0,0.0
31640,6.99,0.0
31641,6.985,0.0
31642,6.99,0.0
31643,6.955,0.0
31644,6.91,0.0
31645,6.86,0.0
31646,6.825,0.0
31647,6.765,0.0
31648,6.675,0.0
31649,6.59,0.0
31650,6.555,0.0
31651,6.44,0.0
31652,6.335,0.0
31653,6.225,0.0
31654,6.135,0.0
31655,6.055,0.0
31656,5.95,0.0
31657,5.85,0.0
31658,5.77,0.0
31659,5.715,0.0
31660,5.64,0.0
31661,5.575,0.0
31662,5.525,0.0
31663,5.49,0.0
31664,5.45,0.0
31665,5.4,0.0
31666,5.37,0.0
31667,5.37,0.0
31668,5.36,0.0
31669,5.335,0.0
31670,5.315,0.0
31671,5.32,0.0
31672,5.315,0.0
31673,5.295,0.0
31674,5.29,0.0
31675,5.295,0.0
31676,5.3,0.0
31677,5.28,0.0
31678,5.265,0.0
31679,5.255,0.0
31680,5.26,0.0
31681,5.235,0.0
31682,5.2,0.0
31683,5.2,0.0
31684,5.2,0.0
31685,5.19,0.0
31686,5.165,0.0
31687,5.16,0.0
31688,5.175,0.0
31689,5.175,0.0
31690,5.18,0.0
31691,5.18,0.0
31692,5.185,0.0
31693,5.185,0.0
31694,5.175,0.0
31695,5.165,0.0
31696,5.17,0.0
31697,5.18,0.0
31698,5.17,0.0
31699,5.16,0.0
31700,5.155,0.0
31701,5.17,0.0
31702,5.155,0.0
31703,5.135,0.0
31704,5.13,0.0
31705,5.135,0.0
31706,5.12,0.0
31707,5.105,0.0
31708,5.1,0.0
31709,5.105,0.0
31710,5.1,0.0
31711,5.09,0.0
31712,5.07,0.0
31713,5.075,0.0
31714,5.085,0.0
31715,5.06,0.0
31716,5.045,0.0
31717,5.06,0.0
31718,5.05,0.0
31719,5.045,0.0
31720,5.04,0.0
31721,5.035,0.0
31722,5.04,0.0
31723,5.035,0.0
31724,5.02,0.0
31725,5.025,0.0
31726,5.045,0.0
31727,5.025,0.0
31728,5.03,0.0
31729,5.025,0.0
31730,5.04,0.0
31731,5.03,0.0
31732,5.015,0.0
31733,5.015,0.0
31734,5.03,0.0
31735,5.025,0.0
31736,5.015,0.0
31737,5.01,0.0
31738,5.03,0.0
31739,5.03,0.0
31740,5.015,0.0
31741,5.005,0.0
31742,5.02,0.0
31743,5.015,0.0
31744,5.015,0.0
31745,5.005,0.0
31746,5.015,0.0
31747,5.015,0.0
31748,5.01,0.0
31749,5.005,0.0
31750,5.015,0.0
31751,5.025,0.0
31752,5.015,0.0
31753,5.015,0.0
31754,5.005,0.0
31755,5.015,0.0
31756,5.01,0.0
31757,5.0,0.0
31758,5.01,0.0
31759,5.015,0.0
31760,5.015,0.0
31761,5.01,0.0
31762,5.005,0.0
31763,5.015,0.0
31764,5.005,0.0
31765,5.005,0.0
31766,5.005,0.0
31767,5.02,0.0
31768,5.03,0.0
31769,5.03,0.0
31770,5.04,0.0
31771,5.115,0.0
31772,5.36,0.0
31773,5.85,0.0
31774,5.995,0.0
31775,5.95,0.0
31776,5.505,0.0
31777,5.435,0.0
31778,5.365,0.0
31779,5.305,0.0
31780,5.23,0.0
31781,5.065,0.0
31782,4.835,0.0
31783,4.53,0.0
31784,4.2,0.0
31785,3.86,0.0
31786,3.5,0.0
31787,3.155,0.0
31788,2.91,0.0
31789,2.7,0.0
31790,2.555,0.0
31791,2.445,0.0
31792,2.39,0.0
31793,2.27,0.0
31794,2.175,0.0
31795,2.11,0.0
31796,2.085,0.0
31797,2.06,0.0
31798,2.04,0.0
31799,2.025,0.0
31800,2.01,0.0
31801,2.045,0.0
31802,2.05,0.0
31803,2.05,0.0
31804,2.09,0.0
31805,2.18,0.0
31806,2.28,0.0
31807,2.425,0.0
31808,2.63,0.0
31809,2.845,0.0
31810,3.135,0.0
31811,3.435,0.0
31812,3.765,0.0
31813,4.08,0.0
31814,4.395,0.0
31815,4.685,0.0
31816,4.94,0.0
31817,5.175,0.0
31818,5.37,0.0
31819,5.53,0.0
31820,5.69,0.0
31821,5.815,0.0
31822,5.9,0.0
31823,5.95,0.0
31824,5.995,0.0
31825,6.01,0.0
31826,6.13,0.0
31827,6.165,0.0
31828,6.185,0.0
31829,6.245,0.0
31830,6.295,0.0
31831,6.335,0.0
31832,6.36,0.0
31833,6.42,0.0
31834,6.485,0.0
31835,6.52,0.0
31836,6.56,0.0
31837,6.6,0.0
31838,6.665,0.0
31839,6.72,0.0
31840,6.77,0.0
31841,6.82,0.0
31842,6.87,0.0
31843,6.92,0.0
31844,6.955,0.0
31845,7.01,0.0
31846,7.045,0.0
31847,7.09,0.0
31848,7.105,0.0
31849,7.135,0.0
31850,7.145,0.0
31851,7.18,0.0
31852,7.165,0.0
31853,7.16,0.0
31854,7.145,0.0
31855,7.135,0.0
31856,7.08,0.0
31857,7.015,0.0
31858,6.96,0.0
31859,6.9,0.0
31860,6.815,0.0
31861,6.72,0.0
31862,6.625,0.0
31863,6.535,0.0
31864,6.44,0.0
31865,6.345,0.0
31866,6.245,0.0
31867,6.175,0.0
31868,6.095,0.0
31869,6.005,0.0
31870,5.915,0.0
31871,5.85,0.0
31872,5.785,0.0
31873,5.71,0.0
31874,5.65,0.0
31875,5.63,0.0
31876,5.555,0.0
31877,5.5,0.0
31878,5.465,0.0
31879,5.425,0.0
31880,5.4,0.0
31881,5.365,0.0
31882,5.33,0.0
31883,5.3,0.0
31884,5.29,0.0
31885,5.28,0.0
31886,5.25,0.0
31887,5.225,0.0
31888,5.23,0.0
31889,5.225,0.0
31890,5.215,0.0
31891,5.2,0.0
31892,5.19,0.0
31893,5.2,0.0
31894,5.2,0.0
31895,5.185,0.0
31896,5.2,0.0
31897,5.19,0.0
31898,5.185,0.0
31899,5.175,0.0
31900,5.17,0.0
31901,5.195,0.0
31902,5.185,0.0
31903,5.18,0.0
31904,5.175,0.0
31905,5.195,0.0
31906,5.175,0.0
31907,5.165,0.0
31908,5.16,0.0
31909,5.18,0.0
31910,5.17,0.0
31911,5.175,0.0
31912,5.16,0.0
31913,5.175,0.0
31914,5.175,0.0
31915,5.17,0.0
31916,5.17,0.0
31917,5.17,0.0
31918,5.175,0.0
31919,5.175,0.0
31920,5.165,0.0
31921,5.19,0.0
31922,5.21,0.0
31923,5.2,0.0
31924,5.19,0.0
31925,5.195,0.0
31926,5.205,0.0
31927,5.195,0.0
31928,5.175,0.0
31929,5.18,0.0
31930,5.195,0.0
31931,5.175,0.0
31932,5.155,0.0
31933,5.15,0.0
31934,5.15,0.0
31935,5.135,0.0
31936,5.105,0.0
31937,5.085,0.0
31938,5.09,0.0
31939,5.065,0.0
31940,5.05,0.0
31941,5.03,0.0
31942,5.045,0.0
31943,5.045,0.0
31944,5.035,0.0
31945,5.035,0.0
31946,5.05,0.0
31947,5.055,0.0
31948,5.045,0.0
31949,5.03,0.0
31950,5.025,0.0
31951,5.035,0.0
31952,5.035,0.0
31953,5.025,0.0
31954,5.025,0.0
31955,5.04,0.0
31956,5.035,0.0
31957,5.025,0.0
31958,5.03,0.0
31959,5.045,0.0
31960,5.035,0.0
31961,5.025,0.0
31962,5.02,0.0
31963,5.03,0.0
31964,5.04,0.0
31965,5.025,0.0
31966,5.005,0.0
31967,5.02,0.0
31968,5.025,0.0
31969,5.03,0.0
31970,5.02,0.0
31971,5.015,0.0
31972,5.025,0.0
31973,5.02,0.0
31974,5.015,0.0
31975,5.015,0.0
31976,5.03,0.0
31977,5.025,0.0
31978,5.025,0.0
31979,5.025,0.0
31980,5.04,0.0
31981,5.04,0.0
31982,5.04,0.0
31983,5.09,0.0
31984,5.205,0.0
31985,5.585,0.0
31986,6.04,0.0
31987,5.96,0.0
31988,5.665,0.0
31989,5.53,0.0
31990,5.465,0.0
31991,5.41,0.0
31992,5.375,0.0
31993,5.32,0.0
31994,5.215,0.0
31995,5.045,0.0
31996,4.825,0.0
31997,4.535,0.0
31998,4.215,0.0
31999,3.875,0.0
32000,3.77,0.0
32001,3.245,0.0
32002,3.0,0.0
32003,2.79,0.0
32004,2.655,0.0
32005,2.545,0.0
32006,2.425,0.0
32007,2.29,0.0
32008,2.205,0.0
32009,2.175,0.0
32010,2.135,0.0
32011,2.09,0.0
32012,2.065,0.0
32013,2.065,0.0
32014,2.065,0.0
32015,2.05,0.0
32016,2.06,0.0
32017,2.105,0.0
32018,2.17,0.0
32019,2.275,0.0
32020,2.42,0.0
32021,2.61,0.0
32022,2.795,0.0
32023,3.005,0.0
32024,3.275,0.0
32025,3.37,0.0
32026,3.91,0.0
32027,4.2,0.0
32028,4.475,0.0
32029,4.765,0.0
32030,5.03,0.0
32031,5.25,0.0
32032,5.43,0.0
32033,5.6,0.0
32034,5.755,0.0
32035,5.84,0.0
32036,5.895,0.0
32037,5.945,0.0
32038,6.0,0.0
32039,6.04,0.0
32040,6.07,0.0
32041,6.11,0.0
32042,6.15,0.0
32043,6.195,0.0
32044,6.22,0.0
32045,6.255,0.0
32046,6.315,0.0
32047,6.355,0.0
32048,6.39,0.0
32049,6.425,0.0
32050,6.445,0.0
32051,6.535,0.0
32052,6.575,0.0
32053,6.615,0.0
32054,6.67,0.0
32055,6.72,0.0
32056,6.76,0.0
32057,6.785,0.0
32058,6.84,0.0
32059,6.9,0.0
32060,6.935,0.0
32061,6.96,0.0
32062,6.995,0.0
32063,7.045,0.0
32064,7.06,0.0
32065,7.07,0.0
32066,7.075,0.0
32067,7.09,0.0
32068,7.095,0.0
32069,7.07,0.0
32070,7.035,0.0
32071,7.01,0.0
32072,6.985,0.0
32073,6.92,0.0
32074,6.85,0.0
32075,6.825,0.0
32076,6.735,0.0
32077,6.635,0.0
32078,6.55,0.0
32079,6.465,0.0
32080,6.395,0.0
32081,6.295,0.0
32082,6.21,0.0
32083,6.12,0.0
32084,6.06,0.0
32085,5.97,0.0
32086,5.88,0.0
32087,5.82,0.0
32088,5.765,0.0
32089,5.71,0.0
32090,5.64,0.0
32091,5.59,0.0
32092,5.565,0.0
32093,5.52,0.0
32094,5.475,0.0
32095,5.425,0.0
32096,5.395,0.0
32097,5.385,0.0
32098,5.355,0.0
32099,5.33,0.0
32100,5.32,0.0
32101,5.295,0.0
32102,5.29,0.0
32103,5.26,0.0
32104,5.245,0.0
32105,5.25,0.0
32106,5.24,0.0
32107,5.21,0.0
32108,5.215,0.0
32109,5.225,0.0
32110,5.22,0.0
32111,5.2,0.0
32112,5.2,0.0
32113,5.215,0.0
32114,5.21,0.0
32115,5.195,0.0
32116,5.2,0.0
32117,5.215,0.0
32118,5.215,0.0
32119,5.205,0.0
32120,5.205,0.0
32121,5.205,0.0
32122,5.205,0.0
32123,5.21,0.0
32124,5.195,0.0
32125,5.195,0.0
32126,5.22,0.0
32127,5.215,0.0
32128,5.2,0.0
32129,5.21,0.0
32130,5.225,0.0
32131,5.215,0.0
32132,5.195,0.0
32133,5.2,0.0
32134,5.21,0.0
32135,5.2,0.0
32136,5.19,0.0
32137,5.185,0.0
32138,5.195,0.0
32139,5.195,0.0
32140,5.18,0.0
32141,5.165,0.0
32142,5.18,0.0
32143,5.18,0.0
32144,5.16,0.0
32145,5.15,0.0
32146,5.155,0.0
32147,5.16,0.0
32148,5.14,0.0
32149,5.13,0.0
32150,5.13,0.0
32151,5.14,0.0
32152,5.125,0.0
32153,5.115,0.0
32154,5.11,0.0
32155,5.12,0.0
32156,5.105,0.0
32157,5.09,0.0
32158,5.1,0.0
32159,5.1,0.0
32160,5.1,0.0
32161,5.085,0.0
32162,5.08,0.0
32163,5.085,0.0
32164,5.085,0.0
32165,5.075,0.0
32166,5.06,0.0
32167,5.07,0.0
32168,5.08,0.0
32169,5.06,0.0
32170,5.055,0.0
32171,5.07,0.0
32172,5.07,0.0
32173,5.065,0.0
32174,5.055,0.0
32175,5.055,0.0
32176,5.08,0.0
32177,5.085,0.0
32178,5.085,0.0
32179,5.095,0.0
32180,5.115,0.0
32181,5.11,0.0
32182,5.105,0.0
32183,5.105,0.0
32184,5.115,0.0
32185,5.105,0.0
32186,5.1,0.0
32187,5.085,0.0
32188,5.1,0.0
32189,5.09,0.0
32190,5.075,0.0
32191,5.055,0.0
32192,5.055,0.0
32193,5.055,0.0
32194,5.035,0.0
32195,5.02,0.0
32196,5.025,0.0
32197,5.02,0.0
32198,5.01,0.0
32199,5.02,0.0
32200,5.03,0.0
32201,5.3,0.0
32202,5.75,0.0
32203,6.01,0.0
32204,5.75,0.0
32205,5.52,0.0
32206,5.445,0.0
32207,5.395,0.0
32208,5.335,0.0
32209,5.3,0.0
32210,5.195,0.0
32211,5.02,0.0
32212,4.765,0.0
32213,4.465,0.0
32214,4.115,0.0
32215,3.775,0.0
32216,3.43,0.0
32217,3.175,0.0
32218,2.975,0.0
32219,2.815,0.0
32220,2.69,0.0
32221,2.59,0.0
32222,2.47,0.0
32223,2.345,0.0
32224,2.265,0.0
32225,2.245,0.0
32226,2.19,0.0
32227,2.135,0.0
32228,2.1,0.0
32229,2.095,0.0
32230,2.09,0.0
32231,2.08,0.0
32232,2.075,0.0
32233,2.075,0.0
32234,2.135,0.0
32235,2.22,0.0
32236,2.355,0.0
32237,2.54,0.0
32238,2.74,0.0
32239,2.985,0.0
32240,3.29,0.0
32241,3.63,0.0
32242,3.99,0.0
32243,4.315,0.0
32244,4.6,0.0
32245,4.865,0.0
32246,5.115,0.0
32247,5.32,0.0
32248,5.515,0.0
32249,5.68,0.0
32250,5.725,0.0
32251,5.91,0.0
32252,5.965,0.0
32253,6.03,0.0
32254,6.095,0.0
32255,6.15,0.0
32256,6.185,0.0
32257,6.225,0.0
32258,6.28,0.0
32259,6.335,0.0
32260,6.38,0.0
32261,6.425,0.0
32262,6.46,0.0
32263,6.525,0.0
32264,6.57,0.0
32265,6.61,0.0
32266,6.66,0.0
32267,6.72,0.0
32268,6.77,0.0
32269,6.81,0.0
32270,6.86,0.0
32271,6.92,0.0
32272,6.975,0.0
32273,7.015,0.0
32274,7.05,0.0
32275,7.065,0.0
32276,7.13,0.0
32277,7.14,0.0
32278,7.155,0.0
32279,7.165,0.0
32280,7.18,0.0
32281,7.165,0.0
32282,7.125,0.0
32283,7.095,0.0
32284,7.07,0.0
32285,6.995,0.0
32286,6.92,0.0
32287,6.85,0.0
32288,6.775,0.0
32289,6.675,0.0
32290,6.56,0.0
32291,6.455,0.0
32292,6.375,0.0
32293,6.28,0.0
32294,6.18,0.0
32295,6.085,0.0
32296,6.0,0.0
32297,5.925,0.0
32298,5.83,0.0
32299,5.755,0.0
32300,5.735,0.0
32301,5.64,0.0
32302,5.575,0.0
32303,5.52,0.0
32304,5.485,0.0
32305,5.455,0.0
32306,5.415,0.0
32307,5.375,0.0
32308,5.34,0.0
32309,5.335,0.0
32310,5.305,0.0
32311,5.28,0.0
32312,5.26,0.0
32313,5.26,0.0
32314,5.245,0.0
32315,5.23,0.0
32316,5.215,0.0
32317,5.215,0.0
32318,5.215,0.0
32319,5.205,0.0
32320,5.195,0.0
32321,5.205,0.0
32322,5.205,0.0
32323,5.2,0.0
32324,5.185,0.0
32325,5.185,0.0
32326,5.19,0.0
32327,5.2,0.0
32328,5.19,0.0
32329,5.185,0.0
32330,5.205,0.0
32331,5.2,0.0
32332,5.19,0.0
32333,5.195,0.0
32334,5.205,0.0
32335,5.2,0.0
32336,5.195,0.0
32337,5.19,0.0
32338,5.215,0.0
32339,5.21,0.0
32340,5.195,0.0
32341,5.19,0.0
32342,5.2,0.0
32343,5.21,0.0
32344,5.205,0.0
32345,5.19,0.0
32346,5.19,0.0
32347,5.195,0.0
32348,5.18,0.0
32349,5.165,0.0
32350,5.165,0.0
32351,5.185,0.0
32352,5.17,0.0
32353,5.15,0.0
32354,5.15,0.0
32355,5.165,0.0
32356,5.15,0.0
32357,5.14,0.0
32358,5.13,0.0
32359,5.14,0.0
32360,5.125,0.0
32361,5.11,0.0
32362,5.105,0.0
32363,5.115,0.0
32364,5.115,0.0
32365,5.1,0.0
32366,5.085,0.0
32367,5.1,0.0
32368,5.105,0.0
32369,5.09,0.0
32370,5.08,0.0
32371,5.085,0.0
32372,5.085,0.0
32373,5.075,0.0
32374,5.06,0.0
32375,5.065,0.0
32376,5.085,0.0
32377,5.07,0.0
32378,5.065,0.0
32379,5.055,0.0
32380,5.07,0.0
32381,5.065,0.0
32382,5.045,0.0
32383,5.05,0.0
32384,5.055,0.0
32385,5.06,0.0
32386,5.05,0.0
32387,5.035,0.0
32388,5.05,0.0
32389,5.055,0.0
32390,5.04,0.0
32391,5.04,0.0
32392,5.045,0.0
32393,5.055,0.0
32394,5.045,0.0
32395,5.04,0.0
32396,5.045,0.0
32397,5.055,0.0
32398,5.045,0.0
32399,5.03,0.0
32400,5.025,0.0
32401,5.06,0.0
32402,5.06,0.0
32403,5.045,0.0
32404,5.085,0.0
32405,5.18,0.0
32406,5.505,0.0
32407,5.95,0.0
32408,5.83,0.0
32409,5.545,0.0
32410,5.445,0.0
32411,5.365,0.0
32412,5.285,0.0
32413,5.175,0.0
32414,4.99,0.0
32415,4.73,0.0
32416,4.445,0.0
32417,4.13,0.0
32418,3.835,0.0
32419,3.565,0.0
32420,3.315,0.0
32421,3.07,0.0
32422,2.785,0.0
32423,2.54,0.0
32424,2.37,0.0
32425,2.33,0.0
32426,2.17,0.0
32427,2.09,0.0
32428,2.05,0.0
32429,2.035,0.0
32430,2.04,0.0
32431,2.02,0.0
32432,2.01,0.0
32433,2.01,0.0
32434,2.03,0.0
32435,2.065,0.0
32436,2.115,0.0
32437,2.245,0.0
32438,2.46,0.0
32439,2.715,0.0
32440,3.05,0.0
32441,3.435,0.0
32442,3.855,0.0
32443,4.245,0.0
32444,4.545,0.0
32445,4.825,0.0
32446,5.105,0.0
32447,5.355,0.0
32448,5.565,0.0
32449,5.7,0.0
32450,5.735,0.0
32451,5.885,0.0
32452,5.925,0.0
32453,5.96,0.0
32454,6.02,0.0
32455,6.07,0.0
32456,6.095,0.0
32457,6.12,0.0
32458,6.16,0.0
32459,6.21,0.0
32460,6.24,0.0
32461,6.27,0.0
32462,6.305,0.0
32463,6.37,0.0
32464,6.39,0.0
32465,6.435,0.0
32466,6.465,0.0
32467,6.525,0.0
32468,6.57,0.0
32469,6.6,0.0
32470,6.64,0.0
32471,6.705,0.0
32472,6.755,0.0
32473,6.79,0.0
32474,6.82,0.0
32475,6.835,0.0
32476,6.905,0.0
32477,6.93,0.0
32478,6.945,0.0
32479,6.97,0.0
32480,7.0,0.0
32481,7.005,0.0
32482,6.985,0.0
32483,6.96,0.0
32484,6.94,0.0
32485,6.9,0.0
32486,6.83,0.0
32487,6.765,0.0
32488,6.715,0.0
32489,6.62,0.0
32490,6.52,0.0
32491,6.42,0.0
32492,6.33,0.0
32493,6.23,0.0
32494,6.12,0.0
32495,6.025,0.0
32496,5.935,0.0
32497,5.86,0.0
32498,5.775,0.0
32499,5.675,0.0
32500,5.65,0.0
32501,5.565,0.0
32502,5.505,0.0
32503,5.45,0.0
32504,5.415,0.0
32505,5.395,0.0
32506,5.36,0.0
32507,5.315,0.0
32508,5.3,0.0
32509,5.305,0.0
32510,5.285,0.0
32511,5.265,0.0
32512,5.25,0.0
32513,5.265,0.0
32514,5.26,0.0
32515,5.24,0.0
32516,5.235,0.0
32517,5.24,0.0
32518,5.245,0.0
32519,5.24,0.0
32520,5.23,0.0
32521,5.235,0.0
32522,5.245,0.0
32523,5.235,0.0
32524,5.225,0.0
32525,5.23,0.0
32526,5.255,0.0
32527,5.235,0.0
32528,5.23,0.0
32529,5.22,0.0
32530,5.24,0.0
32531,5.225,0.0
32532,5.215,0.0
32533,5.215,0.0
32534,5.225,0.0
32535,5.215,0.0
32536,5.205,0.0
32537,5.195,0.0
32538,5.2,0.0
32539,5.195,0.0
32540,5.18,0.0
32541,5.175,0.0
32542,5.185,0.0
32543,5.175,0.0
32544,5.16,0.0
32545,5.14,0.0
32546,5.14,0.0
32547,5.145,0.0
32548,5.135,0.0
32549,5.125,0.0
32550,5.115,0.0
32551,5.12,0.0
32552,5.115,0.0
32553,5.1,0.0
32554,5.11,0.0
32555,5.115,0.0
32556,5.1,0.0
32557,5.08,0.0
32558,5.085,0.0
32559,5.085,0.0
32560,5.085,0.0
32561,5.07,0.0
32562,5.065,0.0
32563,5.08,0.0
32564,5.06,0.0
32565,5.055,0.0
32566,5.05,0.0
32567,5.065,0.0
32568,5.065,0.0
32569,5.055,0.0
32570,5.045,0.0
32571,5.045,0.0
32572,5.055,0.0
32573,5.045,0.0
32574,5.035,0.0
32575,5.035,0.0
32576,5.05,0.0
32577,5.045,0.0
32578,5.03,0.0
32579,5.04,0.0
32580,5.05,0.0
32581,5.045,0.0
32582,5.04,0.0
32583,5.035,0.0
32584,5.045,0.0
32585,5.045,0.0
32586,5.03,0.0
32587,5.025,0.0
32588,5.045,0.0
32589,5.055,0.0
32590,5.045,0.0
32591,5.035,0.0
32592,5.04,0.0
32593,5.05,0.0
32594,5.04,0.0
32595,5.03,0.0
32596,5.05,0.0
32597,5.055,0.0
32598,5.055,0.0
32599,5.045,0.0
32600,5.05,0.0
32601,5.215,0.0
32602,5.625,0.0
32603,6.0,0.0
32604,5.785,0.0
32605,5.52,0.0
32606,5.43,0.0
32607,5.36,0.0
32608,5.26,0.0
32609,5.125,0.0
32610,4.905,0.0
32611,4.65,0.0
32612,4.34,0.0
32613,4.02,0.0
32614,3.725,0.0
32615,3.465,0.0
32616,3.23,0.0
32617,2.99,0.0
32618,2.71,0.0
32619,2.495,0.0
32620,2.35,0.0
32621,2.235,0.0
32622,2.145,0.0
32623,2.09,0.0
32624,2.06,0.0
32625,2.05,0.0
32626,2.04,0.0
32627,2.02,0.0
32628,2.015,0.0
32629,2.035,0.0
32630,2.07,0.0
32631,2.125,0.0
32632,2.21,0.0
32633,2.395,0.0
32634,2.62,0.0
32635,2.885,0.0
32636,3.185,0.0
32637,3.555,0.0
32638,3.93,0.0
32639,4.265,0.0
32640,4.555,0.0
32641,4.845,0.0
32642,5.105,0.0
32643,5.345,0.0
32644,5.525,0.0
32645,5.66,0.0
32646,5.775,0.0
32647,5.855,0.0
32648,5.905,0.0
32649,5.96,0.0
32650,5.985,0.0
32651,6.065,0.0
32652,6.085,0.0
32653,6.105,0.0
32654,6.155,0.0
32655,6.2,0.0
32656,6.22,0.0
32657,6.23,0.0
32658,6.27,0.0
32659,6.305,0.0
32660,6.33,0.0
32661,6.36,0.0
32662,6.39,0.0
32663,6.44,0.0
32664,6.455,0.0
32665,6.49,0.0
32666,6.525,0.0
32667,6.58,0.0
32668,6.615,0.0
32669,6.65,0.0
32670,6.685,0.0
32671,6.725,0.0
32672,6.775,0.0
32673,6.805,0.0
32674,6.83,0.0
32675,6.835,0.0
32676,6.895,0.0
32677,6.91,0.0
32678,6.925,0.0
32679,6.935,0.0
32680,6.955,0.0
32681,6.93,0.0
32682,6.9,0.0
32683,6.87,0.0
32684,6.855,0.0
32685,6.795,0.0
32686,6.735,0.0
32687,6.665,0.0
32688,6.605,0.0
32689,6.52,0.0
32690,6.42,0.0
32691,6.32,0.0
32692,6.24,0.0
32693,6.15,0.0
32694,6.05,0.0
32695,5.95,0.0
32696,5.88,0.0
32697,5.805,0.0
32698,5.74,0.0
32699,5.655,0.0
32700,5.625,0.0
32701,5.565,0.0
32702,5.5,0.0
32703,5.45,0.0
32704,5.415,0.0
32705,5.395,0.0
32706,5.35,0.0
32707,5.325,0.0
32708,5.3,0.0
32709,5.3,0.0
32710,5.285,0.0
32711,5.27,0.0
32712,5.255,0.0
32713,5.26,0.0
32714,5.25,0.0
32715,5.24,0.0
32716,5.23,0.0
32717,5.24,0.0
32718,5.245,0.0
32719,5.24,0.0
32720,5.225,0.0
32721,5.23,0.0
32722,5.23,0.0
32723,5.235,0.0
32724,5.23,0.0
32725,5.225,0.0
32726,5.235,0.0
32727,5.23,0.0
32728,5.215,0.0
32729,5.22,0.0
32730,5.23,0.0
32731,5.215,0.0
32732,5.22,0.0
32733,5.21,0.0
32734,5.215,0.0
32735,5.215,0.0
32736,5.21,0.0
32737,5.19,0.0
32738,5.205,0.0
32739,5.205,0.0
32740,5.195,0.0
32741,5.18,0.0
32742,5.18,0.0
32743,5.185,0.0
32744,5.175,0.0
32745,5.155,0.0
32746,5.155,0.0
32747,5.16,0.0
32748,5.145,0.0
32749,5.135,0.0
32750,5.13,0.0
32751,5.14,0.0
32752,5.125,0.0
32753,5.115,0.0
32754,5.105,0.0
32755,5.12,0.0
32756,5.105,0.0
32757,5.085,0.0
32758,5.09,0.0
32759,5.105,0.0
32760,5.095,0.0
32761,5.08,0.0
32762,5.07,0.0
32763,5.08,0.0
32764,5.08,0.0
32765,5.07,0.0
32766,5.06,0.0
32767,5.07,0.0
32768,5.065,0.0
32769,5.06,0.0
32770,5.05,0.0
32771,5.06,0.0
32772,5.065,0.0
32773,5.045,0.0
32774,5.045,0.0
32775,5.04,0.0
32776,5.06,0.0
32777,5.045,0.0
32778,5.035,0.0
32779,5.035,0.0
32780,5.05,0.0
32781,5.04,0.0
32782,5.03,0.0
32783,5.035,0.0
32784,5.05,0.0
32785,5.045,0.0
32786,5.035,0.0
32787,5.03,0.0
32788,5.05,0.0
32789,5.05,0.0
32790,5.03,0.0
32791,5.03,0.0
32792,5.035,0.0
32793,5.045,0.0
32794,5.035,0.0
32795,5.025,0.0
32796,5.04,0.0
32797,5.045,0.0
32798,5.035,0.0
32799,5.03,0.0
32800,5.03,0.0
32801,5.05,0.0
32802,5.035,0.0
32803,5.035,0.0
32804,5.04,0.0
32805,5.05,0.0
32806,5.06,0.0
32807,5.075,0.0
32808,5.115,0.0
32809,5.32,0.0
32810,5.825,0.0
32811,6.02,0.0
32812,5.71,0.0
32813,5.53,0.0
32814,5.46,0.0
32815,5.41,0.0
32816,5.36,0.0
32817,5.3,0.0
32818,5.16,0.0
32819,4.925,0.0
32820,4.6,0.0
32821,4.285,0.0
32822,3.94,0.0
32823,3.565,0.0
32824,3.255,0.0
32825,3.17,0.0
32826,2.815,0.0
32827,2.625,0.0
32828,2.475,0.0
32829,2.31,0.0
32830,2.195,0.0
32831,2.12,0.0
32832,2.075,0.0
32833,2.05,0.0
32834,2.055,0.0
32835,2.04,0.0
32836,2.02,0.0
32837,2.015,0.0
32838,2.035,0.0
32839,2.07,0.0
32840,2.1,0.0
32841,2.18,0.0
32842,2.335,0.0
32843,2.525,0.0
32844,2.735,0.0
32845,3.015,0.0
32846,3.375,0.0
32847,3.75,0.0
32848,4.08,0.0
32849,4.415,0.0
32850,4.52,0.0
32851,5.005,0.0
32852,5.225,0.0
32853,5.43,0.0
32854,5.63,0.0
32855,5.76,0.0
32856,5.835,0.0
32857,5.88,0.0
32858,5.93,0.0
32859,5.975,0.0
32860,6.0,0.0
32861,6.04,0.0
32862,6.07,0.0
32863,6.13,0.0
32864,6.175,0.0
32865,6.205,0.0
32866,6.235,0.0
32867,6.285,0.0
32868,6.315,0.0
32869,6.35,0.0
32870,6.385,0.0
32871,6.425,0.0
32872,6.475,0.0
32873,6.5,0.0
32874,6.535,0.0
32875,6.545,0.0
32876,6.62,0.0
32877,6.655,0.0
32878,6.695,0.0
32879,6.735,0.0
32880,6.79,0.0
32881,6.83,0.0
32882,6.85,0.0
32883,6.895,0.0
32884,6.94,0.0
32885,6.95,0.0
32886,6.965,0.0
32887,6.975,0.0
32888,7.0,0.0
32889,7.0,0.0
32890,6.975,0.0
32891,6.94,0.0
32892,6.915,0.0
32893,6.87,0.0
32894,6.81,0.0
32895,6.73,0.0
32896,6.655,0.0
32897,6.575,0.0
32898,6.49,0.0
32899,6.385,0.0
32900,6.35,0.0
32901,6.2,0.0
32902,6.09,0.0
32903,5.995,0.0
32904,5.915,0.0
32905,5.84,0.0
32906,5.76,0.0
32907,5.69,0.0
32908,5.63,0.0
32909,5.59,0.0
32910,5.535,0.0
32911,5.475,0.0
32912,5.44,0.0
32913,5.42,0.0
32914,5.39,0.0
32915,5.35,0.0
32916,5.32,0.0
32917,5.325,0.0
32918,5.32,0.0
32919,5.29,0.0
32920,5.285,0.0
32921,5.295,0.0
32922,5.28,0.0
32923,5.28,0.0
32924,5.265,0.0
32925,5.26,0.0
32926,5.285,0.0
32927,5.275,0.0
32928,5.265,0.0
32929,5.27,0.0
32930,5.285,0.0
32931,5.27,0.0
32932,5.26,0.0
32933,5.265,0.0
32934,5.275,0.0
32935,5.275,0.0
32936,5.265,0.0
32937,5.255,0.0
32938,5.27,0.0
32939,5.265,0.0
32940,5.255,0.0
32941,5.255,0.0
32942,5.26,0.0
32943,5.255,0.0
32944,5.26,0.0
32945,5.24,0.0
32946,5.24,0.0
32947,5.24,0.0
32948,5.235,0.0
32949,5.205,0.0
32950,5.2,0.0
32951,5.215,0.0
32952,5.205,0.0
32953,5.19,0.0
32954,5.185,0.0
32955,5.185,0.0
32956,5.185,0.0
32957,5.16,0.0
32958,5.155,0.0
32959,5.165,0.0
32960,5.16,0.0
32961,5.13,0.0
32962,5.125,0.0
32963,5.14,0.0
32964,5.135,0.0
32965,5.12,0.0
32966,5.115,0.0
32967,5.11,0.0
32968,5.12,0.0
32969,5.115,0.0
32970,5.105,0.0
32971,5.11,0.0
32972,5.11,0.0
32973,5.1,0.0
32974,5.09,0.0
32975,5.085,0.0
32976,5.095,0.0
32977,5.085,0.0
32978,5.065,0.0
32979,5.075,0.0
32980,5.095,0.0
32981,5.075,0.0
32982,5.065,0.0
32983,5.07,0.0
32984,5.08,0.0
32985,5.08,0.0
32986,5.065,0.0
32987,5.065,0.0
32988,5.07,0.0
32989,5.07,0.0
32990,5.06,0.0
32991,5.06,0.0
32992,5.065,0.0
32993,5.075,0.0
32994,5.06,0.0
32995,5.05,0.0
32996,5.06,0.0
32997,5.065,0.0
32998,5.06,0.0
32999,5.05,0.0
33000,5.055,0.0
33001,5.07,0.0
33002,5.06,0.0
33003,5.055,0.0
33004,5.055,0.0
33005,5.075,0.0
33006,5.07,0.0
33007,5.055,0.0
33008,5.075,0.0
33009,5.085,0.0
33010,5.1,0.0
33011,5.145,0.0
33012,5.435,0.0
33013,5.97,0.0
33014,6.075,0.0
33015,5.705,0.0
33016,5.49,0.0
33017,5.45,0.0
33018,5.375,0.0
33019,5.25,0.0
33020,5.085,0.0
33021,4.865,0.0
33022,4.605,0.0
33023,4.275,0.0
33024,3.97,0.0
33025,3.875,0.0
33026,3.49,0.0
33027,3.25,0.0
33028,2.98,0.0
33029,2.73,0.0
33030,2.56,0.0
33031,2.415,0.0
33032,2.29,0.0
33033,2.18,0.0
33034,2.155,0.0
33035,2.1,0.0
33036,2.06,0.0
33037,2.045,0.0
33038,2.045,0.0
33039,2.045,0.0
33040,2.035,0.0
33041,2.045,0.0
33042,2.095,0.0
33043,2.16,0.0
33044,2.28,0.0
33045,2.44,0.0
33046,2.66,0.0
33047,2.955,0.0
33048,3.3,0.0
33049,3.675,0.0
33050,3.8,0.0
33051,4.39,0.0
33052,4.7,0.0
33053,4.995,0.0
33054,5.255,0.0
33055,5.485,0.0
33056,5.655,0.0
33057,5.775,0.0
33058,5.86,0.0
33059,5.935,0.0
33060,5.98,0.0
33061,6.02,0.0
33062,6.06,0.0
33063,6.11,0.0
33064,6.155,0.0
33065,6.18,0.0
33066,6.215,0.0
33067,6.275,0.0
33068,6.32,0.0
33069,6.35,0.0
33070,6.39,0.0
33071,6.43,0.0
33072,6.48,0.0
33073,6.52,0.0
33074,6.55,0.0
33075,6.565,0.0
33076,6.655,0.0
33077,6.67,0.0
33078,6.695,0.0
33079,6.735,0.0
33080,6.785,0.0
33081,6.805,0.0
33082,6.825,0.0
33083,6.86,0.0
33084,6.895,0.0
33085,6.915,0.0
33086,6.925,0.0
33087,6.955,0.0
33088,6.97,0.0
33089,6.99,0.0
33090,7.0,0.0
33091,7.01,0.0
33092,7.01,0.0
33093,7.005,0.0
33094,6.95,0.0
33095,6.905,0.0
33096,6.87,0.0
33097,6.805,0.0
33098,6.725,0.0
33099,6.645,0.0
33100,6.61,0.0
33101,6.475,0.0
33102,6.375,0.0
33103,6.275,0.0
33104,6.175,0.0
33105,6.095,0.0
33106,6.005,0.0
33107,5.9,0.0
33108,5.825,0.0
33109,5.775,0.0
33110,5.685,0.0
33111,5.605,0.0
33112,5.535,0.0
33113,5.49,0.0
33114,5.445,0.0
33115,5.39,0.0
33116,5.35,0.0
33117,5.335,0.0
33118,5.31,0.0
33119,5.285,0.0
33120,5.27,0.0
33121,5.27,0.0
33122,5.26,0.0
33123,5.25,0.0
33124,5.245,0.0
33125,5.24,0.0
33126,5.26,0.0
33127,5.24,0.0
33128,5.24,0.0
33129,5.24,0.0
33130,5.25,0.0
33131,5.24,0.0
33132,5.235,0.0
33133,5.23,0.0
33134,5.26,0.0
33135,5.25,0.0
33136,5.245,0.0
33137,5.235,0.0
33138,5.255,0.0
33139,5.26,0.0
33140,5.25,0.0
33141,5.235,0.0
33142,5.245,0.0
33143,5.255,0.0
33144,5.23,0.0
33145,5.22,0.0
33146,5.235,0.0
33147,5.23,0.0
33148,5.225,0.0
33149,5.2,0.0
33150,5.195,0.0
33151,5.215,0.0
33152,5.2,0.0
33153,5.185,0.0
33154,5.175,0.0
33155,5.18,0.0
33156,5.17,0.0
33157,5.15,0.0
33158,5.145,0.0
33159,5.15,0.0
33160,5.15,0.0
33161,5.14,0.0
33162,5.125,0.0
33163,5.14,0.0
33164,5.125,0.0
33165,5.115,0.0
33166,5.105,0.0
33167,5.11,0.0
33168,5.115,0.0
33169,5.105,0.0
33170,5.095,0.0
33171,5.115,0.0
33172,5.095,0.0
33173,5.095,0.0
33174,5.075,0.0
33175,5.075,0.0
33176,5.095,0.0
33177,5.085,0.0
33178,5.07,0.0
33179,5.075,0.0
33180,5.07,0.0
33181,5.065,0.0
33182,5.06,0.0
33183,5.06,0.0
33184,5.07,0.0
33185,5.055,0.0
33186,5.05,0.0
33187,5.045,0.0
33188,5.06,0.0
33189,5.055,0.0
33190,5.05,0.0
33191,5.035,0.0
33192,5.05,0.0
33193,5.045,0.0
33194,5.035,0.0
33195,5.03,0.0
33196,5.04,0.0
33197,5.04,0.0
33198,5.04,0.0
33199,5.035,0.0
33200,5.03,0.0
33201,5.045,0.0
33202,5.035,0.0
33203,5.02,0.0
33204,5.035,0.0
33205,5.045,0.0
33206,5.03,0.0
33207,5.03,0.0
33208,5.03,0.0
33209,5.045,0.0
33210,5.03,0.0
33211,5.02,0.0
33212,5.03,0.0
33213,5.05,0.0
33214,5.065,0.0
33215,5.07,0.0
33216,5.12,0.0
33217,5.46,0.0
33218,5.955,0.0
33219,5.925,0.0
33220,5.59,0.0
33221,5.455,0.0
33222,5.375,0.0
33223,5.275,0.0
33224,5.16,0.0
33225,5.12,0.0
33226,4.825,0.0
33227,4.56,0.0
33228,4.26,0.0
33229,3.965,0.0
33230,3.73,0.0
33231,3.52,0.0
33232,3.315,0.0
33233,3.05,0.0
33234,2.78,0.0
33235,2.56,0.0
33236,2.405,0.0
33237,2.29,0.0
33238,2.195,0.0
33239,2.12,0.0
33240,2.07,0.0
33241,2.045,0.0
33242,2.035,0.0
33243,2.025,0.0
33244,2.015,0.0
33245,2.01,0.0
33246,2.04,0.0
33247,2.07,0.0
33248,2.12,0.0
33249,2.21,0.0
33250,2.25,0.0
33251,2.63,0.0
33252,2.895,0.0
33253,3.23,0.0
33254,3.605,0.0
33255,3.975,0.0
33256,4.295,0.0
33257,4.555,0.0
33258,4.82,0.0
33259,5.07,0.0
33260,5.295,0.0
33261,5.51,0.0
33262,5.675,0.0
33263,5.79,0.0
33264,5.865,0.0
33265,5.915,0.0
33266,5.96,0.0
33267,6.015,0.0
33268,6.055,0.0
33269,6.07,0.0
33270,6.1,0.0
33271,6.145,0.0
33272,6.17,0.0
33273,6.2,0.0
33274,6.215,0.0
33275,6.23,0.0
33276,6.295,0.0
33277,6.31,0.0
33278,6.33,0.0
33279,6.38,0.0
33280,6.435,0.0
33281,6.455,0.0
33282,6.48,0.0
33283,6.52,0.0
33284,6.58,0.0
33285,6.605,0.0
33286,6.65,0.0
33287,6.675,0.0
33288,6.74,0.0
33289,6.775,0.0
33290,6.8,0.0
33291,6.835,0.0
33292,6.885,0.0
33293,6.915,0.0
33294,6.93,0.0
33295,6.945,0.0
33296,6.97,0.0
33297,6.985,0.0
33298,6.97,0.0
33299,6.965,0.0
33300,6.96,0.0
33301,6.93,0.0
33302,6.865,0.0
33303,6.8,0.0
33304,6.745,0.0
33305,6.68,0.0
33306,6.585,0.0
33307,6.48,0.0
33308,6.4,0.0
33309,6.325,0.0
33310,6.205,0.0
33311,6.11,0.0
33312,6.0,0.0
33313,5.93,0.0
33314,5.845,0.0
33315,5.77,0.0
33316,5.7,0.0
33317,5.65,0.0
33318,5.575,0.0
33319,5.51,0.0
33320,5.445,0.0
33321,5.415,0.0
33322,5.385,0.0
33323,5.34,0.0
33324,5.295,0.0
33325,5.28,0.0
33326,5.27,0.0
33327,5.235,0.0
33328,5.22,0.0
33329,5.215,0.0
33330,5.21,0.0
33331,5.205,0.0
33332,5.18,0.0
33333,5.185,0.0
33334,5.195,0.0
33335,5.19,0.0
33336,5.185,0.0
33337,5.17,0.0
33338,5.185,0.0
33339,5.18,0.0
33340,5.18,0.0
33341,5.16,0.0
33342,5.185,0.0
33343,5.19,0.0
33344,5.19,0.0
33345,5.19,0.0
33346,5.2,0.0
33347,5.205,0.0
33348,5.195,0.0
33349,5.19,0.0
33350,5.185,0.0
33351,5.205,0.0
33352,5.205,0.0
33353,5.195,0.0
33354,5.19,0.0
33355,5.205,0.0
33356,5.195,0.0
33357,5.19,0.0
33358,5.18,0.0
33359,5.18,0.0
33360,5.18,0.0
33361,5.16,0.0
33362,5.155,0.0
33363,5.17,0.0
33364,5.16,0.0
33365,5.15,0.0
33366,5.135,0.0
33367,5.145,0.0
33368,5.15,0.0
33369,5.125,0.0
33370,5.12,0.0
33371,5.115,0.0
33372,5.115,0.0
33373,5.1,0.0
33374,5.085,0.0
33375,5.09,0.0
33376,5.095,0.0
33377,5.095,0.0
33378,5.08,0.0
33379,5.08,0.0
33380,5.09,0.0
33381,5.07,0.0
33382,5.06,0.0
33383,5.06,0.0
33384,5.075,0.0
33385,5.065,0.0
33386,5.055,0.0
33387,5.045,0.0
33388,5.06,0.0
33389,5.04,0.0
33390,5.045,0.0
33391,5.04,0.0
33392,5.045,0.0
33393,5.045,0.0
33394,5.035,0.0
33395,5.025,0.0
33396,5.025,0.0
33397,5.04,0.0
33398,5.03,0.0
33399,5.02,0.0
33400,5.025,0.0
33401,5.045,0.0
33402,5.03,0.0
33403,5.015,0.0
33404,5.02,0.0
33405,5.03,0.0
33406,5.03,0.0
33407,5.02,0.0
33408,5.02,0.0
33409,5.03,0.0
33410,5.035,0.0
33411,5.01,0.0
33412,5.02,0.0
33413,5.04,0.0
33414,5.035,0.0
33415,5.02,0.0
33416,5.02,0.0
33417,5.025,0.0
33418,5.035,0.0
33419,5.02,0.0
33420,5.01,0.0
33421,5.02,0.0
33422,5.03,0.0
33423,5.015,0.0
33424,5.01,0.0
33425,5.01,0.0
33426,5.025,0.0
33427,5.025,0.0
33428,5.02,0.0
33429,5.035,0.0
33430,5.06,0.0
33431,5.105,0.0
33432,5.33,0.0
33433,5.79,0.0
33434,5.93,0.0
33435,5.63,0.0
33436,5.48,0.0
33437,5.43,0.0
33438,5.38,0.0
33439,5.325,0.0
33440,5.25,0.0
33441,5.135,0.0
33442,4.96,0.0
33443,4.71,0.0
33444,4.385,0.0
33445,4.055,0.0
33446,3.72,0.0
33447,3.39,0.0
33448,3.09,0.0
33449,2.83,0.0
33450,2.745,0.0
33451,2.51,0.0
33452,2.34,0.0
33453,2.205,0.0
33454,2.135,0.0
33455,2.105,0.0
33456,2.055,0.0
33457,2.02,0.0
33458,2.015,0.0
33459,2.02,0.0
33460,2.01,0.0
33461,2.015,0.0
33462,2.035,0.0
33463,2.08,0.0
33464,2.155,0.0
33465,2.275,0.0
33466,2.43,0.0
33467,2.66,0.0
33468,2.895,0.0
33469,3.19,0.0
33470,3.535,0.0
33471,3.88,0.0
33472,4.195,0.0
33473,4.525,0.0
33474,4.8,0.0
33475,4.895,0.0
33476,5.29,0.0
33477,5.49,0.0
33478,5.65,0.0
33479,5.765,0.0
33480,5.845,0.0
33481,5.89,0.0
33482,5.955,0.0
33483,5.99,0.0
33484,6.05,0.0
33485,6.075,0.0
33486,6.1,0.0
33487,6.135,0.0
33488,6.175,0.0
33489,6.205,0.0
33490,6.225,0.0
33491,6.26,0.0
33492,6.3,0.0
33493,6.335,0.0
33494,6.365,0.0
33495,6.395,0.0
33496,6.45,0.0
33497,6.49,0.0
33498,6.525,0.0
33499,6.57,0.0
33500,6.58,0.0
33501,6.655,0.0
33502,6.675,0.0
33503,6.715,0.0
33504,6.765,0.0
33505,6.82,0.0
33506,6.84,0.0
33507,6.865,0.0
33508,6.9,0.0
33509,6.93,0.0
33510,6.95,0.0
33511,6.95,0.0
33512,6.965,0.0
33513,6.97,0.0
33514,6.965,0.0
33515,6.94,0.0
33516,6.905,0.0
33517,6.87,0.0
33518,6.835,0.0
33519,6.75,0.0
33520,6.68,0.0
33521,6.62,0.0
33522,6.545,0.0
33523,6.445,0.0
33524,6.34,0.0
33525,6.315,0.0
33526,6.18,0.0
33527,6.1,0.0
33528,6.01,0.0
33529,5.94,0.0
33530,5.87,0.0
33531,5.785,0.0
33532,5.7,0.0
33533,5.635,0.0
33534,5.58,0.0
33535,5.51,0.0
33536,5.45,0.0
33537,5.41,0.0
33538,5.37,0.0
33539,5.33,0.0
33540,5.28,0.0
33541,5.26,0.0
33542,5.24,0.0
33543,5.235,0.0
33544,5.22,0.0
33545,5.205,0.0
33546,5.22,0.0
33547,5.23,0.0
33548,5.21,0.0
33549,5.205,0.0
33550,5.2,0.0
33551,5.205,0.0
33552,5.205,0.0
33553,5.195,0.0
33554,5.2,0.0
33555,5.22,0.0
33556,5.215,0.0
33557,5.195,0.0
33558,5.21,0.0
33559,5.215,0.0
33560,5.215,0.0
33561,5.205,0.0
33562,5.21,0.0
33563,5.22,0.0
33564,5.22,0.0
33565,5.21,0.0
33566,5.205,0.0
33567,5.22,0.0
33568,5.22,0.0
33569,5.2,0.0
33570,5.19,0.0
33571,5.195,0.0
33572,5.205,0.0
33573,5.18,0.0
33574,5.18,0.0
33575,5.18,0.0
33576,5.18,0.0
33577,5.175,0.0
33578,5.155,0.0
33579,5.155,0.0
33580,5.16,0.0
33581,5.135,0.0
33582,5.13,0.0
33583,5.115,0.0
33584,5.13,0.0
33585,5.13,0.0
33586,5.105,0.0
33587,5.105,0.0
33588,5.11,0.0
33589,5.09,0.0
33590,5.095,0.0
33591,5.085,0.0
33592,5.09,0.0
33593,5.1,0.0
33594,5.08,0.0
33595,5.07,0.0
33596,5.08,0.0
33597,5.09,0.0
33598,5.08,0.0
33599,5.06,0.0
33600,5.07,0.0
33601,5.075,0.0
33602,5.065,0.0
33603,5.05,0.0
33604,5.06,0.0
33605,5.07,0.0
33606,5.065,0.0
33607,5.05,0.0
33608,5.055,0.0
33609,5.065,0.0
33610,5.06,0.0
33611,5.05,0.0
33612,5.045,0.0
33613,5.05,0.0
33614,5.06,0.0
33615,5.05,0.0
33616,5.045,0.0
33617,5.055,0.0
33618,5.06,0.0
33619,5.055,0.0
33620,5.045,0.0
33621,5.055,0.0
33622,5.055,0.0
33623,5.055,0.0
33624,5.04,0.0
33625,5.05,0.0
33626,5.05,0.0
33627,5.045,0.0
33628,5.03,0.0
33629,5.04,0.0
33630,5.05,0.0
33631,5.04,0.0
33632,5.035,0.0
33633,5.035,0.0
33634,5.05,0.0
33635,5.04,0.0
33636,5.035,0.0
33637,5.03,0.0
33638,5.04,0.0
33639,5.04,0.0
33640,5.035,0.0
33641,5.025,0.0
33642,5.05,0.0
33643,5.065,0.0
33644,5.075,0.0
33645,5.155,0.0
33646,5.47,0.0
33647,5.91,0.0
33648,5.89,0.0
33649,5.59,0.0
33650,5.515,0.0
33651,5.43,0.0
33652,5.37,0.0
33653,5.295,0.0
33654,5.2,0.0
33655,5.05,0.0
33656,4.79,0.0
33657,4.435,0.0
33658,4.06,0.0
33659,3.69,0.0
33660,3.305,0.0
33661,3.015,0.0
33662,2.795,0.0
33663,2.655,0.0
33664,2.54,0.0
33665,2.385,0.0
33666,2.245,0.0
33667,2.18,0.0
33668,2.125,0.0
33669,2.08,0.0
33670,2.055,0.0
33671,2.055,0.0
33672,2.045,0.0
33673,2.03,0.0
33674,2.015,0.0
33675,2.02,0.0
33676,2.07,0.0
33677,2.115,0.0
33678,2.185,0.0
33679,2.355,0.0
33680,2.54,0.0
33681,2.76,0.0
33682,3.04,0.0
33683,3.4,0.0
33684,3.745,0.0
33685,4.085,0.0
33686,4.405,0.0
33687,4.72,0.0
33688,4.99,0.0
33689,5.21,0.0
33690,5.405,0.0
33691,5.595,0.0
33692,5.755,0.0
33693,5.845,0.0
33694,5.9,0.0
33695,5.945,0.0
33696,6.005,0.0
33697,6.065,0.0
33698,6.09,0.0
33699,6.135,0.0
33700,6.15,0.0
33701,6.225,0.0
33702,6.245,0.0
33703,6.275,0.0
33704,6.325,0.0
33705,6.38,0.0
33706,6.41,0.0
33707,6.445,0.0
33708,6.5,0.0
33709,6.55,0.0
33710,6.59,0.0
33711,6.615,0.0
33712,6.665,0.0
33713,6.735,0.0
33714,6.775,0.0
33715,6.81,0.0
33716,6.85,0.0
33717,6.905,0.0
33718,6.95,0.0
33719,6.99,0.0
33720,7.02,0.0
33721,7.065,0.0
33722,7.09,0.0
33723,7.1,0.0
33724,7.125,0.0
33725,7.135,0.0
33726,7.155,0.0
33727,7.135,0.0
33728,7.105,0.0
33729,7.095,0.0
33730,7.06,0.0
33731,7.01,0.0
33732,6.945,0.0
33733,6.89,0.0
33734,6.835,0.0
33735,6.745,0.0
33736,6.655,0.0
33737,6.56,0.0
33738,6.485,0.0
33739,6.39,0.0
33740,6.295,0.0
33741,6.2,0.0
33742,6.125,0.0
33743,6.045,0.0
33744,5.95,0.0
33745,5.87,0.0
33746,5.815,0.0
33747,5.75,0.0
33748,5.67,0.0
33749,5.605,0.0
33750,5.59,0.0
33751,5.515,0.0
33752,5.465,0.0
33753,5.415,0.0
33754,5.385,0.0
33755,5.37,0.0
33756,5.335,0.0
33757,5.295,0.0
33758,5.28,0.0
33759,5.275,0.0
33760,5.265,0.0
33761,5.235,0.0
33762,5.22,0.0
33763,5.225,0.0
33764,5.215,0.0
33765,5.2,0.0
33766,5.195,0.0
33767,5.2,0.0
33768,5.2,0.0
33769,5.175,0.0
33770,5.175,0.0
33771,5.19,0.0
33772,5.195,0.0
33773,5.185,0.0
33774,5.18,0.0
33775,5.175,0.0
33776,5.2,0.0
33777,5.195,0.0
33778,5.185,0.0
33779,5.195,0.0
33780,5.21,0.0
33781,5.21,0.0
33782,5.205,0.0
33783,5.225,0.0
33784,5.235,0.0
33785,5.245,0.0
33786,5.225,0.0
33787,5.22,0.0
33788,5.24,0.0
33789,5.235,0.0
33790,5.225,0.0
33791,5.2,0.0
33792,5.2,0.0
33793,5.195,0.0
33794,5.16,0.0
33795,5.145,0.0
33796,5.135,0.0
33797,5.125,0.0
33798,5.1,0.0
33799,5.09,0.0
33800,5.085,0.0
33801,5.085,0.0
33802,5.065,0.0
33803,5.055,0.0
33804,5.065,0.0
33805,5.1,0.0
33806,5.085,0.0
33807,5.07,0.0
33808,5.06,0.0
33809,5.07,0.0
33810,5.055,0.0
33811,5.035,0.0
33812,5.03,0.0
33813,5.045,0.0
33814,5.04,0.0
33815,5.025,0.0
33816,5.02,0.0
33817,5.03,0.0
33818,5.035,0.0
33819,5.02,0.0
33820,5.02,0.0
33821,5.02,0.0
33822,5.025,0.0
33823,5.01,0.0
33824,5.0,0.0
33825,5.0,0.0
33826,5.02,0.0
33827,5.01,0.0
33828,4.995,0.0
33829,5.005,0.0
33830,5.015,0.0
33831,5.0,0.0
33832,4.995,0.0
33833,4.995,0.0
33834,5.005,0.0
33835,5.01,0.0
33836,5.0,0.0
33837,4.995,0.0
33838,5.01,0.0
33839,5.005,0.0
33840,5.0,0.0
33841,5.0,0.0
33842,5.01,0.0
33843,5.005,0.0
33844,4.995,0.0
33845,4.99,0.0
33846,4.995,0.0
33847,5.005,0.0
33848,5.005,0.0
33849,5.0,0.0
33850,5.005,0.0
33851,5.025,0.0
33852,5.01,0.0
33853,5.005,0.0
33854,5.02,0.0
33855,5.045,0.0
33856,5.06,0.0
33857,5.155,0.0
33858,5.565,0.0
33859,6.055,0.0
33860,5.885,0.0
33861,5.55,0.0
33862,5.435,0.0
33863,5.395,0.0
33864,5.335,0.0
33865,5.245,0.0
33866,5.115,0.0
33867,4.91,0.0
33868,4.615,0.0
33869,4.25,0.0
33870,3.885,0.0
33871,3.515,0.0
33872,3.14,0.0
33873,2.84,0.0
33874,2.625,0.0
33875,2.57,0.0
33876,2.41,0.0
33877,2.305,0.0
33878,2.17,0.0
33879,2.11,0.0
33880,2.065,0.0
33881,2.03,0.0
33882,1.99,0.0
33883,1.98,0.0
33884,1.985,0.0
33885,1.985,0.0
33886,1.99,0.0
33887,2.025,0.0
33888,2.105,0.0
33889,2.21,0.0
33890,2.35,0.0
33891,2.55,0.0
33892,2.785,0.0
33893,3.07,0.0
33894,3.39,0.0
33895,3.71,0.0
33896,4.045,0.0
33897,4.355,0.0
33898,4.645,0.0
33899,4.9,0.0
33900,4.985,0.0
33901,5.33,0.0
33902,5.5,0.0
33903,5.65,0.0
33904,5.78,0.0
33905,5.865,0.0
33906,5.92,0.0
33907,5.97,0.0
33908,6.03,0.0
33909,6.1,0.0
33910,6.135,0.0
33911,6.175,0.0
33912,6.225,0.0
33913,6.295,0.0
33914,6.345,0.0
33915,6.39,0.0
33916,6.445,0.0
33917,6.505,0.0
33918,6.565,0.0
33919,6.61,0.0
33920,6.675,0.0
33921,6.73,0.0
33922,6.785,0.0
33923,6.83,0.0
33924,6.885,0.0
33925,6.9,0.0
33926,6.995,0.0
33927,7.02,0.0
33928,7.05,0.0
33929,7.1,0.0
33930,7.13,0.0
33931,7.14,0.0
33932,7.13,0.0
33933,7.13,0.0
33934,7.13,0.0
33935,7.1,0.0
33936,7.055,0.0
33937,7.01,0.0
33938,6.96,0.0
33939,6.88,0.0
33940,6.785,0.0
33941,6.695,0.0
33942,6.62,0.0
33943,6.53,0.0
33944,6.41,0.0
33945,6.305,0.0
33946,6.21,0.0
33947,6.12,0.0
33948,6.02,0.0
33949,5.925,0.0
33950,5.89,0.0
33951,5.785,0.0
33952,5.71,0.0
33953,5.64,0.0
33954,5.585,0.0
33955,5.54,0.0
33956,5.49,0.0
33957,5.425,0.0
33958,5.405,0.0
33959,5.38,0.0
33960,5.345,0.0
33961,5.305,0.0
33962,5.275,0.0
33963,5.28,0.0
33964,5.255,0.0
33965,5.22,0.0
33966,5.21,0.0
33967,5.215,0.0
33968,5.205,0.0
33969,5.18,0.0
33970,5.175,0.0
33971,5.17,0.0
33972,5.165,0.0
33973,5.16,0.0
33974,5.145,0.0
33975,5.145,0.0
33976,5.155,0.0
33977,5.14,0.0
33978,5.135,0.0
33979,5.13,0.0
33980,5.145,0.0
33981,5.135,0.0
33982,5.125,0.0
33983,5.12,0.0
33984,5.14,0.0
33985,5.14,0.0
33986,5.13,0.0
33987,5.13,0.0
33988,5.13,0.0
33989,5.13,0.0
33990,5.13,0.0
33991,5.13,0.0
33992,5.14,0.0
33993,5.14,0.0
33994,5.125,0.0
33995,5.12,0.0
33996,5.13,0.0
33997,5.14,0.0
33998,5.135,0.0
33999,5.115,0.0
34000,5.11,0.0
34001,5.13,0.0
34002,5.115,0.0
34003,5.11,0.0
34004,5.11,0.0
34005,5.115,0.0
34006,5.105,0.0
34007,5.085,0.0
34008,5.085,0.0
34009,5.095,0.0
34010,5.09,0.0
34011,5.075,0.0
34012,5.07,0.0
34013,5.075,0.0
34014,5.08,0.0
34015,5.07,0.0
34016,5.07,0.0
34017,5.09,0.0
34018,5.1,0.0
34019,5.09,0.0
34020,5.095,0.0
34021,5.095,0.0
34022,5.095,0.0
34023,5.09,0.0
34024,5.08,0.0
34025,5.075,0.0
34026,5.08,0.0
34027,5.07,0.0
34028,5.04,0.0
34029,5.025,0.0
34030,5.02,0.0
34031,5.005,0.0
34032,4.975,0.0
34033,4.965,0.0
34034,4.97,0.0
34035,4.955,0.0
34036,4.945,0.0
34037,4.965,0.0
34038,5.0,0.0
34039,4.99,0.0
34040,4.98,0.0
34041,4.98,0.0
34042,4.985,0.0
34043,4.985,0.0
34044,4.975,0.0
34045,4.975,0.0
34046,4.995,0.0
34047,4.995,0.0
34048,4.985,0.0
34049,4.985,0.0
34050,4.985,0.0
34051,5.005,0.0
34052,4.99,0.0
34053,4.995,0.0
34054,5.0,0.0
34055,5.015,0.0
34056,5.045,0.0
34057,5.14,0.0
34058,5.565,0.0
34059,6.05,0.0
34060,5.87,0.0
34061,5.525,0.0
34062,5.435,0.0
34063,5.415,0.0
34064,5.37,0.0
34065,5.33,0.0
34066,5.235,0.0
34067,5.08,0.0
34068,4.815,0.0
34069,4.48,0.0
34070,4.15,0.0
34071,3.81,0.0
34072,3.515,0.0
34073,3.26,0.0
34074,3.07,0.0
34075,3.015,0.0
34076,2.73,0.0
34077,2.515,0.0
34078,2.365,0.0
34079,2.285,0.0
34080,2.215,0.0
34081,2.14,0.0
34082,2.06,0.0
34083,2.05,0.0
34084,2.05,0.0
34085,2.04,0.0
34086,2.03,0.0
34087,2.09,0.0
34088,2.185,0.0
34089,2.315,0.0
34090,2.47,0.0
34091,2.655,0.0
34092,2.895,0.0
34093,3.175,0.0
34094,3.515,0.0
34095,3.85,0.0
34096,4.185,0.0
34097,4.495,0.0
34098,4.795,0.0
34099,5.035,0.0
34100,5.115,0.0
34101,5.455,0.0
34102,5.635,0.0
34103,5.745,0.0
34104,5.84,0.0
34105,5.925,0.0
34106,5.98,0.0
34107,6.015,0.0
34108,6.08,0.0
34109,6.145,0.0
34110,6.185,0.0
34111,6.22,0.0
34112,6.27,0.0
34113,6.335,0.0
34114,6.39,0.0
34115,6.425,0.0
34116,6.485,0.0
34117,6.545,0.0
34118,6.585,0.0
34119,6.63,0.0
34120,6.68,0.0
34121,6.745,0.0
34122,6.79,0.0
34123,6.84,0.0
34124,6.895,0.0
34125,6.915,0.0
34126,6.99,0.0
34127,7.02,0.0
34128,7.04,0.0
34129,7.085,0.0
34130,7.11,0.0
34131,7.105,0.0
34132,7.1,0.0
34133,7.09,0.0
34134,7.075,0.0
34135,7.025,0.0
34136,6.96,0.0
34137,6.9,0.0
34138,6.845,0.0
34139,6.76,0.0
34140,6.66,0.0
34141,6.565,0.0
34142,6.475,0.0
34143,6.38,0.0
34144,6.26,0.0
34145,6.165,0.0
34146,6.085,0.0
34147,5.99,0.0
34148,5.91,0.0
34149,5.83,0.0
34150,5.805,0.0
34151,5.695,0.0
34152,5.635,0.0
34153,5.56,0.0
34154,5.52,0.0
34155,5.48,0.0
34156,5.435,0.0
34157,5.38,0.0
34158,5.355,0.0
34159,5.345,0.0
34160,5.315,0.0
34161,5.27,0.0
34162,5.265,0.0
34163,5.26,0.0
34164,5.23,0.0
34165,5.22,0.0
34166,5.195,0.0
34167,5.2,0.0
34168,5.2,0.0
34169,5.185,0.0
34170,5.165,0.0
34171,5.175,0.0
34172,5.175,0.0
34173,5.155,0.0
34174,5.15,0.0
34175,5.155,0.0
34176,5.165,0.0
34177,5.16,0.0
34178,5.14,0.0
34179,5.16,0.0
34180,5.175,0.0
34181,5.165,0.0
34182,5.155,0.0
34183,5.155,0.0
34184,5.165,0.0
34185,5.17,0.0
34186,5.16,0.0
34187,5.16,0.0
34188,5.165,0.0
34189,5.175,0.0
34190,5.165,0.0
34191,5.16,0.0
34192,5.17,0.0
34193,5.17,0.0
34194,5.16,0.0
34195,5.155,0.0
34196,5.155,0.0
34197,5.16,0.0
34198,5.14,0.0
34199,5.13,0.0
34200,5.125,0.0
34201,5.14,0.0
34202,5.12,0.0
34203,5.105,0.0
34204,5.105,0.0
34205,5.115,0.0
34206,5.095,0.0
34207,5.085,0.0
34208,5.08,0.0
34209,5.08,0.0
34210,5.075,0.0
34211,5.055,0.0
34212,5.065,0.0
34213,5.065,0.0
34214,5.055,0.0
34215,5.05,0.0
34216,5.035,0.0
34217,5.05,0.0
34218,5.05,0.0
34219,5.035,0.0
34220,5.03,0.0
34221,5.035,0.0
34222,5.04,0.0
34223,5.025,0.0
34224,5.015,0.0
34225,5.02,0.0
34226,5.03,0.0
34227,5.035,0.0
34228,5.005,0.0
34229,5.015,0.0
34230,5.025,0.0
34231,5.03,0.0
34232,5.005,0.0
34233,5.01,0.0
34234,5.025,0.0
34235,5.015,0.0
34236,5.015,0.0
34237,5.02,0.0
34238,5.03,0.0
34239,5.04,0.0
34240,5.045,0.0
34241,5.055,0.0
34242,5.07,0.0
34243,5.08,0.0
34244,5.07,0.0
34245,5.065,0.0
34246,5.075,0.0
34247,5.085,0.0
34248,5.065,0.0
34249,5.055,0.0
34250,5.05,0.0
34251,5.075,0.0
34252,5.07,0.0
34253,5.16,0.0
34254,5.515,0.0
34255,5.91,0.0
34256,5.815,0.0
34257,5.5,0.0
34258,5.38,0.0
34259,5.335,0.0
34260,5.27,0.0
34261,5.21,0.0
34262,5.105,0.0
34263,4.935,0.0
34264,4.64,0.0
34265,4.275,0.0
34266,3.925,0.0
34267,3.565,0.0
34268,3.21,0.0
34269,2.935,0.0
34270,2.725,0.0
34271,2.585,0.0
34272,2.45,0.0
34273,2.295,0.0
34274,2.19,0.0
34275,2.16,0.0
34276,2.095,0.0
34277,2.06,0.0
34278,2.035,0.0
34279,2.025,0.0
34280,2.04,0.0
34281,2.02,0.0
34282,2.025,0.0
34283,2.04,0.0
34284,2.11,0.0
34285,2.2,0.0
34286,2.34,0.0
34287,2.52,0.0
34288,2.71,0.0
34289,2.945,0.0
34290,3.245,0.0
34291,3.575,0.0
34292,3.915,0.0
34293,4.23,0.0
34294,4.53,0.0
34295,4.82,0.0
34296,5.09,0.0
34297,5.32,0.0
34298,5.51,0.0
34299,5.655,0.0
34300,5.7,0.0
34301,5.84,0.0
34302,5.9,0.0
34303,5.94,0.0
34304,6.0,0.0
34305,6.06,0.0
34306,6.1,0.0
34307,6.135,0.0
34308,6.175,0.0
34309,6.23,0.0
34310,6.27,0.0
34311,6.305,0.0
34312,6.35,0.0
34313,6.415,0.0
34314,6.46,0.0
34315,6.49,0.0
34316,6.53,0.0
34317,6.605,0.0
34318,6.665,0.0
34319,6.7,0.0
34320,6.74,0.0
34321,6.8,0.0
34322,6.845,0.0
34323,6.885,0.0
34324,6.915,0.0
34325,6.93,0.0
34326,7.0,0.0
34327,7.025,0.0
34328,7.035,0.0
34329,7.065,0.0
34330,7.08,0.0
34331,7.07,0.0
34332,7.055,0.0
34333,7.05,0.0
34334,7.025,0.0
34335,6.985,0.0
34336,6.925,0.0
34337,6.855,0.0
34338,6.805,0.0
34339,6.73,0.0
34340,6.63,0.0
34341,6.54,0.0
34342,6.475,0.0
34343,6.385,0.0
34344,6.275,0.0
34345,6.19,0.0
34346,6.105,0.0
34347,6.025,0.0
34348,5.935,0.0
34349,5.85,0.0
34350,5.825,0.0
34351,5.73,0.0
34352,5.65,0.0
34353,5.58,0.0
34354,5.535,0.0
34355,5.49,0.0
34356,5.45,0.0
34357,5.41,0.0
34358,5.37,0.0
34359,5.35,0.0
34360,5.325,0.0
34361,5.29,0.0
34362,5.265,0.0
34363,5.25,0.0
34364,5.235,0.0
34365,5.22,0.0
34366,5.2,0.0
34367,5.21,0.0
34368,5.2,0.0
34369,5.175,0.0
34370,5.165,0.0
34371,5.165,0.0
34372,5.17,0.0
34373,5.15,0.0
34374,5.145,0.0
34375,5.15,0.0
34376,5.155,0.0
34377,5.155,0.0
34378,5.145,0.0
34379,5.145,0.0
34380,5.155,0.0
34381,5.15,0.0
34382,5.145,0.0
34383,5.15,0.0
34384,5.16,0.0
34385,5.15,0.0
34386,5.15,0.0
34387,5.16,0.0
34388,5.16,0.0
34389,5.16,0.0
34390,5.15,0.0
34391,5.155,0.0
34392,5.16,0.0
34393,5.165,0.0
34394,5.15,0.0
34395,5.135,0.0
34396,5.16,0.0
34397,5.155,0.0
34398,5.145,0.0
34399,5.135,0.0
34400,5.125,0.0
34401,5.14,0.0
34402,5.135,0.0
34403,5.12,0.0
34404,5.115,0.0
34405,5.13,0.0
34406,5.105,0.0
34407,5.095,0.0
34408,5.09,0.0
34409,5.1,0.0
34410,5.09,0.0
34411,5.07,0.0
34412,5.08,0.0
34413,5.08,0.0
34414,5.08,0.0
34415,5.055,0.0
34416,5.06,0.0
34417,5.055,0.0
34418,5.07,0.0
34419,5.055,0.0
34420,5.045,0.0
34421,5.04,0.0
34422,5.05,0.0
34423,5.035,0.0
34424,5.025,0.0
34425,5.02,0.0
34426,5.04,0.0
34427,5.035,0.0
34428,5.01,0.0
34429,5.025,0.0
34430,5.025,0.0
34431,5.025,0.0
34432,5.005,0.0
34433,5.005,0.0
34434,5.025,0.0
34435,5.02,0.0
34436,5.01,0.0
34437,5.0,0.0
34438,5.02,0.0
34439,5.02,0.0
34440,5.0,0.0
34441,5.005,0.0
34442,5.005,0.0
34443,5.01,0.0
34444,4.995,0.0
34445,5.0,0.0
34446,5.015,0.0
34447,5.015,0.0
34448,5.005,0.0
34449,5.005,0.0
34450,5.0,0.0
34451,5.035,0.0
34452,5.03,0.0
34453,5.025,0.0
34454,5.035,0.0
34455,5.07,0.0
34456,5.06,0.0
34457,5.055,0.0
34458,5.055,0.0
34459,5.065,0.0
34460,5.065,0.0
34461,5.09,0.0
34462,5.335,0.0
34463,5.82,0.0
34464,6.025,0.0
34465,5.69,0.0
34466,5.43,0.0
34467,5.37,0.0
34468,5.28,0.0
34469,5.165,0.0
34470,5.02,0.0
34471,4.835,0.0
34472,4.615,0.0
34473,4.34,0.0
34474,4.015,0.0
34475,3.915,0.0
34476,3.515,0.0
34477,3.295,0.0
34478,3.065,0.0
34479,2.805,0.0
34480,2.61,0.0
34481,2.45,0.0
34482,2.315,0.0
34483,2.21,0.0
34484,2.135,0.0
34485,2.085,0.0
34486,2.03,0.0
34487,2.03,0.0
34488,2.02,0.0
34489,2.035,0.0
34490,2.02,0.0
34491,2.04,0.0
34492,2.105,0.0
34493,2.22,0.0
34494,2.385,0.0
34495,2.605,0.0
34496,2.895,0.0
34497,3.22,0.0
34498,3.545,0.0
34499,3.865,0.0
34500,3.97,0.0
34501,4.46,0.0
34502,4.72,0.0
34503,4.96,0.0
34504,5.195,0.0
34505,5.415,0.0
34506,5.575,0.0
34507,5.68,0.0
34508,5.775,0.0
34509,5.855,0.0
34510,5.905,0.0
34511,5.945,0.0
34512,5.995,0.0
34513,6.05,0.0
34514,6.07,0.0
34515,6.115,0.0
34516,6.155,0.0
34517,6.21,0.0
34518,6.245,0.0
34519,6.275,0.0
34520,6.315,0.0
34521,6.355,0.0
34522,6.405,0.0
34523,6.44,0.0
34524,6.48,0.0
34525,6.49,0.0
34526,6.585,0.0
34527,6.62,0.0
34528,6.66,0.0
34529,6.705,0.0
34530,6.765,0.0
34531,6.79,0.0
34532,6.805,0.0
34533,6.85,0.0
34534,6.9,0.0
34535,6.905,0.0
34536,6.92,0.0
34537,6.93,0.0
34538,6.935,0.0
34539,6.93,0.0
34540,6.895,0.0
34541,6.87,0.0
34542,6.845,0.0
34543,6.795,0.0
34544,6.715,0.0
34545,6.655,0.0
34546,6.58,0.0
34547,6.51,0.0
34548,6.42,0.0
34549,6.325,0.0
34550,6.295,0.0
34551,6.155,0.0
34552,6.065,0.0
34553,5.965,0.0
34554,5.895,0.0
34555,5.825,0.0
34556,5.745,0.0
34557,5.68,0.0
34558,5.615,0.0
34559,5.575,0.0
34560,5.52,0.0
34561,5.46,0.0
34562,5.415,0.0
34563,5.395,0.0
34564,5.36,0.0
34565,5.32,0.0
34566,5.28,0.0
34567,5.285,0.0
34568,5.27,0.0
34569,5.23,0.0
34570,5.21,0.0
34571,5.205,0.0
34572,5.205,0.0
34573,5.185,0.0
34574,5.175,0.0
34575,5.175,0.0
34576,5.175,0.0
34577,5.16,0.0
34578,5.155,0.0
34579,5.15,0.0
34580,5.16,0.0
34581,5.15,0.0
34582,5.155,0.0
34583,5.145,0.0
34584,5.16,0.0
34585,5.16,0.0
34586,5.15,0.0
34587,5.155,0.0
34588,5.17,0.0
34589,5.17,0.0
34590,5.155,0.0
34591,5.15,0.0
34592,5.165,0.0
34593,5.175,0.0
34594,5.165,0.0
34595,5.155,0.0
34596,5.16,0.0
34597,5.165,0.0
34598,5.15,0.0
34599,5.145,0.0
34600,5.15,0.0
34601,5.16,0.0
34602,5.15,0.0
34603,5.145,0.0
34604,5.14,0.0
34605,5.155,0.0
34606,5.135,0.0
34607,5.115,0.0
34608,5.125,0.0
34609,5.135,0.0
34610,5.12,0.0
34611,5.11,0.0
34612,5.11,0.0
34613,5.11,0.0
34614,5.11,0.0
34615,5.09,0.0
34616,5.075,0.0
34617,5.08,0.0
34618,5.085,0.0
34619,5.08,0.0
34620,5.07,0.0
34621,5.07,0.0
34622,5.07,0.0
34623,5.055,0.0
34624,5.055,0.0
34625,5.045,0.0
34626,5.075,0.0
34627,5.065,0.0
34628,5.04,0.0
34629,5.05,0.0
34630,5.06,0.0
34631,5.05,0.0
34632,5.04,0.0
34633,5.035,0.0
34634,5.05,0.0
34635,5.055,0.0
34636,5.04,0.0
34637,5.035,0.0
34638,5.045,0.0
34639,5.045,0.0
34640,5.03,0.0
34641,5.03,0.0
34642,5.035,0.0
34643,5.045,0.0
34644,5.03,0.0
34645,5.03,0.0
34646,5.035,0.0
34647,5.035,0.0
34648,5.03,0.0
34649,5.02,0.0
34650,5.025,0.0
34651,5.035,0.0
34652,5.035,0.0
34653,5.03,0.0
34654,5.04,0.0
34655,5.045,0.0
34656,5.045,0.0
34657,5.04,0.0
34658,5.05,0.0
34659,5.07,0.0
34660,5.085,0.0
34661,5.08,0.0
34662,5.09,0.0
34663,5.11,0.0
34664,5.105,0.0
34665,5.085,0.0
34666,5.08,0.0
34667,5.095,0.0
34668,5.15,0.0
34669,5.385,0.0
34670,5.87,0.0
34671,6.125,0.0
34672,5.825,0.0
34673,5.53,0.0
34674,5.445,0.0
34675,5.425,0.0
34676,5.345,0.0
34677,5.285,0.0
34678,5.2,0.0
34679,5.055,0.0
34680,4.85,0.0
34681,4.52,0.0
34682,4.18,0.0
34683,3.85,0.0
34684,3.52,0.0
34685,3.225,0.0
34686,2.945,0.0
34687,2.755,0.0
34688,2.595,0.0
34689,2.425,0.0
34690,2.275,0.0
34691,2.18,0.0
34692,2.155,0.0
34693,2.12,0.0
34694,2.09,0.0
34695,2.06,0.0
34696,2.08,0.0
34697,2.08,0.0
34698,2.075,0.0
34699,2.085,0.0
34700,2.095,0.0
34701,2.25,0.0
34702,2.38,0.0
34703,2.555,0.0
34704,2.745,0.0
34705,2.99,0.0
34706,3.29,0.0
34707,3.59,0.0
34708,3.915,0.0
34709,4.21,0.0
34710,4.51,0.0
34711,4.77,0.0
34712,5.02,0.0
34713,5.25,0.0
34714,5.45,0.0
34715,5.62,0.0
34716,5.76,0.0
34717,5.865,0.0
34718,5.94,0.0
34719,5.99,0.0
34720,6.04,0.0
34721,6.1,0.0
34722,6.145,0.0
34723,6.18,0.0
34724,6.22,0.0
34725,6.24,0.0
34726,6.33,0.0
34727,6.36,0.0
34728,6.4,0.0
34729,6.46,0.0
34730,6.51,0.0
34731,6.55,0.0
34732,6.595,0.0
34733,6.63,0.0
34734,6.705,0.0
34735,6.745,0.0
34736,6.78,0.0
34737,6.84,0.0
34738,6.885,0.0
34739,6.925,0.0
34740,6.955,0.0
34741,6.99,0.0
34742,7.045,0.0
34743,7.075,0.0
34744,7.095,0.0
34745,7.09,0.0
34746,7.11,0.0
34747,7.12,0.0
34748,7.095,0.0
34749,7.065,0.0
34750,7.05,0.0
34751,7.025,0.0
34752,6.955,0.0
34753,6.895,0.0
34754,6.825,0.0
34755,6.76,0.0
34756,6.66,0.0
34757,6.565,0.0
34758,6.48,0.0
34759,6.405,0.0
34760,6.305,0.0
34761,6.205,0.0
34762,6.125,0.0
34763,6.055,0.0
34764,5.97,0.0
34765,5.885,0.0
34766,5.81,0.0
34767,5.765,0.0
34768,5.7,0.0
34769,5.625,0.0
34770,5.57,0.0
34771,5.535,0.0
34772,5.49,0.0
34773,5.435,0.0
34774,5.395,0.0
34775,5.385,0.0
34776,5.37,0.0
34777,5.33,0.0
34778,5.305,0.0
34779,5.295,0.0
34780,5.29,0.0
34781,5.275,0.0
34782,5.24,0.0
34783,5.245,0.0
34784,5.245,0.0
34785,5.245,0.0
34786,5.215,0.0
34787,5.225,0.0
34788,5.24,0.0
34789,5.24,0.0
34790,5.215,0.0
34791,5.215,0.0
34792,5.23,0.0
34793,5.23,0.0
34794,5.215,0.0
34795,5.215,0.0
34796,5.225,0.0
34797,5.24,0.0
34798,5.23,0.0
34799,5.215,0.0
34800,5.225,0.0
34801,5.25,0.0
34802,5.24,0.0
34803,5.22,0.0
34804,5.235,0.0
34805,5.245,0.0
34806,5.235,0.0
34807,5.215,0.0
34808,5.225,0.0
34809,5.23,0.0
34810,5.235,0.0
34811,5.205,0.0
34812,5.205,0.0
34813,5.215,0.0
34814,5.215,0.0
34815,5.19,0.0
34816,5.185,0.0
34817,5.19,0.0
34818,5.2,0.0
34819,5.17,0.0
34820,5.16,0.0
34821,5.16,0.0
34822,5.17,0.0
34823,5.15,0.0
34824,5.13,0.0
34825,5.13,0.0
34826,5.15,0.0
34827,5.14,0.0
34828,5.125,0.0
34829,5.125,0.0
34830,5.13,0.0
34831,5.115,0.0
34832,5.105,0.0
34833,5.1,0.0
34834,5.105,0.0
34835,5.105,0.0
34836,5.095,0.0
34837,5.095,0.0
34838,5.1,0.0
34839,5.095,0.0
34840,5.085,0.0
34841,5.075,0.0
34842,5.085,0.0
34843,5.085,0.0
34844,5.07,0.0
34845,5.065,0.0
34846,5.085,0.0
34847,5.075,0.0
34848,5.065,0.0
34849,5.055,0.0
34850,5.06,0.0
34851,5.08,0.0
34852,5.07,0.0
34853,5.055,0.0
34854,5.06,0.0
34855,5.07,0.0
34856,5.07,0.0
34857,5.055,0.0
34858,5.055,0.0
34859,5.07,0.0
34860,5.07,0.0
34861,5.06,0.0
34862,5.06,0.0
34863,5.075,0.0
34864,5.07,0.0
34865,5.05,0.0
34866,5.04,0.0
34867,5.055,0.0
34868,5.065,0.0
34869,5.05,0.0
34870,5.055,0.0
34871,5.05,0.0
34872,5.06,0.0
34873,5.05,0.0
34874,5.06,0.0
34875,5.065,0.0
34876,5.11,0.0
34877,5.195,0.0
34878,5.54,0.0
34879,6.03,0.0
34880,6.005,0.0
34881,5.645,0.0
34882,5.485,0.0
34883,5.425,0.0
34884,5.355,0.0
34885,5.23,0.0
34886,5.045,0.0
34887,4.8,0.0
34888,4.53,0.0
34889,4.2,0.0
34890,3.875,0.0
34891,3.61,0.0
34892,3.395,0.0
34893,3.15,0.0
34894,2.845,0.0
34895,2.61,0.0
34896,2.45,0.0
34897,2.335,0.0
34898,2.21,0.0
34899,2.12,0.0
34900,2.105,0.0
34901,2.085,0.0
34902,2.055,0.0
34903,2.025,0.0
34904,2.03,0.0
34905,2.05,0.0
34906,2.055,0.0
34907,2.065,0.0
34908,2.14,0.0
34909,2.235,0.0
34910,2.385,0.0
34911,2.565,0.0
34912,2.845,0.0
34913,3.175,0.0
34914,3.56,0.0
34915,3.915,0.0
34916,4.25,0.0
34917,4.55,0.0
34918,4.84,0.0
34919,5.1,0.0
34920,5.355,0.0
34921,5.57,0.0
34922,5.71,0.0
34923,5.79,0.0
34924,5.855,0.0
34925,5.88,0.0
34926,5.99,0.0
34927,6.015,0.0
34928,6.05,0.0
34929,6.085,0.0
34930,6.135,0.0
34931,6.15,0.0
34932,6.16,0.0
34933,6.195,0.0
34934,6.235,0.0
34935,6.255,0.0
34936,6.275,0.0
34937,6.3,0.0
34938,6.36,0.0
34939,6.39,0.0
34940,6.41,0.0
34941,6.455,0.0
34942,6.495,0.0
34943,6.54,0.0
34944,6.56,0.0
34945,6.6,0.0
34946,6.655,0.0
34947,6.69,0.0
34948,6.73,0.0
34949,6.765,0.0
34950,6.785,0.0
34951,6.855,0.0
34952,6.885,0.0
34953,6.895,0.0
34954,6.92,0.0
34955,6.95,0.0
34956,6.96,0.0
34957,6.955,0.0
34958,6.96,0.0
34959,6.965,0.0
34960,6.94,0.0
34961,6.89,0.0
34962,6.855,0.0
34963,6.815,0.0
34964,6.755,0.0
34965,6.67,0.0
34966,6.605,0.0
34967,6.55,0.0
34968,6.465,0.0
34969,6.37,0.0
34970,6.29,0.0
34971,6.205,0.0
34972,6.12,0.0
34973,6.03,0.0
34974,5.94,0.0
34975,5.915,0.0
34976,5.805,0.0
34977,5.72,0.0
34978,5.645,0.0
34979,5.6,0.0
34980,5.55,0.0
34981,5.5,0.0
34982,5.45,0.0
34983,5.42,0.0
34984,5.395,0.0
34985,5.365,0.0
34986,5.325,0.0
34987,5.31,0.0
34988,5.31,0.0
34989,5.295,0.0
34990,5.27,0.0
34991,5.26,0.0
34992,5.275,0.0
34993,5.27,0.0
34994,5.25,0.0
34995,5.25,0.0
34996,5.245,0.0
34997,5.255,0.0
34998,5.24,0.0
34999,5.24,0.0
35000,5.245,0.0
35001,5.25,0.0
35002,5.245,0.0
35003,5.23,0.0
35004,5.245,0.0
35005,5.255,0.0
35006,5.24,0.0
35007,5.225,0.0
35008,5.23,0.0
35009,5.24,0.0
35010,5.235,0.0
35011,5.225,0.0
35012,5.22,0.0
35013,5.23,0.0
35014,5.22,0.0
35015,5.21,0.0
35016,5.21,0.0
35017,5.215,0.0
35018,5.205,0.0
35019,5.185,0.0
35020,5.18,0.0
35021,5.175,0.0
35022,5.185,0.0
35023,5.16,0.0
35024,5.155,0.0
35025,5.155,0.0
35026,5.155,0.0
35027,5.13,0.0
35028,5.115,0.0
35029,5.125,0.0
35030,5.125,0.0
35031,5.115,0.0
35032,5.09,0.0
35033,5.095,0.0
35034,5.095,0.0
35035,5.095,0.0
35036,5.08,0.0
35037,5.07,0.0
35038,5.075,0.0
35039,5.075,0.0
35040,5.06,0.0
35041,5.055,0.0
35042,5.065,0.0
35043,5.065,0.0
35044,5.05,0.0
35045,5.045,0.0
35046,5.06,0.0
35047,5.06,0.0
35048,5.04,0.0
35049,5.035,0.0
35050,5.035,0.0
35051,5.05,0.0
35052,5.04,0.0
35053,5.02,0.0
35054,5.03,0.0
35055,5.035,0.0
35056,5.03,0.0
35057,5.015,0.0
35058,5.025,0.0
35059,5.035,0.0
35060,5.025,0.0
35061,5.015,0.0
35062,5.015,0.0
35063,5.02,0.0
35064,5.015,0.0
35065,5.01,0.0
35066,5.01,0.0
35067,5.02,0.0
35068,5.02,0.0
35069,5.015,0.0
35070,5.01,0.0
35071,5.015,0.0
35072,5.02,0.0
35073,5.015,0.0
35074,5.005,0.0
35075,5.01,0.0
35076,5.015,0.0
35077,5.01,0.0
35078,4.995,0.0
35079,5.005,0.0
35080,5.025,0.0
35081,5.015,0.0
35082,5.005,0.0
35083,5.005,0.0
35084,5.02,0.0
35085,5.015,0.0
35086,5.005,0.0
35087,5.02,0.0
35088,5.04,0.0
35089,5.07,0.0
35090,5.19,0.0
35091,5.59,0.0
35092,5.935,0.0
35093,5.755,0.0
35094,5.495,0.0
35095,5.405,0.0
35096,5.34,0.0
35097,5.23,0.0
35098,5.07,0.0
35099,4.855,0.0
35100,4.78,0.0
35101,4.3,0.0
35102,3.975,0.0
35103,3.675,0.0
35104,3.445,0.0
35105,3.23,0.0
35106,2.955,0.0
35107,2.67,0.0
35108,2.47,0.0
35109,2.34,0.0
35110,2.22,0.0
35111,2.115,0.0
35112,2.075,0.0
35113,2.045,0.0
35114,2.045,0.0
35115,2.005,0.0
35116,2.005,0.0
35117,2.015,0.0
35118,2.035,0.0
35119,2.055,0.0
35120,2.125,0.0
35121,2.28,0.0
35122,2.48,0.0
35123,2.71,0.0
35124,3.04,0.0
35125,3.16,0.0
35126,3.815,0.0
35127,4.19,0.0
35128,4.52,0.0
35129,4.825,0.0
35130,5.105,0.0
35131,5.355,0.0
35132,5.55,0.0
35133,5.7,0.0
35134,5.81,0.0
35135,5.865,0.0
35136,5.895,0.0
35137,5.955,0.0
35138,5.995,0.0
35139,6.015,0.0
35140,6.03,0.0
35141,6.055,0.0
35142,6.09,0.0
35143,6.13,0.0
35144,6.16,0.0
35145,6.195,0.0
35146,6.24,0.0
35147,6.27,0.0
35148,6.28,0.0
35149,6.315,0.0
35150,6.335,0.0
35151,6.395,0.0
35152,6.43,0.0
35153,6.45,0.0
35154,6.505,0.0
35155,6.535,0.0
35156,6.555,0.0
35157,6.575,0.0
35158,6.63,0.0
35159,6.685,0.0
35160,6.705,0.0
35161,6.72,0.0
35162,6.76,0.0
35163,6.79,0.0
35164,6.815,0.0
35165,6.825,0.0
35166,6.845,0.0
35167,6.86,0.0
35168,6.865,0.0
35169,6.85,0.0
35170,6.84,0.0
35171,6.835,0.0
35172,6.815,0.0
35173,6.775,0.0
35174,6.72,0.0
35175,6.71,0.0
35176,6.62,0.0
35177,6.545,0.0
35178,6.455,0.0
35179,6.375,0.0
35180,6.305,0.0
35181,6.21,0.0
35182,6.095,0.0
35183,6.02,0.0
35184,5.95,0.0
35185,5.86,0.0
35186,5.765,0.0
35187,5.705,0.0
35188,5.65,0.0
35189,5.58,0.0
35190,5.515,0.0
35191,5.465,0.0
35192,5.44,0.0
35193,5.405,0.0
35194,5.355,0.0
35195,5.325,0.0
35196,5.315,0.0
35197,5.295,0.0
35198,5.27,0.0
35199,5.245,0.0
35200,5.25,0.0
35201,5.245,0.0
35202,5.23,0.0
35203,5.205,0.0
35204,5.215,0.0
35205,5.22,0.0
35206,5.2,0.0
35207,5.19,0.0
35208,5.195,0.0
35209,5.21,0.0
35210,5.2,0.0
35211,5.185,0.0
35212,5.195,0.0
35213,5.205,0.0
35214,5.2,0.0
35215,5.185,0.0
35216,5.195,0.0
35217,5.195,0.0
35218,5.205,0.0
35219,5.185,0.0
35220,5.185,0.0
35221,5.195,0.0
35222,5.195,0.0
35223,5.175,0.0
35224,5.17,0.0
35225,5.175,0.0
35226,5.175,0.0
35227,5.165,0.0
35228,5.15,0.0
35229,5.155,0.0
35230,5.16,0.0
35231,5.145,0.0
35232,5.13,0.0
35233,5.13,0.0
35234,5.135,0.0
35235,5.125,0.0
35236,5.11,0.0
35237,5.105,0.0
35238,5.11,0.0
35239,5.105,0.0
35240,5.09,0.0
35241,5.08,0.0
35242,5.095,0.0
35243,5.1,0.0
35244,5.075,0.0
35245,5.07,0.0
35246,5.075,0.0
35247,5.065,0.0
35248,5.065,0.0
35249,5.04,0.0
35250,5.045,0.0
35251,5.055,0.0
35252,5.045,0.0
35253,5.03,0.0
35254,5.035,0.0
35255,5.04,0.0
35256,5.03,0.0
35257,5.015,0.0
35258,5.025,0.0
35259,5.025,0.0
35260,5.025,0.0
35261,5.01,0.0
35262,5.01,0.0
35263,5.025,0.0
35264,5.025,0.0
35265,5.01,0.0
35266,5.015,0.0
35267,5.02,0.0
35268,5.025,0.0
35269,5.02,0.0
35270,5.01,0.0
35271,5.02,0.0
35272,5.02,0.0
35273,5.01,0.0
35274,5.005,0.0
35275,5.01,0.0
35276,5.025,0.0
35277,5.01,0.0
35278,4.995,0.0
35279,5.005,0.0
35280,5.03,0.0
35281,5.01,0.0
35282,5.0,0.0
35283,5.01,0.0
35284,5.015,0.0
35285,5.025,0.0
35286,5.01,0.0
35287,5.005,0.0
35288,5.02,0.0
35289,5.015,0.0
35290,5.005,0.0
35291,5.005,0.0
35292,5.025,0.0
35293,5.025,0.0
35294,5.015,0.0
35295,5.015,0.0
35296,5.03,0.0
35297,5.055,0.0
35298,5.055,0.0
35299,5.11,0.0
35300,5.145,0.0
35301,5.78,0.0
35302,5.965,0.0
35303,5.685,0.0
35304,5.5,0.0
35305,5.45,0.0
35306,5.395,0.0
35307,5.335,0.0
35308,5.25,0.0
35309,5.11,0.0
35310,4.855,0.0
35311,4.53,0.0
35312,4.16,0.0
35313,3.77,0.0
35314,3.4,0.0
35315,3.08,0.0
35316,2.83,0.0
35317,2.65,0.0
35318,2.505,0.0
35319,2.345,0.0
35320,2.215,0.0
35321,2.15,0.0
35322,2.115,0.0
35323,2.07,0.0
35324,2.05,0.0
35325,2.045,0.0
35326,2.05,0.0
35327,2.05,0.0
35328,2.035,0.0
35329,2.08,0.0
35330,2.14,0.0
35331,2.23,0.0
35332,2.385,0.0
35333,2.605,0.0
35334,2.865,0.0
35335,3.185,0.0
35336,3.53,0.0
35337,3.87,0.0
35338,4.205,0.0
35339,4.505,0.0
35340,4.77,0.0
35341,5.015,0.0
35342,5.245,0.0
35343,5.445,0.0
35344,5.62,0.0
35345,5.755,0.0
35346,5.85,0.0
35347,5.92,0.0
35348,5.965,0.0
35349,6.015,0.0
35350,6.035,0.0
35351,6.12,0.0
35352,6.155,0.0
35353,6.19,0.0
35354,6.23,0.0
35355,6.285,0.0
35356,6.32,0.0
35357,6.345,0.0
35358,6.4,0.0
35359,6.435,0.0
35360,6.475,0.0
35361,6.505,0.0
35362,6.55,0.0
35363,6.6,0.0
35364,6.645,0.0
35365,6.66,0.0
35366,6.695,0.0
35367,6.735,0.0
35368,6.76,0.0
35369,6.775,0.0
35370,6.805,0.0
35371,6.84,0.0
35372,6.86,0.0
35373,6.88,0.0
35374,6.895,0.0
35375,6.905,0.0
35376,6.95,0.0
35377,6.96,0.0
35378,6.965,0.0
35379,6.99,0.0
35380,7.015,0.0
35381,6.995,0.0
35382,6.955,0.0
35383,6.94,0.0
35384,6.915,0.0
35385,6.865,0.0
35386,6.785,0.0
35387,6.725,0.0
35388,6.665,0.0
35389,6.585,0.0
35390,6.495,0.0
35391,6.42,0.0
35392,6.34,0.0
35393,6.265,0.0
35394,6.16,0.0
35395,6.06,0.0
35396,5.985,0.0
35397,5.9,0.0
35398,5.81,0.0
35399,5.745,0.0
35400,5.725,0.0
35401,5.62,0.0
35402,5.555,0.0
35403,5.485,0.0
35404,5.44,0.0
35405,5.415,0.0
35406,5.365,0.0
35407,5.315,0.0
35408,5.305,0.0
35409,5.29,0.0
35410,5.265,0.0
35411,5.245,0.0
35412,5.225,0.0
35413,5.235,0.0
35414,5.225,0.0
35415,5.205,0.0
35416,5.2,0.0
35417,5.2,0.0
35418,5.2,0.0
35419,5.195,0.0
35420,5.195,0.0
35421,5.205,0.0
35422,5.21,0.0
35423,5.2,0.0
35424,5.195,0.0
35425,5.195,0.0
35426,5.215,0.0
35427,5.2,0.0
35428,5.2,0.0
35429,5.205,0.0
35430,5.21,0.0
35431,5.21,0.0
35432,5.195,0.0
35433,5.21,0.0
35434,5.21,0.0
35435,5.2,0.0
35436,5.19,0.0
35437,5.19,0.0
35438,5.195,0.0
35439,5.18,0.0
35440,5.175,0.0
35441,5.165,0.0
35442,5.18,0.0
35443,5.16,0.0
35444,5.15,0.0
35445,5.14,0.0
35446,5.145,0.0
35447,5.145,0.0
35448,5.13,0.0
35449,5.12,0.0
35450,5.115,0.0
35451,5.125,0.0
35452,5.095,0.0
35453,5.085,0.0
35454,5.09,0.0
35455,5.09,0.0
35456,5.085,0.0
35457,5.055,0.0
35458,5.065,0.0
35459,5.065,0.0
35460,5.065,0.0
35461,5.04,0.0
35462,5.045,0.0
35463,5.045,0.0
35464,5.045,0.0
35465,5.035,0.0
35466,5.025,0.0
35467,5.035,0.0
35468,5.04,0.0
35469,5.02,0.0
35470,5.015,0.0
35471,5.02,0.0
35472,5.025,0.0
35473,5.0,0.0
35474,5.0,0.0
35475,5.0,0.0
35476,5.015,0.0
35477,5.005,0.0
35478,4.99,0.0
35479,5.005,0.0
35480,4.995,0.0
35481,5.0,0.0
35482,4.995,0.0
35483,4.995,0.0
35484,5.0,0.0
35485,4.995,0.0
35486,4.99,0.0
35487,4.985,0.0
35488,5.0,0.0
35489,5.0,0.0
35490,4.99,0.0
35491,5.0,0.0
35492,4.995,0.0
35493,4.99,0.0
35494,4.985,0.0
35495,4.99,0.0
35496,4.995,0.0
35497,5.0,0.0
35498,4.995,0.0
35499,4.985,0.0
35500,4.99,0.0
35501,5.005,0.0
35502,4.995,0.0
35503,4.99,0.0
35504,5.015,0.0
35505,5.075,0.0
35506,5.295,0.0
35507,5.765,0.0
35508,5.92,0.0
35509,5.62,0.0
35510,5.4,0.0
35511,5.305,0.0
35512,5.22,0.0
35513,5.09,0.0
35514,4.86,0.0
35515,4.57,0.0
35516,4.235,0.0
35517,3.925,0.0
35518,3.635,0.0
35519,3.405,0.0
35520,3.155,0.0
35521,2.85,0.0
35522,2.57,0.0
35523,2.38,0.0
35524,2.245,0.0
35525,2.195,0.0
35526,2.075,0.0
35527,2.025,0.0
35528,1.98,0.0
35529,1.99,0.0
35530,1.985,0.0
35531,1.975,0.0
35532,1.965,0.0
35533,2.005,0.0
35534,2.085,0.0
35535,2.195,0.0
35536,2.38,0.0
35537,2.655,0.0
35538,3.01,0.0
35539,3.415,0.0
35540,3.815,0.0
35541,4.195,0.0
35542,4.53,0.0
35543,4.825,0.0
35544,5.1,0.0
35545,5.36,0.0
35546,5.57,0.0
35547,5.71,0.0
35548,5.785,0.0
35549,5.85,0.0
35550,5.87,0.0
35551,5.96,0.0
35552,6.0,0.0
35553,6.025,0.0
35554,6.075,0.0
35555,6.115,0.0
35556,6.145,0.0
35557,6.16,0.0
35558,6.205,0.0
35559,6.245,0.0
35560,6.28,0.0
35561,6.295,0.0
35562,6.335,0.0
35563,6.385,0.0
35564,6.415,0.0
35565,6.435,0.0
35566,6.475,0.0
35567,6.53,0.0
35568,6.56,0.0
35569,6.6,0.0
35570,6.64,0.0
35571,6.695,0.0
35572,6.73,0.0
35573,6.765,0.0
35574,6.795,0.0
35575,6.815,0.0
35576,6.875,0.0
35577,6.89,0.0
35578,6.905,0.0
35579,6.94,0.0
35580,6.95,0.0
35581,6.95,0.0
35582,6.93,0.0
35583,6.915,0.0
35584,6.895,0.0
35585,6.845,0.0
35586,6.785,0.0
35587,6.73,0.0
35588,6.67,0.0
35589,6.59,0.0
35590,6.48,0.0
35591,6.39,0.0
35592,6.3,0.0
35593,6.2,0.0
35594,6.085,0.0
35595,5.98,0.0
35596,5.885,0.0
35597,5.79,0.0
35598,5.695,0.0
35599,5.605,0.0
35600,5.58,0.0
35601,5.485,0.0
35602,5.42,0.0
35603,5.385,0.0
35604,5.355,0.0
35605,5.32,0.0
35606,5.275,0.0
35607,5.24,0.0
35608,5.215,0.0
35609,5.22,0.0
35610,5.2,0.0
35611,5.175,0.0
35612,5.165,0.0
35613,5.17,0.0
35614,5.16,0.0
35615,5.145,0.0
35616,5.145,0.0
35617,5.145,0.0
35618,5.145,0.0
35619,5.13,0.0
35620,5.13,0.0
35621,5.145,0.0
35622,5.15,0.0
35623,5.14,0.0
35624,5.135,0.0
35625,5.135,0.0
35626,5.145,0.0
35627,5.145,0.0
35628,5.14,0.0
35629,5.135,0.0
35630,5.155,0.0
35631,5.145,0.0
35632,5.125,0.0
35633,5.125,0.0
35634,5.13,0.0
35635,5.12,0.0
35636,5.095,0.0
35637,5.1,0.0
35638,5.105,0.0
35639,5.105,0.0
35640,5.08,0.0
35641,5.08,0.0
35642,5.075,0.0
35643,5.08,0.0
35644,5.07,0.0
35645,5.06,0.0
35646,5.065,0.0
35647,5.055,0.0
35648,5.025,0.0
35649,5.03,0.0
35650,5.035,0.0
35651,5.045,0.0
35652,5.02,0.0
35653,5.01,0.0
35654,5.01,0.0
35655,5.015,0.0
35656,5.005,0.0
35657,4.975,0.0
35658,4.99,0.0
35659,4.995,0.0
35660,4.99,0.0
35661,4.97,0.0
35662,4.97,0.0
35663,4.98,0.0
35664,4.985,0.0
35665,4.955,0.0
35666,4.97,0.0
35667,4.975,0.0
35668,4.98,0.0
35669,4.965,0.0
35670,4.96,0.0
35671,4.965,0.0
35672,4.97,0.0
35673,4.965,0.0
35674,4.945,0.0
35675,4.95,0.0
35676,4.955,0.0
35677,4.955,0.0
35678,4.95,0.0
35679,4.945,0.0
35680,4.955,0.0
35681,4.955,0.0
35682,4.955,0.0
35683,4.945,0.0
35684,4.96,0.0
35685,4.96,0.0
35686,4.95,0.0
35687,4.95,0.0
35688,4.955,0.0
35689,4.965,0.0
35690,4.945,0.0
35691,4.945,0.0
35692,4.945,0.0
35693,4.955,0.0
35694,4.94,0.0
35695,4.945,0.0
35696,4.96,0.0
35697,4.955,0.0
35698,4.945,0.0
35699,4.945,0.0
35700,4.945,0.0
35701,4.97,0.0
35702,4.985,0.0
35703,5.1,0.0
35704,5.48,0.0
35705,5.955,0.0
35706,5.825,0.0
35707,5.465,0.0
35708,5.36,0.0
35709,5.305,0.0
35710,5.175,0.0
35711,5.005,0.0
35712,4.76,0.0
35713,4.49,0.0
35714,4.17,0.0
35715,3.815,0.0
35716,3.515,0.0
35717,3.28,0.0
35718,3.035,0.0
35719,2.74,0.0
35720,2.47,0.0
35721,2.315,0.0
35722,2.205,0.0
35723,2.09,0.0
35724,2.015,0.0
35725,1.995,0.0
35726,1.96,0.0
35727,1.935,0.0
35728,1.925,0.0
35729,1.925,0.0
35730,1.935,0.0
35731,1.95,0.0
35732,1.96,0.0
35733,2.04,0.0
35734,2.185,0.0
35735,2.375,0.0
35736,2.625,0.0
35737,2.985,0.0
35738,3.365,0.0
35739,3.74,0.0
35740,4.1,0.0
35741,4.45,0.0
35742,4.75,0.0
35743,5.01,0.0
35744,5.24,0.0
35745,5.455,0.0
35746,5.62,0.0
35747,5.705,0.0
35748,5.78,0.0
35749,5.825,0.0
35750,5.855,0.0
35751,5.94,0.0
35752,5.97,0.0
35753,6.005,0.0
35754,6.055,0.0
35755,6.09,0.0
35756,6.12,0.0
35757,6.135,0.0
35758,6.185,0.0
35759,6.215,0.0
35760,6.25,0.0
35761,6.28,0.0
35762,6.32,0.0
35763,6.365,0.0
35764,6.4,0.0
35765,6.435,0.0
35766,6.47,0.0
35767,6.52,0.0
35768,6.565,0.0
35769,6.595,0.0
35770,6.65,0.0
35771,6.69,0.0
35772,6.73,0.0
35773,6.755,0.0
35774,6.785,0.0
35775,6.8,0.0
35776,6.85,0.0
35777,6.86,0.0
35778,6.875,0.0
35779,6.895,0.0
35780,6.905,0.0
35781,6.88,0.0
35782,6.845,0.0
35783,6.825,0.0
35784,6.79,0.0
35785,6.735,0.0
35786,6.665,0.0
35787,6.6,0.0
35788,6.545,0.0
35789,6.46,0.0
35790,6.365,0.0
35791,6.275,0.0
35792,6.185,0.0
35793,6.085,0.0
35794,5.96,0.0
35795,5.855,0.0
35796,5.785,0.0
35797,5.705,0.0
35798,5.605,0.0
35799,5.525,0.0
35800,5.505,0.0
35801,5.385,0.0
35802,5.32,0.0
35803,5.285,0.0
35804,5.26,0.0
35805,5.24,0.0
35806,5.225,0.0
35807,5.19,0.0
35808,5.185,0.0
35809,5.18,0.0
35810,5.155,0.0
35811,5.145,0.0
35812,5.145,0.0
35813,5.145,0.0
35814,5.13,0.0
35815,5.13,0.0
35816,5.12,0.0
35817,5.13,0.0
35818,5.135,0.0
35819,5.115,0.0
35820,5.12,0.0
35821,5.13,0.0
35822,5.135,0.0
35823,5.13,0.0
35824,5.125,0.0
35825,5.12,0.0
35826,5.145,0.0
35827,5.135,0.0
35828,5.13,0.0
35829,5.135,0.0
35830,5.135,0.0
35831,5.14,0.0
35832,5.13,0.0
35833,5.13,0.0
35834,5.14,0.0
35835,5.125,0.0
35836,5.115,0.0
35837,5.105,0.0
35838,5.105,0.0
35839,5.105,0.0
35840,5.085,0.0
35841,5.085,0.0
35842,5.09,0.0
35843,5.09,0.0
35844,5.07,0.0
35845,5.06,0.0
35846,5.07,0.0
35847,5.07,0.0
35848,5.045,0.0
35849,5.05,0.0
35850,5.045,0.0
35851,5.055,0.0
35852,5.03,0.0
35853,5.025,0.0
35854,5.03,0.0
35855,5.035,0.0
35856,5.01,0.0
35857,5.0,0.0
35858,5.01,0.0
35859,5.015,0.0
35860,5.01,0.0
35861,4.995,0.0
35862,5.005,0.0
35863,5.01,0.0
35864,5.01,0.0
35865,4.99,0.0
35866,4.985,0.0
35867,4.995,0.0
35868,4.995,0.0
35869,4.97,0.0
35870,4.98,0.0
35871,4.995,0.0
35872,4.995,0.0
35873,4.975,0.0
35874,4.97,0.0
35875,4.975,0.0
35876,4.99,0.0
35877,4.99,0.0
35878,4.97,0.0
35879,4.99,0.0
35880,4.985,0.0
35881,4.985,0.0
35882,4.965,0.0
35883,4.975,0.0
35884,4.985,0.0
35885,4.98,0.0
35886,4.97,0.0
35887,4.98,0.0
35888,4.98,0.0
35889,4.985,0.0
35890,4.96,0.0
35891,4.97,0.0
35892,4.975,0.0
35893,4.98,0.0
35894,4.975,0.0
35895,4.97,0.0
35896,4.985,0.0
35897,5.0,0.0
35898,4.98,0.0
35899,4.995,0.0
35900,5.01,0.0
35901,5.205,0.0
35902,5.625,0.0
35903,6.01,0.0
35904,5.835,0.0
35905,5.515,0.0
35906,5.425,0.0
35907,5.37,0.0
35908,5.315,0.0
35909,5.265,0.0
35910,5.14,0.0
35911,4.93,0.0
35912,4.64,0.0
35913,4.305,0.0
35914,3.94,0.0
35915,3.56,0.0
35916,3.205,0.0
35917,2.965,0.0
35918,2.72,0.0
35919,2.545,0.0
35920,2.405,0.0
35921,2.27,0.0
35922,2.145,0.0
35923,2.055,0.0
35924,2.015,0.0
35925,2.005,0.0
35926,1.975,0.0
35927,1.955,0.0
35928,1.935,0.0
35929,1.96,0.0
35930,1.965,0.0
35931,1.965,0.0
35932,1.98,0.0
35933,2.055,0.0
35934,2.17,0.0
35935,2.33,0.0
35936,2.51,0.0
35937,2.765,0.0
35938,3.075,0.0
35939,3.43,0.0
35940,3.75,0.0
35941,4.07,0.0
35942,4.41,0.0
35943,4.695,0.0
35944,4.925,0.0
35945,5.15,0.0
35946,5.355,0.0
35947,5.52,0.0
35948,5.66,0.0
35949,5.74,0.0
35950,5.765,0.0
35951,5.885,0.0
35952,5.915,0.0
35953,5.955,0.0
35954,6.0,0.0
35955,6.045,0.0
35956,6.08,0.0
35957,6.1,0.0
35958,6.135,0.0
35959,6.185,0.0
35960,6.21,0.0
35961,6.23,0.0
35962,6.265,0.0
35963,6.32,0.0
35964,6.36,0.0
35965,6.375,0.0
35966,6.42,0.0
35967,6.465,0.0
35968,6.505,0.0
35969,6.54,0.0
35970,6.58,0.0
35971,6.64,0.0
35972,6.675,0.0
35973,6.705,0.0
35974,6.74,0.0
35975,6.76,0.0
35976,6.825,0.0
35977,6.85,0.0
35978,6.89,0.0
35979,6.92,0.0
35980,6.96,0.0
35981,6.965,0.0
35982,6.975,0.0
35983,6.99,0.0
35984,7.0,0.0
35985,6.99,0.0
35986,6.955,0.0
35987,6.93,0.0
35988,6.9,0.0
35989,6.84,0.0
35990,6.77,0.0
35991,6.71,0.0
35992,6.65,0.0
35993,6.565,0.0
35994,6.475,0.0
35995,6.37,0.0
35996,6.32,0.0
35997,6.205,0.0
35998,6.1,0.0
35999,6.0,0.0
36000,5.975,0.0
36001,5.84,0.0
36002,5.755,0.0
36003,5.68,0.0
36004,5.6,0.0
36005,5.535,0.0
36006,5.46,0.0
36007,5.385,0.0
36008,5.345,0.0
36009,5.31,0.0
36010,5.275,0.0
36011,5.23,0.0
36012,5.22,0.0
36013,5.23,0.0
36014,5.215,0.0
36015,5.19,0.0
36016,5.17,0.0
36017,5.165,0.0
36018,5.17,0.0
36019,5.145,0.0
36020,5.135,0.0
36021,5.155,0.0
36022,5.145,0.0
36023,5.135,0.0
36024,5.12,0.0
36025,5.13,0.0
36026,5.15,0.0
36027,5.14,0.0
36028,5.13,0.0
36029,5.135,0.0
36030,5.145,0.0
36031,5.135,0.0
36032,5.115,0.0
36033,5.145,0.0
36034,5.145,0.0
36035,5.135,0.0
36036,5.125,0.0
36037,5.13,0.0
36038,5.145,0.0
36039,5.14,0.0
36040,5.125,0.0
36041,5.125,0.0
36042,5.125,0.0
36043,5.125,0.0
36044,5.115,0.0
36045,5.11,0.0
36046,5.115,0.0
36047,5.11,0.0
36048,5.1,0.0
36049,5.085,0.0
36050,5.09,0.0
36051,5.095,0.0
36052,5.08,0.0
36053,5.065,0.0
36054,5.07,0.0
36055,5.07,0.0
36056,5.06,0.0
36057,5.045,0.0
36058,5.05,0.0
36059,5.05,0.0
36060,5.03,0.0
36061,5.03,0.0
36062,5.025,0.0
36063,5.025,0.0
36064,5.02,0.0
36065,5.01,0.0
36066,5.01,0.0
36067,5.015,0.0
36068,5.025,0.0
36069,5.0,0.0
36070,5.0,0.0
36071,5.005,0.0
36072,5.0,0.0
36073,4.99,0.0
36074,4.985,0.0
36075,4.99,0.0
36076,4.99,0.0
36077,4.975,0.0
36078,4.97,0.0
36079,4.98,0.0
36080,4.98,0.0
36081,4.975,0.0
36082,4.975,0.0
36083,4.975,0.0
36084,4.975,0.0
36085,4.98,0.0
36086,4.965,0.0
36087,4.975,0.0
36088,4.975,0.0
36089,4.98,0.0
36090,4.965,0.0
36091,4.965,0.0
36092,4.98,0.0
36093,4.975,0.0
36094,4.955,0.0
36095,4.955,0.0
36096,4.97,0.0
36097,4.97,0.0
36098,4.95,0.0
36099,4.955,0.0
36100,4.96,0.0
36101,4.97,0.0
36102,4.97,0.0
36103,4.96,0.0
36104,4.965,0.0
36105,4.975,0.0
36106,4.97,0.0
36107,4.965,0.0
36108,4.96,0.0
36109,4.975,0.0
36110,4.97,0.0
36111,4.965,0.0
36112,4.99,0.0
36113,5.03,0.0
36114,5.18,0.0
36115,5.61,0.0
36116,5.965,0.0
36117,5.685,0.0
36118,5.42,0.0
36119,5.365,0.0
36120,5.315,0.0
36121,5.27,0.0
36122,5.195,0.0
36123,5.05,0.0
36124,4.835,0.0
36125,4.76,0.0
36126,4.24,0.0
36127,3.91,0.0
36128,3.53,0.0
36129,3.185,0.0
36130,2.92,0.0
36131,2.685,0.0
36132,2.515,0.0
36133,2.4,0.0
36134,2.27,0.0
36135,2.135,0.0
36136,2.04,0.0
36137,1.995,0.0
36138,1.985,0.0
36139,1.965,0.0
36140,1.935,0.0
36141,1.925,0.0
36142,1.925,0.0
36143,1.935,0.0
36144,1.925,0.0
36145,1.955,0.0
36146,2.01,0.0
36147,2.085,0.0
36148,2.21,0.0
36149,2.4,0.0
36150,2.475,0.0
36151,2.945,0.0
36152,3.285,0.0
36153,3.625,0.0
36154,3.965,0.0
36155,4.29,0.0
36156,4.59,0.0
36157,4.86,0.0
36158,5.095,0.0
36159,5.32,0.0
36160,5.52,0.0
36161,5.68,0.0
36162,5.815,0.0
36163,5.895,0.0
36164,5.94,0.0
36165,5.98,0.0
36166,6.02,0.0
36167,6.08,0.0
36168,6.12,0.0
36169,6.145,0.0
36170,6.185,0.0
36171,6.22,0.0
36172,6.26,0.0
36173,6.28,0.0
36174,6.32,0.0
36175,6.34,0.0
36176,6.395,0.0
36177,6.435,0.0
36178,6.47,0.0
36179,6.525,0.0
36180,6.575,0.0
36181,6.6,0.0
36182,6.645,0.0
36183,6.69,0.0
36184,6.74,0.0
36185,6.775,0.0
36186,6.805,0.0
36187,6.855,0.0
36188,6.905,0.0
36189,6.925,0.0
36190,6.96,0.0
36191,6.995,0.0
36192,7.04,0.0
36193,7.055,0.0
36194,7.06,0.0
36195,7.065,0.0
36196,7.07,0.0
36197,7.045,0.0
36198,7.005,0.0
36199,6.96,0.0
36200,6.945,0.0
36201,6.865,0.0
36202,6.795,0.0
36203,6.715,0.0
36204,6.635,0.0
36205,6.56,0.0
36206,6.47,0.0
36207,6.37,0.0
36208,6.28,0.0
36209,6.18,0.0
36210,6.08,0.0
36211,5.985,0.0
36212,5.895,0.0
36213,5.83,0.0
36214,5.745,0.0
36215,5.655,0.0
36216,5.585,0.0
36217,5.545,0.0
36218,5.49,0.0
36219,5.43,0.0
36220,5.385,0.0
36221,5.365,0.0
36222,5.33,0.0
36223,5.285,0.0
36224,5.255,0.0
36225,5.25,0.0
36226,5.23,0.0
36227,5.2,0.0
36228,5.19,0.0
36229,5.195,0.0
36230,5.18,0.0
36231,5.175,0.0
36232,5.16,0.0
36233,5.16,0.0
36234,5.16,0.0
36235,5.16,0.0
36236,5.14,0.0
36237,5.15,0.0
36238,5.16,0.0
36239,5.15,0.0
36240,5.145,0.0
36241,5.135,0.0
36242,5.16,0.0
36243,5.15,0.0
36244,5.15,0.0
36245,5.15,0.0
36246,5.17,0.0
36247,5.17,0.0
36248,5.185,0.0
36249,5.18,0.0
36250,5.19,0.0
36251,5.21,0.0
36252,5.205,0.0
36253,5.195,0.0
36254,5.2,0.0
36255,5.215,0.0
36256,5.205,0.0
36257,5.18,0.0
36258,5.185,0.0
36259,5.175,0.0
36260,5.155,0.0
36261,5.13,0.0
36262,5.11,0.0
36263,5.115,0.0
36264,5.1,0.0
36265,5.06,0.0
36266,5.065,0.0
36267,5.06,0.0
36268,5.045,0.0
36269,5.02,0.0
36270,5.015,0.0
36271,5.02,0.0
36272,5.035,0.0
36273,5.03,0.0
36274,5.025,0.0
36275,5.02,0.0
36276,5.02,0.0
36277,5.015,0.0
36278,5.0,0.0
36279,5.005,0.0
36280,5.015,0.0
36281,4.995,0.0
36282,4.99,0.0
36283,4.995,0.0
36284,5.0,0.0
36285,4.99,0.0
36286,4.97,0.0
36287,4.98,0.0
36288,4.99,0.0
36289,4.98,0.0
36290,4.965,0.0
36291,4.965,0.0
36292,4.98,0.0
36293,4.97,0.0
36294,4.955,0.0
36295,4.955,0.0
36296,4.97,0.0
36297,4.97,0.0
36298,4.955,0.0
36299,4.95,0.0
36300,4.945,0.0
36301,4.965,0.0
36302,4.955,0.0
36303,4.935,0.0
36304,4.96,0.0
36305,4.955,0.0
36306,4.96,0.0
36307,4.94,0.0
36308,4.955,0.0
36309,4.96,0.0
36310,4.965,0.0
36311,4.955,0.0
36312,4.955,0.0
36313,4.97,0.0
36314,4.97,0.0
36315,4.955,0.0
36316,4.96,0.0
36317,4.965,0.0
36318,4.97,0.0
36319,4.965,0.0
36320,4.96,0.0
36321,4.975,0.0
36322,4.975,0.0
36323,4.975,0.0
36324,4.975,0.0
36325,4.98,0.0
36326,5.045,0.0
36327,5.22,0.0
36328,5.71,0.0
36329,5.885,0.0
36330,5.605,0.0
36331,5.405,0.0
36332,5.34,0.0
36333,5.265,0.0
36334,5.19,0.0
36335,5.06,0.0
36336,4.86,0.0
36337,4.635,0.0
36338,4.38,0.0
36339,4.075,0.0
36340,3.77,0.0
36341,3.515,0.0
36342,3.31,0.0
36343,3.12,0.0
36344,2.905,0.0
36345,2.66,0.0
36346,2.505,0.0
36347,2.395,0.0
36348,2.265,0.0
36349,2.15,0.0
36350,2.115,0.0
36351,2.03,0.0
36352,1.98,0.0
36353,1.955,0.0
36354,1.935,0.0
36355,1.935,0.0
36356,1.925,0.0
36357,1.935,0.0
36358,1.98,0.0
36359,2.055,0.0
36360,2.15,0.0
36361,2.3,0.0
36362,2.525,0.0
36363,2.75,0.0
36364,3.05,0.0
36365,3.375,0.0
36366,3.705,0.0
36367,4.05,0.0
36368,4.365,0.0
36369,4.645,0.0
36370,4.915,0.0
36371,5.155,0.0
36372,5.36,0.0
36373,5.535,0.0
36374,5.67,0.0
36375,5.71,0.0
36376,5.84,0.0
36377,5.89,0.0
36378,5.935,0.0
36379,5.995,0.0
36380,6.035,0.0
36381,6.08,0.0
36382,6.12,0.0
36383,6.175,0.0
36384,6.23,0.0
36385,6.26,0.0
36386,6.295,0.0
36387,6.36,0.0
36388,6.415,0.0
36389,6.445,0.0
36390,6.49,0.0
36391,6.55,0.0
36392,6.6,0.0
36393,6.655,0.0
36394,6.695,0.0
36395,6.755,0.0
36396,6.82,0.0
36397,6.87,0.0
36398,6.905,0.0
36399,6.955,0.0
36400,6.975,0.0
36401,7.03,0.0
36402,7.055,0.0
36403,7.075,0.0
36404,7.105,0.0
36405,7.12,0.0
36406,7.095,0.0
36407,7.07,0.0
36408,7.06,0.0
36409,7.025,0.0
36410,6.98,0.0
36411,6.905,0.0
36412,6.85,0.0
36413,6.79,0.0
36414,6.705,0.0
36415,6.6,0.0
36416,6.515,0.0
36417,6.425,0.0
36418,6.325,0.0
36419,6.215,0.0
36420,6.13,0.0
36421,6.045,0.0
36422,5.96,0.0
36423,5.88,0.0
36424,5.8,0.0
36425,5.775,0.0
36426,5.665,0.0
36427,5.59,0.0
36428,5.525,0.0
36429,5.49,0.0
36430,5.45,0.0
36431,5.395,0.0
36432,5.355,0.0
36433,5.33,0.0
36434,5.31,0.0
36435,5.28,0.0
36436,5.255,0.0
36437,5.24,0.0
36438,5.235,0.0
36439,5.215,0.0
36440,5.18,0.0
36441,5.175,0.0
36442,5.175,0.0
36443,5.16,0.0
36444,5.135,0.0
36445,5.13,0.0
36446,5.14,0.0
36447,5.135,0.0
36448,5.125,0.0
36449,5.105,0.0
36450,5.11,0.0
36451,5.115,0.0
36452,5.115,0.0
36453,5.1,0.0
36454,5.11,0.0
36455,5.1,0.0
36456,5.105,0.0
36457,5.09,0.0
36458,5.105,0.0
36459,5.115,0.0
36460,5.1,0.0
36461,5.105,0.0
36462,5.105,0.0
36463,5.115,0.0
36464,5.12,0.0
36465,5.1,0.0
36466,5.115,0.0
36467,5.12,0.0
36468,5.11,0.0
36469,5.095,0.0
36470,5.105,0.0
36471,5.115,0.0
36472,5.115,0.0
36473,5.11,0.0
36474,5.095,0.0
36475,5.095,0.0
36476,5.105,0.0
36477,5.1,0.0
36478,5.08,0.0
36479,5.09,0.0
36480,5.09,0.0
36481,5.08,0.0
36482,5.06,0.0
36483,5.07,0.0
36484,5.08,0.0
36485,5.065,0.0
36486,5.06,0.0
36487,5.06,0.0
36488,5.07,0.0
36489,5.075,0.0
36490,5.055,0.0
36491,5.07,0.0
36492,5.08,0.0
36493,5.085,0.0
36494,5.07,0.0
36495,5.075,0.0
36496,5.085,0.0
36497,5.1,0.0
36498,5.08,0.0
36499,5.07,0.0
36500,5.07,0.0
36501,5.07,0.0
36502,5.04,0.0
36503,5.03,0.0
36504,5.04,0.0
36505,5.03,0.0
36506,5.005,0.0
36507,4.975,0.0
36508,4.975,0.0
36509,4.965,0.0
36510,4.96,0.0
36511,4.94,0.0
36512,4.935,0.0
36513,4.955,0.0
36514,4.975,0.0
36515,4.97,0.0
36516,4.97,0.0
36517,4.97,0.0
36518,4.975,0.0
36519,4.965,0.0
36520,4.965,0.0
36521,4.975,0.0
36522,4.975,0.0
36523,4.975,0.0
36524,4.97,0.0
36525,4.965,0.0
36526,4.98,0.0
36527,4.97,0.0
36528,4.955,0.0
36529,4.975,0.0
36530,4.975,0.0
36531,4.98,0.0
36532,4.97,0.0
36533,4.98,0.0
36534,4.985,0.0
36535,5.0,0.0
36536,5.005,0.0
36537,5.07,0.0
36538,5.345,0.0
36539,5.835,0.0
36540,5.915,0.0
36541,5.62,0.0
36542,5.475,0.0
36543,5.43,0.0
36544,5.375,0.0
36545,5.34,0.0
36546,5.325,0.0
36547,5.24,0.0
36548,5.08,0.0
36549,4.84,0.0
36550,4.75,0.0
36551,4.255,0.0
36552,3.93,0.0
36553,3.57,0.0
36554,3.295,0.0
36555,3.095,0.0
36556,2.91,0.0
36557,2.76,0.0
36558,2.605,0.0
36559,2.445,0.0
36560,2.3,0.0
36561,2.2,0.0
36562,2.145,0.0
36563,2.09,0.0
36564,2.03,0.0
36565,2.005,0.0
36566,1.99,0.0
36567,1.995,0.0
36568,1.995,0.0
36569,2.025,0.0
36570,2.105,0.0
36571,2.235,0.0
36572,2.375,0.0
36573,2.555,0.0
36574,2.745,0.0
36575,2.815,0.0
36576,3.34,0.0
36577,3.65,0.0
36578,3.965,0.0
36579,4.29,0.0
36580,4.595,0.0
36581,4.875,0.0
36582,5.11,0.0
36583,5.325,0.0
36584,5.515,0.0
36585,5.66,0.0
36586,5.75,0.0
36587,5.85,0.0
36588,5.91,0.0
36589,5.965,0.0
36590,6.0,0.0
36591,6.05,0.0
36592,6.095,0.0
36593,6.135,0.0
36594,6.175,0.0
36595,6.23,0.0
36596,6.28,0.0
36597,6.325,0.0
36598,6.34,0.0
36599,6.395,0.0
36600,6.42,0.0
36601,6.495,0.0
36602,6.54,0.0
36603,6.585,0.0
36604,6.65,0.0
36605,6.695,0.0
36606,6.735,0.0
36607,6.785,0.0
36608,6.825,0.0
36609,6.88,0.0
36610,6.91,0.0
36611,6.935,0.0
36612,6.99,0.0
36613,7.035,0.0
36614,7.065,0.0
36615,7.07,0.0
36616,7.1,0.0
36617,7.115,0.0
36618,7.115,0.0
36619,7.09,0.0
36620,7.07,0.0
36621,7.055,0.0
36622,7.015,0.0
36623,6.965,0.0
36624,6.91,0.0
36625,6.89,0.0
36626,6.78,0.0
36627,6.695,0.0
36628,6.605,0.0
36629,6.525,0.0
36630,6.445,0.0
36631,6.345,0.0
36632,6.255,0.0
36633,6.165,0.0
36634,6.085,0.0
36635,5.995,0.0
36636,5.91,0.0
36637,5.85,0.0
36638,5.79,0.0
36639,5.725,0.0
36640,5.65,0.0
36641,5.6,0.0
36642,5.56,0.0
36643,5.51,0.0
36644,5.46,0.0
36645,5.415,0.0
36646,5.39,0.0
36647,5.365,0.0
36648,5.32,0.0
36649,5.3,0.0
36650,5.29,0.0
36651,5.26,0.0
36652,5.225,0.0
36653,5.21,0.0
36654,5.2,0.0
36655,5.195,0.0
36656,5.18,0.0
36657,5.155,0.0
36658,5.165,0.0
36659,5.165,0.0
36660,5.155,0.0
36661,5.13,0.0
36662,5.135,0.0
36663,5.14,0.0
36664,5.14,0.0
36665,5.13,0.0
36666,5.12,0.0
36667,5.135,0.0
36668,5.135,0.0
36669,5.125,0.0
36670,5.125,0.0
36671,5.14,0.0
36672,5.145,0.0
36673,5.13,0.0
36674,5.125,0.0
36675,5.135,0.0
36676,5.145,0.0
36677,5.145,0.0
36678,5.135,0.0
36679,5.15,0.0
36680,5.155,0.0
36681,5.145,0.0
36682,5.135,0.0
36683,5.14,0.0
36684,5.14,0.0
36685,5.14,0.0
36686,5.13,0.0
36687,5.125,0.0
36688,5.14,0.0
36689,5.125,0.0
36690,5.115,0.0
36691,5.115,0.0
36692,5.115,0.0
36693,5.11,0.0
36694,5.09,0.0
36695,5.09,0.0
36696,5.1,0.0
36697,5.085,0.0
36698,5.065,0.0
36699,5.065,0.0
36700,5.06,0.0
36701,5.065,0.0
36702,5.045,0.0
36703,5.035,0.0
36704,5.05,0.0
36705,5.045,0.0
36706,5.04,0.0
36707,5.025,0.0
36708,5.03,0.0
36709,5.03,0.0
36710,5.025,0.0
36711,5.015,0.0
36712,5.015,0.0
36713,5.025,0.0
36714,5.01,0.0
36715,5.01,0.0
36716,5.005,0.0
36717,5.015,0.0
36718,5.02,0.0
36719,5.0,0.0
36720,5.0,0.0
36721,5.01,0.0
36722,5.005,0.0
36723,4.985,0.0
36724,4.985,0.0
36725,4.99,0.0
36726,5.0,0.0
36727,4.99,0.0
36728,4.975,0.0
36729,4.99,0.0
36730,4.98,0.0
36731,4.985,0.0
36732,4.985,0.0
36733,4.99,0.0
36734,4.995,0.0
36735,4.99,0.0
36736,4.99,0.0
36737,5.0,0.0
36738,4.99,0.0
36739,5.01,0.0
36740,5.015,0.0
36741,5.015,0.0
36742,5.045,0.0
36743,5.055,0.0
36744,5.045,0.0
36745,5.045,0.0
36746,5.075,0.0
36747,5.09,0.0
36748,5.19,0.0
36749,5.6,0.0
36750,5.775,0.0
36751,5.735,0.0
36752,5.44,0.0
36753,5.365,0.0
36754,5.315,0.0
36755,5.235,0.0
36756,5.135,0.0
36757,4.96,0.0
36758,4.695,0.0
36759,4.375,0.0
36760,4.02,0.0
36761,3.655,0.0
36762,3.28,0.0
36763,2.97,0.0
36764,2.725,0.0
36765,2.53,0.0
36766,2.375,0.0
36767,2.245,0.0
36768,2.11,0.0
36769,2.04,0.0
36770,1.995,0.0
36771,1.98,0.0
36772,1.965,0.0
36773,1.945,0.0
36774,1.94,0.0
36775,1.945,0.0
36776,1.97,0.0
36777,1.98,0.0
36778,2.035,0.0
36779,2.145,0.0
36780,2.275,0.0
36781,2.455,0.0
36782,2.645,0.0
36783,2.91,0.0
36784,3.23,0.0
36785,3.58,0.0
36786,3.895,0.0
36787,4.21,0.0
36788,4.535,0.0
36789,4.815,0.0
36790,5.055,0.0
36791,5.275,0.0
36792,5.475,0.0
36793,5.63,0.0
36794,5.735,0.0
36795,5.815,0.0
36796,5.885,0.0
36797,5.94,0.0
36798,5.98,0.0
36799,6.035,0.0
36800,6.055,0.0
36801,6.14,0.0
36802,6.165,0.0
36803,6.21,0.0
36804,6.265,0.0
36805,6.305,0.0
36806,6.34,0.0
36807,6.375,0.0
36808,6.425,0.0
36809,6.475,0.0
36810,6.52,0.0
36811,6.555,0.0
36812,6.6,0.0
36813,6.65,0.0
36814,6.7,0.0
36815,6.73,0.0
36816,6.79,0.0
36817,6.835,0.0
36818,6.885,0.0
36819,6.905,0.0
36820,6.94,0.0
36821,6.98,0.0
36822,7.005,0.0
36823,7.025,0.0
36824,7.025,0.0
36825,7.035,0.0
36826,7.03,0.0
36827,7.01,0.0
36828,6.975,0.0
36829,6.96,0.0
36830,6.925,0.0
36831,6.85,0.0
36832,6.785,0.0
36833,6.74,0.0
36834,6.67,0.0
36835,6.57,0.0
36836,6.475,0.0
36837,6.395,0.0
36838,6.32,0.0
36839,6.215,0.0
36840,6.115,0.0
36841,6.04,0.0
36842,5.975,0.0
36843,5.895,0.0
36844,5.82,0.0
36845,5.755,0.0
36846,5.705,0.0
36847,5.64,0.0
36848,5.575,0.0
36849,5.515,0.0
36850,5.495,0.0
36851,5.43,0.0
36852,5.38,0.0
36853,5.345,0.0
36854,5.325,0.0
36855,5.3,0.0
36856,5.265,0.0
36857,5.24,0.0
36858,5.23,0.0
36859,5.22,0.0
36860,5.2,0.0
36861,5.18,0.0
36862,5.18,0.0
36863,5.175,0.0
36864,5.16,0.0
36865,5.15,0.0
36866,5.145,0.0
36867,5.155,0.0
36868,5.145,0.0
36869,5.135,0.0
36870,5.135,0.0
36871,5.145,0.0
36872,5.135,0.0
36873,5.14,0.0
36874,5.135,0.0
36875,5.14,0.0
36876,5.14,0.0
36877,5.135,0.0
36878,5.13,0.0
36879,5.145,0.0
36880,5.15,0.0
36881,5.14,0.0
36882,5.145,0.0
36883,5.15,0.0
36884,5.155,0.0
36885,5.15,0.0
36886,5.135,0.0
36887,5.135,0.0
36888,5.14,0.0
36889,5.135,0.0
36890,5.13,0.0
36891,5.13,0.0
36892,5.14,0.0
36893,5.135,0.0
36894,5.12,0.0
36895,5.125,0.0
36896,5.12,0.0
36897,5.115,0.0
36898,5.11,0.0
36899,5.095,0.0
36900,5.095,0.0
36901,5.095,0.0
36902,5.085,0.0
36903,5.075,0.0
36904,5.075,0.0
36905,5.085,0.0
36906,5.065,0.0
36907,5.055,0.0
36908,5.055,0.0
36909,5.055,0.0
36910,5.055,0.0
36911,5.04,0.0
36912,5.055,0.0
36913,5.04,0.0
36914,5.04,0.0
36915,5.025,0.0
36916,5.01,0.0
36917,5.03,0.0
36918,5.03,0.0
36919,5.015,0.0
36920,5.01,0.0
36921,5.03,0.0
36922,5.015,0.0
36923,5.0,0.0
36924,4.995,0.0
36925,5.0,0.0
36926,5.0,0.0
36927,4.995,0.0
36928,4.99,0.0
36929,5.0,0.0
36930,4.995,0.0
36931,4.99,0.0
36932,4.975,0.0
36933,4.99,0.0
36934,5.0,0.0
36935,4.985,0.0
36936,4.985,0.0
36937,4.99,0.0
36938,4.99,0.0
36939,4.995,0.0
36940,4.97,0.0
36941,4.975,0.0
36942,4.995,0.0
36943,4.99,0.0
36944,4.975,0.0
36945,4.975,0.0
36946,5.0,0.0
36947,4.985,0.0
36948,4.97,0.0
36949,4.98,0.0
36950,4.985,0.0
36951,5.0,0.0
36952,5.0,0.0
36953,5.035,0.0
36954,5.185,0.0
36955,5.605,0.0
36956,5.935,0.0
36957,5.73,0.0
36958,5.46,0.0
36959,5.365,0.0
36960,5.275,0.0
36961,5.155,0.0
36962,4.985,0.0
36963,4.765,0.0
36964,4.49,0.0
36965,4.165,0.0
36966,3.87,0.0
36967,3.625,0.0
36968,3.37,0.0
36969,3.135,0.0
36970,2.86,0.0
36971,2.595,0.0
36972,2.41,0.0
36973,2.265,0.0
36974,2.155,0.0
36975,2.115,0.0
36976,2.04,0.0
36977,1.99,0.0
36978,1.975,0.0
36979,1.965,0.0
36980,1.97,0.0
36981,1.97,0.0
36982,1.96,0.0
36983,2.005,0.0
36984,2.035,0.0
36985,2.14,0.0
36986,2.285,0.0
36987,2.535,0.0
36988,2.835,0.0
36989,3.175,0.0
36990,3.525,0.0
36991,3.92,0.0
36992,4.255,0.0
36993,4.55,0.0
36994,4.815,0.0
36995,5.07,0.0
36996,5.305,0.0
36997,5.505,0.0
36998,5.63,0.0
36999,5.73,0.0
37000,5.76,0.0
37001,5.85,0.0
37002,5.89,0.0
37003,5.925,0.0
37004,5.985,0.0
37005,6.01,0.0
37006,6.03,0.0
37007,6.06,0.0
37008,6.095,0.0
37009,6.13,0.0
37010,6.16,0.0
37011,6.18,0.0
37012,6.22,0.0
37013,6.26,0.0
37014,6.29,0.0
37015,6.31,0.0
37016,6.35,0.0
37017,6.385,0.0
37018,6.415,0.0
37019,6.445,0.0
37020,6.49,0.0
37021,6.535,0.0
37022,6.58,0.0
37023,6.6,0.0
37024,6.64,0.0
37025,6.655,0.0
37026,6.725,0.0
37027,6.745,0.0
37028,6.785,0.0
37029,6.825,0.0
37030,6.85,0.0
37031,6.855,0.0
37032,6.86,0.0
37033,6.87,0.0
37034,6.87,0.0
37035,6.85,0.0
37036,6.815,0.0
37037,6.79,0.0
37038,6.755,0.0
37039,6.685,0.0
37040,6.615,0.0
37041,6.555,0.0
37042,6.475,0.0
37043,6.395,0.0
37044,6.285,0.0
37045,6.205,0.0
37046,6.13,0.0
37047,6.03,0.0
37048,5.94,0.0
37049,5.855,0.0
37050,5.83,0.0
37051,5.73,0.0
37052,5.65,0.0
37053,5.595,0.0
37054,5.545,0.0
37055,5.49,0.0
37056,5.44,0.0
37057,5.395,0.0
37058,5.365,0.0
37059,5.35,0.0
37060,5.305,0.0
37061,5.28,0.0
37062,5.265,0.0
37063,5.255,0.0
37064,5.245,0.0
37065,5.225,0.0
37066,5.225,0.0
37067,5.23,0.0
37068,5.22,0.0
37069,5.195,0.0
37070,5.19,0.0
37071,5.2,0.0
37072,5.21,0.0
37073,5.195,0.0
37074,5.19,0.0
37075,5.19,0.0
37076,5.2,0.0
37077,5.2,0.0
37078,5.19,0.0
37079,5.21,0.0
37080,5.22,0.0
37081,5.205,0.0
37082,5.19,0.0
37083,5.205,0.0
37084,5.205,0.0
37085,5.195,0.0
37086,5.185,0.0
37087,5.19,0.0
37088,5.19,0.0
37089,5.18,0.0
37090,5.175,0.0
37091,5.17,0.0
37092,5.18,0.0
37093,5.175,0.0
37094,5.145,0.0
37095,5.14,0.0
37096,5.16,0.0
37097,5.15,0.0
37098,5.135,0.0
37099,5.12,0.0
37100,5.12,0.0
37101,5.125,0.0
37102,5.11,0.0
37103,5.095,0.0
37104,5.105,0.0
37105,5.11,0.0
37106,5.095,0.0
37107,5.065,0.0
37108,5.08,0.0
37109,5.085,0.0
37110,5.07,0.0
37111,5.055,0.0
37112,5.055,0.0
37113,5.065,0.0
37114,5.055,0.0
37115,5.045,0.0
37116,5.04,0.0
37117,5.05,0.0
37118,5.055,0.0
37119,5.04,0.0
37120,5.03,0.0
37121,5.05,0.0
37122,5.03,0.0
37123,5.025,0.0
37124,5.02,0.0
37125,5.025,0.0
37126,5.02,0.0
37127,5.02,0.0
37128,5.02,0.0
37129,5.015,0.0
37130,5.03,0.0
37131,5.01,0.0
37132,5.01,0.0
37133,5.015,0.0
37134,5.02,0.0
37135,5.015,0.0
37136,5.005,0.0
37137,5.005,0.0
37138,5.02,0.0
37139,5.01,0.0
37140,5.0,0.0
37141,5.01,0.0
37142,5.015,0.0
37143,5.015,0.0
37144,5.0,0.0
37145,4.995,0.0
37146,4.995,0.0
37147,5.01,0.0
37148,5.01,0.0
37149,4.995,0.0
37150,5.0,0.0
37151,5.005,0.0
37152,5.005,0.0
37153,4.995,0.0
37154,5.01,0.0
37155,5.03,0.0
37156,5.025,0.0
37157,5.055,0.0
37158,5.215,0.0
37159,5.67,0.0
37160,6.03,0.0
37161,5.745,0.0
37162,5.475,0.0
37163,5.435,0.0
37164,5.375,0.0
37165,5.3,0.0
37166,5.215,0.0
37167,5.045,0.0
37168,4.77,0.0
37169,4.395,0.0
37170,4.015,0.0
37171,3.65,0.0
37172,3.27,0.0
37173,2.945,0.0
37174,2.69,0.0
37175,2.62,0.0
37176,2.37,0.0
37177,2.2,0.0
37178,2.115,0.0
37179,2.075,0.0
37180,2.045,0.0
37181,2.01,0.0
37182,1.985,0.0
37183,1.99,0.0
37184,1.995,0.0
37185,2.005,0.0
37186,2.03,0.0
37187,2.115,0.0
37188,2.25,0.0
37189,2.425,0.0
37190,2.635,0.0
37191,2.925,0.0
37192,3.32,0.0
37193,3.685,0.0
37194,4.0,0.0
37195,4.34,0.0
37196,4.655,0.0
37197,4.92,0.0
37198,5.15,0.0
37199,5.37,0.0
37200,5.44,0.0
37201,5.7,0.0
37202,5.78,0.0
37203,5.825,0.0
37204,5.895,0.0
37205,5.935,0.0
37206,5.965,0.0
37207,5.99,0.0
37208,6.045,0.0
37209,6.08,0.0
37210,6.115,0.0
37211,6.13,0.0
37212,6.16,0.0
37213,6.185,0.0
37214,6.22,0.0
37215,6.245,0.0
37216,6.29,0.0
37217,6.33,0.0
37218,6.36,0.0
37219,6.39,0.0
37220,6.44,0.0
37221,6.48,0.0
37222,6.515,0.0
37223,6.555,0.0
37224,6.605,0.0
37225,6.625,0.0
37226,6.695,0.0
37227,6.73,0.0
37228,6.765,0.0
37229,6.82,0.0
37230,6.855,0.0
37231,6.88,0.0
37232,6.89,0.0
37233,6.91,0.0
37234,6.925,0.0
37235,6.92,0.0
37236,6.9,0.0
37237,6.885,0.0
37238,6.85,0.0
37239,6.795,0.0
37240,6.73,0.0
37241,6.665,0.0
37242,6.6,0.0
37243,6.505,0.0
37244,6.405,0.0
37245,6.315,0.0
37246,6.23,0.0
37247,6.13,0.0
37248,6.03,0.0
37249,5.935,0.0
37250,5.91,0.0
37251,5.79,0.0
37252,5.72,0.0
37253,5.64,0.0
37254,5.59,0.0
37255,5.535,0.0
37256,5.48,0.0
37257,5.43,0.0
37258,5.4,0.0
37259,5.37,0.0
37260,5.34,0.0
37261,5.3,0.0
37262,5.3,0.0
37263,5.285,0.0
37264,5.26,0.0
37265,5.245,0.0
37266,5.245,0.0
37267,5.245,0.0
37268,5.24,0.0
37269,5.22,0.0
37270,5.22,0.0
37271,5.23,0.0
37272,5.21,0.0
37273,5.21,0.0
37274,5.205,0.0
37275,5.21,0.0
37276,5.215,0.0
37277,5.21,0.0
37278,5.195,0.0
37279,5.22,0.0
37280,5.225,0.0
37281,5.21,0.0
37282,5.215,0.0
37283,5.205,0.0
37284,5.21,0.0
37285,5.2,0.0
37286,5.19,0.0
37287,5.21,0.0
37288,5.2,0.0
37289,5.2,0.0
37290,5.18,0.0
37291,5.185,0.0
37292,5.185,0.0
37293,5.175,0.0
37294,5.165,0.0
37295,5.155,0.0
37296,5.16,0.0
37297,5.16,0.0
37298,5.14,0.0
37299,5.13,0.0
37300,5.125,0.0
37301,5.125,0.0
37302,5.12,0.0
37303,5.1,0.0
37304,5.095,0.0
37305,5.1,0.0
37306,5.08,0.0
37307,5.07,0.0
37308,5.085,0.0
37309,5.08,0.0
37310,5.06,0.0
37311,5.065,0.0
37312,5.06,0.0
37313,5.06,0.0
37314,5.06,0.0
37315,5.045,0.0
37316,5.04,0.0
37317,5.06,0.0
37318,5.045,0.0
37319,5.03,0.0
37320,5.03,0.0
37321,5.04,0.0
37322,5.03,0.0
37323,5.02,0.0
37324,5.02,0.0
37325,5.025,0.0
37326,5.025,0.0
37327,5.015,0.0
37328,5.01,0.0
37329,5.015,0.0
37330,5.02,0.0
37331,5.01,0.0
37332,5.0,0.0
37333,5.01,0.0
37334,5.02,0.0
37335,5.015,0.0
37336,4.995,0.0
37337,5.005,0.0
37338,5.015,0.0
37339,4.995,0.0
37340,4.99,0.0
37341,5.005,0.0
37342,5.005,0.0
37343,5.005,0.0
37344,4.995,0.0
37345,4.99,0.0
37346,5.015,0.0
37347,5.015,0.0
37348,4.995,0.0
37349,4.99,0.0
37350,5.0,0.0
37351,5.01,0.0
37352,5.005,0.0
37353,5.015,0.0
37354,5.065,0.0
37355,5.185,0.0
37356,5.6,0.0
37357,5.96,0.0
37358,5.715,0.0
37359,5.44,0.0
37360,5.36,0.0
37361,5.28,0.0
37362,5.18,0.0
37363,5.025,0.0
37364,4.78,0.0
37365,4.47,0.0
37366,4.125,0.0
37367,3.805,0.0
37368,3.51,0.0
37369,3.255,0.0
37370,3.01,0.0
37371,2.74,0.0
37372,2.52,0.0
37373,2.36,0.0
37374,2.24,0.0
37375,2.2,0.0
37376,2.08,0.0
37377,2.035,0.0
37378,2.01,0.0
37379,2.015,0.0
37380,2.005,0.0
37381,2.0,0.0
37382,2.0,0.0
37383,2.045,0.0
37384,2.1,0.0
37385,2.22,0.0
37386,2.38,0.0
37387,2.61,0.0
37388,2.88,0.0
37389,3.205,0.0
37390,3.57,0.0
37391,3.955,0.0
37392,4.3,0.0
37393,4.62,0.0
37394,4.9,0.0
37395,5.165,0.0
37396,5.41,0.0
37397,5.61,0.0
37398,5.74,0.0
37399,5.825,0.0
37400,5.86,0.0
37401,5.98,0.0
37402,6.02,0.0
37403,6.065,0.0
37404,6.125,0.0
37405,6.16,0.0
37406,6.195,0.0
37407,6.22,0.0
37408,6.265,0.0
37409,6.28,0.0
37410,6.3,0.0
37411,6.325,0.0
37412,6.37,0.0
37413,6.39,0.0
37414,6.41,0.0
37415,6.42,0.0
37416,6.46,0.0
37417,6.505,0.0
37418,6.545,0.0
37419,6.58,0.0
37420,6.64,0.0
37421,6.695,0.0
37422,6.725,0.0
37423,6.75,0.0
37424,6.785,0.0
37425,6.8,0.0
37426,6.865,0.0
37427,6.885,0.0
37428,6.895,0.0
37429,6.925,0.0
37430,6.935,0.0
37431,6.925,0.0
37432,6.9,0.0
37433,6.9,0.0
37434,6.87,0.0
37435,6.815,0.0
37436,6.755,0.0
37437,6.7,0.0
37438,6.63,0.0
37439,6.545,0.0
37440,6.445,0.0
37441,6.36,0.0
37442,6.27,0.0
37443,6.18,0.0
37444,6.075,0.0
37445,5.98,0.0
37446,5.895,0.0
37447,5.815,0.0
37448,5.72,0.0
37449,5.655,0.0
37450,5.635,0.0
37451,5.535,0.0
37452,5.475,0.0
37453,5.425,0.0
37454,5.4,0.0
37455,5.365,0.0
37456,5.33,0.0
37457,5.29,0.0
37458,5.28,0.0
37459,5.26,0.0
37460,5.24,0.0
37461,5.23,0.0
37462,5.225,0.0
37463,5.225,0.0
37464,5.23,0.0
37465,5.195,0.0
37466,5.2,0.0
37467,5.22,0.0
37468,5.21,0.0
37469,5.2,0.0
37470,5.195,0.0
37471,5.21,0.0
37472,5.205,0.0
37473,5.2,0.0
37474,5.2,0.0
37475,5.205,0.0
37476,5.21,0.0
37477,5.205,0.0
37478,5.2,0.0
37479,5.215,0.0
37480,5.215,0.0
37481,5.2,0.0
37482,5.185,0.0
37483,5.205,0.0
37484,5.2,0.0
37485,5.185,0.0
37486,5.18,0.0
37487,5.175,0.0
37488,5.19,0.0
37489,5.185,0.0
37490,5.165,0.0
37491,5.175,0.0
37492,5.175,0.0
37493,5.165,0.0
37494,5.15,0.0
37495,5.145,0.0
37496,5.15,0.0
37497,5.145,0.0
37498,5.125,0.0
37499,5.12,0.0
37500,5.12,0.0
37501,5.115,0.0
37502,5.105,0.0
37503,5.1,0.0
37504,5.1,0.0
37505,5.09,0.0
37506,5.08,0.0
37507,5.065,0.0
37508,5.075,0.0
37509,5.08,0.0
37510,5.07,0.0
37511,5.05,0.0
37512,5.06,0.0
37513,5.055,0.0
37514,5.065,0.0
37515,5.04,0.0
37516,5.04,0.0
37517,5.055,0.0
37518,5.04,0.0
37519,5.02,0.0
37520,5.02,0.0
37521,5.045,0.0
37522,5.035,0.0
37523,5.035,0.0
37524,5.02,0.0
37525,5.03,0.0
37526,5.035,0.0
37527,5.025,0.0
37528,5.02,0.0
37529,5.03,0.0
37530,5.03,0.0
37531,5.02,0.0
37532,5.015,0.0
37533,5.02,0.0
37534,5.03,0.0
37535,5.03,0.0
37536,5.015,0.0
37537,5.01,0.0
37538,5.02,0.0
37539,5.015,0.0
37540,5.015,0.0
37541,5.01,0.0
37542,5.03,0.0
37543,5.02,0.0
37544,5.005,0.0
37545,5.01,0.0
37546,5.03,0.0
37547,5.01,0.0
37548,4.995,0.0
37549,4.995,0.0
37550,5.0,0.0
37551,5.015,0.0
37552,5.005,0.0
37553,5.015,0.0
37554,5.03,0.0
37555,5.05,0.0
37556,5.115,0.0
37557,5.395,0.0
37558,5.85,0.0
37559,5.85,0.0
37560,5.555,0.0
37561,5.41,0.0
37562,5.335,0.0
37563,5.235,0.0
37564,5.11,0.0
37565,4.915,0.0
37566,4.7,0.0
37567,4.445,0.0
37568,4.125,0.0
37569,3.84,0.0
37570,3.61,0.0
37571,3.425,0.0
37572,3.195,0.0
37573,2.91,0.0
37574,2.665,0.0
37575,2.6,0.0
37576,2.39,0.0
37577,2.27,0.0
37578,2.165,0.0
37579,2.115,0.0
37580,2.08,0.0
37581,2.055,0.0
37582,2.025,0.0
37583,2.025,0.0
37584,2.04,0.0
37585,2.035,0.0
37586,2.045,0.0
37587,2.09,0.0
37588,2.18,0.0
37589,2.305,0.0
37590,2.475,0.0
37591,2.7,0.0
37592,2.98,0.0
37593,3.305,0.0
37594,3.62,0.0
37595,3.98,0.0
37596,4.305,0.0
37597,4.595,0.0
37598,4.855,0.0
37599,5.095,0.0
37600,5.175,0.0
37601,5.525,0.0
37602,5.665,0.0
37603,5.765,0.0
37604,5.835,0.0
37605,5.885,0.0
37606,5.92,0.0
37607,5.95,0.0
37608,6.01,0.0
37609,6.055,0.0
37610,6.07,0.0
37611,6.09,0.0
37612,6.125,0.0
37613,6.165,0.0
37614,6.18,0.0
37615,6.2,0.0
37616,6.24,0.0
37617,6.27,0.0
37618,6.29,0.0
37619,6.32,0.0
37620,6.365,0.0
37621,6.415,0.0
37622,6.445,0.0
37623,6.48,0.0
37624,6.52,0.0
37625,6.54,0.0
37626,6.615,0.0
37627,6.64,0.0
37628,6.665,0.0
37629,6.715,0.0
37630,6.745,0.0
37631,6.75,0.0
37632,6.775,0.0
37633,6.81,0.0
37634,6.83,0.0
37635,6.835,0.0
37636,6.83,0.0
37637,6.845,0.0
37638,6.855,0.0
37639,6.83,0.0
37640,6.82,0.0
37641,6.81,0.0
37642,6.805,0.0
37643,6.775,0.0
37644,6.74,0.0
37645,6.69,0.0
37646,6.65,0.0
37647,6.585,0.0
37648,6.5,0.0
37649,6.42,0.0
37650,6.4,0.0
37651,6.265,0.0
37652,6.17,0.0
37653,6.08,0.0
37654,5.995,0.0
37655,5.925,0.0
37656,5.84,0.0
37657,5.765,0.0
37658,5.715,0.0
37659,5.65,0.0
37660,5.575,0.0
37661,5.515,0.0
37662,5.475,0.0
37663,5.435,0.0
37664,5.395,0.0
37665,5.34,0.0
37666,5.315,0.0
37667,5.305,0.0
37668,5.28,0.0
37669,5.245,0.0
37670,5.235,0.0
37671,5.245,0.0
37672,5.225,0.0
37673,5.2,0.0
37674,5.2,0.0
37675,5.215,0.0
37676,5.205,0.0
37677,5.195,0.0
37678,5.18,0.0
37679,5.2,0.0
37680,5.195,0.0
37681,5.19,0.0
37682,5.19,0.0
37683,5.205,0.0
37684,5.215,0.0
37685,5.2,0.0
37686,5.2,0.0
37687,5.21,0.0
37688,5.225,0.0
37689,5.22,0.0
37690,5.2,0.0
37691,5.22,0.0
37692,5.22,0.0
37693,5.22,0.0
37694,5.2,0.0
37695,5.215,0.0
37696,5.22,0.0
37697,5.21,0.0
37698,5.2,0.0
37699,5.195,0.0
37700,5.2,0.0
37701,5.21,0.0
37702,5.19,0.0
37703,5.185,0.0
37704,5.19,0.0
37705,5.19,0.0
37706,5.18,0.0
37707,5.165,0.0
37708,5.18,0.0
37709,5.185,0.0
37710,5.16,0.0
37711,5.155,0.0
37712,5.155,0.0
37713,5.155,0.0
37714,5.155,0.0
37715,5.135,0.0
37716,5.135,0.0
37717,5.135,0.0
37718,5.13,0.0
37719,5.105,0.0
37720,5.115,0.0
37721,5.12,0.0
37722,5.115,0.0
37723,5.1,0.0
37724,5.1,0.0
37725,5.105,0.0
37726,5.095,0.0
37727,5.095,0.0
37728,5.08,0.0
37729,5.09,0.0
37730,5.095,0.0
37731,5.08,0.0
37732,5.075,0.0
37733,5.075,0.0
37734,5.085,0.0
37735,5.075,0.0
37736,5.06,0.0
37737,5.06,0.0
37738,5.065,0.0
37739,5.07,0.0
37740,5.05,0.0
37741,5.05,0.0
37742,5.065,0.0
37743,5.06,0.0
37744,5.045,0.0
37745,5.05,0.0
37746,5.06,0.0
37747,5.06,0.0
37748,5.055,0.0
37749,5.05,0.0
37750,5.055,0.0
37751,5.065,0.0
37752,5.045,0.0
37753,5.04,0.0
37754,5.05,0.0
37755,5.05,0.0
37756,5.045,0.0
37757,5.035,0.0
37758,5.04,0.0
37759,5.045,0.0
37760,5.045,0.0
37761,5.035,0.0
37762,5.05,0.0
37763,5.055,0.0
37764,5.055,0.0
37765,5.04,0.0
37766,5.055,0.0
37767,5.055,0.0
37768,5.055,0.0
37769,5.045,0.0
37770,5.065,0.0
37771,5.085,0.0
37772,5.1,0.0
37773,5.205,0.0
37774,5.6,0.0
37775,5.765,0.0
37776,5.905,0.0
37777,5.575,0.0
37778,5.47,0.0
37779,5.43,0.0
37780,5.38,0.0
37781,5.33,0.0
37782,5.235,0.0
37783,5.105,0.0
37784,4.89,0.0
37785,4.58,0.0
37786,4.22,0.0
37787,3.845,0.0
37788,3.465,0.0
37789,3.14,0.0
37790,2.87,0.0
37791,2.66,0.0
37792,2.53,0.0
37793,2.36,0.0
37794,2.22,0.0
37795,2.15,0.0
37796,2.125,0.0
37797,2.095,0.0
37798,2.06,0.0
37799,2.05,0.0
37800,2.055,0.0
37801,2.06,0.0
37802,2.055,0.0
37803,2.075,0.0
37804,2.125,0.0
37805,2.19,0.0
37806,2.295,0.0
37807,2.46,0.0
37808,2.67,0.0
37809,2.9,0.0
37810,3.19,0.0
37811,3.51,0.0
37812,3.84,0.0
37813,4.16,0.0
37814,4.47,0.0
37815,4.77,0.0
37816,5.04,0.0
37817,5.275,0.0
37818,5.485,0.0
37819,5.65,0.0
37820,5.78,0.0
37821,5.87,0.0
37822,5.92,0.0
37823,5.955,0.0
37824,5.995,0.0
37825,6.005,0.0
37826,6.085,0.0
37827,6.115,0.0
37828,6.14,0.0
37829,6.195,0.0
37830,6.22,0.0
37831,6.23,0.0
37832,6.26,0.0
37833,6.305,0.0
37834,6.335,0.0
37835,6.365,0.0
37836,6.405,0.0
37837,6.45,0.0
37838,6.495,0.0
37839,6.525,0.0
37840,6.565,0.0
37841,6.615,0.0
37842,6.665,0.0
37843,6.715,0.0
37844,6.745,0.0
37845,6.8,0.0
37846,6.86,0.0
37847,6.89,0.0
37848,6.91,0.0
37849,6.94,0.0
37850,6.955,0.0
37851,6.985,0.0
37852,6.985,0.0
37853,6.99,0.0
37854,7.0,0.0
37855,6.98,0.0
37856,6.945,0.0
37857,6.9,0.0
37858,6.885,0.0
37859,6.84,0.0
37860,6.765,0.0
37861,6.7,0.0
37862,6.66,0.0
37863,6.595,0.0
37864,6.53,0.0
37865,6.43,0.0
37866,6.365,0.0
37867,6.285,0.0
37868,6.19,0.0
37869,6.095,0.0
37870,6.015,0.0
37871,5.945,0.0
37872,5.855,0.0
37873,5.775,0.0
37874,5.71,0.0
37875,5.7,0.0
37876,5.585,0.0
37877,5.535,0.0
37878,5.485,0.0
37879,5.445,0.0
37880,5.415,0.0
37881,5.38,0.0
37882,5.335,0.0
37883,5.325,0.0
37884,5.32,0.0
37885,5.29,0.0
37886,5.26,0.0
37887,5.265,0.0
37888,5.25,0.0
37889,5.24,0.0
37890,5.235,0.0
37891,5.23,0.0
37892,5.235,0.0
37893,5.235,0.0
37894,5.22,0.0
37895,5.22,0.0
37896,5.23,0.0
37897,5.23,0.0
37898,5.21,0.0
37899,5.215,0.0
37900,5.215,0.0
37901,5.23,0.0
37902,5.225,0.0
37903,5.225,0.0
37904,5.235,0.0
37905,5.25,0.0
37906,5.235,0.0
37907,5.225,0.0
37908,5.245,0.0
37909,5.24,0.0
37910,5.23,0.0
37911,5.23,0.0
37912,5.23,0.0
37913,5.235,0.0
37914,5.225,0.0
37915,5.215,0.0
37916,5.22,0.0
37917,5.225,0.0
37918,5.21,0.0
37919,5.195,0.0
37920,5.2,0.0
37921,5.21,0.0
37922,5.2,0.0
37923,5.175,0.0
37924,5.185,0.0
37925,5.195,0.0
37926,5.175,0.0
37927,5.17,0.0
37928,5.16,0.0
37929,5.165,0.0
37930,5.165,0.0
37931,5.155,0.0
37932,5.13,0.0
37933,5.145,0.0
37934,5.145,0.0
37935,5.13,0.0
37936,5.125,0.0
37937,5.125,0.0
37938,5.13,0.0
37939,5.11,0.0
37940,5.105,0.0
37941,5.1,0.0
37942,5.11,0.0
37943,5.105,0.0
37944,5.09,0.0
37945,5.085,0.0
37946,5.105,0.0
37947,5.09,0.0
37948,5.07,0.0
37949,5.065,0.0
37950,5.075,0.0
37951,5.08,0.0
37952,5.07,0.0
37953,5.065,0.0
37954,5.08,0.0
37955,5.08,0.0
37956,5.06,0.0
37957,5.055,0.0
37958,5.065,0.0
37959,5.07,0.0
37960,5.055,0.0
37961,5.055,0.0
37962,5.06,0.0
37963,5.06,0.0
37964,5.06,0.0
37965,5.045,0.0
37966,5.06,0.0
37967,5.055,0.0
37968,5.05,0.0
37969,5.03,0.0
37970,5.04,0.0
37971,5.055,0.0
37972,5.045,0.0
37973,5.025,0.0
37974,5.04,0.0
37975,5.045,0.0
37976,5.04,0.0
37977,5.03,0.0
37978,5.025,0.0
37979,5.035,0.0
37980,5.05,0.0
37981,5.05,0.0
37982,5.035,0.0
37983,5.055,0.0
37984,5.06,0.0
37985,5.085,0.0
37986,5.205,0.0
37987,5.61,0.0
37988,6.04,0.0
37989,5.885,0.0
37990,5.53,0.0
37991,5.39,0.0
37992,5.32,0.0
37993,5.195,0.0
37994,5.015,0.0
37995,4.77,0.0
37996,4.47,0.0
37997,4.14,0.0
37998,3.85,0.0
37999,3.62,0.0
38000,3.555,0.0
38001,3.165,0.0
38002,2.865,0.0
38003,2.61,0.0
38004,2.465,0.0
38005,2.345,0.0
38006,2.215,0.0
38007,2.145,0.0
38008,2.125,0.0
38009,2.1,0.0
38010,2.07,0.0
38011,2.045,0.0
38012,2.065,0.0
38013,2.08,0.0
38014,2.08,0.0
38015,2.115,0.0
38016,2.195,0.0
38017,2.32,0.0
38018,2.49,0.0
38019,2.705,0.0
38020,3.0,0.0
38021,3.35,0.0
38022,3.72,0.0
38023,4.09,0.0
38024,4.43,0.0
38025,4.54,0.0
38026,5.045,0.0
38027,5.295,0.0
38028,5.525,0.0
38029,5.7,0.0
38030,5.8,0.0
38031,5.855,0.0
38032,5.905,0.0
38033,5.965,0.0
38034,6.005,0.0
38035,6.05,0.0
38036,6.07,0.0
38037,6.12,0.0
38038,6.155,0.0
38039,6.175,0.0
38040,6.2,0.0
38041,6.24,0.0
38042,6.28,0.0
38043,6.305,0.0
38044,6.335,0.0
38045,6.37,0.0
38046,6.425,0.0
38047,6.46,0.0
38048,6.485,0.0
38049,6.53,0.0
38050,6.55,0.0
38051,6.62,0.0
38052,6.655,0.0
38053,6.69,0.0
38054,6.745,0.0
38055,6.785,0.0
38056,6.81,0.0
38057,6.835,0.0
38058,6.885,0.0
38059,6.91,0.0
38060,6.93,0.0
38061,6.935,0.0
38062,6.955,0.0
38063,6.96,0.0
38064,6.935,0.0
38065,6.91,0.0
38066,6.895,0.0
38067,6.87,0.0
38068,6.8,0.0
38069,6.74,0.0
38070,6.675,0.0
38071,6.61,0.0
38072,6.53,0.0
38073,6.435,0.0
38074,6.355,0.0
38075,6.325,0.0
38076,6.17,0.0
38077,6.07,0.0
38078,5.99,0.0
38079,5.915,0.0
38080,5.84,0.0
38081,5.745,0.0
38082,5.665,0.0
38083,5.615,0.0
38084,5.575,0.0
38085,5.51,0.0
38086,5.465,0.0
38087,5.43,0.0
38088,5.395,0.0
38089,5.355,0.0
38090,5.325,0.0
38091,5.315,0.0
38092,5.3,0.0
38093,5.285,0.0
38094,5.255,0.0
38095,5.25,0.0
38096,5.265,0.0
38097,5.25,0.0
38098,5.235,0.0
38099,5.24,0.0
38100,5.24,0.0
38101,5.25,0.0
38102,5.25,0.0
38103,5.26,0.0
38104,5.27,0.0
38105,5.275,0.0
38106,5.255,0.0
38107,5.25,0.0
38108,5.265,0.0
38109,5.255,0.0
38110,5.24,0.0
38111,5.225,0.0
38112,5.22,0.0
38113,5.21,0.0
38114,5.195,0.0
38115,5.17,0.0
38116,5.175,0.0
38117,5.17,0.0
38118,5.16,0.0
38119,5.14,0.0
38120,5.14,0.0
38121,5.165,0.0
38122,5.17,0.0
38123,5.165,0.0
38124,5.165,0.0
38125,5.16,0.0
38126,5.155,0.0
38127,5.135,0.0
38128,5.14,0.0
38129,5.145,0.0
38130,5.14,0.0
38131,5.13,0.0
38132,5.125,0.0
38133,5.125,0.0
38134,5.135,0.0
38135,5.115,0.0
38136,5.105,0.0
38137,5.105,0.0
38138,5.1,0.0
38139,5.085,0.0
38140,5.08,0.0
38141,5.08,0.0
38142,5.085,0.0
38143,5.065,0.0
38144,5.055,0.0
38145,5.05,0.0
38146,5.06,0.0
38147,5.06,0.0
38148,5.035,0.0
38149,5.04,0.0
38150,5.05,0.0
38151,5.035,0.0
38152,5.03,0.0
38153,5.03,0.0
38154,5.04,0.0
38155,5.03,0.0
38156,5.03,0.0
38157,5.01,0.0
38158,5.03,0.0
38159,5.03,0.0
38160,5.025,0.0
38161,5.015,0.0
38162,5.015,0.0
38163,5.025,0.0
38164,5.025,0.0
38165,5.005,0.0
38166,5.01,0.0
38167,5.04,0.0
38168,5.025,0.0
38169,5.01,0.0
38170,5.01,0.0
38171,5.025,0.0
38172,5.02,0.0
38173,5.0,0.0
38174,5.01,0.0
38175,5.02,0.0
38176,5.025,0.0
38177,5.01,0.0
38178,5.005,0.0
38179,5.015,0.0
38180,5.03,0.0
38181,5.02,0.0
38182,5.0,0.0
38183,5.025,0.0
38184,5.03,0.0
38185,5.025,0.0
38186,5.02,0.0
38187,5.035,0.0
38188,5.035,0.0
38189,5.04,0.0
38190,5.055,0.0
38191,5.095,0.0
38192,5.265,0.0
38193,5.645,0.0
38194,5.965,0.0
38195,5.745,0.0
38196,5.48,0.0
38197,5.41,0.0
38198,5.34,0.0
38199,5.26,0.0
38200,5.23,0.0
38201,4.98,0.0
38202,4.73,0.0
38203,4.41,0.0
38204,4.055,0.0
38205,3.68,0.0
38206,3.31,0.0
38207,2.985,0.0
38208,2.795,0.0
38209,2.64,0.0
38210,2.53,0.0
38211,2.445,0.0
38212,2.35,0.0
38213,2.255,0.0
38214,2.18,0.0
38215,2.155,0.0
38216,2.13,0.0
38217,2.11,0.0
38218,2.09,0.0
38219,2.08,0.0
38220,2.09,0.0
38221,2.115,0.0
38222,2.14,0.0
38223,2.17,0.0
38224,2.285,0.0
38225,2.325,0.0
38226,2.59,0.0
38227,2.78,0.0
38228,3.015,0.0
38229,3.315,0.0
38230,3.605,0.0
38231,3.895,0.0
38232,4.175,0.0
38233,4.475,0.0
38234,4.74,0.0
38235,4.97,0.0
38236,5.17,0.0
38237,5.375,0.0
38238,5.55,0.0
38239,5.68,0.0
38240,5.785,0.0
38241,5.87,0.0
38242,5.925,0.0
38243,5.965,0.0
38244,6.015,0.0
38245,6.06,0.0
38246,6.1,0.0
38247,6.14,0.0
38248,6.175,0.0
38249,6.22,0.0
38250,6.24,0.0
38251,6.32,0.0
38252,6.34,0.0
38253,6.385,0.0
38254,6.44,0.0
38255,6.485,0.0
38256,6.515,0.0
38257,6.565,0.0
38258,6.625,0.0
38259,6.67,0.0
38260,6.72,0.0
38261,6.765,0.0
38262,6.82,0.0
38263,6.87,0.0
38264,6.895,0.0
38265,6.94,0.0
38266,6.98,0.0
38267,7.0,0.0
38268,7.035,0.0
38269,7.05,0.0
38270,7.07,0.0
38271,7.095,0.0
38272,7.09,0.0
38273,7.07,0.0
38274,7.065,0.0
38275,7.055,0.0
38276,7.005,0.0
38277,6.95,0.0
38278,6.9,0.0
38279,6.845,0.0
38280,6.775,0.0
38281,6.68,0.0
38282,6.605,0.0
38283,6.525,0.0
38284,6.43,0.0
38285,6.355,0.0
38286,6.26,0.0
38287,6.19,0.0
38288,6.105,0.0
38289,6.035,0.0
38290,5.935,0.0
38291,5.86,0.0
38292,5.81,0.0
38293,5.73,0.0
38294,5.66,0.0
38295,5.615,0.0
38296,5.575,0.0
38297,5.52,0.0
38298,5.465,0.0
38299,5.425,0.0
38300,5.41,0.0
38301,5.37,0.0
38302,5.335,0.0
38303,5.3,0.0
38304,5.295,0.0
38305,5.27,0.0
38306,5.24,0.0
38307,5.23,0.0
38308,5.22,0.0
38309,5.21,0.0
38310,5.185,0.0
38311,5.17,0.0
38312,5.16,0.0
38313,5.16,0.0
38314,5.15,0.0
38315,5.15,0.0
38316,5.145,0.0
38317,5.16,0.0
38318,5.155,0.0
38319,5.13,0.0
38320,5.135,0.0
38321,5.15,0.0
38322,5.14,0.0
38323,5.125,0.0
38324,5.125,0.0
38325,5.12,0.0
38326,5.13,0.0
38327,5.135,0.0
38328,5.13,0.0
38329,5.135,0.0
38330,5.145,0.0
38331,5.135,0.0
38332,5.12,0.0
38333,5.125,0.0
38334,5.13,0.0
38335,5.125,0.0
38336,5.125,0.0
38337,5.125,0.0
38338,5.13,0.0
38339,5.13,0.0
38340,5.115,0.0
38341,5.12,0.0
38342,5.14,0.0
38343,5.13,0.0
38344,5.13,0.0
38345,5.135,0.0
38346,5.16,0.0
38347,5.14,0.0
38348,5.145,0.0
38349,5.135,0.0
38350,5.13,0.0
38351,5.135,0.0
38352,5.125,0.0
38353,5.115,0.0
38354,5.11,0.0
38355,5.09,0.0
38356,5.065,0.0
38357,5.05,0.0
38358,5.055,0.0
38359,5.045,0.0
38360,5.015,0.0
38361,4.99,0.0
38362,5.005,0.0
38363,4.99,0.0
38364,4.98,0.0
38365,4.995,0.0
38366,5.015,0.0
38367,5.015,0.0
38368,5.005,0.0
38369,4.98,0.0
38370,4.99,0.0
38371,5.005,0.0
38372,4.995,0.0
38373,4.99,0.0
38374,4.99,0.0
38375,5.0,0.0
38376,5.01,0.0
38377,4.995,0.0
38378,4.98,0.0
38379,5.0,0.0
38380,4.99,0.0
38381,4.99,0.0
38382,4.995,0.0
38383,5.005,0.0
38384,4.995,0.0
38385,4.995,0.0
38386,4.985,0.0
38387,4.99,0.0
38388,5.0,0.0
38389,4.995,0.0
38390,4.99,0.0
38391,5.01,0.0
38392,5.01,0.0
38393,5.01,0.0
38394,5.015,0.0
38395,5.025,0.0
38396,5.085,0.0
38397,5.22,0.0
38398,5.58,0.0
38399,5.835,0.0
38400,5.85,0.0
38401,5.445,0.0
38402,5.395,0.0
38403,5.36,0.0
38404,5.31,0.0
38405,5.24,0.0
38406,5.12,0.0
38407,4.93,0.0
38408,4.68,0.0
38409,4.37,0.0
38410,4.035,0.0
38411,3.675,0.0
38412,3.37,0.0
38413,3.11,0.0
38414,2.89,0.0
38415,2.735,0.0
38416,2.62,0.0
38417,2.5,0.0
38418,2.365,0.0
38419,2.255,0.0
38420,2.21,0.0
38421,2.175,0.0
38422,2.135,0.0
38423,2.1,0.0
38424,2.085,0.0
38425,2.095,0.0
38426,2.095,0.0
38427,2.09,0.0
38428,2.145,0.0
38429,2.235,0.0
38430,2.37,0.0
38431,2.535,0.0
38432,2.74,0.0
38433,2.97,0.0
38434,3.245,0.0
38435,3.555,0.0
38436,3.855,0.0
38437,4.16,0.0
38438,4.455,0.0
38439,4.725,0.0
38440,4.965,0.0
38441,5.195,0.0
38442,5.38,0.0
38443,5.545,0.0
38444,5.66,0.0
38445,5.765,0.0
38446,5.835,0.0
38447,5.88,0.0
38448,5.915,0.0
38449,5.975,0.0
38450,5.995,0.0
38451,6.07,0.0
38452,6.09,0.0
38453,6.135,0.0
38454,6.195,0.0
38455,6.215,0.0
38456,6.25,0.0
38457,6.3,0.0
38458,6.345,0.0
38459,6.395,0.0
38460,6.44,0.0
38461,6.48,0.0
38462,6.54,0.0
38463,6.595,0.0
38464,6.625,0.0
38465,6.675,0.0
38466,6.73,0.0
38467,6.78,0.0
38468,6.825,0.0
38469,6.845,0.0
38470,6.9,0.0
38471,6.935,0.0
38472,6.96,0.0
38473,6.965,0.0
38474,6.985,0.0
38475,6.995,0.0
38476,7.005,0.0
38477,6.995,0.0
38478,6.98,0.0
38479,6.96,0.0
38480,6.91,0.0
38481,6.855,0.0
38482,6.775,0.0
38483,6.72,0.0
38484,6.655,0.0
38485,6.565,0.0
38486,6.475,0.0
38487,6.415,0.0
38488,6.33,0.0
38489,6.25,0.0
38490,6.155,0.0
38491,6.065,0.0
38492,5.995,0.0
38493,5.905,0.0
38494,5.825,0.0
38495,5.75,0.0
38496,5.71,0.0
38497,5.635,0.0
38498,5.575,0.0
38499,5.52,0.0
38500,5.505,0.0
38501,5.44,0.0
38502,5.395,0.0
38503,5.37,0.0
38504,5.345,0.0
38505,5.32,0.0
38506,5.285,0.0
38507,5.26,0.0
38508,5.255,0.0
38509,5.24,0.0
38510,5.22,0.0
38511,5.195,0.0
38512,5.19,0.0
38513,5.195,0.0
38514,5.175,0.0
38515,5.165,0.0
38516,5.16,0.0
38517,5.17,0.0
38518,5.16,0.0
38519,5.145,0.0
38520,5.14,0.0
38521,5.165,0.0
38522,5.15,0.0
38523,5.13,0.0
38524,5.14,0.0
38525,5.15,0.0
38526,5.15,0.0
38527,5.145,0.0
38528,5.145,0.0
38529,5.15,0.0
38530,5.16,0.0
38531,5.15,0.0
38532,5.15,0.0
38533,5.16,0.0
38534,5.165,0.0
38535,5.155,0.0
38536,5.145,0.0
38537,5.155,0.0
38538,5.17,0.0
38539,5.15,0.0
38540,5.135,0.0
38541,5.145,0.0
38542,5.155,0.0
38543,5.15,0.0
38544,5.135,0.0
38545,5.135,0.0
38546,5.145,0.0
38547,5.125,0.0
38548,5.11,0.0
38549,5.11,0.0
38550,5.12,0.0
38551,5.11,0.0
38552,5.08,0.0
38553,5.08,0.0
38554,5.095,0.0
38555,5.08,0.0
38556,5.07,0.0
38557,5.055,0.0
38558,5.065,0.0
38559,5.065,0.0
38560,5.06,0.0
38561,5.045,0.0
38562,5.045,0.0
38563,5.055,0.0
38564,5.045,0.0
38565,5.03,0.0
38566,5.045,0.0
38567,5.035,0.0
38568,5.035,0.0
38569,5.025,0.0
38570,5.02,0.0
38571,5.04,0.0
38572,5.035,0.0
38573,5.03,0.0
38574,5.04,0.0
38575,5.05,0.0
38576,5.065,0.0
38577,5.06,0.0
38578,5.06,0.0
38579,5.075,0.0
38580,5.075,0.0
38581,5.065,0.0
38582,5.06,0.0
38583,5.05,0.0
38584,5.05,0.0
38585,5.025,0.0
38586,5.01,0.0
38587,5.005,0.0
38588,5.0,0.0
38589,4.985,0.0
38590,4.96,0.0
38591,4.96,0.0
38592,4.97,0.0
38593,4.955,0.0
38594,4.95,0.0
38595,4.99,0.0
38596,5.005,0.0
38597,5.005,0.0
38598,5.0,0.0
38599,5.035,0.0
38600,5.055,0.0
38601,5.565,0.0
38602,5.9,0.0
38603,5.68,0.0
38604,5.44,0.0
38605,5.385,0.0
38606,5.315,0.0
38607,5.27,0.0
38608,5.21,0.0
38609,5.105,0.0
38610,4.88,0.0
38611,4.6,0.0
38612,4.28,0.0
38613,3.95,0.0
38614,3.595,0.0
38615,3.28,0.0
38616,3.095,0.0
38617,2.985,0.0
38618,2.87,0.0
38619,2.73,0.0
38620,2.58,0.0
38621,2.455,0.0
38622,2.335,0.0
38623,2.265,0.0
38624,2.215,0.0
38625,2.2,0.0
38626,2.13,0.0
38627,2.1,0.0
38628,2.08,0.0
38629,2.075,0.0
38630,2.075,0.0
38631,2.085,0.0
38632,2.14,0.0
38633,2.25,0.0
38634,2.38,0.0
38635,2.545,0.0
38636,2.745,0.0
38637,3.01,0.0
38638,3.32,0.0
38639,3.635,0.0
38640,3.94,0.0
38641,4.255,0.0
38642,4.555,0.0
38643,4.815,0.0
38644,5.06,0.0
38645,5.28,0.0
38646,5.48,0.0
38647,5.645,0.0
38648,5.755,0.0
38649,5.83,0.0
38650,5.85,0.0
38651,5.96,0.0
38652,5.995,0.0
38653,6.055,0.0
38654,6.115,0.0
38655,6.155,0.0
38656,6.195,0.0
38657,6.245,0.0
38658,6.295,0.0
38659,6.34,0.0
38660,6.385,0.0
38661,6.43,0.0
38662,6.495,0.0
38663,6.55,0.0
38664,6.585,0.0
38665,6.635,0.0
38666,6.69,0.0
38667,6.74,0.0
38668,6.775,0.0
38669,6.82,0.0
38670,6.875,0.0
38671,6.92,0.0
38672,6.95,0.0
38673,6.975,0.0
38674,7.005,0.0
38675,7.015,0.0
38676,7.055,0.0
38677,7.05,0.0
38678,7.05,0.0
38679,7.065,0.0
38680,7.055,0.0
38681,7.015,0.0
38682,6.975,0.0
38683,6.945,0.0
38684,6.89,0.0
38685,6.825,0.0
38686,6.735,0.0
38687,6.665,0.0
38688,6.575,0.0
38689,6.47,0.0
38690,6.375,0.0
38691,6.3,0.0
38692,6.205,0.0
38693,6.12,0.0
38694,6.02,0.0
38695,5.94,0.0
38696,5.875,0.0
38697,5.78,0.0
38698,5.7,0.0
38699,5.645,0.0
38700,5.625,0.0
38701,5.54,0.0
38702,5.485,0.0
38703,5.44,0.0
38704,5.42,0.0
38705,5.375,0.0
38706,5.325,0.0
38707,5.305,0.0
38708,5.28,0.0
38709,5.255,0.0
38710,5.23,0.0
38711,5.21,0.0
38712,5.2,0.0
38713,5.195,0.0
38714,5.175,0.0
38715,5.155,0.0
38716,5.155,0.0
38717,5.155,0.0
38718,5.14,0.0
38719,5.13,0.0
38720,5.13,0.0
38721,5.135,0.0
38722,5.12,0.0
38723,5.105,0.0
38724,5.11,0.0
38725,5.115,0.0
38726,5.11,0.0
38727,5.11,0.0
38728,5.11,0.0
38729,5.12,0.0
38730,5.12,0.0
38731,5.11,0.0
38732,5.11,0.0
38733,5.12,0.0
38734,5.12,0.0
38735,5.11,0.0
38736,5.11,0.0
38737,5.12,0.0
38738,5.135,0.0
38739,5.115,0.0
38740,5.105,0.0
38741,5.12,0.0
38742,5.115,0.0
38743,5.115,0.0
38744,5.105,0.0
38745,5.115,0.0
38746,5.115,0.0
38747,5.115,0.0
38748,5.095,0.0
38749,5.095,0.0
38750,5.1,0.0
38751,5.095,0.0
38752,5.085,0.0
38753,5.07,0.0
38754,5.08,0.0
38755,5.075,0.0
38756,5.055,0.0
38757,5.05,0.0
38758,5.06,0.0
38759,5.055,0.0
38760,5.045,0.0
38761,5.03,0.0
38762,5.04,0.0
38763,5.04,0.0
38764,5.02,0.0
38765,5.01,0.0
38766,5.02,0.0
38767,5.03,0.0
38768,5.02,0.0
38769,5.0,0.0
38770,5.005,0.0
38771,5.015,0.0
38772,5.005,0.0
38773,4.985,0.0
38774,4.99,0.0
38775,4.995,0.0
38776,4.995,0.0
38777,4.98,0.0
38778,4.98,0.0
38779,4.995,0.0
38780,4.995,0.0
38781,4.985,0.0
38782,4.97,0.0
38783,4.975,0.0
38784,4.98,0.0
38785,4.98,0.0
38786,4.97,0.0
38787,4.98,0.0
38788,4.99,0.0
38789,4.975,0.0
38790,4.965,0.0
38791,4.97,0.0
38792,4.985,0.0
38793,4.97,0.0
38794,4.965,0.0
38795,4.98,0.0
38796,5.0,0.0
38797,5.0,0.0
38798,5.005,0.0
38799,5.015,0.0
38800,5.025,0.0
38801,5.055,0.0
38802,5.08,0.0
38803,5.26,0.0
38804,5.745,0.0
38805,6.065,0.0
38806,5.755,0.0
38807,5.455,0.0
38808,5.375,0.0
38809,5.28,0.0
38810,5.165,0.0
38811,4.985,0.0
38812,4.75,0.0
38813,4.46,0.0
38814,4.11,0.0
38815,3.77,0.0
38816,3.48,0.0
38817,3.24,0.0
38818,3.0,0.0
38819,2.73,0.0
38820,2.5,0.0
38821,2.38,0.0
38822,2.26,0.0
38823,2.15,0.0
38824,2.1,0.0
38825,2.09,0.0
38826,2.06,0.0
38827,2.05,0.0
38828,2.04,0.0
38829,2.04,0.0
38830,2.055,0.0
38831,2.07,0.0
38832,2.14,0.0
38833,2.275,0.0
38834,2.455,0.0
38835,2.66,0.0
38836,2.91,0.0
38837,3.24,0.0
38838,3.575,0.0
38839,3.91,0.0
38840,4.23,0.0
38841,4.53,0.0
38842,4.8,0.0
38843,5.04,0.0
38844,5.225,0.0
38845,5.44,0.0
38846,5.59,0.0
38847,5.685,0.0
38848,5.75,0.0
38849,5.815,0.0
38850,5.835,0.0
38851,5.91,0.0
38852,5.95,0.0
38853,5.99,0.0
38854,6.04,0.0
38855,6.075,0.0
38856,6.1,0.0
38857,6.135,0.0
38858,6.18,0.0
38859,6.22,0.0
38860,6.245,0.0
38861,6.285,0.0
38862,6.33,0.0
38863,6.38,0.0
38864,6.4,0.0
38865,6.435,0.0
38866,6.485,0.0
38867,6.525,0.0
38868,6.565,0.0
38869,6.59,0.0
38870,6.635,0.0
38871,6.69,0.0
38872,6.715,0.0
38873,6.72,0.0
38874,6.75,0.0
38875,6.76,0.0
38876,6.805,0.0
38877,6.815,0.0
38878,6.81,0.0
38879,6.825,0.0
38880,6.825,0.0
38881,6.8,0.0
38882,6.77,0.0
38883,6.745,0.0
38884,6.7,0.0
38885,6.635,0.0
38886,6.57,0.0
38887,6.51,0.0
38888,6.445,0.0
38889,6.35,0.0
38890,6.26,0.0
38891,6.17,0.0
38892,6.105,0.0
38893,6.005,0.0
38894,5.92,0.0
38895,5.85,0.0
38896,5.78,0.0
38897,5.705,0.0
38898,5.63,0.0
38899,5.575,0.0
38900,5.555,0.0
38901,5.465,0.0
38902,5.395,0.0
38903,5.365,0.0
38904,5.34,0.0
38905,5.285,0.0
38906,5.25,0.0
38907,5.22,0.0
38908,5.21,0.0
38909,5.2,0.0
38910,5.16,0.0
38911,5.145,0.0
38912,5.135,0.0
38913,5.135,0.0
38914,5.125,0.0
38915,5.12,0.0
38916,5.115,0.0
38917,5.12,0.0
38918,5.11,0.0
38919,5.09,0.0
38920,5.095,0.0
38921,5.11,0.0
38922,5.095,0.0
38923,5.085,0.0
38924,5.085,0.0
38925,5.095,0.0
38926,5.11,0.0
38927,5.1,0.0
38928,5.095,0.0
38929,5.1,0.0
38930,5.105,0.0
38931,5.105,0.0
38932,5.1,0.0
38933,5.115,0.0
38934,5.11,0.0
38935,5.11,0.0
38936,5.1,0.0
38937,5.095,0.0
38938,5.11,0.0
38939,5.095,0.0
38940,5.08,0.0
38941,5.095,0.0
38942,5.11,0.0
38943,5.085,0.0
38944,5.065,0.0
38945,5.06,0.0
38946,5.075,0.0
38947,5.075,0.0
38948,5.06,0.0
38949,5.04,0.0
38950,5.045,0.0
38951,5.05,0.0
38952,5.025,0.0
38953,5.015,0.0
38954,5.025,0.0
38955,5.015,0.0
38956,5.01,0.0
38957,4.995,0.0
38958,5.005,0.0
38959,5.01,0.0
38960,4.985,0.0
38961,4.985,0.0
38962,4.985,0.0
38963,4.985,0.0
38964,4.99,0.0
38965,4.965,0.0
38966,4.965,0.0
38967,4.965,0.0
38968,4.975,0.0
38969,4.96,0.0
38970,4.96,0.0
38971,4.965,0.0
38972,4.955,0.0
38973,4.95,0.0
38974,4.95,0.0
38975,4.95,0.0
38976,4.95,0.0
38977,4.945,0.0
38978,4.95,0.0
38979,4.955,0.0
38980,4.94,0.0
38981,4.94,0.0
38982,4.93,0.0
38983,4.94,0.0
38984,4.95,0.0
38985,4.94,0.0
38986,4.93,0.0
38987,4.945,0.0
38988,4.955,0.0
38989,4.94,0.0
38990,4.93,0.0
38991,4.94,0.0
38992,4.95,0.0
38993,4.945,0.0
38994,4.935,0.0
38995,4.935,0.0
38996,4.96,0.0
38997,4.95,0.0
38998,4.935,0.0
38999,4.94,0.0
39000,4.955,0.0
39001,4.965,0.0
39002,4.965,0.0
39003,5.045,0.0
39004,5.37,0.0
39005,5.85,0.0
39006,5.785,0.0
39007,5.455,0.0
39008,5.375,0.0
39009,5.335,0.0
39010,5.275,0.0
39011,5.205,0.0
39012,5.115,0.0
39013,4.945,0.0
39014,4.67,0.0
39015,4.335,0.0
39016,3.995,0.0
39017,3.625,0.0
39018,3.26,0.0
39019,2.945,0.0
39020,2.71,0.0
39021,2.56,0.0
39022,2.38,0.0
39023,2.225,0.0
39024,2.14,0.0
39025,2.12,0.0
39026,2.07,0.0
39027,2.035,0.0
39028,2.015,0.0
39029,2.03,0.0
39030,2.025,0.0
39031,2.03,0.0
39032,2.04,0.0
39033,2.115,0.0
39034,2.215,0.0
39035,2.38,0.0
39036,2.595,0.0
39037,2.875,0.0
39038,3.195,0.0
39039,3.55,0.0
39040,3.875,0.0
39041,4.185,0.0
39042,4.485,0.0
39043,4.76,0.0
39044,4.975,0.0
39045,5.165,0.0
39046,5.365,0.0
39047,5.51,0.0
39048,5.605,0.0
39049,5.665,0.0
39050,5.685,0.0
39051,5.76,0.0
39052,5.79,0.0
39053,5.825,0.0
39054,5.87,0.0
39055,5.9,0.0
39056,5.925,0.0
39057,5.94,0.0
39058,5.995,0.0
39059,6.015,0.0
39060,6.04,0.0
39061,6.075,0.0
39062,6.115,0.0
39063,6.15,0.0
39064,6.16,0.0
39065,6.21,0.0
39066,6.245,0.0
39067,6.29,0.0
39068,6.315,0.0
39069,6.355,0.0
39070,6.415,0.0
39071,6.46,0.0
39072,6.5,0.0
39073,6.51,0.0
39074,6.56,0.0
39075,6.58,0.0
39076,6.645,0.0
39077,6.665,0.0
39078,6.705,0.0
39079,6.74,0.0
39080,6.76,0.0
39081,6.76,0.0
39082,6.76,0.0
39083,6.775,0.0
39084,6.765,0.0
39085,6.735,0.0
39086,6.695,0.0
39087,6.665,0.0
39088,6.615,0.0
39089,6.545,0.0
39090,6.46,0.0
39091,6.39,0.0
39092,6.325,0.0
39093,6.24,0.0
39094,6.15,0.0
39095,6.07,0.0
39096,5.99,0.0
39097,5.92,0.0
39098,5.825,0.0
39099,5.75,0.0
39100,5.73,0.0
39101,5.615,0.0
39102,5.55,0.0
39103,5.49,0.0
39104,5.46,0.0
39105,5.41,0.0
39106,5.355,0.0
39107,5.32,0.0
39108,5.3,0.0
39109,5.275,0.0
39110,5.24,0.0
39111,5.22,0.0
39112,5.215,0.0
39113,5.215,0.0
39114,5.19,0.0
39115,5.17,0.0
39116,5.175,0.0
39117,5.185,0.0
39118,5.17,0.0
39119,5.16,0.0
39120,5.15,0.0
39121,5.17,0.0
39122,5.165,0.0
39123,5.14,0.0
39124,5.15,0.0
39125,5.155,0.0
39126,5.155,0.0
39127,5.15,0.0
39128,5.14,0.0
39129,5.17,0.0
39130,5.17,0.0
39131,5.155,0.0
39132,5.135,0.0
39133,5.165,0.0
39134,5.165,0.0
39135,5.155,0.0
39136,5.15,0.0
39137,5.15,0.0
39138,5.155,0.0
39139,5.15,0.0
39140,5.13,0.0
39141,5.14,0.0
39142,5.135,0.0
39143,5.13,0.0
39144,5.12,0.0
39145,5.125,0.0
39146,5.14,0.0
39147,5.12,0.0
39148,5.105,0.0
39149,5.1,0.0
39150,5.105,0.0
39151,5.09,0.0
39152,5.08,0.0
39153,5.075,0.0
39154,5.08,0.0
39155,5.07,0.0
39156,5.065,0.0
39157,5.05,0.0
39158,5.055,0.0
39159,5.05,0.0
39160,5.035,0.0
39161,5.025,0.0
39162,5.04,0.0
39163,5.035,0.0
39164,5.025,0.0
39165,5.01,0.0
39166,5.015,0.0
39167,5.02,0.0
39168,5.005,0.0
39169,5.005,0.0
39170,5.005,0.0
39171,5.015,0.0
39172,5.0,0.0
39173,4.995,0.0
39174,4.99,0.0
39175,4.99,0.0
39176,4.995,0.0
39177,4.98,0.0
39178,4.985,0.0
39179,4.985,0.0
39180,4.99,0.0
39181,4.975,0.0
39182,4.97,0.0
39183,4.98,0.0
39184,4.99,0.0
39185,4.985,0.0
39186,4.975,0.0
39187,4.98,0.0
39188,4.985,0.0
39189,4.975,0.0
39190,4.97,0.0
39191,4.975,0.0
39192,4.98,0.0
39193,4.97,0.0
39194,4.96,0.0
39195,4.955,0.0
39196,4.98,0.0
39197,4.97,0.0
39198,4.955,0.0
39199,4.96,0.0
39200,4.965,0.0
39201,4.97,0.0
39202,4.965,0.0
39203,4.96,0.0
39204,4.965,0.0
39205,4.97,0.0
39206,4.965,0.0
39207,4.965,0.0
39208,4.985,0.0
39209,4.985,0.0
39210,4.985,0.0
39211,5.025,0.0
39212,5.22,0.0
39213,5.705,0.0
39214,6.0,0.0
39215,5.715,0.0
39216,5.45,0.0
39217,5.385,0.0
39218,5.325,0.0
39219,5.27,0.0
39220,5.215,0.0
39221,5.135,0.0
39222,4.97,0.0
39223,4.735,0.0
39224,4.44,0.0
39225,4.35,0.0
39226,3.8,0.0
39227,3.465,0.0
39228,3.17,0.0
39229,2.95,0.0
39230,2.735,0.0
39231,2.585,0.0
39232,2.465,0.0
39233,2.355,0.0
39234,2.23,0.0
39235,2.155,0.0
39236,2.11,0.0
39237,2.085,0.0
39238,2.085,0.0
39239,2.065,0.0
39240,2.035,0.0
39241,2.05,0.0
39242,2.055,0.0
39243,2.055,0.0
39244,2.06,0.0
39245,2.105,0.0
39246,2.2,0.0
39247,2.325,0.0
39248,2.45,0.0
39249,2.655,0.0
39250,2.725,0.0
39251,3.16,0.0
39252,3.45,0.0
39253,3.75,0.0
39254,4.05,0.0
39255,4.35,0.0
39256,4.61,0.0
39257,4.835,0.0
39258,5.035,0.0
39259,5.22,0.0
39260,5.38,0.0
39261,5.535,0.0
39262,5.665,0.0
39263,5.73,0.0
39264,5.77,0.0
39265,5.815,0.0
39266,5.855,0.0
39267,5.89,0.0
39268,5.91,0.0
39269,5.945,0.0
39270,5.98,0.0
39271,6.03,0.0
39272,6.045,0.0
39273,6.05,0.0
39274,6.095,0.0
39275,6.105,0.0
39276,6.165,0.0
39277,6.19,0.0
39278,6.225,0.0
39279,6.275,0.0
39280,6.305,0.0
39281,6.33,0.0
39282,6.365,0.0
39283,6.41,0.0
39284,6.46,0.0
39285,6.485,0.0
39286,6.515,0.0
39287,6.57,0.0
39288,6.605,0.0
39289,6.635,0.0
39290,6.66,0.0
39291,6.71,0.0
39292,6.765,0.0
39293,6.785,0.0
39294,6.805,0.0
39295,6.845,0.0
39296,6.875,0.0
39297,6.885,0.0
39298,6.885,0.0
39299,6.89,0.0
39300,6.9,0.0
39301,6.885,0.0
39302,6.86,0.0
39303,6.84,0.0
39304,6.815,0.0
39305,6.775,0.0
39306,6.71,0.0
39307,6.635,0.0
39308,6.59,0.0
39309,6.53,0.0
39310,6.44,0.0
39311,6.35,0.0
39312,6.27,0.0
39313,6.19,0.0
39314,6.09,0.0
39315,6.0,0.0
39316,5.93,0.0
39317,5.85,0.0
39318,5.77,0.0
39319,5.69,0.0
39320,5.63,0.0
39321,5.59,0.0
39322,5.515,0.0
39323,5.455,0.0
39324,5.415,0.0
39325,5.4,0.0
39326,5.335,0.0
39327,5.295,0.0
39328,5.275,0.0
39329,5.26,0.0
39330,5.235,0.0
39331,5.21,0.0
39332,5.2,0.0
39333,5.19,0.0
39334,5.185,0.0
39335,5.16,0.0
39336,5.155,0.0
39337,5.155,0.0
39338,5.165,0.0
39339,5.145,0.0
39340,5.13,0.0
39341,5.14,0.0
39342,5.145,0.0
39343,5.14,0.0
39344,5.12,0.0
39345,5.135,0.0
39346,5.14,0.0
39347,5.135,0.0
39348,5.12,0.0
39349,5.135,0.0
39350,5.14,0.0
39351,5.14,0.0
39352,5.125,0.0
39353,5.125,0.0
39354,5.14,0.0
39355,5.135,0.0
39356,5.12,0.0
39357,5.115,0.0
39358,5.125,0.0
39359,5.125,0.0
39360,5.125,0.0
39361,5.105,0.0
39362,5.11,0.0
39363,5.12,0.0
39364,5.105,0.0
39365,5.1,0.0
39366,5.09,0.0
39367,5.1,0.0
39368,5.095,0.0
39369,5.075,0.0
39370,5.075,0.0
39371,5.085,0.0
39372,5.07,0.0
39373,5.06,0.0
39374,5.055,0.0
39375,5.06,0.0
39376,5.055,0.0
39377,5.04,0.0
39378,5.03,0.0
39379,5.045,0.0
39380,5.04,0.0
39381,5.02,0.0
39382,5.005,0.0
39383,5.02,0.0
39384,5.01,0.0
39385,5.0,0.0
39386,4.995,0.0
39387,5.0,0.0
39388,5.005,0.0
39389,4.985,0.0
39390,4.97,0.0
39391,4.975,0.0
39392,4.98,0.0
39393,4.99,0.0
39394,4.96,0.0
39395,4.98,0.0
39396,4.98,0.0
39397,4.965,0.0
39398,4.96,0.0
39399,4.96,0.0
39400,4.965,0.0
39401,4.965,0.0
39402,4.955,0.0
39403,4.955,0.0
39404,4.97,0.0
39405,4.965,0.0
39406,4.96,0.0
39407,4.94,0.0
39408,4.96,0.0
39409,4.97,0.0
39410,4.95,0.0
39411,4.95,0.0
39412,4.955,0.0
39413,4.96,0.0
39414,4.95,0.0
39415,4.94,0.0
39416,4.945,0.0
39417,4.97,0.0
39418,4.955,0.0
39419,4.93,0.0
39420,4.945,0.0
39421,4.96,0.0
39422,4.945,0.0
39423,4.93,0.0
39424,4.94,0.0
39425,4.95,0.0
39426,4.94,0.0
39427,4.94,0.0
39428,4.95,0.0
39429,4.955,0.0
39430,4.975,0.0
39431,4.965,0.0
39432,5.045,0.0
39433,5.305,0.0
39434,5.755,0.0
39435,5.84,0.0
39436,5.56,0.0
39437,5.4,0.0
39438,5.35,0.0
39439,5.29,0.0
39440,5.23,0.0
39441,5.175,0.0
39442,5.055,0.0
39443,4.85,0.0
39444,4.555,0.0
39445,4.215,0.0
39446,3.88,0.0
39447,3.48,0.0
39448,3.11,0.0
39449,2.835,0.0
39450,2.76,0.0
39451,2.5,0.0
39452,2.355,0.0
39453,2.23,0.0
39454,2.165,0.0
39455,2.115,0.0
39456,2.08,0.0
39457,2.05,0.0
39458,2.05,0.0
39459,2.055,0.0
39460,2.035,0.0
39461,2.035,0.0
39462,2.065,0.0
39463,2.09,0.0
39464,2.135,0.0
39465,2.24,0.0
39466,2.405,0.0
39467,2.605,0.0
39468,2.84,0.0
39469,3.11,0.0
39470,3.445,0.0
39471,3.76,0.0
39472,4.04,0.0
39473,4.31,0.0
39474,4.59,0.0
39475,4.675,0.0
39476,5.05,0.0
39477,5.235,0.0
39478,5.42,0.0
39479,5.58,0.0
39480,5.685,0.0
39481,5.725,0.0
39482,5.78,0.0
39483,5.845,0.0
39484,5.875,0.0
39485,5.91,0.0
39486,5.94,0.0
39487,5.98,0.0
39488,6.02,0.0
39489,6.035,0.0
39490,6.06,0.0
39491,6.1,0.0
39492,6.135,0.0
39493,6.16,0.0
39494,6.18,0.0
39495,6.22,0.0
39496,6.265,0.0
39497,6.295,0.0
39498,6.33,0.0
39499,6.37,0.0
39500,6.385,0.0
39501,6.44,0.0
39502,6.475,0.0
39503,6.52,0.0
39504,6.565,0.0
39505,6.6,0.0
39506,6.625,0.0
39507,6.655,0.0
39508,6.71,0.0
39509,6.73,0.0
39510,6.75,0.0
39511,6.765,0.0
39512,6.805,0.0
39513,6.83,0.0
39514,6.82,0.0
39515,6.82,0.0
39516,6.835,0.0
39517,6.83,0.0
39518,6.795,0.0
39519,6.75,0.0
39520,6.725,0.0
39521,6.68,0.0
39522,6.62,0.0
39523,6.55,0.0
39524,6.48,0.0
39525,6.46,0.0
39526,6.325,0.0
39527,6.235,0.0
39528,6.135,0.0
39529,6.08,0.0
39530,5.98,0.0
39531,5.9,0.0
39532,5.805,0.0
39533,5.76,0.0
39534,5.695,0.0
39535,5.61,0.0
39536,5.555,0.0
39537,5.515,0.0
39538,5.465,0.0
39539,5.415,0.0
39540,5.365,0.0
39541,5.345,0.0
39542,5.31,0.0
39543,5.27,0.0
39544,5.235,0.0
39545,5.22,0.0
39546,5.215,0.0
39547,5.19,0.0
39548,5.17,0.0
39549,5.15,0.0
39550,5.15,0.0
39551,5.15,0.0
39552,5.11,0.0
39553,5.12,0.0
39554,5.13,0.0
39555,5.12,0.0
39556,5.12,0.0
39557,5.11,0.0
39558,5.12,0.0
39559,5.12,0.0
39560,5.105,0.0
39561,5.1,0.0
39562,5.11,0.0
39563,5.115,0.0
39564,5.105,0.0
39565,5.1,0.0
39566,5.1,0.0
39567,5.12,0.0
39568,5.115,0.0
39569,5.105,0.0
39570,5.1,0.0
39571,5.115,0.0
39572,5.105,0.0
39573,5.095,0.0
39574,5.1,0.0
39575,5.105,0.0
39576,5.11,0.0
39577,5.095,0.0
39578,5.08,0.0
39579,5.09,0.0
39580,5.095,0.0
39581,5.08,0.0
39582,5.065,0.0
39583,5.095,0.0
39584,5.085,0.0
39585,5.075,0.0
39586,5.06,0.0
39587,5.055,0.0
39588,5.06,0.0
39589,5.05,0.0
39590,5.035,0.0
39591,5.04,0.0
39592,5.05,0.0
39593,5.03,0.0
39594,5.025,0.0
39595,5.02,0.0
39596,5.035,0.0
39597,5.015,0.0
39598,5.01,0.0
39599,5.005,0.0
39600,5.01,0.0
39601,5.01,0.0
39602,4.995,0.0
39603,4.985,0.0
39604,4.995,0.0
39605,4.995,0.0
39606,4.995,0.0
39607,4.98,0.0
39608,4.985,0.0
39609,4.99,0.0
39610,4.98,0.0
39611,4.97,0.0
39612,4.985,0.0
39613,4.98,0.0
39614,4.97,0.0
39615,4.97,0.0
39616,4.965,0.0
39617,4.975,0.0
39618,4.975,0.0
39619,4.96,0.0
39620,4.975,0.0
39621,4.985,0.0
39622,4.975,0.0
39623,4.96,0.0
39624,4.96,0.0
39625,4.965,0.0
39626,4.965,0.0
39627,4.965,0.0
39628,4.965,0.0
39629,4.985,0.0
39630,4.97,0.0
39631,4.97,0.0
39632,4.955,0.0
39633,4.97,0.0
39634,4.965,0.0
39635,4.965,0.0
39636,4.965,0.0
39637,4.97,0.0
39638,4.975,0.0
39639,4.975,0.0
39640,4.965,0.0
39641,4.98,0.0
39642,5.0,0.0
39643,5.015,0.0
39644,5.15,0.0
39645,5.605,0.0
39646,5.955,0.0
39647,5.675,0.0
39648,5.41,0.0
39649,5.37,0.0
39650,5.36,0.0
39651,5.275,0.0
39652,5.175,0.0
39653,4.995,0.0
39654,4.725,0.0
39655,4.37,0.0
39656,4.015,0.0
39657,3.635,0.0
39658,3.325,0.0
39659,3.04,0.0
39660,2.81,0.0
39661,2.635,0.0
39662,2.485,0.0
39663,2.315,0.0
39664,2.21,0.0
39665,2.145,0.0
39666,2.12,0.0
39667,2.1,0.0
39668,2.06,0.0
39669,2.055,0.0
39670,2.06,0.0
39671,2.08,0.0
39672,2.095,0.0
39673,2.125,0.0
39674,2.225,0.0
39675,2.265,0.0
39676,2.575,0.0
39677,2.79,0.0
39678,3.095,0.0
39679,3.45,0.0
39680,3.79,0.0
39681,4.1,0.0
39682,4.405,0.0
39683,4.7,0.0
39684,4.92,0.0
39685,5.11,0.0
39686,5.3,0.0
39687,5.475,0.0
39688,5.6,0.0
39689,5.655,0.0
39690,5.705,0.0
39691,5.76,0.0
39692,5.805,0.0
39693,5.825,0.0
39694,5.86,0.0
39695,5.905,0.0
39696,5.945,0.0
39697,5.97,0.0
39698,5.98,0.0
39699,6.015,0.0
39700,6.035,0.0
39701,6.09,0.0
39702,6.11,0.0
39703,6.155,0.0
39704,6.205,0.0
39705,6.235,0.0
39706,6.26,0.0
39707,6.29,0.0
39708,6.35,0.0
39709,6.4,0.0
39710,6.425,0.0
39711,6.465,0.0
39712,6.515,0.0
39713,6.56,0.0
39714,6.595,0.0
39715,6.635,0.0
39716,6.68,0.0
39717,6.72,0.0
39718,6.74,0.0
39719,6.765,0.0
39720,6.815,0.0
39721,6.835,0.0
39722,6.845,0.0
39723,6.84,0.0
39724,6.85,0.0
39725,6.855,0.0
39726,6.815,0.0
39727,6.775,0.0
39728,6.745,0.0
39729,6.705,0.0
39730,6.645,0.0
39731,6.565,0.0
39732,6.495,0.0
39733,6.435,0.0
39734,6.345,0.0
39735,6.265,0.0
39736,6.175,0.0
39737,6.105,0.0
39738,6.03,0.0
39739,5.935,0.0
39740,5.86,0.0
39741,5.775,0.0
39742,5.715,0.0
39743,5.65,0.0
39744,5.585,0.0
39745,5.53,0.0
39746,5.485,0.0
39747,5.425,0.0
39748,5.375,0.0
39749,5.35,0.0
39750,5.34,0.0
39751,5.285,0.0
39752,5.255,0.0
39753,5.235,0.0
39754,5.23,0.0
39755,5.215,0.0
39756,5.19,0.0
39757,5.175,0.0
39758,5.195,0.0
39759,5.185,0.0
39760,5.17,0.0
39761,5.155,0.0
39762,5.165,0.0
39763,5.175,0.0
39764,5.165,0.0
39765,5.15,0.0
39766,5.165,0.0
39767,5.155,0.0
39768,5.165,0.0
39769,5.15,0.0
39770,5.15,0.0
39771,5.155,0.0
39772,5.15,0.0
39773,5.15,0.0
39774,5.155,0.0
39775,5.16,0.0
39776,5.165,0.0
39777,5.15,0.0
39778,5.145,0.0
39779,5.16,0.0
39780,5.15,0.0
39781,5.15,0.0
39782,5.135,0.0
39783,5.155,0.0
39784,5.15,0.0
39785,5.135,0.0
39786,5.12,0.0
39787,5.13,0.0
39788,5.135,0.0
39789,5.11,0.0
39790,5.105,0.0
39791,5.11,0.0
39792,5.125,0.0
39793,5.1,0.0
39794,5.09,0.0
39795,5.095,0.0
39796,5.1,0.0
39797,5.08,0.0
39798,5.065,0.0
39799,5.065,0.0
39800,5.07,0.0
39801,5.055,0.0
39802,5.045,0.0
39803,5.035,0.0
39804,5.05,0.0
39805,5.03,0.0
39806,5.035,0.0
39807,5.025,0.0
39808,5.04,0.0
39809,5.03,0.0
39810,5.02,0.0
39811,5.01,0.0
39812,5.015,0.0
39813,5.02,0.0
39814,5.0,0.0
39815,5.0,0.0
39816,5.01,0.0
39817,5.015,0.0
39818,5.005,0.0
39819,4.995,0.0
39820,5.0,0.0
39821,5.005,0.0
39822,5.0,0.0
39823,4.98,0.0
39824,4.99,0.0
39825,4.985,0.0
39826,4.995,0.0
39827,4.98,0.0
39828,4.975,0.0
39829,4.99,0.0
39830,5.0,0.0
39831,4.98,0.0
39832,4.98,0.0
39833,4.985,0.0
39834,4.99,0.0
39835,4.985,0.0
39836,4.975,0.0
39837,4.98,0.0
39838,4.99,0.0
39839,4.98,0.0
39840,4.97,0.0
39841,4.98,0.0
39842,4.995,0.0
39843,4.985,0.0
39844,4.975,0.0
39845,4.995,0.0
39846,5.035,0.0
39847,5.11,0.0
39848,5.425,0.0
39849,5.945,0.0
39850,6.07,0.0
39851,5.58,0.0
39852,5.425,0.0
39853,5.385,0.0
39854,5.355,0.0
39855,5.295,0.0
39856,5.2,0.0
39857,5.025,0.0
39858,4.805,0.0
39859,4.49,0.0
39860,4.145,0.0
39861,3.755,0.0
39862,3.405,0.0
39863,3.105,0.0
39864,2.86,0.0
39865,2.67,0.0
39866,2.54,0.0
39867,2.425,0.0
39868,2.275,0.0
39869,2.185,0.0
39870,2.15,0.0
39871,2.135,0.0
39872,2.1,0.0
39873,2.085,0.0
39874,2.065,0.0
39875,2.07,0.0
39876,2.085,0.0
39877,2.09,0.0
39878,2.12,0.0
39879,2.2,0.0
39880,2.31,0.0
39881,2.46,0.0
39882,2.65,0.0
39883,2.875,0.0
39884,3.14,0.0
39885,3.435,0.0
39886,3.745,0.0
39887,4.03,0.0
39888,4.315,0.0
39889,4.57,0.0
39890,4.8,0.0
39891,5.02,0.0
39892,5.21,0.0
39893,5.385,0.0
39894,5.535,0.0
39895,5.66,0.0
39896,5.74,0.0
39897,5.79,0.0
39898,5.815,0.0
39899,5.87,0.0
39900,5.885,0.0
39901,5.955,0.0
39902,5.985,0.0
39903,6.025,0.0
39904,6.075,0.0
39905,6.105,0.0
39906,6.135,0.0
39907,6.17,0.0
39908,6.215,0.0
39909,6.265,0.0
39910,6.285,0.0
39911,6.32,0.0
39912,6.38,0.0
39913,6.435,0.0
39914,6.465,0.0
39915,6.505,0.0
39916,6.565,0.0
39917,6.605,0.0
39918,6.635,0.0
39919,6.665,0.0
39920,6.725,0.0
39921,6.77,0.0
39922,6.805,0.0
39923,6.825,0.0
39924,6.87,0.0
39925,6.885,0.0
39926,6.915,0.0
39927,6.93,0.0
39928,6.945,0.0
39929,6.965,0.0
39930,6.96,0.0
39931,6.93,0.0
39932,6.905,0.0
39933,6.885,0.0
39934,6.845,0.0
39935,6.775,0.0
39936,6.705,0.0
39937,6.65,0.0
39938,6.57,0.0
39939,6.485,0.0
39940,6.395,0.0
39941,6.32,0.0
39942,6.225,0.0
39943,6.135,0.0
39944,6.04,0.0
39945,5.955,0.0
39946,5.885,0.0
39947,5.795,0.0
39948,5.72,0.0
39949,5.645,0.0
39950,5.625,0.0
39951,5.52,0.0
39952,5.47,0.0
39953,5.42,0.0
39954,5.395,0.0
39955,5.35,0.0
39956,5.31,0.0
39957,5.265,0.0
39958,5.265,0.0
39959,5.25,0.0
39960,5.22,0.0
39961,5.2,0.0
39962,5.195,0.0
39963,5.19,0.0
39964,5.165,0.0
39965,5.16,0.0
39966,5.15,0.0
39967,5.155,0.0
39968,5.14,0.0
39969,5.13,0.0
39970,5.125,0.0
39971,5.145,0.0
39972,5.135,0.0
39973,5.13,0.0
39974,5.125,0.0
39975,5.13,0.0
39976,5.14,0.0
39977,5.135,0.0
39978,5.115,0.0
39979,5.14,0.0
39980,5.15,0.0
39981,5.13,0.0
39982,5.13,0.0
39983,5.145,0.0
39984,5.145,0.0
39985,5.13,0.0
39986,5.13,0.0
39987,5.125,0.0
39988,5.125,0.0
39989,5.11,0.0
39990,5.12,0.0
39991,5.12,0.0
39992,5.125,0.0
39993,5.11,0.0
39994,5.095,0.0
39995,5.09,0.0
39996,5.115,0.0
39997,5.09,0.0
39998,5.075,0.0
39999,5.075,0.0
40000,5.07,0.0
40001,5.075,0.0
40002,5.055,0.0
40003,5.05,0.0
40004,5.055,0.0
40005,5.045,0.0
40006,5.04,0.0
40007,5.025,0.0
40008,5.04,0.0
40009,5.045,0.0
40010,5.02,0.0
40011,5.015,0.0
40012,5.02,0.0
40013,5.025,0.0
40014,5.01,0.0
40015,4.995,0.0
40016,5.01,0.0
40017,5.015,0.0
40018,4.995,0.0
40019,4.99,0.0
40020,5.0,0.0
40021,5.005,0.0
40022,4.995,0.0
40023,4.985,0.0
40024,4.98,0.0
40025,4.98,0.0
40026,4.99,0.0
40027,4.985,0.0
40028,4.975,0.0
40029,4.985,0.0
40030,4.985,0.0
40031,4.975,0.0
40032,4.965,0.0
40033,4.985,0.0
40034,4.99,0.0
40035,4.97,0.0
40036,4.965,0.0
40037,4.975,0.0
40038,4.975,0.0
40039,4.975,0.0
40040,4.965,0.0
40041,4.97,0.0
40042,4.985,0.0
40043,4.975,0.0
40044,4.965,0.0
40045,4.98,0.0
40046,5.01,0.0
40047,5.015,0.0
40048,5.075,0.0
40049,5.41,0.0
40050,5.56,0.0
40051,5.885,0.0
40052,5.54,0.0
40053,5.435,0.0
40054,5.4,0.0
40055,5.32,0.0
40056,5.23,0.0
40057,5.11,0.0
40058,4.925,0.0
40059,4.65,0.0
40060,4.28,0.0
40061,3.915,0.0
40062,3.55,0.0
40063,3.19,0.0
40064,2.91,0.0
40065,2.69,0.0
40066,2.555,0.0
40067,2.44,0.0
40068,2.31,0.0
40069,2.195,0.0
40070,2.155,0.0
40071,2.13,0.0
40072,2.09,0.0
40073,2.07,0.0
40074,2.055,0.0
40075,2.06,0.0
40076,2.065,0.0
40077,2.065,0.0
40078,2.1,0.0
40079,2.17,0.0
40080,2.285,0.0
40081,2.43,0.0
40082,2.615,0.0
40083,2.81,0.0
40084,3.045,0.0
40085,3.325,0.0
40086,3.635,0.0
40087,3.955,0.0
40088,4.235,0.0
40089,4.505,0.0
40090,4.75,0.0
40091,4.975,0.0
40092,5.17,0.0
40093,5.35,0.0
40094,5.505,0.0
40095,5.64,0.0
40096,5.73,0.0
40097,5.78,0.0
40098,5.83,0.0
40099,5.88,0.0
40100,5.895,0.0
40101,5.965,0.0
40102,5.98,0.0
40103,6.03,0.0
40104,6.075,0.0
40105,6.115,0.0
40106,6.14,0.0
40107,6.175,0.0
40108,6.23,0.0
40109,6.275,0.0
40110,6.3,0.0
40111,6.335,0.0
40112,6.375,0.0
40113,6.43,0.0
40114,6.465,0.0
40115,6.505,0.0
40116,6.55,0.0
40117,6.605,0.0
40118,6.635,0.0
40119,6.67,0.0
40120,6.72,0.0
40121,6.76,0.0
40122,6.79,0.0
40123,6.81,0.0
40124,6.845,0.0
40125,6.855,0.0
40126,6.895,0.0
40127,6.9,0.0
40128,6.89,0.0
40129,6.905,0.0
40130,6.875,0.0
40131,6.84,0.0
40132,6.815,0.0
40133,6.775,0.0
40134,6.72,0.0
40135,6.64,0.0
40136,6.565,0.0
40137,6.5,0.0
40138,6.415,0.0
40139,6.32,0.0
40140,6.225,0.0
40141,6.16,0.0
40142,6.08,0.0
40143,5.99,0.0
40144,5.91,0.0
40145,5.835,0.0
40146,5.755,0.0
40147,5.68,0.0
40148,5.605,0.0
40149,5.555,0.0
40150,5.54,0.0
40151,5.44,0.0
40152,5.385,0.0
40153,5.35,0.0
40154,5.325,0.0
40155,5.29,0.0
40156,5.255,0.0
40157,5.22,0.0
40158,5.205,0.0
40159,5.2,0.0
40160,5.16,0.0
40161,5.155,0.0
40162,5.155,0.0
40163,5.145,0.0
40164,5.13,0.0
40165,5.11,0.0
40166,5.115,0.0
40167,5.12,0.0
40168,5.105,0.0
40169,5.085,0.0
40170,5.105,0.0
40171,5.115,0.0
40172,5.105,0.0
40173,5.085,0.0
40174,5.085,0.0
40175,5.09,0.0
40176,5.11,0.0
40177,5.1,0.0
40178,5.09,0.0
40179,5.105,0.0
40180,5.11,0.0
40181,5.1,0.0
40182,5.1,0.0
40183,5.11,0.0
40184,5.105,0.0
40185,5.095,0.0
40186,5.085,0.0
40187,5.1,0.0
40188,5.11,0.0
40189,5.08,0.0
40190,5.08,0.0
40191,5.09,0.0
40192,5.09,0.0
40193,5.08,0.0
40194,5.055,0.0
40195,5.075,0.0
40196,5.07,0.0
40197,5.06,0.0
40198,5.04,0.0
40199,5.045,0.0
40200,5.05,0.0
40201,5.05,0.0
40202,5.035,0.0
40203,5.025,0.0
40204,5.04,0.0
40205,5.035,0.0
40206,5.015,0.0
40207,5.015,0.0
40208,5.02,0.0
40209,5.015,0.0
40210,4.995,0.0
40211,4.985,0.0
40212,4.995,0.0
40213,5.005,0.0
40214,4.985,0.0
40215,4.975,0.0
40216,4.98,0.0
40217,4.985,0.0
40218,4.98,0.0
40219,4.97,0.0
40220,4.98,0.0
40221,4.99,0.0
40222,4.98,0.0
40223,4.96,0.0
40224,4.975,0.0
40225,4.98,0.0
40226,4.975,0.0
40227,4.96,0.0
40228,4.96,0.0
40229,4.975,0.0
40230,4.975,0.0
40231,4.96,0.0
40232,4.955,0.0
40233,4.965,0.0
40234,4.965,0.0
40235,4.96,0.0
40236,4.95,0.0
40237,4.965,0.0
40238,4.96,0.0
40239,4.955,0.0
40240,4.95,0.0
40241,4.965,0.0
40242,4.975,0.0
40243,4.965,0.0
40244,4.96,0.0
40245,4.955,0.0
40246,4.97,0.0
40247,4.975,0.0
40248,4.975,0.0
40249,5.015,0.0
40250,5.03,0.0
40251,5.235,0.0
40252,5.66,0.0
40253,6.005,0.0
40254,5.79,0.0
40255,5.5,0.0
40256,5.41,0.0
40257,5.36,0.0
40258,5.31,0.0
40259,5.25,0.0
40260,5.125,0.0
40261,4.925,0.0
40262,4.66,0.0
40263,4.335,0.0
40264,4.0,0.0
40265,3.65,0.0
40266,3.345,0.0
40267,3.11,0.0
40268,2.88,0.0
40269,2.715,0.0
40270,2.605,0.0
40271,2.455,0.0
40272,2.3,0.0
40273,2.195,0.0
40274,2.16,0.0
40275,2.15,0.0
40276,2.1,0.0
40277,2.06,0.0
40278,2.07,0.0
40279,2.07,0.0
40280,2.07,0.0
40281,2.08,0.0
40282,2.115,0.0
40283,2.215,0.0
40284,2.35,0.0
40285,2.485,0.0
40286,2.655,0.0
40287,2.865,0.0
40288,3.105,0.0
40289,3.39,0.0
40290,3.69,0.0
40291,3.99,0.0
40292,4.275,0.0
40293,4.545,0.0
40294,4.78,0.0
40295,5.015,0.0
40296,5.21,0.0
40297,5.375,0.0
40298,5.52,0.0
40299,5.615,0.0
40300,5.65,0.0
40301,5.745,0.0
40302,5.78,0.0
40303,5.83,0.0
40304,5.895,0.0
40305,5.91,0.0
40306,5.945,0.0
40307,5.995,0.0
40308,6.04,0.0
40309,6.08,0.0
40310,6.105,0.0
40311,6.135,0.0
40312,6.2,0.0
40313,6.245,0.0
40314,6.265,0.0
40315,6.305,0.0
40316,6.36,0.0
40317,6.41,0.0
40318,6.445,0.0
40319,6.48,0.0
40320,6.53,0.0
40321,6.595,0.0
40322,6.625,0.0
40323,6.66,0.0
40324,6.72,0.0
40325,6.74,0.0
40326,6.79,0.0
40327,6.815,0.0
40328,6.84,0.0
40329,6.87,0.0
40330,6.89,0.0
40331,6.89,0.0
40332,6.89,0.0
40333,6.875,0.0
40334,6.85,0.0
40335,6.81,0.0
40336,6.765,0.0
40337,6.725,0.0
40338,6.665,0.0
40339,6.585,0.0
40340,6.5,0.0
40341,6.435,0.0
40342,6.355,0.0
40343,6.255,0.0
40344,6.165,0.0
40345,6.085,0.0
40346,6.015,0.0
40347,5.93,0.0
40348,5.83,0.0
40349,5.77,0.0
40350,5.75,0.0
40351,5.645,0.0
40352,5.58,0.0
40353,5.52,0.0
40354,5.49,0.0
40355,5.435,0.0
40356,5.38,0.0
40357,5.35,0.0
40358,5.315,0.0
40359,5.27,0.0
40360,5.245,0.0
40361,5.22,0.0
40362,5.205,0.0
40363,5.2,0.0
40364,5.18,0.0
40365,5.15,0.0
40366,5.155,0.0
40367,5.145,0.0
40368,5.135,0.0
40369,5.125,0.0
40370,5.12,0.0
40371,5.13,0.0
40372,5.12,0.0
40373,5.115,0.0
40374,5.12,0.0
40375,5.125,0.0
40376,5.125,0.0
40377,5.115,0.0
40378,5.12,0.0
40379,5.135,0.0
40380,5.13,0.0
40381,5.125,0.0
40382,5.115,0.0
40383,5.125,0.0
40384,5.135,0.0
40385,5.135,0.0
40386,5.125,0.0
40387,5.125,0.0
40388,5.14,0.0
40389,5.13,0.0
40390,5.115,0.0
40391,5.125,0.0
40392,5.135,0.0
40393,5.125,0.0
40394,5.11,0.0
40395,5.115,0.0
40396,5.12,0.0
40397,5.11,0.0
40398,5.08,0.0
40399,5.095,0.0
40400,5.105,0.0
40401,5.085,0.0
40402,5.07,0.0
40403,5.065,0.0
40404,5.07,0.0
40405,5.06,0.0
40406,5.04,0.0
40407,5.04,0.0
40408,5.045,0.0
40409,5.05,0.0
40410,5.03,0.0
40411,5.015,0.0
40412,5.03,0.0
40413,5.02,0.0
40414,5.015,0.0
40415,5.0,0.0
40416,5.01,0.0
40417,5.01,0.0
40418,5.005,0.0
40419,4.99,0.0
40420,4.99,0.0
40421,5.005,0.0
40422,4.99,0.0
40423,4.98,0.0
40424,4.98,0.0
40425,4.98,0.0
40426,4.985,0.0
40427,4.97,0.0
40428,4.97,0.0
40429,4.98,0.0
40430,4.985,0.0
40431,4.97,0.0
40432,4.965,0.0
40433,4.97,0.0
40434,4.975,0.0
40435,4.965,0.0
40436,4.96,0.0
40437,4.97,0.0
40438,4.975,0.0
40439,4.96,0.0
40440,4.955,0.0
40441,4.955,0.0
40442,4.97,0.0
40443,4.97,0.0
40444,4.955,0.0
40445,4.965,0.0
40446,4.97,0.0
40447,4.965,0.0
40448,4.955,0.0
40449,4.965,0.0
40450,4.975,0.0
40451,4.985,0.0
40452,4.985,0.0
40453,5.045,0.0
40454,5.27,0.0
40455,5.75,0.0
40456,5.81,0.0
40457,5.5,0.0
40458,5.37,0.0
40459,5.33,0.0
40460,5.27,0.0
40461,5.205,0.0
40462,5.12,0.0
40463,4.96,0.0
40464,4.685,0.0
40465,4.355,0.0
40466,4.02,0.0
40467,3.665,0.0
40468,3.31,0.0
40469,3.015,0.0
40470,2.795,0.0
40471,2.645,0.0
40472,2.5,0.0
40473,2.355,0.0
40474,2.22,0.0
40475,2.185,0.0
40476,2.115,0.0
40477,2.09,0.0
40478,2.055,0.0
40479,2.045,0.0
40480,2.045,0.0
40481,2.03,0.0
40482,2.04,0.0
40483,2.07,0.0
40484,2.105,0.0
40485,2.18,0.0
40486,2.32,0.0
40487,2.515,0.0
40488,2.73,0.0
40489,2.985,0.0
40490,3.325,0.0
40491,3.68,0.0
40492,3.995,0.0
40493,4.325,0.0
40494,4.605,0.0
40495,4.86,0.0
40496,5.08,0.0
40497,5.275,0.0
40498,5.47,0.0
40499,5.615,0.0
40500,5.655,0.0
40501,5.755,0.0
40502,5.79,0.0
40503,5.835,0.0
40504,5.885,0.0
40505,5.925,0.0
40506,5.94,0.0
40507,5.97,0.0
40508,6.015,0.0
40509,6.045,0.0
40510,6.06,0.0
40511,6.08,0.0
40512,6.115,0.0
40513,6.145,0.0
40514,6.165,0.0
40515,6.2,0.0
40516,6.25,0.0
40517,6.29,0.0
40518,6.315,0.0
40519,6.345,0.0
40520,6.4,0.0
40521,6.445,0.0
40522,6.485,0.0
40523,6.525,0.0
40524,6.575,0.0
40525,6.595,0.0
40526,6.675,0.0
40527,6.695,0.0
40528,6.745,0.0
40529,6.785,0.0
40530,6.825,0.0
40531,6.83,0.0
40532,6.845,0.0
40533,6.87,0.0
40534,6.875,0.0
40535,6.845,0.0
40536,6.815,0.0
40537,6.8,0.0
40538,6.76,0.0
40539,6.695,0.0
40540,6.615,0.0
40541,6.55,0.0
40542,6.485,0.0
40543,6.395,0.0
40544,6.305,0.0
40545,6.21,0.0
40546,6.135,0.0
40547,6.035,0.0
40548,5.935,0.0
40549,5.855,0.0
40550,5.835,0.0
40551,5.715,0.0
40552,5.635,0.0
40553,5.575,0.0
40554,5.52,0.0
40555,5.47,0.0
40556,5.405,0.0
40557,5.365,0.0
40558,5.35,0.0
40559,5.325,0.0
40560,5.27,0.0
40561,5.25,0.0
40562,5.24,0.0
40563,5.225,0.0
40564,5.195,0.0
40565,5.185,0.0
40566,5.185,0.0
40567,5.19,0.0
40568,5.18,0.0
40569,5.165,0.0
40570,5.17,0.0
40571,5.17,0.0
40572,5.165,0.0
40573,5.15,0.0
40574,5.16,0.0
40575,5.16,0.0
40576,5.165,0.0
40577,5.15,0.0
40578,5.16,0.0
40579,5.16,0.0
40580,5.165,0.0
40581,5.15,0.0
40582,5.145,0.0
40583,5.16,0.0
40584,5.16,0.0
40585,5.155,0.0
40586,5.15,0.0
40587,5.155,0.0
40588,5.155,0.0
40589,5.14,0.0
40590,5.125,0.0
40591,5.135,0.0
40592,5.135,0.0
40593,5.125,0.0
40594,5.105,0.0
40595,5.11,0.0
40596,5.115,0.0
40597,5.1,0.0
40598,5.08,0.0
40599,5.08,0.0
40600,5.08,0.0
40601,5.08,0.0
40602,5.065,0.0
40603,5.055,0.0
40604,5.07,0.0
40605,5.055,0.0
40606,5.04,0.0
40607,5.03,0.0
40608,5.04,0.0
40609,5.035,0.0
40610,5.02,0.0
40611,5.01,0.0
40612,5.02,0.0
40613,5.01,0.0
40614,5.0,0.0
40615,4.995,0.0
40616,5.005,0.0
40617,5.005,0.0
40618,5.0,0.0
40619,4.975,0.0
40620,4.985,0.0
40621,4.99,0.0
40622,4.975,0.0
40623,4.965,0.0
40624,4.97,0.0
40625,4.98,0.0
40626,4.99,0.0
40627,4.97,0.0
40628,4.965,0.0
40629,4.975,0.0
40630,4.985,0.0
40631,4.97,0.0
40632,4.965,0.0
40633,4.97,0.0
40634,4.975,0.0
40635,4.965,0.0
40636,4.955,0.0
40637,4.97,0.0
40638,4.97,0.0
40639,4.96,0.0
40640,4.945,0.0
40641,4.965,0.0
40642,4.965,0.0
40643,4.96,0.0
40644,4.94,0.0
40645,4.95,0.0
40646,4.96,0.0
40647,4.955,0.0
40648,4.945,0.0
40649,4.95,0.0
40650,4.96,0.0
40651,4.955,0.0
40652,4.95,0.0
40653,4.95,0.0
40654,4.975,0.0
40655,4.99,0.0
40656,5.0,0.0
40657,5.135,0.0
40658,5.575,0.0
40659,5.97,0.0
40660,5.705,0.0
40661,5.415,0.0
40662,5.335,0.0
40663,5.27,0.0
40664,5.16,0.0
40665,5.005,0.0
40666,4.815,0.0
40667,4.58,0.0
40668,4.275,0.0
40669,3.975,0.0
40670,3.72,0.0
40671,3.505,0.0
40672,3.295,0.0
40673,3.06,0.0
40674,2.8,0.0
40675,2.725,0.0
40676,2.465,0.0
40677,2.32,0.0
40678,2.225,0.0
40679,2.17,0.0
40680,2.145,0.0
40681,2.1,0.0
40682,2.085,0.0
40683,2.085,0.0
40684,2.085,0.0
40685,2.08,0.0
40686,2.095,0.0
40687,2.15,0.0
40688,2.26,0.0
40689,2.385,0.0
40690,2.59,0.0
40691,2.825,0.0
40692,3.135,0.0
40693,3.44,0.0
40694,3.775,0.0
40695,4.13,0.0
40696,4.43,0.0
40697,4.715,0.0
40698,4.96,0.0
40699,5.19,0.0
40700,5.25,0.0
40701,5.545,0.0
40702,5.645,0.0
40703,5.725,0.0
40704,5.795,0.0
40705,5.845,0.0
40706,5.88,0.0
40707,5.905,0.0
40708,5.945,0.0
40709,5.96,0.0
40710,5.98,0.0
40711,5.99,0.0
40712,6.025,0.0
40713,6.05,0.0
40714,6.06,0.0
40715,6.07,0.0
40716,6.12,0.0
40717,6.135,0.0
40718,6.155,0.0
40719,6.2,0.0
40720,6.255,0.0
40721,6.29,0.0
40722,6.31,0.0
40723,6.335,0.0
40724,6.375,0.0
40725,6.39,0.0
40726,6.445,0.0
40727,6.48,0.0
40728,6.515,0.0
40729,6.555,0.0
40730,6.58,0.0
40731,6.6,0.0
40732,6.625,0.0
40733,6.655,0.0
40734,6.675,0.0
40735,6.685,0.0
40736,6.685,0.0
40737,6.69,0.0
40738,6.7,0.0
40739,6.68,0.0
40740,6.65,0.0
40741,6.625,0.0
40742,6.6,0.0
40743,6.545,0.0
40744,6.485,0.0
40745,6.425,0.0
40746,6.36,0.0
40747,6.275,0.0
40748,6.19,0.0
40749,6.115,0.0
40750,6.09,0.0
40751,5.965,0.0
40752,5.875,0.0
40753,5.805,0.0
40754,5.735,0.0
40755,5.675,0.0
40756,5.595,0.0
40757,5.54,0.0
40758,5.5,0.0
40759,5.46,0.0
40760,5.395,0.0
40761,5.345,0.0
40762,5.325,0.0
40763,5.3,0.0
40764,5.255,0.0
40765,5.225,0.0
40766,5.215,0.0
40767,5.205,0.0
40768,5.18,0.0
40769,5.16,0.0
40770,5.165,0.0
40771,5.16,0.0
40772,5.155,0.0
40773,5.135,0.0
40774,5.14,0.0
40775,5.145,0.0
40776,5.14,0.0
40777,5.13,0.0
40778,5.135,0.0
40779,5.15,0.0
40780,5.145,0.0
40781,5.13,0.0
40782,5.135,0.0
40783,5.14,0.0
40784,5.145,0.0
40785,5.13,0.0
40786,5.13,0.0
40787,5.135,0.0
40788,5.14,0.0
40789,5.135,0.0
40790,5.125,0.0
40791,5.135,0.0
40792,5.14,0.0
40793,5.135,0.0
40794,5.115,0.0
40795,5.12,0.0
40796,5.135,0.0
40797,5.12,0.0
40798,5.095,0.0
40799,5.105,0.0
40800,5.115,0.0
40801,5.1,0.0
40802,5.085,0.0
40803,5.085,0.0
40804,5.1,0.0
40805,5.09,0.0
40806,5.07,0.0
40807,5.065,0.0
40808,5.075,0.0
40809,5.08,0.0
40810,5.06,0.0
40811,5.045,0.0
40812,5.06,0.0
40813,5.05,0.0
40814,5.03,0.0
40815,5.02,0.0
40816,5.03,0.0
40817,5.025,0.0
40818,5.015,0.0
40819,4.995,0.0
40820,5.005,0.0
40821,5.015,0.0
40822,5.01,0.0
40823,4.975,0.0
40824,4.995,0.0
40825,5.0,0.0
40826,4.995,0.0
40827,4.985,0.0
40828,4.985,0.0
40829,5.0,0.0
40830,4.98,0.0
40831,4.985,0.0
40832,4.965,0.0
40833,4.975,0.0
40834,4.98,0.0
40835,4.98,0.0
40836,4.97,0.0
40837,4.98,0.0
40838,4.995,0.0
40839,4.975,0.0
40840,4.965,0.0
40841,4.985,0.0
40842,4.98,0.0
40843,4.97,0.0
40844,4.965,0.0
40845,4.965,0.0
40846,4.98,0.0
40847,4.975,0.0
40848,4.975,0.0
40849,4.965,0.0
40850,4.97,0.0
40851,4.975,0.0
40852,4.965,0.0
40853,4.96,0.0
40854,4.97,0.0
40855,4.98,0.0
40856,4.965,0.0
40857,4.955,0.0
40858,4.975,0.0
40859,4.97,0.0
40860,4.96,0.0
40861,4.965,0.0
40862,4.975,0.0
40863,4.975,0.0
40864,4.975,0.0
40865,4.96,0.0
40866,4.96,0.0
40867,4.995,0.0
40868,4.99,0.0
40869,5.025,0.0
40870,5.12,0.0
40871,5.465,0.0
40872,5.87,0.0
40873,5.86,0.0
40874,5.575,0.0
40875,5.5,0.0
40876,5.4,0.0
40877,5.34,0.0
40878,5.295,0.0
40879,5.245,0.0
40880,5.16,0.0
40881,4.995,0.0
40882,4.78,0.0
40883,4.51,0.0
40884,4.205,0.0
40885,3.865,0.0
40886,3.53,0.0
40887,3.27,0.0
40888,3.035,0.0
40889,2.83,0.0
40890,2.68,0.0
40891,2.545,0.0
40892,2.405,0.0
40893,2.26,0.0
40894,2.19,0.0
40895,2.16,0.0
40896,2.125,0.0
40897,2.1,0.0
40898,2.075,0.0
40899,2.07,0.0
40900,2.075,0.0
40901,2.08,0.0
40902,2.065,0.0
40903,2.11,0.0
40904,2.165,0.0
40905,2.25,0.0
40906,2.365,0.0
40907,2.54,0.0
40908,2.745,0.0
40909,2.975,0.0
40910,3.235,0.0
40911,3.545,0.0
40912,3.845,0.0
40913,4.13,0.0
40914,4.415,0.0
40915,4.675,0.0
40916,4.93,0.0
40917,5.13,0.0
40918,5.32,0.0
40919,5.47,0.0
40920,5.615,0.0
40921,5.705,0.0
40922,5.755,0.0
40923,5.79,0.0
40924,5.84,0.0
40925,5.855,0.0
40926,5.92,0.0
40927,5.94,0.0
40928,5.955,0.0
40929,6.0,0.0
40930,6.035,0.0
40931,6.055,0.0
40932,6.075,0.0
40933,6.11,0.0
40934,6.135,0.0
40935,6.16,0.0
40936,6.195,0.0
40937,6.225,0.0
40938,6.27,0.0
40939,6.3,0.0
40940,6.335,0.0
40941,6.38,0.0
40942,6.44,0.0
40943,6.465,0.0
40944,6.495,0.0
40945,6.545,0.0
40946,6.595,0.0
40947,6.635,0.0
40948,6.66,0.0
40949,6.705,0.0
40950,6.72,0.0
40951,6.78,0.0
40952,6.79,0.0
40953,6.82,0.0
40954,6.845,0.0
40955,6.855,0.0
40956,6.845,0.0
40957,6.845,0.0
40958,6.84,0.0
40959,6.83,0.0
40960,6.795,0.0
40961,6.775,0.0
40962,6.75,0.0
40963,6.715,0.0
40964,6.65,0.0
40965,6.605,0.0
40966,6.565,0.0
40967,6.51,0.0
40968,6.42,0.0
40969,6.34,0.0
40970,6.275,0.0
40971,6.2,0.0
40972,6.105,0.0
40973,6.02,0.0
40974,5.955,0.0
40975,5.93,0.0
40976,5.805,0.0
40977,5.725,0.0
40978,5.66,0.0
40979,5.625,0.0
40980,5.555,0.0
40981,5.48,0.0
40982,5.445,0.0
40983,5.4,0.0
40984,5.375,0.0
40985,5.32,0.0
40986,5.285,0.0
40987,5.26,0.0
40988,5.24,0.0
40989,5.215,0.0
40990,5.19,0.0
40991,5.18,0.0
40992,5.185,0.0
40993,5.165,0.0
40994,5.15,0.0
40995,5.15,0.0
40996,5.155,0.0
40997,5.145,0.0
40998,5.135,0.0
40999,5.14,0.0
41000,5.145,0.0
41001,5.15,0.0
41002,5.14,0.0
41003,5.145,0.0
41004,5.155,0.0
41005,5.155,0.0
41006,5.15,0.0
41007,5.14,0.0
41008,5.16,0.0
41009,5.16,0.0
41010,5.15,0.0
41011,5.15,0.0
41012,5.155,0.0
41013,5.16,0.0
41014,5.145,0.0
41015,5.145,0.0
41016,5.155,0.0
41017,5.165,0.0
41018,5.15,0.0
41019,5.125,0.0
41020,5.135,0.0
41021,5.135,0.0
41022,5.125,0.0
41023,5.105,0.0
41024,5.11,0.0
41025,5.105,0.0
41026,5.11,0.0
41027,5.085,0.0
41028,5.085,0.0
41029,5.09,0.0
41030,5.08,0.0
41031,5.055,0.0
41032,5.05,0.0
41033,5.065,0.0
41034,5.05,0.0
41035,5.04,0.0
41036,5.03,0.0
41037,5.04,0.0
41038,5.035,0.0
41039,5.02,0.0
41040,5.005,0.0
41041,5.005,0.0
41042,5.015,0.0
41043,5.005,0.0
41044,4.975,0.0
41045,4.99,0.0
41046,5.005,0.0
41047,4.99,0.0
41048,4.97,0.0
41049,4.98,0.0
41050,4.985,0.0
41051,4.985,0.0
41052,4.975,0.0
41053,4.96,0.0
41054,4.975,0.0
41055,4.97,0.0
41056,4.965,0.0
41057,4.96,0.0
41058,4.965,0.0
41059,4.97,0.0
41060,4.96,0.0
41061,4.955,0.0
41062,4.965,0.0
41063,4.965,0.0
41064,4.95,0.0
41065,4.945,0.0
41066,4.955,0.0
41067,4.965,0.0
41068,4.955,0.0
41069,4.945,0.0
41070,4.955,0.0
41071,4.96,0.0
41072,4.955,0.0
41073,4.935,0.0
41074,4.945,0.0
41075,4.955,0.0
41076,4.95,0.0
41077,4.945,0.0
41078,4.945,0.0
41079,4.955,0.0
41080,4.945,0.0
41081,4.945,0.0
41082,4.95,0.0
41083,4.955,0.0
41084,4.965,0.0
41085,4.955,0.0
41086,4.975,0.0
41087,5.025,0.0
41088,5.185,0.0
41089,5.61,0.0
41090,5.865,0.0
41091,5.635,0.0
41092,5.41,0.0
41093,5.31,0.0
41094,5.225,0.0
41095,5.14,0.0
41096,5.0,0.0
41097,4.805,0.0
41098,4.59,0.0
41099,4.34,0.0
41100,4.255,0.0
41101,3.84,0.0
41102,3.61,0.0
41103,3.435,0.0
41104,3.225,0.0
41105,2.92,0.0
41106,2.665,0.0
41107,2.495,0.0
41108,2.365,0.0
41109,2.24,0.0
41110,2.14,0.0
41111,2.09,0.0
41112,2.065,0.0
41113,2.05,0.0
41114,2.025,0.0
41115,2.015,0.0
41116,2.025,0.0
41117,2.03,0.0
41118,2.04,0.0
41119,2.075,0.0
41120,2.17,0.0
41121,2.31,0.0
41122,2.49,0.0
41123,2.72,0.0
41124,3.035,0.0
41125,3.145,0.0
41126,3.745,0.0
41127,4.065,0.0
41128,4.365,0.0
41129,4.645,0.0
41130,4.89,0.0
41131,5.085,0.0
41132,5.315,0.0
41133,5.49,0.0
41134,5.605,0.0
41135,5.67,0.0
41136,5.735,0.0
41137,5.785,0.0
41138,5.835,0.0
41139,5.86,0.0
41140,5.895,0.0
41141,5.94,0.0
41142,5.98,0.0
41143,6.0,0.0
41144,6.015,0.0
41145,6.05,0.0
41146,6.095,0.0
41147,6.11,0.0
41148,6.135,0.0
41149,6.16,0.0
41150,6.175,0.0
41151,6.22,0.0
41152,6.25,0.0
41153,6.29,0.0
41154,6.335,0.0
41155,6.37,0.0
41156,6.405,0.0
41157,6.43,0.0
41158,6.485,0.0
41159,6.525,0.0
41160,6.545,0.0
41161,6.575,0.0
41162,6.62,0.0
41163,6.655,0.0
41164,6.675,0.0
41165,6.7,0.0
41166,6.735,0.0
41167,6.76,0.0
41168,6.77,0.0
41169,6.77,0.0
41170,6.79,0.0
41171,6.8,0.0
41172,6.775,0.0
41173,6.74,0.0
41174,6.735,0.0
41175,6.73,0.0
41176,6.66,0.0
41177,6.6,0.0
41178,6.555,0.0
41179,6.5,0.0
41180,6.435,0.0
41181,6.345,0.0
41182,6.28,0.0
41183,6.215,0.0
41184,6.14,0.0
41185,6.04,0.0
41186,5.945,0.0
41187,5.88,0.0
41188,5.805,0.0
41189,5.725,0.0
41190,5.645,0.0
41191,5.59,0.0
41192,5.54,0.0
41193,5.465,0.0
41194,5.405,0.0
41195,5.36,0.0
41196,5.31,0.0
41197,5.26,0.0
41198,5.21,0.0
41199,5.195,0.0
41200,5.19,0.0
41201,5.15,0.0
41202,5.11,0.0
41203,5.11,0.0
41204,5.105,0.0
41205,5.115,0.0
41206,5.1,0.0
41207,5.105,0.0
41208,5.12,0.0
41209,5.115,0.0
41210,5.095,0.0
41211,5.085,0.0
41212,5.09,0.0
41213,5.1,0.0
41214,5.095,0.0
41215,5.095,0.0
41216,5.1,0.0
41217,5.105,0.0
41218,5.1,0.0
41219,5.085,0.0
41220,5.095,0.0
41221,5.11,0.0
41222,5.11,0.0
41223,5.08,0.0
41224,5.095,0.0
41225,5.1,0.0
41226,5.1,0.0
41227,5.08,0.0
41228,5.08,0.0
41229,5.085,0.0
41230,5.075,0.0
41231,5.065,0.0
41232,5.06,0.0
41233,5.06,0.0
41234,5.055,0.0
41235,5.04,0.0
41236,5.025,0.0
41237,5.04,0.0
41238,5.03,0.0
41239,5.015,0.0
41240,4.995,0.0
41241,5.01,0.0
41242,5.01,0.0
41243,5.0,0.0
41244,4.995,0.0
41245,4.99,0.0
41246,4.995,0.0
41247,4.975,0.0
41248,4.965,0.0
41249,4.96,0.0
41250,4.965,0.0
41251,4.965,0.0
41252,4.945,0.0
41253,4.95,0.0
41254,4.965,0.0
41255,4.965,0.0
41256,4.95,0.0
41257,4.935,0.0
41258,4.96,0.0
41259,4.955,0.0
41260,4.945,0.0
41261,4.94,0.0
41262,4.95,0.0
41263,4.95,0.0
41264,4.94,0.0
41265,4.93,0.0
41266,4.945,0.0
41267,4.95,0.0
41268,4.945,0.0
41269,4.935,0.0
41270,4.945,0.0
41271,4.965,0.0
41272,4.94,0.0
41273,4.925,0.0
41274,4.935,0.0
41275,4.94,0.0
41276,4.955,0.0
41277,4.93,0.0
41278,4.925,0.0
41279,4.95,0.0
41280,4.945,0.0
41281,4.93,0.0
41282,4.935,0.0
41283,4.945,0.0
41284,4.94,0.0
41285,4.93,0.0
41286,4.925,0.0
41287,4.94,0.0
41288,4.945,0.0
41289,4.94,0.0
41290,4.925,0.0
41291,4.935,0.0
41292,4.945,0.0
41293,4.945,0.0
41294,4.935,0.0
41295,4.955,0.0
41296,5.0,0.0
41297,5.185,0.0
41298,5.625,0.0
41299,5.785,0.0
41300,5.745,0.0
41301,5.355,0.0
41302,5.295,0.0
41303,5.245,0.0
41304,5.195,0.0
41305,5.08,0.0
41306,4.885,0.0
41307,4.62,0.0
41308,4.295,0.0
41309,3.95,0.0
41310,3.565,0.0
41311,3.19,0.0
41312,2.94,0.0
41313,2.73,0.0
41314,2.555,0.0
41315,2.445,0.0
41316,2.33,0.0
41317,2.21,0.0
41318,2.11,0.0
41319,2.065,0.0
41320,2.05,0.0
41321,2.035,0.0
41322,2.015,0.0
41323,2.01,0.0
41324,2.015,0.0
41325,2.03,0.0
41326,2.06,0.0
41327,2.09,0.0
41328,2.215,0.0
41329,2.365,0.0
41330,2.555,0.0
41331,2.74,0.0
41332,3.015,0.0
41333,3.335,0.0
41334,3.665,0.0
41335,3.965,0.0
41336,4.28,0.0
41337,4.585,0.0
41338,4.855,0.0
41339,5.06,0.0
41340,5.255,0.0
41341,5.445,0.0
41342,5.595,0.0
41343,5.69,0.0
41344,5.745,0.0
41345,5.8,0.0
41346,5.86,0.0
41347,5.905,0.0
41348,5.93,0.0
41349,5.97,0.0
41350,5.99,0.0
41351,6.05,0.0
41352,6.075,0.0
41353,6.115,0.0
41354,6.17,0.0
41355,6.205,0.0
41356,6.23,0.0
41357,6.285,0.0
41358,6.335,0.0
41359,6.385,0.0
41360,6.405,0.0
41361,6.45,0.0
41362,6.5,0.0
41363,6.55,0.0
41364,6.575,0.0
41365,6.615,0.0
41366,6.665,0.0
41367,6.705,0.0
41368,6.74,0.0
41369,6.78,0.0
41370,6.82,0.0
41371,6.86,0.0
41372,6.88,0.0
41373,6.875,0.0
41374,6.905,0.0
41375,6.91,0.0
41376,6.91,0.0
41377,6.895,0.0
41378,6.865,0.0
41379,6.845,0.0
41380,6.805,0.0
41381,6.735,0.0
41382,6.67,0.0
41383,6.615,0.0
41384,6.545,0.0
41385,6.44,0.0
41386,6.35,0.0
41387,6.27,0.0
41388,6.18,0.0
41389,6.08,0.0
41390,5.99,0.0
41391,5.91,0.0
41392,5.835,0.0
41393,5.755,0.0
41394,5.675,0.0
41395,5.61,0.0
41396,5.55,0.0
41397,5.485,0.0
41398,5.43,0.0
41399,5.385,0.0
41400,5.37,0.0
41401,5.31,0.0
41402,5.27,0.0
41403,5.245,0.0
41404,5.23,0.0
41405,5.195,0.0
41406,5.165,0.0
41407,5.145,0.0
41408,5.155,0.0
41409,5.14,0.0
41410,5.11,0.0
41411,5.105,0.0
41412,5.115,0.0
41413,5.11,0.0
41414,5.105,0.0
41415,5.085,0.0
41416,5.085,0.0
41417,5.1,0.0
41418,5.09,0.0
41419,5.085,0.0
41420,5.085,0.0
41421,5.09,0.0
41422,5.085,0.0
41423,5.07,0.0
41424,5.08,0.0
41425,5.085,0.0
41426,5.095,0.0
41427,5.095,0.0
41428,5.11,0.0
41429,5.14,0.0
41430,5.15,0.0
41431,5.13,0.0
41432,5.135,0.0
41433,5.13,0.0
41434,5.13,0.0
41435,5.125,0.0
41436,5.12,0.0
41437,5.13,0.0
41438,5.13,0.0
41439,5.12,0.0
41440,5.08,0.0
41441,5.065,0.0
41442,5.06,0.0
41443,5.03,0.0
41444,5.01,0.0
41445,5.01,0.0
41446,5.01,0.0
41447,4.995,0.0
41448,4.975,0.0
41449,4.99,0.0
41450,4.995,0.0
41451,5.005,0.0
41452,4.975,0.0
41453,4.975,0.0
41454,4.98,0.0
41455,4.98,0.0
41456,4.96,0.0
41457,4.955,0.0
41458,4.96,0.0
41459,4.965,0.0
41460,4.945,0.0
41461,4.94,0.0
41462,4.95,0.0
41463,4.945,0.0
41464,4.94,0.0
41465,4.93,0.0
41466,4.95,0.0
41467,4.95,0.0
41468,4.94,0.0
41469,4.925,0.0
41470,4.935,0.0
41471,4.935,0.0
41472,4.93,0.0
41473,4.92,0.0
41474,4.93,0.0
41475,4.935,0.0
41476,4.93,0.0
41477,4.915,0.0
41478,4.93,0.0
41479,4.93,0.0
41480,4.935,0.0
41481,4.93,0.0
41482,4.93,0.0
41483,4.935,0.0
41484,4.94,0.0
41485,4.925,0.0
41486,4.92,0.0
41487,4.94,0.0
41488,4.94,0.0
41489,4.94,0.0
41490,4.925,0.0
41491,4.945,0.0
41492,4.95,0.0
41493,4.945,0.0
41494,4.935,0.0
41495,4.955,0.0
41496,4.98,0.0
41497,5.025,0.0
41498,5.215,0.0
41499,5.715,0.0
41500,5.885,0.0
41501,5.705,0.0
41502,5.43,0.0
41503,5.365,0.0
41504,5.32,0.0
41505,5.255,0.0
41506,5.18,0.0
41507,5.065,0.0
41508,4.885,0.0
41509,4.635,0.0
41510,4.295,0.0
41511,3.955,0.0
41512,3.625,0.0
41513,3.295,0.0
41514,3.03,0.0
41515,2.815,0.0
41516,2.675,0.0
41517,2.58,0.0
41518,2.465,0.0
41519,2.325,0.0
41520,2.23,0.0
41521,2.185,0.0
41522,2.15,0.0
41523,2.09,0.0
41524,2.07,0.0
41525,2.075,0.0
41526,2.06,0.0
41527,2.055,0.0
41528,2.07,0.0
41529,2.125,0.0
41530,2.225,0.0
41531,2.35,0.0
41532,2.525,0.0
41533,2.73,0.0
41534,2.935,0.0
41535,3.16,0.0
41536,3.455,0.0
41537,3.75,0.0
41538,4.045,0.0
41539,4.31,0.0
41540,4.585,0.0
41541,4.85,0.0
41542,5.04,0.0
41543,5.205,0.0
41544,5.36,0.0
41545,5.525,0.0
41546,5.635,0.0
41547,5.695,0.0
41548,5.725,0.0
41549,5.78,0.0
41550,5.8,0.0
41551,5.87,0.0
41552,5.9,0.0
41553,5.955,0.0
41554,5.995,0.0
41555,6.035,0.0
41556,6.05,0.0
41557,6.095,0.0
41558,6.16,0.0
41559,6.21,0.0
41560,6.24,0.0
41561,6.285,0.0
41562,6.335,0.0
41563,6.39,0.0
41564,6.425,0.0
41565,6.485,0.0
41566,6.54,0.0
41567,6.6,0.0
41568,6.62,0.0
41569,6.665,0.0
41570,6.695,0.0
41571,6.755,0.0
41572,6.785,0.0
41573,6.81,0.0
41574,6.845,0.0
41575,6.855,0.0
41576,6.89,0.0
41577,6.885,0.0
41578,6.875,0.0
41579,6.875,0.0
41580,6.85,0.0
41581,6.8,0.0
41582,6.76,0.0
41583,6.705,0.0
41584,6.64,0.0
41585,6.57,0.0
41586,6.49,0.0
41587,6.425,0.0
41588,6.34,0.0
41589,6.235,0.0
41590,6.15,0.0
41591,6.07,0.0
41592,5.99,0.0
41593,5.9,0.0
41594,5.83,0.0
41595,5.76,0.0
41596,5.69,0.0
41597,5.625,0.0
41598,5.545,0.0
41599,5.495,0.0
41600,5.48,0.0
41601,5.405,0.0
41602,5.355,0.0
41603,5.315,0.0
41604,5.3,0.0
41605,5.265,0.0
41606,5.23,0.0
41607,5.2,0.0
41608,5.205,0.0
41609,5.185,0.0
41610,5.16,0.0
41611,5.145,0.0
41612,5.155,0.0
41613,5.135,0.0
41614,5.125,0.0
41615,5.11,0.0
41616,5.125,0.0
41617,5.115,0.0
41618,5.105,0.0
41619,5.085,0.0
41620,5.095,0.0
41621,5.105,0.0
41622,5.095,0.0
41623,5.075,0.0
41624,5.095,0.0
41625,5.105,0.0
41626,5.1,0.0
41627,5.09,0.0
41628,5.1,0.0
41629,5.11,0.0
41630,5.11,0.0
41631,5.1,0.0
41632,5.095,0.0
41633,5.115,0.0
41634,5.115,0.0
41635,5.105,0.0
41636,5.1,0.0
41637,5.115,0.0
41638,5.125,0.0
41639,5.115,0.0
41640,5.115,0.0
41641,5.14,0.0
41642,5.15,0.0
41643,5.14,0.0
41644,5.13,0.0
41645,5.12,0.0
41646,5.105,0.0
41647,5.09,0.0
41648,5.075,0.0
41649,5.065,0.0
41650,5.07,0.0
41651,5.03,0.0
41652,5.0,0.0
41653,4.995,0.0
41654,4.985,0.0
41655,4.98,0.0
41656,4.96,0.0
41657,4.96,0.0
41658,4.985,0.0
41659,5.0,0.0
41660,4.985,0.0
41661,4.975,0.0
41662,4.995,0.0
41663,4.985,0.0
41664,4.98,0.0
41665,4.97,0.0
41666,4.975,0.0
41667,4.975,0.0
41668,4.975,0.0
41669,4.965,0.0
41670,4.97,0.0
41671,4.975,0.0
41672,4.965,0.0
41673,4.95,0.0
41674,4.955,0.0
41675,4.965,0.0
41676,4.965,0.0
41677,4.96,0.0
41678,4.96,0.0
41679,4.96,0.0
41680,4.965,0.0
41681,4.95,0.0
41682,4.955,0.0
41683,4.955,0.0
41684,4.96,0.0
41685,4.95,0.0
41686,4.95,0.0
41687,4.96,0.0
41688,4.965,0.0
41689,4.945,0.0
41690,4.95,0.0
41691,4.97,0.0
41692,4.97,0.0
41693,4.97,0.0
41694,4.955,0.0
41695,4.975,0.0
41696,5.0,0.0
41697,5.06,0.0
41698,5.355,0.0
41699,5.785,0.0
41700,5.875,0.0
41701,5.44,0.0
41702,5.345,0.0
41703,5.315,0.0
41704,5.275,0.0
41705,5.22,0.0
41706,5.115,0.0
41707,4.95,0.0
41708,4.72,0.0
41709,4.405,0.0
41710,4.065,0.0
41711,3.705,0.0
41712,3.37,0.0
41713,3.07,0.0
41714,2.855,0.0
41715,2.69,0.0
41716,2.565,0.0
41717,2.47,0.0
41718,2.34,0.0
41719,2.22,0.0
41720,2.16,0.0
41721,2.14,0.0
41722,2.1,0.0
41723,2.05,0.0
41724,2.055,0.0
41725,2.06,0.0
41726,2.05,0.0
41727,2.035,0.0
41728,2.07,0.0
41729,2.125,0.0
41730,2.225,0.0
41731,2.35,0.0
41732,2.525,0.0
41733,2.735,0.0
41734,2.97,0.0
41735,3.245,0.0
41736,3.56,0.0
41737,3.885,0.0
41738,4.165,0.0
41739,4.435,0.0
41740,4.705,0.0
41741,4.955,0.0
41742,5.165,0.0
41743,5.34,0.0
41744,5.505,0.0
41745,5.65,0.0
41746,5.755,0.0
41747,5.8,0.0
41748,5.84,0.0
41749,5.895,0.0
41750,5.915,0.0
41751,6.0,0.0
41752,6.02,0.0
41753,6.08,0.0
41754,6.13,0.0
41755,6.165,0.0
41756,6.195,0.0
41757,6.23,0.0
41758,6.28,0.0
41759,6.335,0.0
41760,6.365,0.0
41761,6.42,0.0
41762,6.485,0.0
41763,6.53,0.0
41764,6.57,0.0
41765,6.62,0.0
41766,6.68,0.0
41767,6.72,0.0
41768,6.77,0.0
41769,6.8,0.0
41770,6.865,0.0
41771,6.91,0.0
41772,6.94,0.0
41773,6.955,0.0
41774,6.98,0.0
41775,6.985,0.0
41776,7.015,0.0
41777,6.995,0.0
41778,6.99,0.0
41779,6.995,0.0
41780,6.965,0.0
41781,6.9,0.0
41782,6.845,0.0
41783,6.8,0.0
41784,6.74,0.0
41785,6.63,0.0
41786,6.55,0.0
41787,6.47,0.0
41788,6.385,0.0
41789,6.285,0.0
41790,6.18,0.0
41791,6.115,0.0
41792,6.025,0.0
41793,5.93,0.0
41794,5.83,0.0
41795,5.765,0.0
41796,5.69,0.0
41797,5.62,0.0
41798,5.55,0.0
41799,5.495,0.0
41800,5.485,0.0
41801,5.41,0.0
41802,5.35,0.0
41803,5.325,0.0
41804,5.305,0.0
41805,5.265,0.0
41806,5.23,0.0
41807,5.215,0.0
41808,5.215,0.0
41809,5.21,0.0
41810,5.17,0.0
41811,5.16,0.0
41812,5.155,0.0
41813,5.155,0.0
41814,5.13,0.0
41815,5.12,0.0
41816,5.135,0.0
41817,5.13,0.0
41818,5.125,0.0
41819,5.105,0.0
41820,5.115,0.0
41821,5.13,0.0
41822,5.11,0.0
41823,5.1,0.0
41824,5.1,0.0
41825,5.105,0.0
41826,5.12,0.0
41827,5.095,0.0
41828,5.11,0.0
41829,5.12,0.0
41830,5.12,0.0
41831,5.12,0.0
41832,5.115,0.0
41833,5.13,0.0
41834,5.125,0.0
41835,5.11,0.0
41836,5.115,0.0
41837,5.12,0.0
41838,5.12,0.0
41839,5.11,0.0
41840,5.1,0.0
41841,5.105,0.0
41842,5.11,0.0
41843,5.1,0.0
41844,5.085,0.0
41845,5.095,0.0
41846,5.09,0.0
41847,5.085,0.0
41848,5.065,0.0
41849,5.07,0.0
41850,5.07,0.0
41851,5.065,0.0
41852,5.055,0.0
41853,5.055,0.0
41854,5.055,0.0
41855,5.055,0.0
41856,5.035,0.0
41857,5.03,0.0
41858,5.035,0.0
41859,5.03,0.0
41860,5.02,0.0
41861,5.005,0.0
41862,5.02,0.0
41863,5.02,0.0
41864,5.005,0.0
41865,5.0,0.0
41866,5.005,0.0
41867,5.005,0.0
41868,5.0,0.0
41869,4.99,0.0
41870,5.01,0.0
41871,5.015,0.0
41872,5.01,0.0
41873,5.005,0.0
41874,5.025,0.0
41875,5.03,0.0
41876,5.04,0.0
41877,5.04,0.0
41878,5.04,0.0
41879,5.045,0.0
41880,5.055,0.0
41881,5.035,0.0
41882,5.025,0.0
41883,5.025,0.0
41884,5.015,0.0
41885,4.99,0.0
41886,4.98,0.0
41887,4.99,0.0
41888,4.98,0.0
41889,4.95,0.0
41890,4.93,0.0
41891,4.945,0.0
41892,4.935,0.0
41893,4.92,0.0
41894,4.92,0.0
41895,4.94,0.0
41896,4.96,0.0
41897,4.96,0.0
41898,4.94,0.0
41899,4.96,0.0
41900,4.965,0.0
41901,4.995,0.0
41902,5.045,0.0
41903,5.35,0.0
41904,5.815,0.0
41905,5.835,0.0
41906,5.5,0.0
41907,5.35,0.0
41908,5.3,0.0
41909,5.23,0.0
41910,5.115,0.0
41911,4.98,0.0
41912,4.8,0.0
41913,4.575,0.0
41914,4.305,0.0
41915,4.055,0.0
41916,3.88,0.0
41917,3.74,0.0
41918,3.595,0.0
41919,3.405,0.0
41920,3.205,0.0
41921,3.035,0.0
41922,2.86,0.0
41923,2.7,0.0
41924,2.575,0.0
41925,2.535,0.0
41926,2.34,0.0
41927,2.25,0.0
41928,2.175,0.0
41929,2.135,0.0
41930,2.115,0.0
41931,2.075,0.0
41932,2.065,0.0
41933,2.085,0.0
41934,2.105,0.0
41935,2.16,0.0
41936,2.27,0.0
41937,2.43,0.0
41938,2.625,0.0
41939,2.85,0.0
41940,3.125,0.0
41941,3.45,0.0
41942,3.75,0.0
41943,4.04,0.0
41944,4.305,0.0
41945,4.585,0.0
41946,4.84,0.0
41947,5.07,0.0
41948,5.265,0.0
41949,5.465,0.0
41950,5.52,0.0
41951,5.69,0.0
41952,5.755,0.0
41953,5.81,0.0
41954,5.875,0.0
41955,5.92,0.0
41956,5.945,0.0
41957,6.005,0.0
41958,6.06,0.0
41959,6.09,0.0
41960,6.125,0.0
41961,6.165,0.0
41962,6.23,0.0
41963,6.27,0.0
41964,6.305,0.0
41965,6.35,0.0
41966,6.395,0.0
41967,6.46,0.0
41968,6.5,0.0
41969,6.55,0.0
41970,6.61,0.0
41971,6.66,0.0
41972,6.695,0.0
41973,6.73,0.0
41974,6.775,0.0
41975,6.795,0.0
41976,6.86,0.0
41977,6.885,0.0
41978,6.91,0.0
41979,6.95,0.0
41980,6.965,0.0
41981,6.96,0.0
41982,6.965,0.0
41983,6.96,0.0
41984,6.94,0.0
41985,6.89,0.0
41986,6.835,0.0
41987,6.8,0.0
41988,6.725,0.0
41989,6.635,0.0
41990,6.55,0.0
41991,6.47,0.0
41992,6.38,0.0
41993,6.285,0.0
41994,6.18,0.0
41995,6.095,0.0
41996,6.0,0.0
41997,5.9,0.0
41998,5.81,0.0
41999,5.74,0.0
42000,5.72,0.0
42001,5.615,0.0
42002,5.535,0.0
42003,5.49,0.0
42004,5.445,0.0
42005,5.4,0.0
42006,5.34,0.0
42007,5.315,0.0
42008,5.285,0.0
42009,5.26,0.0
42010,5.225,0.0
42011,5.21,0.0
42012,5.205,0.0
42013,5.18,0.0
42014,5.15,0.0
42015,5.145,0.0
42016,5.15,0.0
42017,5.135,0.0
42018,5.13,0.0
42019,5.105,0.0
42020,5.1,0.0
42021,5.105,0.0
42022,5.095,0.0
42023,5.085,0.0
42024,5.08,0.0
42025,5.085,0.0
42026,5.085,0.0
42027,5.07,0.0
42028,5.07,0.0
42029,5.085,0.0
42030,5.085,0.0
42031,5.07,0.0
42032,5.07,0.0
42033,5.09,0.0
42034,5.1,0.0
42035,5.085,0.0
42036,5.08,0.0
42037,5.1,0.0
42038,5.105,0.0
42039,5.095,0.0
42040,5.09,0.0
42041,5.105,0.0
42042,5.1,0.0
42043,5.1,0.0
42044,5.075,0.0
42045,5.095,0.0
42046,5.115,0.0
42047,5.095,0.0
42048,5.065,0.0
42049,5.08,0.0
42050,5.085,0.0
42051,5.095,0.0
42052,5.07,0.0
42053,5.075,0.0
42054,5.07,0.0
42055,5.055,0.0
42056,5.045,0.0
42057,5.045,0.0
42058,5.055,0.0
42059,5.045,0.0
42060,5.03,0.0
42061,5.02,0.0
42062,5.025,0.0
42063,5.03,0.0
42064,5.015,0.0
42065,5.0,0.0
42066,5.025,0.0
42067,5.015,0.0
42068,4.995,0.0
42069,4.985,0.0
42070,4.995,0.0
42071,4.99,0.0
42072,4.985,0.0
42073,4.975,0.0
42074,4.98,0.0
42075,4.975,0.0
42076,4.98,0.0
42077,4.965,0.0
42078,4.96,0.0
42079,4.965,0.0
42080,4.975,0.0
42081,4.955,0.0
42082,4.955,0.0
42083,4.96,0.0
42084,4.965,0.0
42085,4.96,0.0
42086,4.96,0.0
42087,4.96,0.0
42088,4.97,0.0
42089,4.97,0.0
42090,4.945,0.0
42091,4.955,0.0
42092,4.96,0.0
42093,4.955,0.0
42094,4.95,0.0
42095,4.945,0.0
42096,4.96,0.0
42097,4.955,0.0
42098,4.925,0.0
42099,4.95,0.0
42100,4.95,0.0
42101,4.95,0.0
42102,4.94,0.0
42103,4.95,0.0
42104,4.96,0.0
42105,4.97,0.0
42106,4.96,0.0
42107,4.98,0.0
42108,5.05,0.0
42109,5.2,0.0
42110,5.64,0.0
42111,6.015,0.0
42112,5.83,0.0
42113,5.52,0.0
42114,5.395,0.0
42115,5.315,0.0
42116,5.245,0.0
42117,5.13,0.0
42118,4.93,0.0
42119,4.695,0.0
42120,4.425,0.0
42121,4.13,0.0
42122,3.84,0.0
42123,3.58,0.0
42124,3.38,0.0
42125,3.315,0.0
42126,2.84,0.0
42127,2.58,0.0
42128,2.44,0.0
42129,2.33,0.0
42130,2.21,0.0
42131,2.12,0.0
42132,2.085,0.0
42133,2.07,0.0
42134,2.05,0.0
42135,2.025,0.0
42136,2.025,0.0
42137,2.03,0.0
42138,2.035,0.0
42139,2.055,0.0
42140,2.12,0.0
42141,2.255,0.0
42142,2.455,0.0
42143,2.645,0.0
42144,2.88,0.0
42145,3.155,0.0
42146,3.455,0.0
42147,3.745,0.0
42148,4.04,0.0
42149,4.335,0.0
42150,4.425,0.0
42151,4.855,0.0
42152,5.05,0.0
42153,5.26,0.0
42154,5.45,0.0
42155,5.56,0.0
42156,5.645,0.0
42157,5.715,0.0
42158,5.78,0.0
42159,5.81,0.0
42160,5.85,0.0
42161,5.88,0.0
42162,5.93,0.0
42163,5.965,0.0
42164,5.995,0.0
42165,6.015,0.0
42166,6.05,0.0
42167,6.08,0.0
42168,6.1,0.0
42169,6.125,0.0
42170,6.155,0.0
42171,6.215,0.0
42172,6.23,0.0
42173,6.255,0.0
42174,6.29,0.0
42175,6.305,0.0
42176,6.36,0.0
42177,6.38,0.0
42178,6.42,0.0
42179,6.465,0.0
42180,6.495,0.0
42181,6.515,0.0
42182,6.55,0.0
42183,6.595,0.0
42184,6.62,0.0
42185,6.64,0.0
42186,6.65,0.0
42187,6.675,0.0
42188,6.695,0.0
42189,6.69,0.0
42190,6.68,0.0
42191,6.685,0.0
42192,6.665,0.0
42193,6.62,0.0
42194,6.585,0.0
42195,6.545,0.0
42196,6.495,0.0
42197,6.415,0.0
42198,6.35,0.0
42199,6.28,0.0
42200,6.26,0.0
42201,6.13,0.0
42202,6.04,0.0
42203,5.975,0.0
42204,5.915,0.0
42205,5.825,0.0
42206,5.74,0.0
42207,5.68,0.0
42208,5.63,0.0
42209,5.575,0.0
42210,5.5,0.0
42211,5.445,0.0
42212,5.41,0.0
42213,5.375,0.0
42214,5.34,0.0
42215,5.3,0.0
42216,5.28,0.0
42217,5.25,0.0
42218,5.23,0.0
42219,5.205,0.0
42220,5.195,0.0
42221,5.185,0.0
42222,5.165,0.0
42223,5.135,0.0
42224,5.15,0.0
42225,5.155,0.0
42226,5.14,0.0
42227,5.125,0.0
42228,5.125,0.0
42229,5.14,0.0
42230,5.14,0.0
42231,5.12,0.0
42232,5.125,0.0
42233,5.14,0.0
42234,5.14,0.0
42235,5.12,0.0
42236,5.125,0.0
42237,5.13,0.0
42238,5.135,0.0
42239,5.13,0.0
42240,5.12,0.0
42241,5.13,0.0
42242,5.14,0.0
42243,5.13,0.0
42244,5.115,0.0
42245,5.125,0.0
42246,5.14,0.0
42247,5.13,0.0
42248,5.11,0.0
42249,5.125,0.0
42250,5.125,0.0
42251,5.125,0.0
42252,5.105,0.0
42253,5.105,0.0
42254,5.115,0.0
42255,5.115,0.0
42256,5.085,0.0
42257,5.085,0.0
42258,5.1,0.0
42259,5.09,0.0
42260,5.07,0.0
42261,5.065,0.0
42262,5.08,0.0
42263,5.08,0.0
42264,5.065,0.0
42265,5.05,0.0
42266,5.06,0.0
42267,5.055,0.0
42268,5.045,0.0
42269,5.04,0.0
42270,5.035,0.0
42271,5.035,0.0
42272,5.03,0.0
42273,5.01,0.0
42274,5.025,0.0
42275,5.03,0.0
42276,5.03,0.0
42277,5.015,0.0
42278,5.015,0.0
42279,5.015,0.0
42280,5.025,0.0
42281,5.0,0.0
42282,5.005,0.0
42283,5.005,0.0
42284,5.015,0.0
42285,4.995,0.0
42286,4.995,0.0
42287,5.0,0.0
42288,5.005,0.0
42289,5.0,0.0
42290,4.99,0.0
42291,5.0,0.0
42292,5.0,0.0
42293,5.0,0.0
42294,4.98,0.0
42295,4.995,0.0
42296,5.0,0.0
42297,5.0,0.0
42298,4.985,0.0
42299,4.995,0.0
42300,5.0,0.0
42301,5.005,0.0
42302,4.98,0.0
42303,4.985,0.0
42304,5.0,0.0
42305,4.995,0.0
42306,4.99,0.0
42307,4.985,0.0
42308,5.0,0.0
42309,5.005,0.0
42310,4.985,0.0
42311,4.98,0.0
42312,5.0,0.0
42313,5.0,0.0
42314,4.995,0.0
42315,5.0,0.0
42316,5.025,0.0
42317,5.045,0.0
42318,5.125,0.0
42319,5.49,0.0
42320,5.99,0.0
42321,5.925,0.0
42322,5.57,0.0
42323,5.44,0.0
42324,5.405,0.0
42325,5.39,0.0
42326,5.305,0.0
42327,5.2,0.0
42328,5.035,0.0
42329,4.815,0.0
42330,4.525,0.0
42331,4.18,0.0
42332,3.835,0.0
42333,3.5,0.0
42334,3.21,0.0
42335,2.95,0.0
42336,2.76,0.0
42337,2.625,0.0
42338,2.485,0.0
42339,2.335,0.0
42340,2.22,0.0
42341,2.17,0.0
42342,2.135,0.0
42343,2.105,0.0
42344,2.075,0.0
42345,2.07,0.0
42346,2.07,0.0
42347,2.065,0.0
42348,2.055,0.0
42349,2.085,0.0
42350,2.105,0.0
42351,2.245,0.0
42352,2.38,0.0
42353,2.57,0.0
42354,2.81,0.0
42355,3.08,0.0
42356,3.385,0.0
42357,3.71,0.0
42358,4.045,0.0
42359,4.35,0.0
42360,4.61,0.0
42361,4.865,0.0
42362,5.095,0.0
42363,5.295,0.0
42364,5.475,0.0
42365,5.615,0.0
42366,5.71,0.0
42367,5.775,0.0
42368,5.81,0.0
42369,5.845,0.0
42370,5.89,0.0
42371,5.935,0.0
42372,5.955,0.0
42373,5.985,0.0
42374,6.015,0.0
42375,6.03,0.0
42376,6.07,0.0
42377,6.085,0.0
42378,6.12,0.0
42379,6.15,0.0
42380,6.17,0.0
42381,6.195,0.0
42382,6.225,0.0
42383,6.27,0.0
42384,6.295,0.0
42385,6.325,0.0
42386,6.365,0.0
42387,6.41,0.0
42388,6.45,0.0
42389,6.475,0.0
42390,6.515,0.0
42391,6.58,0.0
42392,6.615,0.0
42393,6.65,0.0
42394,6.68,0.0
42395,6.73,0.0
42396,6.76,0.0
42397,6.79,0.0
42398,6.805,0.0
42399,6.825,0.0
42400,6.835,0.0
42401,6.855,0.0
42402,6.85,0.0
42403,6.855,0.0
42404,6.835,0.0
42405,6.805,0.0
42406,6.745,0.0
42407,6.71,0.0
42408,6.655,0.0
42409,6.58,0.0
42410,6.495,0.0
42411,6.42,0.0
42412,6.345,0.0
42413,6.265,0.0
42414,6.16,0.0
42415,6.07,0.0
42416,6.005,0.0
42417,5.925,0.0
42418,5.835,0.0
42419,5.755,0.0
42420,5.7,0.0
42421,5.64,0.0
42422,5.58,0.0
42423,5.515,0.0
42424,5.465,0.0
42425,5.455,0.0
42426,5.395,0.0
42427,5.345,0.0
42428,5.32,0.0
42429,5.315,0.0
42430,5.29,0.0
42431,5.255,0.0
42432,5.24,0.0
42433,5.24,0.0
42434,5.235,0.0
42435,5.215,0.0
42436,5.205,0.0
42437,5.215,0.0
42438,5.215,0.0
42439,5.2,0.0
42440,5.18,0.0
42441,5.2,0.0
42442,5.21,0.0
42443,5.2,0.0
42444,5.185,0.0
42445,5.205,0.0
42446,5.21,0.0
42447,5.2,0.0
42448,5.17,0.0
42449,5.195,0.0
42450,5.205,0.0
42451,5.205,0.0
42452,5.19,0.0
42453,5.19,0.0
42454,5.2,0.0
42455,5.21,0.0
42456,5.185,0.0
42457,5.19,0.0
42458,5.2,0.0
42459,5.195,0.0
42460,5.175,0.0
42461,5.17,0.0
42462,5.19,0.0
42463,5.17,0.0
42464,5.17,0.0
42465,5.14,0.0
42466,5.155,0.0
42467,5.155,0.0
42468,5.15,0.0
42469,5.12,0.0
42470,5.14,0.0
42471,5.135,0.0
42472,5.125,0.0
42473,5.1,0.0
42474,5.11,0.0
42475,5.105,0.0
42476,5.1,0.0
42477,5.09,0.0
42478,5.075,0.0
42479,5.09,0.0
42480,5.08,0.0
42481,5.055,0.0
42482,5.055,0.0
42483,5.065,0.0
42484,5.07,0.0
42485,5.05,0.0
42486,5.04,0.0
42487,5.055,0.0
42488,5.05,0.0
42489,5.04,0.0
42490,5.03,0.0
42491,5.03,0.0
42492,5.045,0.0
42493,5.025,0.0
42494,5.015,0.0
42495,5.02,0.0
42496,5.04,0.0
42497,5.02,0.0
42498,5.01,0.0
42499,5.015,0.0
42500,5.01,0.0
42501,5.01,0.0
42502,4.995,0.0
42503,5.0,0.0
42504,5.02,0.0
42505,5.015,0.0
42506,4.995,0.0
42507,5.0,0.0
42508,5.0,0.0
42509,5.01,0.0
42510,4.995,0.0
42511,4.99,0.0
42512,5.0,0.0
42513,5.0,0.0
42514,4.995,0.0
42515,4.99,0.0
42516,5.0,0.0
42517,5.0,0.0
42518,4.995,0.0
42519,4.98,0.0
42520,4.99,0.0
42521,4.995,0.0
42522,4.99,0.0
42523,4.975,0.0
42524,4.99,0.0
42525,4.995,0.0
42526,4.995,0.0
42527,4.99,0.0
42528,4.995,0.0
42529,5.005,0.0
42530,5.005,0.0
42531,5.005,0.0
42532,5.03,0.0
42533,5.125,0.0
42534,5.395,0.0
42535,5.865,0.0
42536,6.0,0.0
42537,5.69,0.0
42538,5.47,0.0
42539,5.38,0.0
42540,5.3,0.0
42541,5.23,0.0
42542,5.12,0.0
42543,4.955,0.0
42544,4.735,0.0
42545,4.505,0.0
42546,4.235,0.0
42547,3.94,0.0
42548,3.69,0.0
42549,3.49,0.0
42550,3.435,0.0
42551,3.095,0.0
42552,2.815,0.0
42553,2.62,0.0
42554,2.49,0.0
42555,2.365,0.0
42556,2.235,0.0
42557,2.15,0.0
42558,2.125,0.0
42559,2.1,0.0
42560,2.065,0.0
42561,2.05,0.0
42562,2.045,0.0
42563,2.06,0.0
42564,2.045,0.0
42565,2.055,0.0
42566,2.1,0.0
42567,2.175,0.0
42568,2.265,0.0
42569,2.42,0.0
42570,2.625,0.0
42571,2.84,0.0
42572,3.115,0.0
42573,3.42,0.0
42574,3.77,0.0
42575,3.88,0.0
42576,4.385,0.0
42577,4.66,0.0
42578,4.915,0.0
42579,5.155,0.0
42580,5.37,0.0
42581,5.545,0.0
42582,5.695,0.0
42583,5.805,0.0
42584,5.87,0.0
42585,5.915,0.0
42586,5.96,0.0
42587,6.01,0.0
42588,6.04,0.0
42589,6.05,0.0
42590,6.065,0.0
42591,6.09,0.0
42592,6.12,0.0
42593,6.125,0.0
42594,6.135,0.0
42595,6.17,0.0
42596,6.18,0.0
42597,6.2,0.0
42598,6.21,0.0
42599,6.25,0.0
42600,6.27,0.0
42601,6.335,0.0
42602,6.355,0.0
42603,6.385,0.0
42604,6.44,0.0
42605,6.47,0.0
42606,6.495,0.0
42607,6.53,0.0
42608,6.58,0.0
42609,6.61,0.0
42610,6.63,0.0
42611,6.67,0.0
42612,6.71,0.0
42613,6.745,0.0
42614,6.76,0.0
42615,6.785,0.0
42616,6.825,0.0
42617,6.825,0.0
42618,6.835,0.0
42619,6.84,0.0
42620,6.845,0.0
42621,6.845,0.0
42622,6.83,0.0
42623,6.785,0.0
42624,6.765,0.0
42625,6.755,0.0
42626,6.68,0.0
42627,6.6,0.0
42628,6.55,0.0
42629,6.48,0.0
42630,6.4,0.0
42631,6.305,0.0
42632,6.24,0.0
42633,6.17,0.0
42634,6.1,0.0
42635,6.0,0.0
42636,5.92,0.0
42637,5.87,0.0
42638,5.8,0.0
42639,5.705,0.0
42640,5.65,0.0
42641,5.595,0.0
42642,5.545,0.0
42643,5.48,0.0
42644,5.42,0.0
42645,5.4,0.0
42646,5.36,0.0
42647,5.315,0.0
42648,5.28,0.0
42649,5.27,0.0
42650,5.275,0.0
42651,5.24,0.0
42652,5.21,0.0
42653,5.195,0.0
42654,5.2,0.0
42655,5.195,0.0
42656,5.18,0.0
42657,5.175,0.0
42658,5.19,0.0
42659,5.185,0.0
42660,5.17,0.0
42661,5.17,0.0
42662,5.185,0.0
42663,5.185,0.0
42664,5.17,0.0
42665,5.17,0.0
42666,5.175,0.0
42667,5.18,0.0
42668,5.185,0.0
42669,5.18,0.0
42670,5.18,0.0
42671,5.18,0.0
42672,5.175,0.0
42673,5.155,0.0
42674,5.18,0.0
42675,5.185,0.0
42676,5.175,0.0
42677,5.16,0.0
42678,5.16,0.0
42679,5.16,0.0
42680,5.17,0.0
42681,5.15,0.0
42682,5.135,0.0
42683,5.145,0.0
42684,5.135,0.0
42685,5.12,0.0
42686,5.11,0.0
42687,5.12,0.0
42688,5.12,0.0
42689,5.1,0.0
42690,5.09,0.0
42691,5.095,0.0
42692,5.1,0.0
42693,5.07,0.0
42694,5.075,0.0
42695,5.07,0.0
42696,5.08,0.0
42697,5.06,0.0
42698,5.055,0.0
42699,5.05,0.0
42700,5.05,0.0
42701,5.05,0.0
42702,5.035,0.0
42703,5.04,0.0
42704,5.035,0.0
42705,5.025,0.0
42706,5.02,0.0
42707,5.005,0.0
42708,5.025,0.0
42709,5.025,0.0
42710,5.01,0.0
42711,5.005,0.0
42712,5.015,0.0
42713,5.02,0.0
42714,5.005,0.0
42715,4.995,0.0
42716,5.01,0.0
42717,5.015,0.0
42718,5.01,0.0
42719,4.99,0.0
42720,5.005,0.0
42721,5.0,0.0
42722,5.005,0.0
42723,4.985,0.0
42724,5.0,0.0
42725,5.005,0.0
42726,5.005,0.0
42727,4.985,0.0
42728,4.99,0.0
42729,4.995,0.0
42730,5.005,0.0
42731,4.99,0.0
42732,4.995,0.0
42733,5.005,0.0
42734,5.015,0.0
42735,4.995,0.0
42736,5.0,0.0
42737,5.005,0.0
42738,4.995,0.0
42739,4.985,0.0
42740,4.99,0.0
42741,5.0,0.0
42742,5.005,0.0
42743,5.0,0.0
42744,4.98,0.0
42745,4.995,0.0
42746,5.005,0.0
42747,5.015,0.0
42748,5.06,0.0
42749,5.24,0.0
42750,5.325,0.0
42751,5.97,0.0
42752,5.68,0.0
42753,5.445,0.0
42754,5.38,0.0
42755,5.295,0.0
42756,5.19,0.0
42757,5.06,0.0
42758,4.875,0.0
42759,4.655,0.0
42760,4.355,0.0
42761,4.055,0.0
42762,3.83,0.0
42763,3.615,0.0
42764,3.395,0.0
42765,3.145,0.0
42766,2.875,0.0
42767,2.655,0.0
42768,2.49,0.0
42769,2.365,0.0
42770,2.25,0.0
42771,2.175,0.0
42772,2.13,0.0
42773,2.095,0.0
42774,2.085,0.0
42775,2.085,0.0
42776,2.07,0.0
42777,2.055,0.0
42778,2.065,0.0
42779,2.115,0.0
42780,2.17,0.0
42781,2.275,0.0
42782,2.445,0.0
42783,2.68,0.0
42784,2.945,0.0
42785,3.235,0.0
42786,3.555,0.0
42787,3.89,0.0
42788,4.2,0.0
42789,4.455,0.0
42790,4.72,0.0
42791,4.98,0.0
42792,5.19,0.0
42793,5.4,0.0
42794,5.555,0.0
42795,5.685,0.0
42796,5.775,0.0
42797,5.82,0.0
42798,5.865,0.0
42799,5.925,0.0
42800,5.945,0.0
42801,5.995,0.0
42802,6.015,0.0
42803,6.05,0.0
42804,6.105,0.0
42805,6.12,0.0
42806,6.14,0.0
42807,6.175,0.0
42808,6.225,0.0
42809,6.265,0.0
42810,6.285,0.0
42811,6.315,0.0
42812,6.355,0.0
42813,6.375,0.0
42814,6.39,0.0
42815,6.41,0.0
42816,6.46,0.0
42817,6.5,0.0
42818,6.52,0.0
42819,6.535,0.0
42820,6.57,0.0
42821,6.605,0.0
42822,6.615,0.0
42823,6.635,0.0
42824,6.67,0.0
42825,6.68,0.0
42826,6.745,0.0
42827,6.77,0.0
42828,6.795,0.0
42829,6.815,0.0
42830,6.825,0.0
42831,6.81,0.0
42832,6.8,0.0
42833,6.785,0.0
42834,6.76,0.0
42835,6.72,0.0
42836,6.67,0.0
42837,6.63,0.0
42838,6.565,0.0
42839,6.505,0.0
42840,6.43,0.0
42841,6.365,0.0
42842,6.295,0.0
42843,6.2,0.0
42844,6.1,0.0
42845,6.03,0.0
42846,5.96,0.0
42847,5.875,0.0
42848,5.785,0.0
42849,5.72,0.0
42850,5.7,0.0
42851,5.58,0.0
42852,5.515,0.0
42853,5.465,0.0
42854,5.425,0.0
42855,5.39,0.0
42856,5.34,0.0
42857,5.315,0.0
42858,5.29,0.0
42859,5.275,0.0
42860,5.255,0.0
42861,5.24,0.0
42862,5.24,0.0
42863,5.225,0.0
42864,5.215,0.0
42865,5.205,0.0
42866,5.205,0.0
42867,5.22,0.0
42868,5.205,0.0
42869,5.195,0.0
42870,5.195,0.0
42871,5.21,0.0
42872,5.21,0.0
42873,5.195,0.0
42874,5.21,0.0
42875,5.22,0.0
42876,5.215,0.0
42877,5.215,0.0
42878,5.22,0.0
42879,5.23,0.0
42880,5.235,0.0
42881,5.215,0.0
42882,5.225,0.0
42883,5.23,0.0
42884,5.225,0.0
42885,5.21,0.0
42886,5.21,0.0
42887,5.21,0.0
42888,5.215,0.0
42889,5.2,0.0
42890,5.19,0.0
42891,5.195,0.0
42892,5.21,0.0
42893,5.185,0.0
42894,5.17,0.0
42895,5.185,0.0
42896,5.175,0.0
42897,5.16,0.0
42898,5.14,0.0
42899,5.15,0.0
42900,5.15,0.0
42901,5.14,0.0
42902,5.13,0.0
42903,5.12,0.0
42904,5.125,0.0
42905,5.12,0.0
42906,5.105,0.0
42907,5.095,0.0
42908,5.105,0.0
42909,5.1,0.0
42910,5.085,0.0
42911,5.085,0.0
42912,5.095,0.0
42913,5.085,0.0
42914,5.07,0.0
42915,5.07,0.0
42916,5.075,0.0
42917,5.07,0.0
42918,5.075,0.0
42919,5.055,0.0
42920,5.07,0.0
42921,5.075,0.0
42922,5.055,0.0
42923,5.045,0.0
42924,5.045,0.0
42925,5.05,0.0
42926,5.05,0.0
42927,5.045,0.0
42928,5.04,0.0
42929,5.055,0.0
42930,5.05,0.0
42931,5.03,0.0
42932,5.035,0.0
42933,5.04,0.0
42934,5.045,0.0
42935,5.03,0.0
42936,5.035,0.0
42937,5.03,0.0
42938,5.035,0.0
42939,5.03,0.0
42940,5.015,0.0
42941,5.04,0.0
42942,5.04,0.0
42943,5.035,0.0
42944,5.015,0.0
42945,5.025,0.0
42946,5.035,0.0
42947,5.035,0.0
42948,5.03,0.0
42949,5.055,0.0
42950,5.065,0.0
42951,5.16,0.0
42952,5.49,0.0
42953,5.985,0.0
42954,5.91,0.0
42955,5.575,0.0
42956,5.455,0.0
42957,5.425,0.0
42958,5.375,0.0
42959,5.32,0.0
42960,5.185,0.0
42961,4.995,0.0
42962,4.71,0.0
42963,4.375,0.0
42964,4.02,0.0
42965,3.655,0.0
42966,3.34,0.0
42967,3.065,0.0
42968,2.81,0.0
42969,2.65,0.0
42970,2.495,0.0
42971,2.345,0.0
42972,2.21,0.0
42973,2.145,0.0
42974,2.135,0.0
42975,2.13,0.0
42976,2.085,0.0
42977,2.06,0.0
42978,2.065,0.0
42979,2.07,0.0
42980,2.095,0.0
42981,2.13,0.0
42982,2.245,0.0
42983,2.425,0.0
42984,2.63,0.0
42985,2.85,0.0
42986,3.145,0.0
42987,3.5,0.0
42988,3.83,0.0
42989,4.14,0.0
42990,4.455,0.0
42991,4.745,0.0
42992,5.0,0.0
42993,5.21,0.0
42994,5.41,0.0
42995,5.585,0.0
42996,5.705,0.0
42997,5.775,0.0
42998,5.815,0.0
42999,5.87,0.0
43000,5.885,0.0
43001,5.95,0.0
43002,5.97,0.0
43003,6.02,0.0
43004,6.065,0.0
43005,6.09,0.0
43006,6.1,0.0
43007,6.13,0.0
43008,6.175,0.0
43009,6.205,0.0
43010,6.235,0.0
43011,6.27,0.0
43012,6.315,0.0
43013,6.37,0.0
43014,6.415,0.0
43015,6.445,0.0
43016,6.475,0.0
43017,6.51,0.0
43018,6.545,0.0
43019,6.565,0.0
43020,6.61,0.0
43021,6.645,0.0
43022,6.67,0.0
43023,6.68,0.0
43024,6.715,0.0
43025,6.73,0.0
43026,6.76,0.0
43027,6.775,0.0
43028,6.805,0.0
43029,6.845,0.0
43030,6.845,0.0
43031,6.815,0.0
43032,6.81,0.0
43033,6.785,0.0
43034,6.74,0.0
43035,6.67,0.0
43036,6.605,0.0
43037,6.55,0.0
43038,6.475,0.0
43039,6.38,0.0
43040,6.295,0.0
43041,6.21,0.0
43042,6.135,0.0
43043,6.045,0.0
43044,5.945,0.0
43045,5.875,0.0
43046,5.795,0.0
43047,5.715,0.0
43048,5.63,0.0
43049,5.58,0.0
43050,5.565,0.0
43051,5.48,0.0
43052,5.415,0.0
43053,5.385,0.0
43054,5.36,0.0
43055,5.335,0.0
43056,5.3,0.0
43057,5.275,0.0
43058,5.275,0.0
43059,5.27,0.0
43060,5.24,0.0
43061,5.25,0.0
43062,5.245,0.0
43063,5.24,0.0
43064,5.23,0.0
43065,5.235,0.0
43066,5.25,0.0
43067,5.245,0.0
43068,5.24,0.0
43069,5.23,0.0
43070,5.24,0.0
43071,5.265,0.0
43072,5.245,0.0
43073,5.24,0.0
43074,5.245,0.0
43075,5.25,0.0
43076,5.255,0.0
43077,5.24,0.0
43078,5.245,0.0
43079,5.26,0.0
43080,5.245,0.0
43081,5.23,0.0
43082,5.235,0.0
43083,5.24,0.0
43084,5.235,0.0
43085,5.215,0.0
43086,5.215,0.0
43087,5.225,0.0
43088,5.21,0.0
43089,5.205,0.0
43090,5.19,0.0
43091,5.195,0.0
43092,5.195,0.0
43093,5.17,0.0
43094,5.165,0.0
43095,5.16,0.0
43096,5.16,0.0
43097,5.155,0.0
43098,5.145,0.0
43099,5.135,0.0
43100,5.14,0.0
43101,5.135,0.0
43102,5.11,0.0
43103,5.115,0.0
43104,5.12,0.0
43105,5.105,0.0
43106,5.095,0.0
43107,5.09,0.0
43108,5.09,0.0
43109,5.1,0.0
43110,5.08,0.0
43111,5.075,0.0
43112,5.08,0.0
43113,5.085,0.0
43114,5.075,0.0
43115,5.065,0.0
43116,5.07,0.0
43117,5.07,0.0
43118,5.055,0.0
43119,5.05,0.0
43120,5.06,0.0
43121,5.06,0.0
43122,5.055,0.0
43123,5.045,0.0
43124,5.05,0.0
43125,5.06,0.0
43126,5.06,0.0
43127,5.05,0.0
43128,5.04,0.0
43129,5.055,0.0
43130,5.055,0.0
43131,5.035,0.0
43132,5.04,0.0
43133,5.05,0.0
43134,5.05,0.0
43135,5.025,0.0
43136,5.03,0.0
43137,5.035,0.0
43138,5.045,0.0
43139,5.035,0.0
43140,5.03,0.0
43141,5.04,0.0
43142,5.045,0.0
43143,5.035,0.0
43144,5.035,0.0
43145,5.04,0.0
43146,5.055,0.0
43147,5.085,0.0
43148,5.155,0.0
43149,5.52,0.0
43150,5.685,0.0
43151,5.94,0.0
43152,5.55,0.0
43153,5.43,0.0
43154,5.365,0.0
43155,5.265,0.0
43156,5.12,0.0
43157,4.935,0.0
43158,4.725,0.0
43159,4.45,0.0
43160,4.15,0.0
43161,3.9,0.0
43162,3.71,0.0
43163,3.5,0.0
43164,3.215,0.0
43165,2.9,0.0
43166,2.66,0.0
43167,2.52,0.0
43168,2.375,0.0
43169,2.24,0.0
43170,2.17,0.0
43171,2.145,0.0
43172,2.105,0.0
43173,2.08,0.0
43174,2.07,0.0
43175,2.08,0.0
43176,2.09,0.0
43177,2.085,0.0
43178,2.125,0.0
43179,2.22,0.0
43180,2.355,0.0
43181,2.535,0.0
43182,2.78,0.0
43183,3.095,0.0
43184,3.44,0.0
43185,3.8,0.0
43186,4.155,0.0
43187,4.46,0.0
43188,4.745,0.0
43189,4.98,0.0
43190,5.215,0.0
43191,5.455,0.0
43192,5.63,0.0
43193,5.73,0.0
43194,5.8,0.0
43195,5.875,0.0
43196,5.93,0.0
43197,5.97,0.0
43198,6.0,0.0
43199,6.055,0.0
43200,6.075,0.0
43201,6.13,0.0
43202,6.155,0.0
43203,6.19,0.0
43204,6.245,0.0
43205,6.285,0.0
43206,6.315,0.0
43207,6.35,0.0
43208,6.41,0.0
43209,6.45,0.0
43210,6.455,0.0
43211,6.475,0.0
43212,6.525,0.0
43213,6.555,0.0
43214,6.58,0.0
43215,6.615,0.0
43216,6.665,0.0
43217,6.685,0.0
43218,6.7,0.0
43219,6.72,0.0
43220,6.77,0.0
43221,6.79,0.0
43222,6.82,0.0
43223,6.84,0.0
43224,6.885,0.0
43225,6.905,0.0
43226,6.94,0.0
43227,6.915,0.0
43228,6.9,0.0
43229,6.895,0.0
43230,6.87,0.0
43231,6.82,0.0
43232,6.77,0.0
43233,6.715,0.0
43234,6.645,0.0
43235,6.545,0.0
43236,6.45,0.0
43237,6.385,0.0
43238,6.285,0.0
43239,6.18,0.0
43240,6.085,0.0
43241,5.995,0.0
43242,5.91,0.0
43243,5.81,0.0
43244,5.735,0.0
43245,5.67,0.0
43246,5.605,0.0
43247,5.53,0.0
43248,5.47,0.0
43249,5.445,0.0
43250,5.43,0.0
43251,5.37,0.0
43252,5.32,0.0
43253,5.31,0.0
43254,5.295,0.0
43255,5.275,0.0
43256,5.25,0.0
43257,5.24,0.0
43258,5.25,0.0
43259,5.25,0.0
43260,5.23,0.0
43261,5.225,0.0
43262,5.235,0.0
43263,5.235,0.0
43264,5.23,0.0
43265,5.225,0.0
43266,5.24,0.0
43267,5.255,0.0
43268,5.25,0.0
43269,5.24,0.0
43270,5.25,0.0
43271,5.255,0.0
43272,5.25,0.0
43273,5.245,0.0
43274,5.24,0.0
43275,5.25,0.0
43276,5.25,0.0
43277,5.23,0.0
43278,5.235,0.0
43279,5.245,0.0
43280,5.235,0.0
43281,5.225,0.0
43282,5.23,0.0
43283,5.225,0.0
43284,5.225,0.0
43285,5.21,0.0
43286,5.2,0.0
43287,5.205,0.0
43288,5.2,0.0
43289,5.185,0.0
43290,5.17,0.0
43291,5.185,0.0
43292,5.18,0.0
43293,5.165,0.0
43294,5.145,0.0
43295,5.155,0.0
43296,5.155,0.0
43297,5.14,0.0
43298,5.12,0.0
43299,5.13,0.0
43300,5.135,0.0
43301,5.13,0.0
43302,5.11,0.0
43303,5.12,0.0
43304,5.12,0.0
43305,5.115,0.0
43306,5.095,0.0
43307,5.085,0.0
43308,5.1,0.0
43309,5.105,0.0
43310,5.085,0.0
43311,5.085,0.0
43312,5.1,0.0
43313,5.09,0.0
43314,5.07,0.0
43315,5.075,0.0
43316,5.075,0.0
43317,5.07,0.0
43318,5.08,0.0
43319,5.065,0.0
43320,5.065,0.0
43321,5.085,0.0
43322,5.07,0.0
43323,5.05,0.0
43324,5.065,0.0
43325,5.065,0.0
43326,5.075,0.0
43327,5.055,0.0
43328,5.055,0.0
43329,5.065,0.0
43330,5.07,0.0
43331,5.06,0.0
43332,5.055,0.0
43333,5.065,0.0
43334,5.055,0.0
43335,5.05,0.0
43336,5.05,0.0
43337,5.06,0.0
43338,5.065,0.0
43339,5.05,0.0
43340,5.045,0.0
43341,5.06,0.0
43342,5.06,0.0
43343,5.055,0.0
43344,5.055,0.0
43345,5.075,0.0
43346,5.11,0.0
43347,5.205,0.0
43348,5.54,0.0
43349,6.025,0.0
43350,6.12,0.0
43351,5.6,0.0
43352,5.44,0.0
43353,5.37,0.0
43354,5.265,0.0
43355,5.12,0.0
43356,4.9,0.0
43357,4.66,0.0
43358,4.375,0.0
43359,4.055,0.0
43360,3.78,0.0
43361,3.57,0.0
43362,3.37,0.0
43363,3.14,0.0
43364,2.825,0.0
43365,2.625,0.0
43366,2.49,0.0
43367,2.375,0.0
43368,2.24,0.0
43369,2.175,0.0
43370,2.15,0.0
43371,2.13,0.0
43372,2.105,0.0
43373,2.085,0.0
43374,2.095,0.0
43375,2.105,0.0
43376,2.125,0.0
43377,2.145,0.0
43378,2.24,0.0
43379,2.38,0.0
43380,2.56,0.0
43381,2.77,0.0
43382,3.055,0.0
43383,3.37,0.0
43384,3.715,0.0
43385,4.045,0.0
43386,4.365,0.0
43387,4.645,0.0
43388,4.925,0.0
43389,5.15,0.0
43390,5.38,0.0
43391,5.585,0.0
43392,5.73,0.0
43393,5.82,0.0
43394,5.875,0.0
43395,5.945,0.0
43396,5.995,0.0
43397,6.03,0.0
43398,6.05,0.0
43399,6.1,0.0
43400,6.115,0.0
43401,6.19,0.0
43402,6.22,0.0
43403,6.26,0.0
43404,6.3,0.0
43405,6.32,0.0
43406,6.32,0.0
43407,6.34,0.0
43408,6.37,0.0
43409,6.405,0.0
43410,6.415,0.0
43411,6.445,0.0
43412,6.48,0.0
43413,6.505,0.0
43414,6.51,0.0
43415,6.54,0.0
43416,6.585,0.0
43417,6.615,0.0
43418,6.65,0.0
43419,6.685,0.0
43420,6.745,0.0
43421,6.795,0.0
43422,6.82,0.0
43423,6.835,0.0
43424,6.865,0.0
43425,6.885,0.0
43426,6.895,0.0
43427,6.89,0.0
43428,6.9,0.0
43429,6.895,0.0
43430,6.875,0.0
43431,6.835,0.0
43432,6.785,0.0
43433,6.755,0.0
43434,6.705,0.0
43435,6.62,0.0
43436,6.54,0.0
43437,6.47,0.0
43438,6.375,0.0
43439,6.265,0.0
43440,6.175,0.0
43441,6.11,0.0
43442,6.015,0.0
43443,5.925,0.0
43444,5.845,0.0
43445,5.78,0.0
43446,5.725,0.0
43447,5.645,0.0
43448,5.58,0.0
43449,5.545,0.0
43450,5.535,0.0
43451,5.45,0.0
43452,5.405,0.0
43453,5.385,0.0
43454,5.365,0.0
43455,5.35,0.0
43456,5.32,0.0
43457,5.305,0.0
43458,5.305,0.0
43459,5.29,0.0
43460,5.275,0.0
43461,5.27,0.0
43462,5.275,0.0
43463,5.275,0.0
43464,5.265,0.0
43465,5.25,0.0
43466,5.265,0.0
43467,5.275,0.0
43468,5.27,0.0
43469,5.25,0.0
43470,5.27,0.0
43471,5.275,0.0
43472,5.265,0.0
43473,5.26,0.0
43474,5.265,0.0
43475,5.27,0.0
43476,5.28,0.0
43477,5.26,0.0
43478,5.26,0.0
43479,5.265,0.0
43480,5.265,0.0
43481,5.255,0.0
43482,5.25,0.0
43483,5.265,0.0
43484,5.26,0.0
43485,5.24,0.0
43486,5.235,0.0
43487,5.245,0.0
43488,5.245,0.0
43489,5.225,0.0
43490,5.21,0.0
43491,5.215,0.0
43492,5.215,0.0
43493,5.205,0.0
43494,5.19,0.0
43495,5.19,0.0
43496,5.2,0.0
43497,5.18,0.0
43498,5.155,0.0
43499,5.16,0.0
43500,5.165,0.0
43501,5.165,0.0
43502,5.14,0.0
43503,5.14,0.0
43504,5.145,0.0
43505,5.14,0.0
43506,5.12,0.0
43507,5.115,0.0
43508,5.125,0.0
43509,5.13,0.0
43510,5.115,0.0
43511,5.1,0.0
43512,5.115,0.0
43513,5.105,0.0
43514,5.1,0.0
43515,5.09,0.0
43516,5.095,0.0
43517,5.1,0.0
43518,5.09,0.0
43519,5.075,0.0
43520,5.085,0.0
43521,5.09,0.0
43522,5.085,0.0
43523,5.075,0.0
43524,5.08,0.0
43525,5.085,0.0
43526,5.075,0.0
43527,5.06,0.0
43528,5.07,0.0
43529,5.075,0.0
43530,5.075,0.0
43531,5.06,0.0
43532,5.05,0.0
43533,5.065,0.0
43534,5.07,0.0
43535,5.05,0.0
43536,5.045,0.0
43537,5.06,0.0
43538,5.065,0.0
43539,5.055,0.0
43540,5.045,0.0
43541,5.06,0.0
43542,5.065,0.0
43543,5.055,0.0
43544,5.045,0.0
43545,5.055,0.0
43546,5.07,0.0
43547,5.065,0.0
43548,5.05,0.0
43549,5.06,0.0
43550,5.06,0.0
43551,5.07,0.0
43552,5.07,0.0
43553,5.095,0.0
43554,5.165,0.0
43555,5.42,0.0
43556,5.89,0.0
43557,6.065,0.0
43558,5.75,0.0
43559,5.525,0.0
43560,5.47,0.0
43561,5.415,0.0
43562,5.37,0.0
43563,5.3,0.0
43564,5.175,0.0
43565,4.985,0.0
43566,4.745,0.0
43567,4.455,0.0
43568,4.15,0.0
43569,3.805,0.0
43570,3.47,0.0
43571,3.21,0.0
43572,2.95,0.0
43573,2.755,0.0
43574,2.63,0.0
43575,2.59,0.0
43576,2.35,0.0
43577,2.225,0.0
43578,2.19,0.0
43579,2.17,0.0
43580,2.13,0.0
43581,2.095,0.0
43582,2.09,0.0
43583,2.105,0.0
43584,2.11,0.0
43585,2.105,0.0
43586,2.12,0.0
43587,2.175,0.0
43588,2.255,0.0
43589,2.375,0.0
43590,2.54,0.0
43591,2.74,0.0
43592,2.985,0.0
43593,3.285,0.0
43594,3.62,0.0
43595,3.95,0.0
43596,4.26,0.0
43597,4.545,0.0
43598,4.79,0.0
43599,5.03,0.0
43600,5.1,0.0
43601,5.405,0.0
43602,5.565,0.0
43603,5.705,0.0
43604,5.81,0.0
43605,5.88,0.0
43606,5.915,0.0
43607,5.965,0.0
43608,6.025,0.0
43609,6.065,0.0
43610,6.095,0.0
43611,6.125,0.0
43612,6.16,0.0
43613,6.18,0.0
43614,6.19,0.0
43615,6.205,0.0
43616,6.25,0.0
43617,6.26,0.0
43618,6.27,0.0
43619,6.285,0.0
43620,6.31,0.0
43621,6.335,0.0
43622,6.37,0.0
43623,6.385,0.0
43624,6.44,0.0
43625,6.46,0.0
43626,6.54,0.0
43627,6.58,0.0
43628,6.615,0.0
43629,6.675,0.0
43630,6.705,0.0
43631,6.735,0.0
43632,6.78,0.0
43633,6.815,0.0
43634,6.855,0.0
43635,6.86,0.0
43636,6.885,0.0
43637,6.905,0.0
43638,6.915,0.0
43639,6.905,0.0
43640,6.9,0.0
43641,6.9,0.0
43642,6.88,0.0
43643,6.83,0.0
43644,6.785,0.0
43645,6.735,0.0
43646,6.675,0.0
43647,6.595,0.0
43648,6.505,0.0
43649,6.435,0.0
43650,6.41,0.0
43651,6.265,0.0
43652,6.155,0.0
43653,6.085,0.0
43654,6.0,0.0
43655,5.92,0.0
43656,5.82,0.0
43657,5.745,0.0
43658,5.69,0.0
43659,5.63,0.0
43660,5.56,0.0
43661,5.51,0.0
43662,5.475,0.0
43663,5.43,0.0
43664,5.385,0.0
43665,5.345,0.0
43666,5.345,0.0
43667,5.33,0.0
43668,5.305,0.0
43669,5.275,0.0
43670,5.28,0.0
43671,5.275,0.0
43672,5.265,0.0
43673,5.25,0.0
43674,5.26,0.0
43675,5.265,0.0
43676,5.26,0.0
43677,5.245,0.0
43678,5.25,0.0
43679,5.26,0.0
43680,5.265,0.0
43681,5.25,0.0
43682,5.245,0.0
43683,5.255,0.0
43684,5.26,0.0
43685,5.25,0.0
43686,5.25,0.0
43687,5.26,0.0
43688,5.265,0.0
43689,5.26,0.0
43690,5.24,0.0
43691,5.255,0.0
43692,5.25,0.0
43693,5.25,0.0
43694,5.235,0.0
43695,5.245,0.0
43696,5.25,0.0
43697,5.235,0.0
43698,5.205,0.0
43699,5.215,0.0
43700,5.225,0.0
43701,5.21,0.0
43702,5.195,0.0
43703,5.19,0.0
43704,5.195,0.0
43705,5.18,0.0
43706,5.16,0.0
43707,5.16,0.0
43708,5.17,0.0
43709,5.165,0.0
43710,5.15,0.0
43711,5.145,0.0
43712,5.15,0.0
43713,5.145,0.0
43714,5.125,0.0
43715,5.12,0.0
43716,5.125,0.0
43717,5.125,0.0
43718,5.115,0.0
43719,5.1,0.0
43720,5.09,0.0
43721,5.095,0.0
43722,5.095,0.0
43723,5.08,0.0
43724,5.09,0.0
43725,5.1,0.0
43726,5.095,0.0
43727,5.065,0.0
43728,5.07,0.0
43729,5.08,0.0
43730,5.085,0.0
43731,5.065,0.0
43732,5.04,0.0
43733,5.065,0.0
43734,5.07,0.0
43735,5.055,0.0
43736,5.045,0.0
43737,5.06,0.0
43738,5.055,0.0
43739,5.04,0.0
43740,5.04,0.0
43741,5.055,0.0
43742,5.06,0.0
43743,5.04,0.0
43744,5.04,0.0
43745,5.045,0.0
43746,5.055,0.0
43747,5.045,0.0
43748,5.035,0.0
43749,5.04,0.0
43750,5.05,0.0
43751,5.045,0.0
43752,5.035,0.0
43753,5.045,0.0
43754,5.05,0.0
43755,5.055,0.0
43756,5.035,0.0
43757,5.03,0.0
43758,5.045,0.0
43759,5.05,0.0
43760,5.045,0.0
43761,5.05,0.0
43762,5.075,0.0
43763,5.12,0.0
43764,5.315,0.0
43765,5.78,0.0
43766,5.99,0.0
43767,5.68,0.0
43768,5.485,0.0
43769,5.395,0.0
43770,5.335,0.0
43771,5.24,0.0
43772,5.09,0.0
43773,4.895,0.0
43774,4.655,0.0
43775,4.575,0.0
43776,4.09,0.0
43777,3.85,0.0
43778,3.65,0.0
43779,3.445,0.0
43780,3.2,0.0
43781,2.895,0.0
43782,2.66,0.0
43783,2.515,0.0
43784,2.39,0.0
43785,2.26,0.0
43786,2.18,0.0
43787,2.145,0.0
43788,2.12,0.0
43789,2.09,0.0
43790,2.07,0.0
43791,2.075,0.0
43792,2.08,0.0
43793,2.085,0.0
43794,2.1,0.0
43795,2.16,0.0
43796,2.255,0.0
43797,2.38,0.0
43798,2.565,0.0
43799,2.795,0.0
43800,2.875,0.0
43801,3.38,0.0
43802,3.7,0.0
43803,4.04,0.0
43804,4.33,0.0
43805,4.61,0.0
43806,4.88,0.0
43807,5.12,0.0
43808,5.38,0.0
43809,5.585,0.0
43810,5.735,0.0
43811,5.825,0.0
43812,5.895,0.0
43813,5.94,0.0
43814,5.955,0.0
43815,6.0,0.0
43816,6.055,0.0
43817,6.075,0.0
43818,6.09,0.0
43819,6.105,0.0
43820,6.125,0.0
43821,6.15,0.0
43822,6.16,0.0
43823,6.18,0.0
43824,6.215,0.0
43825,6.225,0.0
43826,6.305,0.0
43827,6.33,0.0
43828,6.37,0.0
43829,6.41,0.0
43830,6.455,0.0
43831,6.475,0.0
43832,6.515,0.0
43833,6.565,0.0
43834,6.59,0.0
43835,6.63,0.0
43836,6.67,0.0
43837,6.71,0.0
43838,6.745,0.0
43839,6.75,0.0
43840,6.785,0.0
43841,6.825,0.0
43842,6.855,0.0
43843,6.865,0.0
43844,6.875,0.0
43845,6.91,0.0
43846,6.915,0.0
43847,6.9,0.0
43848,6.89,0.0
43849,6.885,0.0
43850,6.88,0.0
43851,6.825,0.0
43852,6.765,0.0
43853,6.715,0.0
43854,6.655,0.0
43855,6.575,0.0
43856,6.485,0.0
43857,6.4,0.0
43858,6.33,0.0
43859,6.235,0.0
43860,6.13,0.0
43861,6.03,0.0
43862,5.96,0.0
43863,5.865,0.0
43864,5.78,0.0
43865,5.695,0.0
43866,5.64,0.0
43867,5.585,0.0
43868,5.515,0.0
43869,5.47,0.0
43870,5.44,0.0
43871,5.41,0.0
43872,5.365,0.0
43873,5.34,0.0
43874,5.31,0.0
43875,5.315,0.0
43876,5.285,0.0
43877,5.265,0.0
43878,5.255,0.0
43879,5.25,0.0
43880,5.24,0.0
43881,5.225,0.0
43882,5.22,0.0
43883,5.235,0.0
43884,5.23,0.0
43885,5.22,0.0
43886,5.21,0.0
43887,5.23,0.0
43888,5.235,0.0
43889,5.225,0.0
43890,5.215,0.0
43891,5.215,0.0
43892,5.235,0.0
43893,5.225,0.0
43894,5.21,0.0
43895,5.23,0.0
43896,5.24,0.0
43897,5.22,0.0
43898,5.205,0.0
43899,5.21,0.0
43900,5.215,0.0
43901,5.215,0.0
43902,5.195,0.0
43903,5.19,0.0
43904,5.2,0.0
43905,5.2,0.0
43906,5.175,0.0
43907,5.18,0.0
43908,5.175,0.0
43909,5.175,0.0
43910,5.165,0.0
43911,5.155,0.0
43912,5.155,0.0
43913,5.15,0.0
43914,5.13,0.0
43915,5.125,0.0
43916,5.125,0.0
43917,5.125,0.0
43918,5.105,0.0
43919,5.095,0.0
43920,5.105,0.0
43921,5.105,0.0
43922,5.1,0.0
43923,5.08,0.0
43924,5.075,0.0
43925,5.08,0.0
43926,5.07,0.0
43927,5.045,0.0
43928,5.045,0.0
43929,5.06,0.0
43930,5.055,0.0
43931,5.045,0.0
43932,5.035,0.0
43933,5.05,0.0
43934,5.05,0.0
43935,5.03,0.0
43936,5.025,0.0
43937,5.04,0.0
43938,5.03,0.0
43939,5.015,0.0
43940,5.01,0.0
43941,5.02,0.0
43942,5.025,0.0
43943,5.02,0.0
43944,5.0,0.0
43945,5.01,0.0
43946,5.01,0.0
43947,5.005,0.0
43948,4.995,0.0
43949,5.0,0.0
43950,5.01,0.0
43951,5.0,0.0
43952,4.995,0.0
43953,5.0,0.0
43954,5.005,0.0
43955,5.015,0.0
43956,4.995,0.0
43957,4.99,0.0
43958,5.005,0.0
43959,5.01,0.0
43960,4.985,0.0
43961,4.98,0.0
43962,4.99,0.0
43963,5.0,0.0
43964,4.99,0.0
43965,4.99,0.0
43966,5.0,0.0
43967,5.005,0.0
43968,5.0,0.0
43969,4.99,0.0
43970,5.005,0.0
43971,5.03,0.0
43972,5.075,0.0
43973,5.22,0.0
43974,5.695,0.0
43975,5.87,0.0
43976,5.86,0.0
43977,5.515,0.0
43978,5.395,0.0
43979,5.33,0.0
43980,5.245,0.0
43981,5.1,0.0
43982,4.915,0.0
43983,4.68,0.0
43984,4.4,0.0
43985,4.075,0.0
43986,3.785,0.0
43987,3.555,0.0
43988,3.35,0.0
43989,3.11,0.0
43990,2.83,0.0
43991,2.595,0.0
43992,2.47,0.0
43993,2.345,0.0
43994,2.22,0.0
43995,2.15,0.0
43996,2.105,0.0
43997,2.07,0.0
43998,2.04,0.0
43999,2.035,0.0
44000,2.04,0.0
44001,2.04,0.0
44002,2.025,0.0
44003,2.065,0.0
44004,2.11,0.0
44005,2.19,0.0
44006,2.3,0.0
44007,2.48,0.0
44008,2.7,0.0
44009,2.945,0.0
44010,3.245,0.0
44011,3.575,0.0
44012,3.93,0.0
44013,4.24,0.0
44014,4.52,0.0
44015,4.77,0.0
44016,5.02,0.0
44017,5.235,0.0
44018,5.43,0.0
44019,5.585,0.0
44020,5.69,0.0
44021,5.765,0.0
44022,5.79,0.0
44023,5.82,0.0
44024,5.86,0.0
44025,5.88,0.0
44026,5.925,0.0
44027,5.96,0.0
44028,6.025,0.0
44029,6.07,0.0
44030,6.085,0.0
44031,6.09,0.0
44032,6.125,0.0
44033,6.155,0.0
44034,6.185,0.0
44035,6.185,0.0
44036,6.225,0.0
44037,6.265,0.0
44038,6.305,0.0
44039,6.315,0.0
44040,6.35,0.0
44041,6.405,0.0
44042,6.43,0.0
44043,6.455,0.0
44044,6.48,0.0
44045,6.53,0.0
44046,6.575,0.0
44047,6.59,0.0
44048,6.61,0.0
44049,6.66,0.0
44050,6.675,0.0
44051,6.72,0.0
44052,6.725,0.0
44053,6.765,0.0
44054,6.8,0.0
44055,6.81,0.0
44056,6.81,0.0
44057,6.81,0.0
44058,6.815,0.0
44059,6.8,0.0
44060,6.775,0.0
44061,6.745,0.0
44062,6.705,0.0
44063,6.65,0.0
44064,6.58,0.0
44065,6.515,0.0
44066,6.46,0.0
44067,6.37,0.0
44068,6.285,0.0
44069,6.19,0.0
44070,6.115,0.0
44071,6.04,0.0
44072,5.945,0.0
44073,5.85,0.0
44074,5.79,0.0
44075,5.77,0.0
44076,5.665,0.0
44077,5.595,0.0
44078,5.54,0.0
44079,5.5,0.0
44080,5.455,0.0
44081,5.39,0.0
44082,5.37,0.0
44083,5.345,0.0
44084,5.32,0.0
44085,5.275,0.0
44086,5.265,0.0
44087,5.255,0.0
44088,5.24,0.0
44089,5.205,0.0
44090,5.195,0.0
44091,5.2,0.0
44092,5.2,0.0
44093,5.19,0.0
44094,5.17,0.0
44095,5.17,0.0
44096,5.175,0.0
44097,5.175,0.0
44098,5.155,0.0
44099,5.165,0.0
44100,5.18,0.0
44101,5.17,0.0
44102,5.155,0.0
44103,5.165,0.0
44104,5.175,0.0
44105,5.165,0.0
44106,5.155,0.0
44107,5.145,0.0
44108,5.165,0.0
44109,5.17,0.0
44110,5.15,0.0
44111,5.16,0.0
44112,5.17,0.0
44113,5.155,0.0
44114,5.145,0.0
44115,5.14,0.0
44116,5.17,0.0
44117,5.16,0.0
44118,5.145,0.0
44119,5.12,0.0
44120,5.145,0.0
44121,5.13,0.0
44122,5.13,0.0
44123,5.115,0.0
44124,5.12,0.0
44125,5.125,0.0
44126,5.125,0.0
44127,5.095,0.0
44128,5.105,0.0
44129,5.11,0.0
44130,5.1,0.0
44131,5.095,0.0
44132,5.09,0.0
44133,5.085,0.0
44134,5.085,0.0
44135,5.075,0.0
44136,5.065,0.0
44137,5.075,0.0
44138,5.07,0.0
44139,5.05,0.0
44140,5.045,0.0
44141,5.055,0.0
44142,5.06,0.0
44143,5.05,0.0
44144,5.025,0.0
44145,5.025,0.0
44146,5.055,0.0
44147,5.035,0.0
44148,5.02,0.0
44149,5.02,0.0
44150,5.03,0.0
44151,5.025,0.0
44152,5.01,0.0
44153,5.02,0.0
44154,5.02,0.0
44155,5.015,0.0
44156,5.0,0.0
44157,5.005,0.0
44158,5.025,0.0
44159,5.025,0.0
44160,5.01,0.0
44161,5.01,0.0
44162,5.01,0.0
44163,5.015,0.0
44164,5.005,0.0
44165,5.0,0.0
44166,5.01,0.0
44167,5.02,0.0
44168,5.01,0.0
44169,4.995,0.0
44170,5.0,0.0
44171,5.01,0.0
44172,5.0,0.0
44173,4.995,0.0
44174,5.0,0.0
44175,5.01,0.0
44176,5.01,0.0
44177,5.0,0.0
44178,4.995,0.0
44179,5.005,0.0
44180,5.01,0.0
44181,4.99,0.0
44182,4.995,0.0
44183,5.005,0.0
44184,5.01,0.0
44185,5.01,0.0
44186,5.01,0.0
44187,5.025,0.0
44188,5.035,0.0
44189,5.035,0.0
44190,5.105,0.0
44191,5.345,0.0
44192,5.86,0.0
44193,6.04,0.0
44194,5.72,0.0
44195,5.505,0.0
44196,5.465,0.0
44197,5.41,0.0
44198,5.355,0.0
44199,5.315,0.0
44200,5.295,0.0
44201,5.075,0.0
44202,4.85,0.0
44203,4.58,0.0
44204,4.285,0.0
44205,3.95,0.0
44206,3.62,0.0
44207,3.335,0.0
44208,3.1,0.0
44209,2.89,0.0
44210,2.74,0.0
44211,2.615,0.0
44212,2.475,0.0
44213,2.335,0.0
44214,2.23,0.0
44215,2.165,0.0
44216,2.135,0.0
44217,2.12,0.0
44218,2.09,0.0
44219,2.06,0.0
44220,2.065,0.0
44221,2.08,0.0
44222,2.07,0.0
44223,2.065,0.0
44224,2.105,0.0
44225,2.125,0.0
44226,2.285,0.0
44227,2.41,0.0
44228,2.585,0.0
44229,2.79,0.0
44230,3.025,0.0
44231,3.31,0.0
44232,3.625,0.0
44233,3.925,0.0
44234,4.22,0.0
44235,4.475,0.0
44236,4.735,0.0
44237,4.95,0.0
44238,5.15,0.0
44239,5.315,0.0
44240,5.495,0.0
44241,5.635,0.0
44242,5.73,0.0
44243,5.805,0.0
44244,5.855,0.0
44245,5.89,0.0
44246,5.94,0.0
44247,5.965,0.0
44248,5.985,0.0
44249,6.025,0.0
44250,6.04,0.0
44251,6.095,0.0
44252,6.105,0.0
44253,6.14,0.0
44254,6.17,0.0
44255,6.195,0.0
44256,6.215,0.0
44257,6.235,0.0
44258,6.28,0.0
44259,6.31,0.0
44260,6.325,0.0
44261,6.355,0.0
44262,6.4,0.0
44263,6.435,0.0
44264,6.455,0.0
44265,6.5,0.0
44266,6.555,0.0
44267,6.6,0.0
44268,6.64,0.0
44269,6.675,0.0
44270,6.73,0.0
44271,6.775,0.0
44272,6.805,0.0
44273,6.835,0.0
44274,6.875,0.0
44275,6.89,0.0
44276,6.92,0.0
44277,6.925,0.0
44278,6.935,0.0
44279,6.945,0.0
44280,6.93,0.0
44281,6.89,0.0
44282,6.865,0.0
44283,6.835,0.0
44284,6.775,0.0
44285,6.715,0.0
44286,6.64,0.0
44287,6.58,0.0
44288,6.475,0.0
44289,6.375,0.0
44290,6.28,0.0
44291,6.205,0.0
44292,6.115,0.0
44293,6.02,0.0
44294,5.925,0.0
44295,5.855,0.0
44296,5.785,0.0
44297,5.7,0.0
44298,5.63,0.0
44299,5.59,0.0
44300,5.57,0.0
44301,5.485,0.0
44302,5.425,0.0
44303,5.4,0.0
44304,5.38,0.0
44305,5.345,0.0
44306,5.315,0.0
44307,5.295,0.0
44308,5.28,0.0
44309,5.275,0.0
44310,5.245,0.0
44311,5.235,0.0
44312,5.24,0.0
44313,5.25,0.0
44314,5.23,0.0
44315,5.22,0.0
44316,5.23,0.0
44317,5.225,0.0
44318,5.225,0.0
44319,5.215,0.0
44320,5.225,0.0
44321,5.23,0.0
44322,5.225,0.0
44323,5.225,0.0
44324,5.23,0.0
44325,5.235,0.0
44326,5.225,0.0
44327,5.225,0.0
44328,5.21,0.0
44329,5.23,0.0
44330,5.235,0.0
44331,5.215,0.0
44332,5.22,0.0
44333,5.215,0.0
44334,5.215,0.0
44335,5.2,0.0
44336,5.205,0.0
44337,5.21,0.0
44338,5.205,0.0
44339,5.19,0.0
44340,5.17,0.0
44341,5.175,0.0
44342,5.175,0.0
44343,5.16,0.0
44344,5.15,0.0
44345,5.14,0.0
44346,5.15,0.0
44347,5.135,0.0
44348,5.12,0.0
44349,5.12,0.0
44350,5.12,0.0
44351,5.115,0.0
44352,5.1,0.0
44353,5.105,0.0
44354,5.105,0.0
44355,5.105,0.0
44356,5.08,0.0
44357,5.07,0.0
44358,5.095,0.0
44359,5.09,0.0
44360,5.055,0.0
44361,5.055,0.0
44362,5.07,0.0
44363,5.06,0.0
44364,5.04,0.0
44365,5.045,0.0
44366,5.055,0.0
44367,5.065,0.0
44368,5.05,0.0
44369,5.04,0.0
44370,5.04,0.0
44371,5.05,0.0
44372,5.035,0.0
44373,5.03,0.0
44374,5.045,0.0
44375,5.05,0.0
44376,5.04,0.0
44377,5.025,0.0
44378,5.025,0.0
44379,5.04,0.0
44380,5.035,0.0
44381,5.015,0.0
44382,5.02,0.0
44383,5.025,0.0
44384,5.03,0.0
44385,5.015,0.0
44386,5.015,0.0
44387,5.03,0.0
44388,5.035,0.0
44389,5.005,0.0
44390,5.015,0.0
44391,5.03,0.0
44392,5.03,0.0
44393,5.01,0.0
44394,5.01,0.0
44395,5.02,0.0
44396,5.03,0.0
44397,5.035,0.0
44398,5.03,0.0
44399,5.055,0.0
44400,5.075,0.0
44401,5.415,0.0
44402,5.81,0.0
44403,5.79,0.0
44404,5.52,0.0
44405,5.41,0.0
44406,5.35,0.0
44407,5.31,0.0
44408,5.245,0.0
44409,5.145,0.0
44410,4.96,0.0
44411,4.725,0.0
44412,4.44,0.0
44413,4.115,0.0
44414,3.77,0.0
44415,3.425,0.0
44416,3.16,0.0
44417,2.95,0.0
44418,2.745,0.0
44419,2.615,0.0
44420,2.49,0.0
44421,2.35,0.0
44422,2.235,0.0
44423,2.17,0.0
44424,2.13,0.0
44425,2.125,0.0
44426,2.07,0.0
44427,2.045,0.0
44428,2.04,0.0
44429,2.055,0.0
44430,2.06,0.0
44431,2.065,0.0
44432,2.095,0.0
44433,2.145,0.0
44434,2.235,0.0
44435,2.37,0.0
44436,2.555,0.0
44437,2.805,0.0
44438,3.14,0.0
44439,3.49,0.0
44440,3.825,0.0
44441,4.18,0.0
44442,4.485,0.0
44443,4.75,0.0
44444,4.995,0.0
44445,5.215,0.0
44446,5.43,0.0
44447,5.595,0.0
44448,5.71,0.0
44449,5.81,0.0
44450,5.835,0.0
44451,5.9,0.0
44452,5.925,0.0
44453,5.97,0.0
44454,6.02,0.0
44455,6.055,0.0
44456,6.065,0.0
44457,6.095,0.0
44458,6.14,0.0
44459,6.17,0.0
44460,6.19,0.0
44461,6.225,0.0
44462,6.265,0.0
44463,6.31,0.0
44464,6.33,0.0
44465,6.36,0.0
44466,6.405,0.0
44467,6.46,0.0
44468,6.495,0.0
44469,6.535,0.0
44470,6.595,0.0
44471,6.655,0.0
44472,6.695,0.0
44473,6.73,0.0
44474,6.795,0.0
44475,6.81,0.0
44476,6.865,0.0
44477,6.89,0.0
44478,6.935,0.0
44479,6.98,0.0
44480,7.005,0.0
44481,7.015,0.0
44482,7.025,0.0
44483,7.025,0.0
44484,7.02,0.0
44485,6.99,0.0
44486,6.945,0.0
44487,6.915,0.0
44488,6.855,0.0
44489,6.765,0.0
44490,6.675,0.0
44491,6.585,0.0
44492,6.495,0.0
44493,6.38,0.0
44494,6.275,0.0
44495,6.18,0.0
44496,6.075,0.0
44497,5.97,0.0
44498,5.88,0.0
44499,5.79,0.0
44500,5.77,0.0
44501,5.655,0.0
44502,5.565,0.0
44503,5.515,0.0
44504,5.475,0.0
44505,5.42,0.0
44506,5.37,0.0
44507,5.35,0.0
44508,5.325,0.0
44509,5.31,0.0
44510,5.265,0.0
44511,5.25,0.0
44512,5.26,0.0
44513,5.24,0.0
44514,5.22,0.0
44515,5.205,0.0
44516,5.225,0.0
44517,5.215,0.0
44518,5.22,0.0
44519,5.19,0.0
44520,5.2,0.0
44521,5.2,0.0
44522,5.2,0.0
44523,5.19,0.0
44524,5.19,0.0
44525,5.19,0.0
44526,5.2,0.0
44527,5.185,0.0
44528,5.19,0.0
44529,5.195,0.0
44530,5.205,0.0
44531,5.195,0.0
44532,5.185,0.0
44533,5.19,0.0
44534,5.195,0.0
44535,5.175,0.0
44536,5.17,0.0
44537,5.175,0.0
44538,5.175,0.0
44539,5.165,0.0
44540,5.16,0.0
44541,5.16,0.0
44542,5.16,0.0
44543,5.135,0.0
44544,5.125,0.0
44545,5.13,0.0
44546,5.14,0.0
44547,5.115,0.0
44548,5.09,0.0
44549,5.1,0.0
44550,5.095,0.0
44551,5.1,0.0
44552,5.08,0.0
44553,5.085,0.0
44554,5.08,0.0
44555,5.08,0.0
44556,5.065,0.0
44557,5.06,0.0
44558,5.065,0.0
44559,5.055,0.0
44560,5.05,0.0
44561,5.05,0.0
44562,5.055,0.0
44563,5.06,0.0
44564,5.04,0.0
44565,5.03,0.0
44566,5.03,0.0
44567,5.045,0.0
44568,5.025,0.0
44569,5.015,0.0
44570,5.03,0.0
44571,5.035,0.0
44572,5.025,0.0
44573,5.01,0.0
44574,5.02,0.0
44575,5.03,0.0
44576,5.02,0.0
44577,5.005,0.0
44578,5.0,0.0
44579,5.01,0.0
44580,5.02,0.0
44581,5.01,0.0
44582,5.0,0.0
44583,5.01,0.0
44584,5.015,0.0
44585,5.005,0.0
44586,5.0,0.0
44587,5.01,0.0
44588,5.015,0.0
44589,4.99,0.0
44590,5.0,0.0
44591,5.005,0.0
44592,5.005,0.0
44593,5.015,0.0
44594,5.0,0.0
44595,5.02,0.0
44596,5.02,0.0
44597,5.03,0.0
44598,5.065,0.0
44599,5.25,0.0
44600,5.345,0.0
44601,6.02,0.0
44602,5.78,0.0
44603,5.51,0.0
44604,5.435,0.0
44605,5.375,0.0
44606,5.305,0.0
44607,5.23,0.0
44608,5.125,0.0
44609,4.935,0.0
44610,4.66,0.0
44611,4.345,0.0
44612,4.03,0.0
44613,3.68,0.0
44614,3.335,0.0
44615,3.06,0.0
44616,2.84,0.0
44617,2.68,0.0
44618,2.535,0.0
44619,2.385,0.0
44620,2.255,0.0
44621,2.185,0.0
44622,2.135,0.0
44623,2.085,0.0
44624,2.07,0.0
44625,2.06,0.0
44626,2.05,0.0
44627,2.035,0.0
44628,2.05,0.0
44629,2.075,0.0
44630,2.1,0.0
44631,2.175,0.0
44632,2.305,0.0
44633,2.495,0.0
44634,2.685,0.0
44635,2.92,0.0
44636,3.235,0.0
44637,3.56,0.0
44638,3.89,0.0
44639,4.185,0.0
44640,4.485,0.0
44641,4.765,0.0
44642,5.005,0.0
44643,5.205,0.0
44644,5.395,0.0
44645,5.59,0.0
44646,5.71,0.0
44647,5.77,0.0
44648,5.82,0.0
44649,5.865,0.0
44650,5.89,0.0
44651,5.96,0.0
44652,5.99,0.0
44653,6.035,0.0
44654,6.08,0.0
44655,6.105,0.0
44656,6.135,0.0
44657,6.18,0.0
44658,6.22,0.0
44659,6.26,0.0
44660,6.28,0.0
44661,6.325,0.0
44662,6.39,0.0
44663,6.42,0.0
44664,6.46,0.0
44665,6.505,0.0
44666,6.555,0.0
44667,6.605,0.0
44668,6.64,0.0
44669,6.675,0.0
44670,6.73,0.0
44671,6.785,0.0
44672,6.81,0.0
44673,6.835,0.0
44674,6.88,0.0
44675,6.9,0.0
44676,6.93,0.0
44677,6.93,0.0
44678,6.935,0.0
44679,6.95,0.0
44680,6.92,0.0
44681,6.88,0.0
44682,6.83,0.0
44683,6.79,0.0
44684,6.73,0.0
44685,6.645,0.0
44686,6.56,0.0
44687,6.49,0.0
44688,6.395,0.0
44689,6.275,0.0
44690,6.18,0.0
44691,6.1,0.0
44692,6.01,0.0
44693,5.915,0.0
44694,5.825,0.0
44695,5.75,0.0
44696,5.685,0.0
44697,5.61,0.0
44698,5.54,0.0
44699,5.495,0.0
44700,5.48,0.0
44701,5.41,0.0
44702,5.375,0.0
44703,5.335,0.0
44704,5.325,0.0
44705,5.305,0.0
44706,5.275,0.0
44707,5.255,0.0
44708,5.25,0.0
44709,5.245,0.0
44710,5.22,0.0
44711,5.21,0.0
44712,5.22,0.0
44713,5.22,0.0
44714,5.205,0.0
44715,5.195,0.0
44716,5.205,0.0
44717,5.215,0.0
44718,5.195,0.0
44719,5.185,0.0
44720,5.2,0.0
44721,5.215,0.0
44722,5.2,0.0
44723,5.19,0.0
44724,5.19,0.0
44725,5.2,0.0
44726,5.2,0.0
44727,5.19,0.0
44728,5.2,0.0
44729,5.21,0.0
44730,5.205,0.0
44731,5.19,0.0
44732,5.19,0.0
44733,5.2,0.0
44734,5.19,0.0
44735,5.18,0.0
44736,5.175,0.0
44737,5.185,0.0
44738,5.175,0.0
44739,5.165,0.0
44740,5.15,0.0
44741,5.165,0.0
44742,5.165,0.0
44743,5.145,0.0
44744,5.15,0.0
44745,5.145,0.0
44746,5.14,0.0
44747,5.13,0.0
44748,5.12,0.0
44749,5.12,0.0
44750,5.125,0.0
44751,5.115,0.0
44752,5.1,0.0
44753,5.1,0.0
44754,5.105,0.0
44755,5.105,0.0
44756,5.08,0.0
44757,5.08,0.0
44758,5.08,0.0
44759,5.085,0.0
44760,5.07,0.0
44761,5.07,0.0
44762,5.07,0.0
44763,5.08,0.0
44764,5.055,0.0
44765,5.055,0.0
44766,5.065,0.0
44767,5.075,0.0
44768,5.06,0.0
44769,5.045,0.0
44770,5.045,0.0
44771,5.06,0.0
44772,5.05,0.0
44773,5.04,0.0
44774,5.045,0.0
44775,5.055,0.0
44776,5.05,0.0
44777,5.035,0.0
44778,5.05,0.0
44779,5.055,0.0
44780,5.045,0.0
44781,5.035,0.0
44782,5.035,0.0
44783,5.045,0.0
44784,5.055,0.0
44785,5.035,0.0
44786,5.035,0.0
44787,5.045,0.0
44788,5.05,0.0
44789,5.04,0.0
44790,5.03,0.0
44791,5.035,0.0
44792,5.045,0.0
44793,5.05,0.0
44794,5.035,0.0
44795,5.035,0.0
44796,5.06,0.0
44797,5.055,0.0
44798,5.065,0.0
44799,5.14,0.0
44800,5.175,0.0
44801,5.85,0.0
44802,5.985,0.0
44803,5.675,0.0
44804,5.525,0.0
44805,5.475,0.0
44806,5.43,0.0
44807,5.4,0.0
44808,5.355,0.0
44809,5.24,0.0
44810,5.025,0.0
44811,4.755,0.0
44812,4.44,0.0
44813,4.1,0.0
44814,3.745,0.0
44815,3.43,0.0
44816,3.185,0.0
44817,2.975,0.0
44818,2.8,0.0
44819,2.63,0.0
44820,2.46,0.0
44821,2.32,0.0
44822,2.23,0.0
44823,2.18,0.0
44824,2.145,0.0
44825,2.14,0.0
44826,2.095,0.0
44827,2.08,0.0
44828,2.075,0.0
44829,2.105,0.0
44830,2.125,0.0
44831,2.175,0.0
44832,2.29,0.0
44833,2.485,0.0
44834,2.675,0.0
44835,2.87,0.0
44836,3.12,0.0
44837,3.425,0.0
44838,3.725,0.0
44839,4.0,0.0
44840,4.3,0.0
44841,4.59,0.0
44842,4.84,0.0
44843,5.045,0.0
44844,5.245,0.0
44845,5.435,0.0
44846,5.605,0.0
44847,5.695,0.0
44848,5.755,0.0
44849,5.815,0.0
44850,5.835,0.0
44851,5.91,0.0
44852,5.945,0.0
44853,5.98,0.0
44854,6.035,0.0
44855,6.08,0.0
44856,6.105,0.0
44857,6.135,0.0
44858,6.205,0.0
44859,6.245,0.0
44860,6.275,0.0
44861,6.33,0.0
44862,6.395,0.0
44863,6.445,0.0
44864,6.48,0.0
44865,6.535,0.0
44866,6.605,0.0
44867,6.645,0.0
44868,6.685,0.0
44869,6.74,0.0
44870,6.795,0.0
44871,6.835,0.0
44872,6.88,0.0
44873,6.905,0.0
44874,6.96,0.0
44875,6.975,0.0
44876,7.025,0.0
44877,7.02,0.0
44878,7.03,0.0
44879,7.035,0.0
44880,7.02,0.0
44881,6.965,0.0
44882,6.93,0.0
44883,6.875,0.0
44884,6.82,0.0
44885,6.735,0.0
44886,6.655,0.0
44887,6.58,0.0
44888,6.49,0.0
44889,6.4,0.0
44890,6.3,0.0
44891,6.21,0.0
44892,6.125,0.0
44893,6.015,0.0
44894,5.935,0.0
44895,5.86,0.0
44896,5.785,0.0
44897,5.71,0.0
44898,5.65,0.0
44899,5.595,0.0
44900,5.575,0.0
44901,5.495,0.0
44902,5.45,0.0
44903,5.415,0.0
44904,5.39,0.0
44905,5.36,0.0
44906,5.325,0.0
44907,5.3,0.0
44908,5.305,0.0
44909,5.3,0.0
44910,5.27,0.0
44911,5.25,0.0
44912,5.26,0.0
44913,5.25,0.0
44914,5.245,0.0
44915,5.225,0.0
44916,5.235,0.0
44917,5.245,0.0
44918,5.235,0.0
44919,5.225,0.0
44920,5.235,0.0
44921,5.235,0.0
44922,5.225,0.0
44923,5.215,0.0
44924,5.23,0.0
44925,5.235,0.0
44926,5.245,0.0
44927,5.225,0.0
44928,5.23,0.0
44929,5.245,0.0
44930,5.25,0.0
44931,5.23,0.0
44932,5.225,0.0
44933,5.245,0.0
44934,5.245,0.0
44935,5.225,0.0
44936,5.22,0.0
44937,5.225,0.0
44938,5.23,0.0
44939,5.215,0.0
44940,5.2,0.0
44941,5.215,0.0
44942,5.205,0.0
44943,5.195,0.0
44944,5.18,0.0
44945,5.175,0.0
44946,5.175,0.0
44947,5.175,0.0
44948,5.15,0.0
44949,5.16,0.0
44950,5.16,0.0
44951,5.15,0.0
44952,5.135,0.0
44953,5.13,0.0
44954,5.135,0.0
44955,5.135,0.0
44956,5.115,0.0
44957,5.11,0.0
44958,5.12,0.0
44959,5.11,0.0
44960,5.1,0.0
44961,5.095,0.0
44962,5.1,0.0
44963,5.11,0.0
44964,5.095,0.0
44965,5.08,0.0
44966,5.085,0.0
44967,5.085,0.0
44968,5.085,0.0
44969,5.065,0.0
44970,5.07,0.0
44971,5.085,0.0
44972,5.07,0.0
44973,5.055,0.0
44974,5.07,0.0
44975,5.075,0.0
44976,5.075,0.0
44977,5.06,0.0
44978,5.055,0.0
44979,5.07,0.0
44980,5.055,0.0
44981,5.05,0.0
44982,5.06,0.0
44983,5.065,0.0
44984,5.07,0.0
44985,5.06,0.0
44986,5.055,0.0
44987,5.06,0.0
44988,5.065,0.0
44989,5.05,0.0
44990,5.04,0.0
44991,5.065,0.0
44992,5.07,0.0
44993,5.05,0.0
44994,5.045,0.0
44995,5.07,0.0
44996,5.07,0.0
44997,5.085,0.0
44998,5.085,0.0
44999,5.115,0.0
