,ts,label
0,1.0776571201499825,0.0
1,1.0774468276640208,0.0
2,1.0885086939496131,0.0
3,1.0791102096531076,0.0
4,1.0641340715400769,0.0
5,1.046130685391971,0.0
6,1.0162225538760792,0.0
7,0.9941157864709096,0.0
8,0.9885371415543978,0.0
9,0.9702056208327816,0.0
10,0.9919818490411534,0.0
11,1.0248342365656091,0.0
12,1.07036602981598,0.0
13,1.1407154905743415,0.0
14,1.20424655850288,0.0
15,1.2289102030126255,0.0
16,1.2451233408967026,0.0
17,1.2295355237566072,0.0
18,1.203890867819029,0.0
19,1.1766870089403665,0.0
20,1.1331966943399512,0.0
21,1.1186225103492466,0.0
22,1.0899414105023468,0.0
23,1.0791063525510294,0.0
24,1.07182045960416,0.0
25,1.0857711128444287,0.0
26,1.1040551931983589,0.0
27,1.1343534133562796,0.0
28,1.154602323777064,0.0
29,1.1568213427357348,0.0
30,1.1445165587967432,0.0
31,1.1005853480249854,0.0
32,1.0364077972800907,0.0
33,0.9757122397847182,0.0
34,0.914275628296588,0.0
35,0.8528602749220162,0.0
36,0.8124514289133636,0.0
37,0.7916823975156102,0.0
38,0.7689574826426073,0.0
39,0.7570508109471173,0.0
40,0.7492019157674044,0.0
41,0.7628167159836088,0.0
42,0.7638963324272408,0.0
43,0.786697675740638,0.0
44,0.7846749253179547,0.0
45,0.7730654884115177,0.0
46,0.7458569736502275,0.0
47,0.743919210993179,0.0
48,0.7200750645816862,0.0
49,0.7049469411376006,0.0
50,0.7341491959889159,0.0
51,0.7823241158696274,0.0
52,0.8386672470389754,0.0
53,0.9147063518212728,0.0
54,0.9966334031565648,0.0
55,1.088697046984594,0.0
56,1.1416386085104722,0.0
57,1.208195596978909,0.0
58,1.2672011830836365,0.0
59,1.3053433438119135,0.0
60,1.3551106758355351,0.0
61,1.3976683619956487,0.0
62,1.4481231945868758,0.0
63,1.464176286227934,0.0
64,1.4934092392185327,0.0
65,1.524294247625468,0.0
66,1.5505948646268324,0.0
67,1.5623826472861515,0.0
68,1.5839118484043024,0.0
69,1.6090867113442324,0.0
70,1.6216527678056458,0.0
71,1.6349868549642232,0.0
72,1.6009730701822356,0.0
73,1.5438949850038546,0.0
74,1.4702420566818977,0.0
75,1.369521576865703,0.0
76,1.281182242835072,0.0
77,1.178674229818128,0.0
78,1.0844453231512252,0.0
79,0.9898733731737132,0.0
80,0.9071399470529948,0.0
81,0.8235930379427926,0.0
82,0.765952692371641,0.0
83,0.6814248501667372,0.0
84,0.6264053065439659,0.0
85,0.5807300801755133,0.0
86,0.5134803536134911,0.0
87,0.4759395831898648,0.0
88,0.4334234646023524,0.0
89,0.3958391433435649,0.0
90,0.3582671907854094,0.0
91,0.3278225340371323,0.0
92,0.3112299849800203,0.0
93,0.2919537664774152,0.0
94,0.2763344697692915,0.0
95,0.2931745206684172,0.0
96,0.3152175332026882,0.0
97,0.3891440613729657,0.0
98,0.4896315414809843,0.0
99,0.6076251143314694,0.0
100,0.7214430062528382,0.0
101,0.8167609135821319,0.0
102,0.8991504754877735,0.0
103,0.9643455833607868,0.0
104,0.9872079783188088,0.0
105,1.0206337928508906,0.0
106,1.0333029270996643,0.0
107,1.0254051707635297,0.0
108,1.0270775358430435,0.0
109,1.0121888899479152,0.0
110,0.994288823047346,0.0
111,0.9665920955173736,0.0
112,0.9363416754460534,0.0
113,0.9191155555115113,0.0
114,0.8994733313306652,0.0
115,0.893664866535446,0.0
116,0.9232293690982974,0.0
117,0.968624858743394,0.0
118,1.0312239098728504,0.0
119,1.0997724978050676,0.0
120,1.170611237112315,0.0
121,1.210002145318492,0.0
122,1.218222807738039,0.0
123,1.2066547792793536,0.0
124,1.2081260632200346,0.0
125,1.204101897641528,0.0
126,1.1938436568900055,0.0
127,1.194783707939428,0.0
128,1.2023591574290473,0.0
129,1.2054051091429685,0.0
130,1.2396619424869586,0.0
131,1.2743912704548137,0.0
132,1.296337619432639,0.0
133,1.3480232693072145,0.0
134,1.3643343217164794,0.0
135,1.3785098965835565,0.0
136,1.3797930217707706,0.0
137,1.3309796517470929,0.0
138,1.2649055398280649,0.0
139,1.1899186706188516,0.0
140,1.109117870594404,0.0
141,1.0461961077276158,0.0
142,0.9808804910548852,0.0
143,0.935969139051645,0.0
144,0.8894102230305673,0.0
145,0.8341569062960299,0.0
146,0.8096887682608273,0.0
147,0.7737697821483711,0.0
148,0.718660743917812,0.0
149,0.6848718201128354,0.0
150,0.6385494484121909,0.0
151,0.591965260346984,0.0
152,0.559097771800787,0.0
153,0.5157437662550235,0.0
154,0.48355712440073,0.0
155,0.4455398513920711,0.0
156,0.4232534452869794,0.0
157,0.4222197071830288,0.0
158,0.431882577697637,0.0
159,0.4695830264745532,0.0
160,0.5448968695212142,0.0
161,0.6393242401929846,0.0
162,0.7363772297472344,0.0
163,0.8182370518351726,0.0
164,0.9198469368247966,0.0
165,1.00066674688554,0.0
166,1.0784903063268874,0.0
167,1.1365845617504655,0.0
168,1.178442826670206,0.0
169,1.213005708872264,0.0
170,1.2300972328621234,0.0
171,1.2489433610894898,0.0
172,1.258995727169474,0.0
173,1.2406477693733908,0.0
174,1.23668298382252,0.0
175,1.209964313159003,0.0
176,1.2031970749868866,0.0
177,1.1925795535014028,0.0
178,1.2031014045721178,0.0
179,1.227491991929763,0.0
180,1.2609670660961412,0.0
181,1.314852273844136,0.0
182,1.3530579389877222,0.0
183,1.3526139039939693,0.0
184,1.325741782283685,0.0
185,1.2699841153979148,0.0
186,1.1929092290179768,0.0
187,1.1258719944033688,0.0
188,1.054547896203016,0.0
189,0.984764638459367,0.0
190,0.9089218904043062,0.0
191,0.8500628834109141,0.0
192,0.812513193171831,0.0
193,0.7630654978686698,0.0
194,0.7350820775594893,0.0
195,0.7056982457222186,0.0
196,0.6804278671782389,0.0
197,0.6601606377287854,0.0
198,0.6265022453878876,0.0
199,0.5869204281581828,0.0
200,0.5361971775699277,0.0
201,0.5006689305590979,0.0
202,0.4730538351970067,0.0
203,0.4497313901116768,0.0
204,0.4356408998692389,0.0
205,0.4420656556847826,0.0
206,0.4896092007664239,0.0
207,0.5478123175198512,0.0
208,0.6358687311721926,0.0
209,0.7340107403720153,0.0
210,0.8429879797255164,0.0
211,0.9320753995467248,0.0
212,1.0038909376282,0.0
213,1.0750427047999391,0.0
214,1.14619904903605,0.0
215,1.189804127576302,0.0
216,1.222153105073876,0.0
217,1.2542146198050976,0.0
218,1.256577959505397,0.0
219,1.2756893738050687,0.0
220,1.2645669413898388,0.0
221,1.261165180484358,0.0
222,1.2291753673065042,0.0
223,1.2180515884844132,0.0
224,1.211807109990087,0.0
225,1.2305139406070278,0.0
226,1.2466680645194292,0.0
227,1.2879946951643255,0.0
228,1.339106312077429,0.0
229,1.3790030875758326,0.0
230,1.3737813933516476,0.0
231,1.3299637334433,0.0
232,1.2826772663075088,0.0
233,1.2143839036940325,0.0
234,1.1405650111789287,0.0
235,1.0475412296380993,0.0
236,0.9877217637430484,0.0
237,0.9089452458181988,0.0
238,0.8492995648665509,0.0
239,0.802700762912037,0.0
240,0.7481790389938091,0.0
241,0.708959357686766,0.0
242,0.6770240621790301,0.0
243,0.6426545037498645,0.0
244,0.6123768912077855,0.0
245,0.581281393274955,0.0
246,0.5510541878854024,0.0
247,0.5200289211187946,0.0
248,0.4862576051792801,0.0
249,0.4489613164646326,0.0
250,0.4204812738822225,0.0
251,0.4085985458393593,0.0
252,0.4185926500863452,0.0
253,0.457280197509481,0.0
254,0.5252378243186067,0.0
255,0.616506108419523,0.0
256,0.7113628564329558,0.0
257,0.8191934273296417,0.0
258,0.9132411531893376,0.0
259,0.9942996555879914,0.0
260,1.0548699335310776,0.0
261,1.1221323615594672,0.0
262,1.1646344537702518,0.0
263,1.196025542168691,0.0
264,1.2124801231793918,0.0
265,1.222357681150429,0.0
266,1.2327112910867908,0.0
267,1.2113930505084805,0.0
268,1.2120703847566063,0.0
269,1.189655417696913,0.0
270,1.181966469624677,0.0
271,1.159512589643756,0.0
272,1.1718856117547387,0.0
273,1.1997903168044912,0.0
274,1.247465343579372,0.0
275,1.285889703636834,0.0
276,1.3288752380553943,0.0
277,1.3490817151303849,0.0
278,1.316435560509054,0.0
279,1.2775815724210315,0.0
280,1.2157060115061749,0.0
281,1.1402779967933472,0.0
282,1.0728708546870265,0.0
283,1.00790625861655,0.0
284,0.941085816440474,0.0
285,0.891533871024911,0.0
286,0.8296649504037562,0.0
287,0.8007358258909988,0.0
288,0.7765389469308557,0.0
289,0.7434907334191981,0.0
290,0.7223671915775883,0.0
291,0.696414435876503,0.0
292,0.6655288025636733,0.0
293,0.6202771985689063,0.0
294,0.5967102291453547,0.0
295,0.5476433951901841,0.0
296,0.5112896308237915,0.0
297,0.4833122063888558,0.0
298,0.470062781819946,0.0
299,0.4635615714828217,0.0
300,0.4884932476516252,0.0
301,0.5552934482535273,0.0
302,0.625982054928441,0.0
303,0.7303514475698052,0.0
304,0.8148805734124144,0.0
305,0.9233795018015284,0.0
306,1.0048076115034044,0.0
307,1.065142511630139,0.0
308,1.1384752814328316,0.0
309,1.2020125008437763,0.0
310,1.247996819405913,0.0
311,1.2716461809935264,0.0
312,1.30372755678782,0.0
313,1.3026531042243097,0.0
314,1.3145035628885884,0.0
315,1.2943015049789184,0.0
316,1.2988819362915542,0.0
317,1.2846884313782752,0.0
318,1.275274939785629,0.0
319,1.2808739940285625,0.0
320,1.2849508052677283,0.0
321,1.328135064391059,0.0
322,1.3748024232073144,0.0
323,1.4163731626331049,0.0
324,1.4049399009242725,0.0
325,1.3684289259984863,0.0
326,1.304805050477,0.0
327,1.2344837304807366,0.0
328,1.1604134126847836,0.0
329,1.0730996699448714,0.0
330,0.995927169697844,0.0
331,0.924643091609,0.0
332,0.8453035111892199,0.0
333,0.7873878365000273,0.0
334,0.73975925825332,0.0
335,0.6944435509343241,0.0
336,0.6536022609454708,0.0
337,0.6031524714581111,0.0
338,0.5775453610716414,0.0
339,0.5500148611148452,0.0
340,0.5087605987662052,0.0
341,0.4780159843351936,0.0
342,0.4412764109361288,0.0
343,0.412509541418441,0.0
344,0.3724292111756997,0.0
345,0.3669014772445408,0.0
346,0.3709052465113472,0.0
347,0.4045524344877811,0.0
348,0.4823049807553399,0.0
349,0.5700934287030214,0.0
350,0.6786505883206105,0.0
351,0.784528486685551,0.0
352,0.8712968554299516,0.0
353,0.9564075732311969,0.0
354,1.0231792059960023,0.0
355,1.0712606371767857,0.0
356,1.118886072903597,0.0
357,1.1473336189601469,0.0
358,1.1637426844303298,0.0
359,1.1658168186276894,0.0
360,1.165212085303846,0.0
361,1.148299055673612,0.0
362,1.1258752635380618,0.0
363,1.1079850261173012,0.0
364,1.103463622979421,0.0
365,1.0940233803778168,0.0
366,1.087170350039447,0.0
367,1.1092140736072909,0.0
368,1.1389841234834448,0.0
369,1.1948753812141064,0.0
370,1.2576371056366271,0.0
371,1.288833663545074,0.0
372,1.293489672169252,0.0
373,1.2722236941269702,0.0
374,1.213693248365729,0.0
375,1.161319608787886,0.0
376,1.112835214497311,0.0
377,1.0592911447679252,0.0
378,1.0032564421547296,0.0
379,0.9554362423268266,0.0
380,0.9380427563582042,0.0
381,0.909027732935122,0.0
382,0.8876252418670484,0.0
383,0.879327749288729,0.0
384,0.8849645451048539,0.0
385,0.8700416842597763,0.0
386,0.8493215855499018,0.0
387,0.8202262777130226,0.0
388,0.7804863258504774,0.0
389,0.7234264423934591,0.0
390,0.6821221003047632,0.0
391,0.6402486494825643,0.0
392,0.6083575420997535,0.0
393,0.5980085477299489,0.0
394,0.5987935264181286,0.0
395,0.6106169079364222,0.0
396,0.6590948344126398,0.0
397,0.727760595153855,0.0
398,0.8014398624354,0.0
399,0.8747234087407851,0.0
400,0.951780524634371,0.0
401,1.0296273511413745,0.0
402,1.1000673092929092,0.0
403,1.1637651002056717,0.0
404,1.2185952374563562,0.0
405,1.2585483719175592,0.0
406,1.3236406248161072,0.0
407,1.370040357190768,0.0
408,1.3920608925762272,0.0
409,1.406240522651298,0.0
410,1.4170297787737098,0.0
411,1.4317880913804353,0.0
412,1.4354893030894469,0.0
413,1.442986277200167,0.0
414,1.4548042550479126,0.0
415,1.478232037041995,0.0
416,1.503938774191035,0.0
417,1.5301022578685552,0.0
418,1.5466647380629752,0.0
419,1.504668548099176,0.0
420,1.4641202868494276,0.0
421,1.3765087633899942,0.0
422,1.3054212471647022,0.0
423,1.1977567134675604,0.0
424,1.108885600778206,0.0
425,1.0147120798366225,0.0
426,0.936544326707365,0.0
427,0.8619659256836835,0.0
428,0.780557064224613,0.0
429,0.7138354147548591,0.0
430,0.6612386133304048,0.0
431,0.6177671846244738,0.0
432,0.5592438926029399,0.0
433,0.5175448032649959,0.0
434,0.464867900446293,0.0
435,0.4226618226362187,0.0
436,0.3880728505608052,0.0
437,0.3701003407749849,0.0
438,0.326055153880856,0.0
439,0.315755802835787,0.0
440,0.3015489335374701,0.0
441,0.2919174960819334,0.0
442,0.3178575707939996,0.0
443,0.3766523985057784,0.0
444,0.4808770805511223,0.0
445,0.5852973687801308,0.0
446,0.6936188799462821,0.0
447,0.8021322945718937,0.0
448,0.8839072284073078,0.0
449,0.9467071238357913,0.0
450,1.0084014805893715,0.0
451,1.034973151125938,0.0
452,1.049660724122765,0.0
453,1.0673860431267472,0.0
454,1.0456110481325165,0.0
455,1.045862576406856,0.0
456,1.0213932366356002,0.0
457,1.0075431519234446,0.0
458,0.9794814928946896,0.0
459,0.9626683722726362,0.0
460,0.9515165360475284,0.0
461,0.9457489262816866,0.0
462,0.9510817370051112,0.0
463,0.9864096146991688,0.0
464,1.0514344931409196,0.0
465,1.1152655906702025,0.0
466,1.1778598527573167,0.0
467,1.2118712165178236,0.0
468,1.225834239823256,0.0
469,1.2162903808446497,0.0
470,1.2114098378811446,0.0
471,1.1769366079695518,0.0
472,1.1576476430344935,0.0
473,1.1450091915966123,0.0
474,1.1390071365601655,0.0
475,1.1484113855086142,0.0
476,1.148172497153389,0.0
477,1.1752072039505304,0.0
478,1.2091408633035654,0.0
479,1.2327933070661767,0.0
480,1.2622216870231566,0.0
481,1.2783402002514934,0.0
482,1.262487658690462,0.0
483,1.2333709094417868,0.0
484,1.17120293241723,0.0
485,1.102781859405491,0.0
486,1.0356345658597674,0.0
487,0.9653272811159096,0.0
488,0.9003376919689532,0.0
489,0.8580972846114225,0.0
490,0.8263511761098732,0.0
491,0.8089339938816293,0.0
492,0.7940095493526703,0.0
493,0.771110439400331,0.0
494,0.7564663342108638,0.0
495,0.7387596786250291,0.0
496,0.7022896124574219,0.0
497,0.6625819850888213,0.0
498,0.6434210962147956,0.0
499,0.6066961778247735,0.0
500,0.5756516568596427,0.0
501,0.5455662313879163,0.0
502,0.5329700254373758,0.0
503,0.531136535024497,0.0
504,0.5754106773322835,0.0
505,0.6382167311814011,0.0
506,0.7318498090706395,0.0
507,0.8232625255666713,0.0
508,0.9092851943321172,0.0
509,1.0058825725328349,0.0
510,1.0813168873111871,0.0
511,1.1428732369545886,0.0
512,1.2128104477467436,0.0
513,1.25060709993258,0.0
514,1.3010937474682251,0.0
515,1.3436636167918523,0.0
516,1.35751349304588,0.0
517,1.383436508254048,0.0
518,1.395395307826372,0.0
519,1.3879639436480948,0.0
520,1.3732830912874054,0.0
521,1.3757614236691762,0.0
522,1.3778375106174687,0.0
523,1.3923032722495583,0.0
524,1.4075561556643366,0.0
525,1.4450322883610571,0.0
526,1.4714617691656269,0.0
527,1.4671818581480487,0.0
528,1.4369951393632636,0.0
529,1.375829247079773,0.0
530,1.278293343582949,0.0
531,1.2021952891194618,0.0
532,1.100679823114998,0.0
533,1.0148929903282418,0.0
534,0.941451515195998,0.0
535,0.8689495027882747,0.0
536,0.7826965992704763,0.0
537,0.7226355481209978,0.0
538,0.664000988117127,0.0
539,0.6244203185435735,0.0
540,0.5724119899856073,0.0
541,0.5358077021374595,0.0
542,0.4978274470695549,0.0
543,0.4510358779482814,0.0
544,0.4183820951009533,0.0
545,0.3861794996074636,0.0
546,0.3647641059268082,0.0
547,0.3270206375871146,0.0
548,0.3190802266074445,0.0
549,0.3274178988318359,0.0
550,0.3400437437434843,0.0
551,0.4019082032570917,0.0
552,0.4955754532114292,0.0
553,0.5972054560080662,0.0
554,0.7084215272498589,0.0
555,0.8154285987503046,0.0
556,0.9040938112468202,0.0
557,0.9767775355568172,0.0
558,1.0213184398291677,0.0
559,1.0455451020475286,0.0
560,1.062995820782321,0.0
561,1.0903555814730337,0.0
562,1.0838416205785029,0.0
563,1.0790154604471769,0.0
564,1.0561946297177565,0.0
565,1.0367732627569142,0.0
566,1.0271434931036183,0.0
567,0.991075617646065,0.0
568,0.9748247807096342,0.0
569,0.977171520259264,0.0
570,0.987210975580937,0.0
571,1.0156282970734347,0.0
572,1.0817380119013809,0.0
573,1.1427444090086611,0.0
574,1.2026923055397598,0.0
575,1.247205696998302,0.0
576,1.2461719830941989,0.0
577,1.223723814018058,0.0
578,1.2048131930215786,0.0
579,1.160305933630258,0.0
580,1.1436953073277805,0.0
581,1.0983042045480578,0.0
582,1.09598324444151,0.0
583,1.0853888702717671,0.0
584,1.0764744341094286,0.0
585,1.089354808749598,0.0
586,1.1127199553351954,0.0
587,1.1383948489022162,0.0
588,1.153055047346046,0.0
589,1.1637592217538797,0.0
590,1.1491934647841318,0.0
591,1.1052295895472957,0.0
592,1.049239902033957,0.0
593,0.9685957934800916,0.0
594,0.9170173204661264,0.0
595,0.8617366871325538,0.0
596,0.8054002035178294,0.0
597,0.7751510232738738,0.0
598,0.7673209061502401,0.0
599,0.7616794042206065,0.0
600,0.7476407131874536,0.0
601,0.7714287484268243,0.0
602,0.7670153709844558,0.0
603,0.77161235708398,0.0
604,0.7835129497826514,0.0
605,0.76671776487334,0.0
606,0.7451474035986227,0.0
607,0.7351910724055428,0.0
608,0.720167780135016,0.0
609,0.7168600212177604,0.0
610,0.7160828959676279,0.0
611,0.7672294458050102,0.0
612,0.8338590740291337,0.0
613,0.9212918287393916,0.0
614,1.0119207235739045,0.0
615,1.0757134827063484,0.0
616,1.148622266697801,0.0
617,1.216956134243724,0.0
618,1.2650251179558325,0.0
619,1.309350216439535,0.0
620,1.3571722536937747,0.0
621,1.4075987194398036,0.0
622,1.4413379812358664,0.0
623,1.473685048143877,0.0
624,1.4970126551228229,0.0
625,1.5356527330131582,0.0
626,1.555725596631482,0.0
627,1.564166544500181,0.0
628,1.5842747098228995,0.0
629,1.5910241980394524,0.0
630,1.6187136089134837,0.0
631,1.6170645050562258,0.0
632,1.6122536928277,0.0
633,1.5547094387047604,0.0
634,1.4615442671481016,0.0
635,1.366399530608254,0.0
636,1.2670754045247536,0.0
637,1.178206516600704,0.0
638,1.084813363159169,0.0
639,0.9837319131908374,0.0
640,0.9007813730822088,0.0
641,0.8358930355784622,0.0
642,0.7467073599422013,0.0
643,0.683164988061031,0.0
644,0.6187212622081293,0.0
645,0.5636713887626768,0.0
646,0.5173606864979459,0.0
647,0.4781893827112317,0.0
648,0.4365116848427744,0.0
649,0.3894352924008806,0.0
650,0.3567437378439024,0.0
651,0.3358374640257321,0.0
652,0.3049378994936783,0.0
653,0.2903757985445409,0.0
654,0.2843790546914084,0.0
655,0.2888854945406721,0.0
656,0.3150304540557945,0.0
657,0.3927208073472184,0.0
658,0.4994392670895432,0.0
659,0.6060647256949326,0.0
660,0.7283794589077195,0.0
661,0.8181507003778995,0.0
662,0.9095437908094186,0.0
663,0.957472012552592,0.0
664,0.9949141245245516,0.0
665,1.0162108778655308,0.0
666,1.02852768465093,0.0
667,1.0248517239952517,0.0
668,1.0316190122690314,0.0
669,1.015810936369124,0.0
670,0.9835670752186056,0.0
671,0.9732751206771292,0.0
672,0.9324923478285282,0.0
673,0.9090383847406714,0.0
674,0.892689024202665,0.0
675,0.9021248439784104,0.0
676,0.9188404931049386,0.0
677,0.96018096855322,0.0
678,1.0248853588437563,0.0
679,1.1028655264020986,0.0
680,1.1644930299428304,0.0
681,1.192659454945133,0.0
682,1.2188380309470346,0.0
683,1.2186398200659423,0.0
684,1.2145170867074666,0.0
685,1.2013300318299267,0.0
686,1.1948360295091025,0.0
687,1.1804808066417805,0.0
688,1.1963272118877195,0.0
689,1.2162853932280164,0.0
690,1.227172912499786,0.0
691,1.268376622954119,0.0
692,1.3048458949623585,0.0
693,1.3407338146328969,0.0
694,1.3782068747764686,0.0
695,1.391396496384721,0.0
696,1.373103777788299,0.0
697,1.323228709517921,0.0
698,1.271566865989392,0.0
699,1.1839210240069045,0.0
700,1.1176265177100448,0.0
701,1.0505598235685425,0.0
702,0.9739110212623092,0.0
703,0.9341836956815508,0.0
704,0.8715266293526804,0.0
705,0.8366364550785002,0.0
706,0.806375521256961,0.0
707,0.7723799766623242,0.0
708,0.7207528203088791,0.0
709,0.6932241513773678,0.0
710,0.6499958803418663,0.0
711,0.5978358543272558,0.0
712,0.5500890206555936,0.0
713,0.5229738271932389,0.0
714,0.4816193914849659,0.0
715,0.4584784879975261,0.0
716,0.4374689309208751,0.0
717,0.4250694841329404,0.0
718,0.439729497540695,0.0
719,0.4706951662059995,0.0
720,0.539697804459551,0.0
721,0.631781649746151,0.0
722,0.7433224300842691,0.0
723,0.8327022060540469,0.0
724,0.9208903490460708,0.0
725,1.0038629518254616,0.0
726,1.077283477634899,0.0
727,1.135895549726421,0.0
728,1.1862144696287216,0.0
729,1.2280800283241966,0.0
730,1.246943575735276,0.0
731,1.258514609835968,0.0
732,1.2476184697523311,0.0
733,1.251456462882327,0.0
734,1.220260027062146,0.0
735,1.2135101862868776,0.0
736,1.2044171217481854,0.0
737,1.1867916666766534,0.0
738,1.2031505575465404,0.0
739,1.227807073482106,0.0
740,1.261285180355606,0.0
741,1.3161307534186282,0.0
742,1.3664822011648137,0.0
743,1.3580891533013946,0.0
744,1.3345357746703952,0.0
745,1.2648231217041424,0.0
746,1.2087827380894864,0.0
747,1.1211828140375897,0.0
748,1.0406997239566564,0.0
749,0.9737167126701116,0.0
750,0.9123155139831356,0.0
751,0.8538252652848872,0.0
752,0.8159517350528187,0.0
753,0.7697497068063143,0.0
754,0.7276647644575822,0.0
755,0.692861567433903,0.0
756,0.6719230946198204,0.0
757,0.6523691057537248,0.0
758,0.6114065509983289,0.0
759,0.5793822579340387,0.0
760,0.545567976693946,0.0
761,0.5051481813483366,0.0
762,0.4788533136137626,0.0
763,0.455269746318425,0.0
764,0.4285030621040104,0.0
765,0.4383887812162426,0.0
766,0.4915592563435125,0.0
767,0.5470364293985216,0.0
768,0.6379733045029807,0.0
769,0.747452486331333,0.0
770,0.8486025919232948,0.0
771,0.9258380321735504,0.0
772,1.002935898861379,0.0
773,1.0721624007814434,0.0
774,1.1445972257636936,0.0
775,1.1874703852872055,0.0
776,1.222463247408219,0.0
777,1.2362299273044963,0.0
778,1.2670057699766182,0.0
779,1.2598777931762186,0.0
780,1.2608879792382557,0.0
781,1.2547055737941109,0.0
782,1.2290222949444036,0.0
783,1.2149238258827786,0.0
784,1.209258848543322,0.0
785,1.225922280714752,0.0
786,1.2463347887399785,0.0
787,1.277043084373746,0.0
788,1.3270616894239304,0.0
789,1.3785967631795546,0.0
790,1.3649281191571982,0.0
791,1.339329966344641,0.0
792,1.2716245119501275,0.0
793,1.2140468249148642,0.0
794,1.1244728662807997,0.0
795,1.0594531312582625,0.0
796,0.9915947935292598,0.0
797,0.9065812598866227,0.0
798,0.8505048379169692,0.0
799,0.8107868465667171,0.0
800,0.75788064563014,0.0
801,0.7153169531546898,0.0
802,0.6913247615400518,0.0
803,0.6600687158901808,0.0
804,0.6163960640382943,0.0
805,0.5927320188939624,0.0
806,0.5500804335802267,0.0
807,0.5246460968419364,0.0
808,0.4828167829972909,0.0
809,0.4413500040378605,0.0
810,0.4241867323290062,0.0
811,0.4107767330522914,0.0
812,0.4202879560602757,0.0
813,0.45759730007254,0.0
814,0.5272709342475175,0.0
815,0.6254336437660025,0.0
816,0.7220684334081592,0.0
817,0.821255676033616,0.0
818,0.9165543970743406,0.0
819,1.0055027547425686,0.0
820,1.0595234239777769,0.0
821,1.1245847628710832,0.0
822,1.163840563288727,0.0
823,1.194561551278934,0.0
824,1.2254194500231952,0.0
825,1.2368390275594487,0.0
826,1.225287786200338,0.0
827,1.2318522361567237,0.0
828,1.2144645419215336,0.0
829,1.1967634646760177,0.0
830,1.174872070985367,0.0
831,1.1836382938809122,0.0
832,1.1885091689828924,0.0
833,1.2121431776995577,0.0
834,1.2452134127496788,0.0
835,1.3001406326454663,0.0
836,1.342259231234432,0.0
837,1.3532151405583048,0.0
838,1.3153193870967834,0.0
839,1.266108322770508,0.0
840,1.2175365810035217,0.0
841,1.1426335114891186,0.0
842,1.0664631235656306,0.0
843,1.0007632552546368,0.0
844,0.9296501160111834,0.0
845,0.8776230274450935,0.0
846,0.838110147929796,0.0
847,0.7889809246501714,0.0
848,0.7482973798607025,0.0
849,0.7217727109582935,0.0
850,0.7054091315063987,0.0
851,0.677643938339684,0.0
852,0.6554840438058196,0.0
853,0.6180403587939695,0.0
854,0.5675064690691758,0.0
855,0.5348150876614828,0.0
856,0.4965991497089583,0.0
857,0.4637229113156906,0.0
858,0.4560708803695708,0.0
859,0.4705396508243669,0.0
860,0.4826358610322255,0.0
861,0.5531657083273029,0.0
862,0.6208442573550295,0.0
863,0.7196884139680312,0.0
864,0.8332577608879885,0.0
865,0.9191417234783392,0.0
866,0.9966187047965266,0.0
867,1.0833361147028786,0.0
868,1.1279838514826412,0.0
869,1.1951040788538327,0.0
870,1.242091983271962,0.0
871,1.2626401462291932,0.0
872,1.2803972971827482,0.0
873,1.2914711859846917,0.0
874,1.2920529086161685,0.0
875,1.281553437277271,0.0
876,1.2678568320200527,0.0
877,1.2562521833379596,0.0
878,1.2538459409419995,0.0
879,1.2574905713165418,0.0
880,1.268527296980095,0.0
881,1.3229535988080796,0.0
882,1.366545487335754,0.0
883,1.388113297491027,0.0
884,1.4000085010261936,0.0
885,1.3667332245768902,0.0
886,1.3058810987980023,0.0
887,1.220777536705102,0.0
888,1.1443301297601567,0.0
889,1.0616818351363333,0.0
890,0.9843042979519157,0.0
891,0.9218665287853378,0.0
892,0.8472239894210645,0.0
893,0.8028952368720088,0.0
894,0.7440161902151299,0.0
895,0.7053430474626142,0.0
896,0.6640934060864432,0.0
897,0.6203346251005813,0.0
898,0.588517053069953,0.0
899,0.5488918171411307,0.0
900,0.5193313095332031,0.0
901,0.4741674561823157,0.0
902,0.4523756519388227,0.0
903,0.422051837383507,0.0
904,0.4004497012465935,0.0
905,0.388021982583687,0.0
906,0.3926759820158459,0.0
907,0.4152904792551697,0.0
908,0.48441094420982,0.0
909,0.5797762924022495,0.0
910,0.6857001757470725,0.0
911,0.798755021253779,0.0
912,0.8957872480337221,0.0
913,0.9776154612449484,0.0
914,1.0405557100302123,0.0
915,1.0824848615776972,0.0
916,1.1367063342068628,0.0
917,1.1540198332387257,0.0
918,1.174914960860782,0.0
919,1.1801260453442604,0.0
920,1.176667782419708,0.0
921,1.16178374458115,0.0
922,1.1520893996745645,0.0
923,1.13392836240032,0.0
924,1.1222297372422536,0.0
925,1.1200832008610464,0.0
926,1.108500017482444,0.0
927,1.1362854821895978,0.0
928,1.1726533516872049,0.0
929,1.2354173579773633,0.0
930,1.287799583077517,0.0
931,1.302084361618535,0.0
932,1.3051426010007807,0.0
933,1.2724421929454044,0.0
934,1.2251221416792872,0.0
935,1.1502631861783237,0.0
936,1.104985662387087,0.0
937,1.0414143295730784,0.0
938,0.9835020274069292,0.0
939,0.9266220142545848,0.0
940,0.8924328720263384,0.0
941,0.8586477673278922,0.0
942,0.8503906358386821,0.0
943,0.8382326153917344,0.0
944,0.8300927398558596,0.0
945,0.808594479522904,0.0
946,0.7885471338759906,0.0
947,0.7399859170532328,0.0
948,0.697382533575133,0.0
949,0.6538649495085924,0.0
950,0.621051505539151,0.0
951,0.5745288560365105,0.0
952,0.5464400264029291,0.0
953,0.5405670319716755,0.0
954,0.5588095255835037,0.0
955,0.5974165560903397,0.0
956,0.6584435831841127,0.0
957,0.7238460089749086,0.0
958,0.8129735846818431,0.0
959,0.8986964449601866,0.0
960,0.977002602611765,0.0
961,1.049312657722122,0.0
962,1.1224771644794065,0.0
963,1.1980088469281749,0.0
964,1.2593725313953372,0.0
965,1.3042035292139391,0.0
966,1.351110182668823,0.0
967,1.3801527959078854,0.0
968,1.3990937980655962,0.0
969,1.4048299713384411,0.0
970,1.3972822622410803,0.0
971,1.3914486544755185,0.0
972,1.4001125977799302,0.0
973,1.3897265349926604,0.0
974,1.41356603305958,0.0
975,1.444543117881099,0.0
976,1.4696204453543984,0.0
977,1.5033278188381516,0.0
978,1.5030444777706382,0.0
979,1.459698020257762,0.0
980,1.4002940975103308,0.0
981,1.3160510497213311,0.0
982,1.2220671270831664,0.0
983,1.1335235181014736,0.0
984,1.0372197571793025,0.0
985,0.9561493763482296,0.0
986,0.886601665447267,0.0
987,0.8048112951253292,0.0
988,0.7363261258239769,0.0
989,0.6904404965986345,0.0
990,0.6289576114947831,0.0
991,0.5797206383597678,0.0
992,0.5451352802728834,0.0
993,0.5056517747954479,0.0
994,0.4604558807021593,0.0
995,0.4225529453708163,0.0
996,0.378920814368338,0.0
997,0.3529038304277602,0.0
998,0.3279496498474723,0.0
999,0.3180867808828163,0.0
1000,0.3001797749066746,0.0
1001,0.317521199245119,0.0
1002,0.3768191155712219,0.0
1003,0.4604224007578174,0.0
1004,0.5593986876488618,0.0
1005,0.6849472666164401,0.0
1006,0.7878565249107183,0.0
1007,0.8785637464348822,0.0
1008,0.9393466723381424,0.0
1009,0.9868831255706044,0.0
1010,1.029537204073813,0.0
1011,1.064318403206587,0.0
1012,1.0748232608967565,0.0
1013,1.0745330699750886,0.0
1014,1.0629792186146507,0.0
1015,1.0478279205071386,0.0
1016,1.03919382235255,0.0
1017,1.0174218785090026,0.0
1018,0.9811574490499338,0.0
1019,0.9697359775269994,0.0
1020,0.95926602682614,0.0
1021,0.9740406609226324,0.0
1022,0.9962161241889924,0.0
1023,1.0437127818396683,0.0
1024,1.1149668543173048,0.0
1025,1.1783066091675551,0.0
1026,1.2272344593975393,0.0
1027,1.2304296861837662,0.0
1028,1.227106489347466,0.0
1029,1.2049546103285804,0.0
1030,1.184950180718674,0.0
1031,1.1583817958815363,0.0
1032,1.1201946772160558,0.0
1033,1.120003565970346,0.0
1034,1.1044652110614457,0.0
1035,1.103377264727459,0.0
1036,1.1191196179161853,0.0
1037,1.150309974999815,0.0
1038,1.168880904631444,0.0
1039,1.1876003148732428,0.0
1040,1.212804203379363,0.0
1041,1.1956299349916724,0.0
1042,1.172888652984588,0.0
1043,1.1098784278031937,0.0
1044,1.0479766877342382,0.0
1045,0.9922714016224196,0.0
1046,0.9218589325449722,0.0
1047,0.8625587923395182,0.0
1048,0.8260291272446249,0.0
1049,0.800793715158643,0.0
1050,0.7873907535398647,0.0
1051,0.7706513450099115,0.0
1052,0.7742144957807805,0.0
1053,0.7576808096365444,0.0
1054,0.7661637624460406,0.0
1055,0.7531382013954401,0.0
1056,0.7373731073293207,0.0
1057,0.7059917147880366,0.0
1058,0.6669078502441944,0.0
1059,0.6501819893709915,0.0
1060,0.6197287282048505,0.0
1061,0.6294218104244155,0.0
1062,0.6360412768727403,0.0
1063,0.6866191001774448,0.0
1064,0.7777809369638065,0.0
1065,0.8651118302674804,0.0
1066,0.9503426294721312,0.0
1067,1.019760226710422,0.0
1068,1.0988467064824448,0.0
1069,1.1574702762714162,0.0
1070,1.2326392114908722,0.0
1071,1.2750491884517283,0.0
1072,1.3298353801451137,0.0
1073,1.378530481865681,0.0
1074,1.4175494356219256,0.0
1075,1.4398077831562617,0.0
1076,1.4707944625827505,0.0
1077,1.4742649116745576,0.0
1078,1.4907677591025612,0.0
1079,1.4941385522083268,0.0
1080,1.5034176889394828,0.0
1081,1.5074697741011729,0.0
1082,1.5428176566120888,0.0
1083,1.5651652967395118,0.0
1084,1.5687952508827931,0.0
1085,1.5441280864116695,0.0
1086,1.4916786554848196,0.0
1087,1.4127764911769494,0.0
1088,1.3079985552934867,0.0
1089,1.215949524429274,0.0
1090,1.123269283224108,0.0
1091,1.0384875639831916,0.0
1092,0.9443360830108896,0.0
1093,0.8609882976971858,0.0
1094,0.7966183934155935,0.0
1095,0.7181930608057765,0.0
1096,0.6531884752687348,0.0
1097,0.6022523499098175,0.0
1098,0.5432378880132287,0.0
1099,0.4997379729038924,0.0
1100,0.4538934138826257,0.0
1101,0.4203828661620029,0.0
1102,0.3813415458176172,0.0
1103,0.3622062038978372,0.0
1104,0.3194815732647053,0.0
1105,0.3052094393412259,0.0
1106,0.2798868040093072,0.0
1107,0.2832065615539887,0.0
1108,0.3161127225327068,0.0
1109,0.3612849207415725,0.0
1110,0.4500426949953496,0.0
1111,0.5638459446536345,0.0
1112,0.687063773921428,0.0
1113,0.789090483006723,0.0
1114,0.8788573883905256,0.0
1115,0.9420028328505676,0.0
1116,0.9793728052497106,0.0
1117,1.0096417375550668,0.0
1118,1.0370537918170837,0.0
1119,1.051481993160356,0.0
1120,1.0362779190373288,0.0
1121,1.0313540666992904,0.0
1122,1.019483442175255,0.0
1123,0.9992681497332492,0.0
1124,0.9574134074027612,0.0
1125,0.9373130611966228,0.0
1126,0.9173593564422176,0.0
1127,0.925904135951398,0.0
1128,0.929440201541947,0.0
1129,0.9565048658717856,0.0
1130,1.016820340462711,0.0
1131,1.0844994881530694,0.0
1132,1.1457478200908513,0.0
1133,1.204635300245955,0.0
1134,1.21469450620719,0.0
1135,1.2198550481558414,0.0
1136,1.2108618913913978,0.0
1137,1.1992082661964196,0.0
1138,1.1815166031151207,0.0
1139,1.168343768271813,0.0
1140,1.158719101823611,0.0
1141,1.1711778063906824,0.0
1142,1.182950873488489,0.0
1143,1.209004048982267,0.0
1144,1.2495405701269962,0.0
1145,1.2837392542081874,0.0
1146,1.31450038253077,0.0
1147,1.333032089485793,0.0
1148,1.3243885963858302,0.0
1149,1.3030756744303735,0.0
1150,1.2437465244785495,0.0
1151,1.1670294713127298,0.0
1152,1.089072847320177,0.0
1153,1.024758478544841,0.0
1154,0.9595197235179695,0.0
1155,0.9138637250756764,0.0
1156,0.8679752734038388,0.0
1157,0.8306935970267089,0.0
1158,0.7961208866811846,0.0
1159,0.7799525230362212,0.0
1160,0.7541830762127517,0.0
1161,0.7059180316374246,0.0
1162,0.6720719721138756,0.0
1163,0.6469366978033255,0.0
1164,0.5915731894248953,0.0
1165,0.5629733419810735,0.0
1166,0.5307156773578294,0.0
1167,0.4981080786433361,0.0
1168,0.4687412647662184,0.0
1169,0.4644596455231079,0.0
1170,0.4851232561294471,0.0
1171,0.537807779672115,0.0
1172,0.6011275112046995,0.0
1173,0.6890807310549173,0.0
1174,0.7914904744989449,0.0
1175,0.879525315990889,0.0
1176,0.97000051878539,0.0
1177,1.0553919152597608,0.0
1178,1.1254464033592106,0.0
1179,1.1800911259094964,0.0
1180,1.2195856330449957,0.0
1181,1.26876011722207,0.0
1182,1.28757958020673,0.0
1183,1.3114295505746167,0.0
1184,1.300012872165765,0.0
1185,1.3077667131011683,0.0
1186,1.2928221491842695,0.0
1187,1.2836513254678945,0.0
1188,1.2793567374238697,0.0
1189,1.2681048837766755,0.0
1190,1.2754681699371146,0.0
1191,1.3050458694403313,0.0
1192,1.3526140472631465,0.0
1193,1.3912859196545395,0.0
1194,1.406251447522852,0.0
1195,1.3878720531743485,0.0
1196,1.349033742336847,0.0
1197,1.273004186782982,0.0
1198,1.1864528468720483,0.0
1199,1.105393547017124,0.0
1200,1.0127034070918797,0.0
1201,0.9473252574820328,0.0
1202,0.8812823342385856,0.0
1203,0.8100244814316537,0.0
1204,0.7490570209593814,0.0
1205,0.7143629680384274,0.0
1206,0.663247731620892,0.0
1207,0.6304168267952066,0.0
1208,0.5967525623997937,0.0
1209,0.5641250943096361,0.0
1210,0.5153303172792723,0.0
1211,0.4805550587447666,0.0
1212,0.4417775418991733,0.0
1213,0.409757302427981,0.0
1214,0.3836118086957565,0.0
1215,0.3642568038041664,0.0
1216,0.3667415481997796,0.0
1217,0.3900450432113015,0.0
1218,0.4501085491418896,0.0
1219,0.5270152416448763,0.0
1220,0.6385342080027063,0.0
1221,0.7364670757827623,0.0
1222,0.838470003493252,0.0
1223,0.9351397559629124,0.0
1224,1.0009004407737454,0.0
1225,1.0597960479502384,0.0
1226,1.103320556949843,0.0
1227,1.1349154609874992,0.0
1228,1.142866757385408,0.0
1229,1.150917340153671,0.0
1230,1.1647062569418472,0.0
1231,1.1521630390799449,0.0
1232,1.1436601298174902,0.0
1233,1.1266563342578713,0.0
1234,1.10850657682882,0.0
1235,1.0804901576979462,0.0
1236,1.0874725670444938,0.0
1237,1.0977184887570974,0.0
1238,1.131073256963381,0.0
1239,1.1898386371827785,0.0
1240,1.231853923745839,0.0
1241,1.2752845224014735,0.0
1242,1.2901793419092409,0.0
1243,1.2850830499280668,0.0
1244,1.225914571579029,0.0
1245,1.1790352377184603,0.0
1246,1.1235124606321627,0.0
1247,1.0737641800057636,0.0
1248,1.0205729381439217,0.0
1249,0.9705297995381992,0.0
1250,0.9304188283592264,0.0
1251,0.9179062053057414,0.0
1252,0.9016593513525388,0.0
1253,0.8876031029533568,0.0
1254,0.8712686389983971,0.0
1255,0.8757144534789811,0.0
1256,0.8527257221191704,0.0
1257,0.8282787971918331,0.0
1258,0.7878892323275654,0.0
1259,0.7420218810196757,0.0
1260,0.6933944908229162,0.0
1261,0.6431062453122713,0.0
1262,0.6143652528688753,0.0
1263,0.6013205266874921,0.0
1264,0.595892857453738,0.0
1265,0.606162330570869,0.0
1266,0.6418338175992804,0.0
1267,0.7088664352395606,0.0
1268,0.7778924392777136,0.0
1269,0.8590608798428683,0.0
1270,0.9369378690929698,0.0
1271,1.007630834926303,0.0
1272,1.068860847273072,0.0
1273,1.139665406229079,0.0
1274,1.1954292156571766,0.0
1275,1.248905956613038,0.0
1276,1.3036225135046255,0.0
1277,1.3505820512386044,0.0
1278,1.3773202933353286,0.0
1279,1.411043366969958,0.0
1280,1.4197814687930042,0.0
1281,1.4296333591192552,0.0
1282,1.427939827485076,0.0
1283,1.4291181306636742,0.0
1284,1.440880492279188,0.0
1285,1.4652337769894677,0.0
1286,1.4907194959198866,0.0
1287,1.5320561994215305,0.0
1288,1.543732357527126,0.0
1289,1.5339787580858093,0.0
1290,1.4899000717832844,0.0
1291,1.4040576211265452,0.0
1292,1.3333164525083951,0.0
1293,1.239426126682099,0.0
1294,1.1482328274028246,0.0
1295,1.0564627995978242,0.0
1296,0.9735748224040583,0.0
1297,0.8786508897359283,0.0
1298,0.8176233903204032,0.0
1299,0.750565979694375,0.0
1300,0.6793697668404628,0.0
1301,0.6277784578680579,0.0
1302,0.5723862764513618,0.0
1303,0.5276437932068645,0.0
1304,0.486609290490837,0.0
1305,0.4403949849497879,0.0
1306,0.4118082494454357,0.0
1307,0.379400031760159,0.0
1308,0.352247912743678,0.0
1309,0.3171854580873581,0.0
1310,0.3034499905029313,0.0
1311,0.3020304739492205,0.0
1312,0.3182685653727236,0.0
1313,0.3667868974217612,0.0
1314,0.447308940549867,0.0
1315,0.5477242723488432,0.0
1316,0.6723322622460682,0.0
1317,0.7831010342659127,0.0
1318,0.862299465159006,0.0
1319,0.9400276253745734,0.0
1320,0.9809131545342054,0.0
1321,1.021791561384881,0.0
1322,1.040125744171254,0.0
1323,1.050661396393158,0.0
1324,1.0541541310110785,0.0
1325,1.05650918343296,0.0
1326,1.0442215355722515,0.0
1327,1.0109489316148066,0.0
1328,0.999047774380905,0.0
1329,0.9642228818200256,0.0
1330,0.94661184780143,0.0
1331,0.9403629169247212,0.0
1332,0.9380316046331404,0.0
1333,0.9743152562764532,0.0
1334,1.019296949069642,0.0
1335,1.094099661499404,0.0
1336,1.1484985454493264,0.0
1337,1.2076659885247891,0.0
1338,1.220525164693383,0.0
1339,1.234287502890782,0.0
1340,1.213401892960443,0.0
1341,1.1875964364945166,0.0
1342,1.1762622390148514,0.0
1343,1.1499022642303491,0.0
1344,1.1334017254360471,0.0
1345,1.141629469702124,0.0
1346,1.1529389909027752,0.0
1347,1.1738804657728543,0.0
1348,1.1880423856509608,0.0
1349,1.2308070247960123,0.0
1350,1.2499735952833542,0.0
1351,1.281530233669916,0.0
1352,1.280958108933709,0.0
1353,1.249351016646551,0.0
1354,1.18121127047063,0.0
1355,1.1249349004073077,0.0
1356,1.053547595261028,0.0
1357,0.9841957376316506,0.0
1358,0.919945085321257,0.0
1359,0.8740618665740857,0.0
1360,0.8482143436350252,0.0
1361,0.8199091495764315,0.0
1362,0.7963143851218151,0.0
1363,0.7748076270357352,0.0
1364,0.751588036360938,0.0
1365,0.7282729693929911,0.0
1366,0.7189071365436033,0.0
1367,0.6792108311258994,0.0
1368,0.639158649711675,0.0
1369,0.6097451158282775,0.0
1370,0.5878338278412584,0.0
1371,0.5507900864067158,0.0
1372,0.5317465484675573,0.0
1373,0.5303921258110667,0.0
1374,0.557109795642058,0.0
1375,0.6269623836035678,0.0
1376,0.7057537180177054,0.0
1377,0.7920487739663813,0.0
1378,0.8952356755264137,0.0
1379,0.9790833739331344,0.0
1380,1.0554434839724092,0.0
1381,1.131045874744582,0.0
1382,1.1822616710443192,0.0
1383,1.2413938958193975,0.0
1384,1.2972408396254762,0.0
1385,1.3258722380632404,0.0
1386,1.352447560418331,0.0
1387,1.3795844892889293,0.0
1388,1.3868961896924488,0.0
1389,1.3962424230316126,0.0
1390,1.3753911100732386,0.0
1391,1.3720936192819462,0.0
1392,1.374933591905366,0.0
1393,1.3946581967669502,0.0
1394,1.4189556628260342,0.0
1395,1.441103869397779,0.0
1396,1.476453961669882,0.0
1397,1.47520611307516,0.0
1398,1.4482829963932788,0.0
1399,1.3903714577930455,0.0
1400,1.3214876129586688,0.0
1401,1.230957270008166,0.0
1402,1.1257433562497063,0.0
1403,1.0479230603724845,0.0
1404,0.9551319655848818,0.0
1405,0.887823740878225,0.0
1406,0.8059166832005539,0.0
1407,0.7386493166413328,0.0
1408,0.6783979928100289,0.0
1409,0.6381103497875416,0.0
1410,0.5781262191085156,0.0
1411,0.5419335114056505,0.0
1412,0.4974761808403407,0.0
1413,0.4646732349047562,0.0
1414,0.4201469783353156,0.0
1415,0.3955445290231176,0.0
1416,0.3564936459194802,0.0
1417,0.3412372737749297,0.0
1418,0.3158674574490862,0.0
1419,0.3141240056045681,0.0
1420,0.3236317104978297,0.0
1421,0.3877498374995726,0.0
1422,0.4530178531547502,0.0
1423,0.5603363616095963,0.0
1424,0.69033814569549,0.0
1425,0.7865790535877822,0.0
1426,0.8876348900425243,0.0
1427,0.9451641276624818,0.0
1428,1.005964696063357,0.0
1429,1.0321149591307983,0.0
1430,1.075240477430447,0.0
1431,1.078800218773028,0.0
1432,1.0752011800790522,0.0
1433,1.082881977580484,0.0
1434,1.0705680631058656,0.0
1435,1.0485726809871054,0.0
1436,1.0271597274529711,0.0
1437,1.011997997212528,0.0
1438,0.982139239020561,0.0
1439,0.9673862611421684,0.0
1440,0.980755052165866,0.0
1441,1.0032820263561442,0.0
1442,1.0715926027828606,0.0
1443,1.1290476854992344,0.0
1444,1.199681085121337,0.0
1445,1.2378749309922594,0.0
1446,1.2469366229670245,0.0
1447,1.2298579280718398,0.0
1448,1.2064502560669983,0.0
1449,1.1708483188107983,0.0
1450,1.146680953946405,0.0
1451,1.1221140435556085,0.0
1452,1.099500083731911,0.0
1453,1.0788868091408357,0.0
1454,1.0843024733085422,0.0
1455,1.092314772355195,0.0
1456,1.110666336790685,0.0
1457,1.1261136266582157,0.0
1458,1.155020474402812,0.0
1459,1.158278965703446,0.0
1460,1.1535218285824085,0.0
1461,1.121764120877503,0.0
1462,1.0682506645776664,0.0
1463,1.0017748081500055,0.0
1464,0.9311549625343628,0.0
1465,0.8840806880020051,0.0
1466,0.8197405013122036,0.0
1467,0.7823925478490563,0.0
1468,0.7618353651098676,0.0
1469,0.7494430057666446,0.0
1470,0.7641461381832597,0.0
1471,0.7573591444625787,0.0
1472,0.7626365211150807,0.0
1473,0.7744587909312095,0.0
1474,0.7817162432108526,0.0
1475,0.7596238161384228,0.0
1476,0.7524122271317564,0.0
1477,0.7260369397125181,0.0
1478,0.7195265197447308,0.0
1479,0.6948752784093104,0.0
1480,0.7077707990427793,0.0
1481,0.7421148744935294,0.0
1482,0.8112075368527464,0.0
1483,0.8901728582429655,0.0
1484,0.971626832897155,0.0
1485,1.0593171814523492,0.0
1486,1.1251175124229862,0.0
1487,1.193511766472427,0.0
1488,1.2356502417034232,0.0
1489,1.2889915778920236,0.0
1490,1.3493699797034513,0.0
1491,1.384609296529347,0.0
1492,1.4326400960301853,0.0
1493,1.4565236076145105,0.0
1494,1.4893493524931165,0.0
1495,1.5149157102311512,0.0
1496,1.5447966945657063,0.0
1497,1.549445008249955,0.0
1498,1.5608615861830948,0.0
1499,1.5873538822579114,0.0
1500,1.6115068190010104,0.0
1501,1.627745539386815,0.0
1502,1.6139157765766698,0.0
1503,1.566512703155346,0.0
1504,1.51112712258797,0.0
1505,1.4211741979207126,0.0
1506,1.3090809847770697,0.0
1507,1.2047877249427072,0.0
1508,1.1095667427034692,0.0
1509,1.0245054040234984,0.0
1510,0.930392587365347,0.0
1511,0.863967048108634,0.0
1512,0.7917252077223542,0.0
1513,0.7199715374104098,0.0
1514,0.6429755067956914,0.0
1515,0.5916033977216453,0.0
1516,0.5481441284517801,0.0
1517,0.4956752044635211,0.0
1518,0.4450356254762617,0.0
1519,0.4098857656997059,0.0
1520,0.3820446961442434,0.0
1521,0.3501741396543126,0.0
1522,0.3191450531557213,0.0
1523,0.2970584298789708,0.0
1524,0.2855472691790261,0.0
1525,0.280308600997699,0.0
1526,0.3101392021252492,0.0
1527,0.3700197643790719,0.0
1528,0.4507721749134837,0.0
1529,0.567441362579512,0.0
1530,0.6866971987847308,0.0
1531,0.7883766744209842,0.0
1532,0.8645319888241461,0.0
1533,0.9347491118360044,0.0
1534,0.985162964579626,0.0
1535,1.011959098859375,0.0
1536,1.0181044887221262,0.0
1537,1.0341881425479005,0.0
1538,1.0333796443699683,0.0
1539,1.023532889203037,0.0
1540,1.0000348552397271,0.0
1541,0.980803390073691,0.0
1542,0.9531402281606732,0.0
1543,0.9331305691965078,0.0
1544,0.8964700429239042,0.0
1545,0.9001591046920029,0.0
1546,0.9124611649016526,0.0
1547,0.9366805709172308,0.0
1548,0.9932333185586384,0.0
1549,1.0671185442513769,0.0
1550,1.140174166056405,0.0
1551,1.190073877529261,0.0
1552,1.2076105980528422,0.0
1553,1.212787631161925,0.0
1554,1.2049674591550208,0.0
1555,1.2083669581998564,0.0
1556,1.189138200353614,0.0
1557,1.1818657283914753,0.0
1558,1.184093719097466,0.0
1559,1.1977782526067575,0.0
1560,1.232125912470719,0.0
1561,1.250174359332612,0.0
1562,1.284412564506691,0.0
1563,1.3293676713606433,0.0
1564,1.352166775222146,0.0
1565,1.3782726456893204,0.0
1566,1.3715488161220415,0.0
1567,1.3523668875475057,0.0
1568,1.2794395647581756,0.0
1569,1.2176324413489934,0.0
1570,1.1344330170486043,0.0
1571,1.0737210308181555,0.0
1572,1.009033102698509,0.0
1573,0.953900946753354,0.0
1574,0.903885970109596,0.0
1575,0.8584306748087065,0.0
1576,0.8180028616475384,0.0
1577,0.7751491909337316,0.0
1578,0.7368444213849991,0.0
1579,0.7046230544976899,0.0
1580,0.6537514052378149,0.0
1581,0.6273925085049957,0.0
1582,0.583784906007936,0.0
1583,0.5390845144139117,0.0
1584,0.4940476112331683,0.0
1585,0.4607983635141431,0.0
1586,0.4309046023171282,0.0
1587,0.4263710051847082,0.0
1588,0.4245737394938588,0.0
1589,0.4600665729379678,0.0
1590,0.5216270057629351,0.0
1591,0.5992855056170013,0.0
1592,0.7045849251638336,0.0
1593,0.7940400197701785,0.0
1594,0.8829235541455673,0.0
1595,0.9861908997411012,0.0
1596,1.0583309903008895,0.0
1597,1.1233495910155862,0.0
1598,1.180522386314423,0.0
1599,1.2062273066528366,0.0
1600,1.2332022680433694,0.0
1601,1.2463872388131438,0.0
1602,1.258469253447524,0.0
1603,1.2529094517336303,0.0
1604,1.2368826593776348,0.0
1605,1.2191768891289718,0.0
1606,1.2126730264998462,0.0
1607,1.2005608974432247,0.0
1608,1.2071538010292284,0.0
1609,1.2139012193932597,0.0
1610,1.249692533058978,0.0
1611,1.2983768970392315,0.0
1612,1.3514966366618777,0.0
1613,1.365929158582951,0.0
1614,1.3481422889924015,0.0
1615,1.2863036869486992,0.0
1616,1.2277672608372807,0.0
1617,1.148901976235262,0.0
1618,1.083083779492385,0.0
1619,0.9988589360666844,0.0
1620,0.9447520702812544,0.0
1621,0.8795626716567121,0.0
1622,0.8270238316406847,0.0
1623,0.7808942074731877,0.0
1624,0.7341139374871377,0.0
1625,0.7048909507902062,0.0
1626,0.6903484463749457,0.0
1627,0.6619812277110771,0.0
1628,0.6333169233620379,0.0
1629,0.5857780001052892,0.0
1630,0.5481038417448193,0.0
1631,0.5218677426160069,0.0
1632,0.485128605236944,0.0
1633,0.4575399960073928,0.0
1634,0.4304433943948004,0.0
1635,0.4391624313859108,0.0
1636,0.4638073688875858,0.0
1637,0.5223647652566281,0.0
1638,0.6123053265897311,0.0
1639,0.6982379660294533,0.0
1640,0.8012483240340714,0.0
1641,0.9092463028714438,0.0
1642,0.984890068152929,0.0
1643,1.0601210463441906,0.0
1644,1.1199605670122752,0.0
1645,1.1572658589415408,0.0
1646,1.196972423859652,0.0
1647,1.2271442339856395,0.0
1648,1.2491735674053577,0.0
1649,1.2672857873903376,0.0
1650,1.258266931453928,0.0
1651,1.2419610166239508,0.0
1652,1.2401730707750642,0.0
1653,1.2123916948561075,0.0
1654,1.2083237779530878,0.0
1655,1.213660241405176,0.0
1656,1.2270621182523695,0.0
1657,1.2722901112831368,0.0
1658,1.3153538558524818,0.0
1659,1.359921034665505,0.0
1660,1.3706920646981244,0.0
1661,1.3391996677518914,0.0
1662,1.2993975266979796,0.0
1663,1.2271924007468815,0.0
1664,1.1492786044488763,0.0
1665,1.0896361100760117,0.0
1666,1.0172914942981497,0.0
1667,0.9449335500435114,0.0
1668,0.8774252602759148,0.0
1669,0.8239117780997361,0.0
1670,0.7831329114773896,0.0
1671,0.732560682037935,0.0
1672,0.7080537006080521,0.0
1673,0.6752353418014512,0.0
1674,0.6357626170665095,0.0
1675,0.6147429721143025,0.0
1676,0.5787343355821031,0.0
1677,0.5330504161493863,0.0
1678,0.5046144970105386,0.0
1679,0.4596375511092611,0.0
1680,0.432205391583989,0.0
1681,0.4236306847329176,0.0
1682,0.4322338275345442,0.0
1683,0.453918887418517,0.0
1684,0.5079686459609521,0.0
1685,0.5889319876900964,0.0
1686,0.6845496929199923,0.0
1687,0.7947530977820735,0.0
1688,0.8973865351987154,0.0
1689,0.9710907476838254,0.0
1690,1.041039333473368,0.0
1691,1.1022082639849704,0.0
1692,1.1482256928159715,0.0
1693,1.1859108023098552,0.0
1694,1.2094105753805175,0.0
1695,1.239680884422372,0.0
1696,1.2317871007886818,0.0
1697,1.2307832456987111,0.0
1698,1.2251452269831196,0.0
1699,1.2084640501919155,0.0
1700,1.197396102457404,0.0
1701,1.191235074202628,0.0
1702,1.1916530742891411,0.0
1703,1.2047682999333884,0.0
1704,1.2394133943825592,0.0
1705,1.2882696607157884,0.0
1706,1.3363523992361022,0.0
1707,1.3465959168645854,0.0
1708,1.342392070846275,0.0
1709,1.3062107935479932,0.0
1710,1.2241614325588832,0.0
1711,1.168710796907684,0.0
1712,1.0869503871246875,0.0
1713,1.0118615519727845,0.0
1714,0.9476093945271712,0.0
1715,0.9037892875525102,0.0
1716,0.8467878401981064,0.0
1717,0.7991970155408262,0.0
1718,0.755419173998203,0.0
1719,0.7322379177435074,0.0
1720,0.6927453807009077,0.0
1721,0.6817725281836642,0.0
1722,0.6437656989633629,0.0
1723,0.6008268533680157,0.0
1724,0.5738904959010729,0.0
1725,0.5289064639978709,0.0
1726,0.4990736886076594,0.0
1727,0.4617975877201636,0.0
1728,0.4399514206949028,0.0
1729,0.4527405056655695,0.0
1730,0.4753514059913107,0.0
1731,0.5211491571311927,0.0
1732,0.59245512274554,0.0
1733,0.695523363161952,0.0
1734,0.7797157420427205,0.0
1735,0.8858557734538515,0.0
1736,0.9725599224028386,0.0
1737,1.0395020941532376,0.0
1738,1.1133151237848131,0.0
1739,1.171485451281392,0.0
1740,1.2010265018645094,0.0
1741,1.238515702677459,0.0
1742,1.2737848587342633,0.0
1743,1.276600452241056,0.0
1744,1.2704972018761576,0.0
1745,1.2723148237977882,0.0
1746,1.253165686178799,0.0
1747,1.2529160299979312,0.0
1748,1.233957343171598,0.0
1749,1.229254325798333,0.0
1750,1.240945954849613,0.0
1751,1.2845206499618858,0.0
1752,1.3165353437370348,0.0
1753,1.363215172935018,0.0
1754,1.3866793609300794,0.0
1755,1.3643227451078814,0.0
1756,1.3156439070315284,0.0
1757,1.259189463202985,0.0
1758,1.179574722531988,0.0
1759,1.0951810903646142,0.0
1760,1.023345251459279,0.0
1761,0.954420955400703,0.0
1762,0.8877671634603438,0.0
1763,0.8278025006622349,0.0
1764,0.7754990202613372,0.0
1765,0.7301941686607352,0.0
1766,0.6941991110793345,0.0
1767,0.65165810232307,0.0
1768,0.6232308832399313,0.0
1769,0.5868249353742616,0.0
1770,0.5589757347810838,0.0
1771,0.5244678415202486,0.0
1772,0.4807113849461503,0.0
1773,0.4437951495679492,0.0
1774,0.4155207390726713,0.0
1775,0.4039051137259516,0.0
1776,0.4088922576935246,0.0
1777,0.4271960147359325,0.0
1778,0.4740458222863296,0.0
1779,0.5632237774607891,0.0
1780,0.6539849219212563,0.0
1781,0.7739286354832123,0.0
1782,0.8670143162626893,0.0
1783,0.9558537683475604,0.0
1784,1.0192553980450414,0.0
1785,1.0844952462199346,0.0
1786,1.1293621340578517,0.0
1787,1.1745900108506262,0.0
1788,1.193223901622127,0.0
1789,1.21181903469914,0.0
1790,1.2103829031040334,0.0
1791,1.212336682916333,0.0
1792,1.1936806953169965,0.0
1793,1.1732691659355146,0.0
1794,1.1544846081760236,0.0
1795,1.1525561221177194,0.0
1796,1.1503939564460195,0.0
1797,1.1666660235619837,0.0
1798,1.1850741023573477,0.0
1799,1.2408199195640526,0.0
1800,1.3041810807170306,0.0
1801,1.3361339759276751,0.0
1802,1.3345711653269643,0.0
1803,1.3011164198272755,0.0
1804,1.236349760101499,0.0
1805,1.18071414087476,0.0
1806,1.1048723686509911,0.0
1807,1.0508908134901802,0.0
1808,0.9756144759842,0.0
1809,0.9301650890558586,0.0
1810,0.8790925862722431,0.0
1811,0.8392031123433672,0.0
1812,0.8115009854611318,0.0
1813,0.7889708534690687,0.0
1814,0.7555739302086665,0.0
1815,0.7348046865871025,0.0
1816,0.7268483048063982,0.0
1817,0.6853351227674039,0.0
1818,0.636840869483253,0.0
1819,0.6098687957750089,0.0
1820,0.5627304392809018,0.0
1821,0.5237752078380972,0.0
1822,0.5145982043585265,0.0
1823,0.4964926419661689,0.0
1824,0.5085899509635253,0.0
1825,0.5374190548719548,0.0
1826,0.6045965289680242,0.0
1827,0.6805690790640311,0.0
1828,0.7839898540590639,0.0
1829,0.870798298945777,0.0
1830,0.9555173548240086,0.0
1831,1.031614893908579,0.0
1832,1.118350250133594,0.0
1833,1.1833560100380034,0.0
1834,1.2221211871452984,0.0
1835,1.2809332799307334,0.0
1836,1.3019248203425071,0.0
1837,1.3397738012543878,0.0
1838,1.3447595760722757,0.0
1839,1.3355714397168938,0.0
1840,1.3333442233135828,0.0
1841,1.3365301747077332,0.0
1842,1.315990657709838,0.0
1843,1.3153152222230444,0.0
1844,1.3293947386530374,0.0
1845,1.3484185656600427,0.0
1846,1.386967955643558,0.0
1847,1.4262831430417826,0.0
1848,1.436186024760426,0.0
1849,1.4169539432247051,0.0
1850,1.3771671109431043,0.0
1851,1.306806747251459,0.0
1852,1.2084632225538707,0.0
1853,1.1306890415971884,0.0
1854,1.0339295878249255,0.0
1855,0.9699045962673172,0.0
1856,0.8771856838248481,0.0
1857,0.8086536391379575,0.0
1858,0.7525772231286237,0.0
1859,0.7049900440584604,0.0
1860,0.6524874335500922,0.0
1861,0.6107529721025027,0.0
1862,0.5625221953214855,0.0
1863,0.529211884846099,0.0
1864,0.490571693019115,0.0
1865,0.4621826175678238,0.0
1866,0.425701404237998,0.0
1867,0.3983430433910079,0.0
1868,0.3667396879040741,0.0
1869,0.3544861396158776,0.0
1870,0.3458530497015631,0.0
1871,0.3480029832044141,0.0
1872,0.4080090611369026,0.0
1873,0.4877075746517698,0.0
1874,0.59335314319688,0.0
1875,0.6931706629801013,0.0
1876,0.8082351340378197,0.0
1877,0.8971801271605033,0.0
1878,0.961280004197876,0.0
1879,1.0209845094619443,0.0
1880,1.068456507273459,0.0
1881,1.099783195483234,0.0
1882,1.1092887692601625,0.0
1883,1.1198719276409033,0.0
1884,1.1072121885889674,0.0
1885,1.102826271451592,0.0
1886,1.0812688595174105,0.0
1887,1.0715925938029218,0.0
1888,1.040672227590166,0.0
1889,1.0355876929291634,0.0
1890,1.0295437009970685,0.0
1891,1.0265335381945644,0.0
1892,1.0595687083426002,0.0
1893,1.1070382550111764,0.0
1894,1.1665066422059198,0.0
1895,1.2335230230032554,0.0
1896,1.266172924701258,0.0
1897,1.2558958936595508,0.0
1898,1.246097042291053,0.0
1899,1.1960740535912495,0.0
1900,1.16620053638608,0.0
1901,1.1076808790511867,0.0
1902,1.0785873156332944,0.0
1903,1.0398919686493049,0.0
1904,1.006322228033267,0.0
1905,1.009181546035844,0.0
1906,0.9895202717124902,0.0
1907,1.0067084875342307,0.0
1908,1.0162637967916042,0.0
1909,1.0288446901200816,0.0
1910,1.0306340888685526,0.0
1911,0.997819597378306,0.0
1912,0.968165558764487,0.0
1913,0.9090131413527938,0.0
1914,0.8600589574896571,0.0
1915,0.7929406179027538,0.0
1916,0.7489280222493508,0.0
1917,0.7094556693386466,0.0
1918,0.7011930484847867,0.0
1919,0.677586456428437,0.0
1920,0.6908061168400889,0.0
1921,0.7129492423509106,0.0
1922,0.7520554817464522,0.0
1923,0.8007512156875577,0.0
1924,0.8409021374275488,0.0
1925,0.8816479461614009,0.0
1926,0.9089074493048296,0.0
1927,0.9397219732466188,0.0
1928,0.9676145195265606,0.0
1929,0.988970983277623,0.0
1930,1.0059091579408048,0.0
1931,1.061642456581681,0.0
1932,1.1281679064581454,0.0
1933,1.1874242463399312,0.0
1934,1.23866400337098,0.0
1935,1.3032587741386523,0.0
1936,1.336985328704858,0.0
1937,1.374973954576547,0.0
1938,1.4000395561570118,0.0
1939,1.4285415385163718,0.0
1940,1.461212197525415,0.0
1941,1.4948928438112743,0.0
1942,1.5246367119919402,0.0
1943,1.5366926138564048,0.0
1944,1.5517232326149737,0.0
1945,1.5606506522981427,0.0
1946,1.556298494619569,0.0
1947,1.5369753648087106,0.0
1948,1.5141154470148952,0.0
1949,1.4745884037594994,0.0
1950,1.4060618465749768,0.0
1951,1.3283482994148328,0.0
1952,1.2279234256437084,0.0
1953,1.1322312823748486,0.0
1954,1.055512093186366,0.0
1955,0.9609680578363112,0.0
1956,0.8878597293276396,0.0
1957,0.8173372295947825,0.0
1958,0.746918499427121,0.0
1959,0.6795954844840092,0.0
1960,0.6142574506264823,0.0
1961,0.5697520449670627,0.0
1962,0.5161948922848382,0.0
1963,0.4646398635109078,0.0
1964,0.4407825965312509,0.0
1965,0.3909701246672463,0.0
1966,0.3541921434565575,0.0
1967,0.3440412150013306,0.0
1968,0.3065689206348739,0.0
1969,0.289526127538935,0.0
1970,0.2938354905312115,0.0
1971,0.3002220868998752,0.0
1972,0.3636358626749432,0.0
1973,0.4399528648267397,0.0
1974,0.5539350966378339,0.0
1975,0.6672419821938853,0.0
1976,0.7691020846161877,0.0
1977,0.8618263259933124,0.0
1978,0.933108857304596,0.0
1979,0.9795634511844848,0.0
1980,1.0150156822497196,0.0
1981,1.0440721391233356,0.0
1982,1.0479493924117236,0.0
1983,1.0466296181517103,0.0
1984,1.034154804780945,0.0
1985,1.0205218204037978,0.0
1986,1.0020721034842734,0.0
1987,0.9861856497120222,0.0
1988,0.9518574765466672,0.0
1989,0.9427117719557416,0.0
1990,0.9166206432071436,0.0
1991,0.932031183027174,0.0
1992,0.9579013953241492,0.0
1993,1.016711936973309,0.0
1994,1.0890535879688208,0.0
1995,1.1386232639031482,0.0
1996,1.189265717156153,0.0
1997,1.2111042039079951,0.0
1998,1.222486969745381,0.0
1999,1.2192090214894944,0.0
2000,1.1960356611451484,0.0
2001,1.175504489832896,0.0
2002,1.161321786688883,0.0
2003,1.1599790163092143,0.0
2004,1.164450207706393,0.0
2005,1.1820200851620646,0.0
2006,1.202908192648521,0.0
2007,1.2288897372360206,0.0
2008,1.2490717010722547,0.0
2009,1.2805103536127087,0.0
2010,1.3123819065060354,0.0
2011,1.3037946523623545,0.0
2012,1.2792069524367844,0.0
2013,1.2233533035253867,0.0
2014,1.1607034097598077,0.0
2015,1.086831510225945,0.0
2016,1.009281497926355,0.0
2017,0.9590491865138556,0.0
2018,0.911878061661868,0.0
2019,0.8626322701677968,0.0
2020,0.8279792360601945,0.0
2021,0.8022605671646422,0.0
2022,0.7755337211154408,0.0
2023,0.7451431051809164,0.0
2024,0.7245151239336649,0.0
2025,0.7007101045253359,0.0
2026,0.6634502571340859,0.0
2027,0.6107387559597794,0.0
2028,0.5896797333926288,0.0
2029,0.5380614738172551,0.0
2030,0.5096523438250181,0.0
2031,0.4929763943346232,0.0
2032,0.492809664140824,0.0
2033,0.4954627181790759,0.0
2034,0.5612067006867021,0.0
2035,0.6166716453138139,0.0
2036,0.7237693775826669,0.0
2037,0.8034774118529511,0.0
2038,0.89747856954903,0.0
2039,0.9837648388842608,0.0
2040,1.0643845950139157,0.0
2041,1.135870211099245,0.0
2042,1.1950112997488642,0.0
2043,1.2334383816088723,0.0
2044,1.2785390584982774,0.0
2045,1.310322924954599,0.0
2046,1.318354342374082,0.0
2047,1.342746985262924,0.0
2048,1.3231612813225306,0.0
2049,1.3224963044441267,0.0
2050,1.3192111996875933,0.0
2051,1.3050384639648456,0.0
2052,1.299685004138796,0.0
2053,1.3255427869321583,0.0
2054,1.3599833609052527,0.0
2055,1.386263203049328,0.0
2056,1.418148516476205,0.0
2057,1.4390141859523655,0.0
2058,1.3982587064693035,0.0
2059,1.347552136224144,0.0
2060,1.2729341803465288,0.0
2061,1.1837958177283057,0.0
2062,1.095425704356653,0.0
2063,1.0041928544910677,0.0
2064,0.9398334090509736,0.0
2065,0.8648893647602015,0.0
2066,0.7913130215543995,0.0
2067,0.7461498594217583,0.0
2068,0.6957485855136625,0.0
2069,0.6303604105662269,0.0
2070,0.5984266052553565,0.0
2071,0.5571461790611042,0.0
2072,0.5293227591340748,0.0
2073,0.4806932838067362,0.0
2074,0.4531427741431478,0.0
2075,0.4208294854747164,0.0
2076,0.3932854946471245,0.0
2077,0.3587694058993373,0.0
2078,0.3495931128323913,0.0
2079,0.3429195519277758,0.0
2080,0.3769957228271744,0.0
2081,0.4438116233563097,0.0
2082,0.5350660392869854,0.0
2083,0.6292299603500372,0.0
2084,0.7549862226195491,0.0
2085,0.8387313578814204,0.0
2086,0.9304442422742204,0.0
2087,1.0024768741463996,0.0
2088,1.0506887803604192,0.0
2089,1.079882529186575,0.0
2090,1.1023191238264995,0.0
2091,1.1223829622820396,0.0
2092,1.1312581363132503,0.0
2093,1.133774988109694,0.0
2094,1.1095033058366126,0.0
2095,1.0910491735770846,0.0
2096,1.0792629616331189,0.0
2097,1.061135563756974,0.0
2098,1.050435893474629,0.0
2099,1.0377568746572252,0.0
2100,1.0463602331274082,0.0
2101,1.102664761447228,0.0
2102,1.154603107898126,0.0
2103,1.2025317111207994,0.0
2104,1.2541142567663794,0.0
2105,1.2806089882527296,0.0
2106,1.2687177183747256,0.0
2107,1.2311690006318994,0.0
2108,1.1869519197699347,0.0
2109,1.1319314946072163,0.0
2110,1.0845882035836942,0.0
2111,1.0427861438304362,0.0
2112,1.008432288326538,0.0
2113,0.982236477768756,0.0
2114,0.977301440085522,0.0
2115,0.959883616404828,0.0
2116,0.9740299236977124,0.0
2117,0.9688060772193916,0.0
2118,0.9874764863601312,0.0
2119,0.9648858047545892,0.0
2120,0.9476048932141978,0.0
2121,0.8922865279199438,0.0
2122,0.847160598252278,0.0
2123,0.7833688197920384,0.0
2124,0.74520025762125,0.0
2125,0.6976667501118432,0.0
2126,0.6733983063585041,0.0
2127,0.6666938157080505,0.0
2128,0.6658789665885304,0.0
2129,0.6853682971318283,0.0
2130,0.72651698920495,0.0
2131,0.7847339701038759,0.0
2132,0.8276295149233255,0.0
2133,0.8957132508863488,0.0
2134,0.9423921568952,0.0
2135,0.9756067231970456,0.0
2136,1.016810026502036,0.0
2137,1.053940277957929,0.0
2138,1.0845565981300913,0.0
2139,1.1304926422825203,0.0
2140,1.1849365863435706,0.0
2141,1.2451563589438046,0.0
2142,1.3007983537496477,0.0
2143,1.340017024709861,0.0
2144,1.3807667613141137,0.0
2145,1.405751439239296,0.0
2146,1.426422651819195,0.0
2147,1.4328778888375395,0.0
2148,1.4620033756447262,0.0
2149,1.4907058373880575,0.0
2150,1.5179391237598876,0.0
2151,1.548968516025271,0.0
2152,1.5508341555630825,0.0
2153,1.5494178266299383,0.0
2154,1.5109512919163206,0.0
2155,1.479743077226664,0.0
2156,1.426729215119836,0.0
2157,1.3613265582752188,0.0
2158,1.2901506781080614,0.0
2159,1.1910423295290955,0.0
2160,1.103761835220226,0.0
2161,1.009177620925128,0.0
2162,0.9382279146430328,0.0
2163,0.8574494555835245,0.0
2164,0.7804531602461958,0.0
2165,0.7155503545264499,0.0
2166,0.6685658955413829,0.0
2167,0.6138660842275397,0.0
2168,0.5616363875688738,0.0
2169,0.5145274953990567,0.0
2170,0.4533903815821232,0.0
2171,0.4222229228791431,0.0
2172,0.3947268693763291,0.0
2173,0.3634672391030892,0.0
2174,0.3213039228012373,0.0
2175,0.3177709851554771,0.0
2176,0.3081524384282347,0.0
2177,0.2984256265545706,0.0
2178,0.3240484627965105,0.0
2179,0.3911568875418225,0.0
2180,0.4758232178696879,0.0
2181,0.5915452726283562,0.0
2182,0.7135830629731444,0.0
2183,0.8038899886727712,0.0
2184,0.8956739637061091,0.0
2185,0.9646439802507006,0.0
2186,1.010521196946888,0.0
2187,1.0246753359501468,0.0
2188,1.0496558307152228,0.0
2189,1.0497451316483823,0.0
2190,1.0407892716322742,0.0
2191,1.0464148835421494,0.0
2192,1.0199223247940283,0.0
2193,1.0058963988522402,0.0
2194,0.9808029996425484,0.0
2195,0.9502839660445912,0.0
2196,0.9344809548287526,0.0
2197,0.941468528859626,0.0
2198,0.9473035238398982,0.0
2199,0.9777130769519876,0.0
2200,1.0365746690435471,0.0
2201,1.1117210245596951,0.0
2202,1.177285263169986,0.0
2203,1.221641563897904,0.0
2204,1.2162542797811269,0.0
2205,1.219811853517949,0.0
2206,1.191372297614766,0.0
2207,1.183778352784986,0.0
2208,1.1570114107461558,0.0
2209,1.1435904572017046,0.0
2210,1.1494897190690383,0.0
2211,1.1475523480400969,0.0
2212,1.1595366613059623,0.0
2213,1.1916154537660375,0.0
2214,1.2143072762206135,0.0
2215,1.2547464221407385,0.0
2216,1.2647453064713388,0.0
2217,1.282299160293187,0.0
2218,1.2843482351329252,0.0
2219,1.2272739226451983,0.0
2220,1.168583001145168,0.0
2221,1.0983513683035633,0.0
2222,1.037421626600341,0.0
2223,0.9693789084891616,0.0
2224,0.9206209391581156,0.0
2225,0.8584188266546549,0.0
2226,0.8238807786540034,0.0
2227,0.8053452266859445,0.0
2228,0.7949271645994219,0.0
2229,0.7571813510353218,0.0
2230,0.7414449764263873,0.0
2231,0.7168814812135691,0.0
2232,0.699168333281899,0.0
2233,0.6618542994043871,0.0
2234,0.6163050164041913,0.0
2235,0.5919065794360832,0.0
2236,0.5489218981559094,0.0
2237,0.5312208284116972,0.0
2238,0.5138419699469012,0.0
2239,0.5344446713648251,0.0
2240,0.5705500909293426,0.0
2241,0.6280729138483357,0.0
2242,0.709281796204199,0.0
2243,0.8026492814456928,0.0
2244,0.8945040805512594,0.0
2245,0.9846546903927652,0.0
2246,1.057140860613963,0.0
2247,1.1448019845489332,0.0
2248,1.1957071144361344,0.0
2249,1.244247229179049,0.0
2250,1.3024469449129512,0.0
2251,1.3342402177606745,0.0
2252,1.3430197385470202,0.0
2253,1.3609466068002556,0.0
2254,1.3807597062730377,0.0
2255,1.3676227617235317,0.0
2256,1.3580936988077468,0.0
2257,1.3476024557201478,0.0
2258,1.3574926163885852,0.0
2259,1.376494804576657,0.0
2260,1.3982848762204974,0.0
2261,1.4257841425387947,0.0
2262,1.4647145349639366,0.0
2263,1.47413376333628,0.0
2264,1.435687941494729,0.0
2265,1.3727480609304437,0.0
2266,1.290139125773163,0.0
2267,1.1969054163458477,0.0
2268,1.1148997639513978,0.0
2269,1.0230198185416453,0.0
2270,0.9485713926351028,0.0
2271,0.8757570098180765,0.0
2272,0.8043294098762832,0.0
2273,0.7371296910983722,0.0
2274,0.6718393241298324,0.0
2275,0.6379836038963875,0.0
2276,0.5867840038899802,0.0
2277,0.5389078321248812,0.0
2278,0.5085415181728714,0.0
2279,0.4686331309582432,0.0
2280,0.4215411594961638,0.0
2281,0.4006542977127781,0.0
2282,0.3699461309540942,0.0
2283,0.3522389232834318,0.0
2284,0.321975483170503,0.0
2285,0.3303720691505459,0.0
2286,0.3535596493029794,0.0
2287,0.4079680385656096,0.0
2288,0.4856924557393869,0.0
2289,0.6011237418730521,0.0
2290,0.711897910443872,0.0
2291,0.8179378549564292,0.0
2292,0.8975766548675473,0.0
2293,0.9696980555498566,0.0
2294,1.0300588341983772,0.0
2295,1.0623444008324487,0.0
2296,1.0860491434216315,0.0
2297,1.097613233596388,0.0
2298,1.1027279176965268,0.0
2299,1.0949178677579885,0.0
2300,1.080817381020011,0.0
2301,1.0610048974198565,0.0
2302,1.0409167686680052,0.0
2303,1.0053940035643842,0.0
2304,1.0018765413712536,0.0
2305,0.9955488888671148,0.0
2306,1.0080994563423655,0.0
2307,1.0434146997250473,0.0
2308,1.1022976881172468,0.0
2309,1.1627115427796224,0.0
2310,1.214090247583701,0.0
2311,1.2369198513615176,0.0
2312,1.2554434837902115,0.0
2313,1.2230704675998474,0.0
2314,1.190391916678056,0.0
2315,1.1600320563417292,0.0
2316,1.1354484996241894,0.0
2317,1.100084021328635,0.0
2318,1.075706617265132,0.0
2319,1.058593810150944,0.0
2320,1.052629131208656,0.0
2321,1.0550432886581076,0.0
2322,1.0781149662211251,0.0
2323,1.0991994071899356,0.0
2324,1.1010481184374483,0.0
2325,1.1208076291371143,0.0
2326,1.0991034118217242,0.0
2327,1.050020807755446,0.0
2328,1.004382779193926,0.0
2329,0.936457919472883,0.0
2330,0.865140488233718,0.0
2331,0.8253061891174973,0.0
2332,0.7836309003365347,0.0
2333,0.7564278323284349,0.0
2334,0.7396202521835538,0.0
2335,0.7263989978869535,0.0
2336,0.7542259162479316,0.0
2337,0.7551262101153274,0.0
2338,0.7835595944842056,0.0
2339,0.7983725635528325,0.0
2340,0.8154386345721196,0.0
2341,0.8054074279167779,0.0
2342,0.8146665237249288,0.0
2343,0.792522359226067,0.0
2344,0.7915544544232216,0.0
2345,0.7955676757298019,0.0
2346,0.8313329806912994,0.0
2347,0.8952877001431211,0.0
2348,0.9640800988500512,0.0
2349,1.043885468744531,0.0
2350,1.1170676094129908,0.0
2351,1.1836849496203374,0.0
2352,1.233571556443225,0.0
2353,1.280965432359738,0.0
2354,1.319166128533315,0.0
2355,1.373893520498244,0.0
2356,1.4090453598467412,0.0
2357,1.442791735318681,0.0
2358,1.482048313706118,0.0
2359,1.515252502111924,0.0
2360,1.5471296054896142,0.0
2361,1.5632108260624715,0.0
2362,1.5810033224360471,0.0
2363,1.6065283208974186,0.0
2364,1.6275871585030164,0.0
2365,1.648655899874692,0.0
2366,1.627448973308398,0.0
2367,1.592481295202286,0.0
2368,1.5393103327409947,0.0
2369,1.443244534713645,0.0
2370,1.3378995978896429,0.0
2371,1.2424713552361712,0.0
2372,1.1426889106873577,0.0
2373,1.0509413120448154,0.0
2374,0.9641555198048268,0.0
2375,0.885935803126213,0.0
2376,0.805085150844608,0.0
2377,0.7280571113609758,0.0
2378,0.673087520818268,0.0
2379,0.605836319731478,0.0
2380,0.5627413599171001,0.0
2381,0.5030097314970592,0.0
2382,0.4541782759083444,0.0
2383,0.4300597786862179,0.0
2384,0.3768918750649475,0.0
2385,0.3504973895639574,0.0
2386,0.3164021485090163,0.0
2387,0.3016962040550845,0.0
2388,0.2822052361792626,0.0
2389,0.283500005732245,0.0
2390,0.2916382683488118,0.0
2391,0.3284384835044541,0.0
2392,0.4141891102955398,0.0
2393,0.5294745185218783,0.0
2394,0.6578467541915226,0.0
2395,0.7561850525864587,0.0
2396,0.8456574024974524,0.0
2397,0.916110804736064,0.0
2398,0.9708699940414002,0.0
2399,0.9989580312752212,0.0
2400,1.014073888626466,0.0
2401,1.0246349088161302,0.0
2402,1.028594587017884,0.0
2403,1.0093177505447244,0.0
2404,0.9994296014033952,0.0
2405,0.9742849069632016,0.0
2406,0.9600306823425004,0.0
2407,0.9352793104194304,0.0
2408,0.8990315871768949,0.0
2409,0.9005436739593017,0.0
2410,0.9024458653778136,0.0
2411,0.9194257161474542,0.0
2412,0.9793537907451372,0.0
2413,1.0531757589958026,0.0
2414,1.122989517668512,0.0
2415,1.170331931335079,0.0
2416,1.2006641372758675,0.0
2417,1.2187882970745454,0.0
2418,1.2049006780958995,0.0
2419,1.2018923581842114,0.0
2420,1.1926740469658246,0.0
2421,1.1823055593699472,0.0
2422,1.181534079074612,0.0
2423,1.208843160096154,0.0
2424,1.2215992174775836,0.0
2425,1.2486126694555266,0.0
2426,1.2746718334231402,0.0
2427,1.3182577926911327,0.0
2428,1.356116363407678,0.0
2429,1.3804053735129267,0.0
2430,1.393819933871331,0.0
2431,1.369078939551029,0.0
2432,1.3268874098142092,0.0
2433,1.2440779683168262,0.0
2434,1.1666987868043506,0.0
2435,1.0919244899534617,0.0
2436,1.022789358540446,0.0
2437,0.9748980613359136,0.0
2438,0.9251522011614246,0.0
2439,0.8696366203474276,0.0
2440,0.8370774657870211,0.0
2441,0.7864551025601454,0.0
2442,0.75276000737419,0.0
2443,0.7234408794360389,0.0
2444,0.6775861655819968,0.0
2445,0.624075013225193,0.0
2446,0.58773863401752,0.0
2447,0.5490258698179332,0.0
2448,0.4975300993117144,0.0
2449,0.4603935564766372,0.0
2450,0.4309284838095831,0.0
2451,0.425429502925875,0.0
2452,0.4118578625499196,0.0
2453,0.4344084975662936,0.0
2454,0.4831124090227476,0.0
2455,0.566050486846484,0.0
2456,0.6446498236110033,0.0
2457,0.7417410808724139,0.0
2458,0.8431282400073852,0.0
2459,0.9311769880141382,0.0
2460,1.0130174131983611,0.0
2461,1.0934641693601268,0.0
2462,1.149742807255115,0.0
2463,1.1971532221111705,0.0
2464,1.2254619323335345,0.0
2465,1.2480247113308445,0.0
2466,1.2405807929206196,0.0
2467,1.2439152646721,0.0
2468,1.2404541643808762,0.0
2469,1.2256535104123671,0.0
2470,1.2023894063717544,0.0
2471,1.1924237271235496,0.0
2472,1.1860052370384178,0.0
2473,1.2012476811549255,0.0
2474,1.2225148861451574,0.0
2475,1.2671266670814028,0.0
2476,1.3215854807157963,0.0
2477,1.3594735753446634,0.0
2478,1.3451841999355876,0.0
2479,1.3187544456107736,0.0
2480,1.254687809179902,0.0
2481,1.1773998021699648,0.0
2482,1.1045244346905816,0.0
2483,1.0456003660584374,0.0
2484,0.9737344677608014,0.0
2485,0.911666617936901,0.0
2486,0.8496808423875373,0.0
2487,0.8025829720307676,0.0
2488,0.7566783322988563,0.0
2489,0.7342114282162328,0.0
2490,0.7159174051841897,0.0
2491,0.6784743784396207,0.0
2492,0.6491280772191604,0.0
2493,0.6301061630993143,0.0
2494,0.579642140711495,0.0
2495,0.552203605624389,0.0
2496,0.505715243644635,0.0
2497,0.4721768096090826,0.0
2498,0.4533245221722649,0.0
2499,0.4476884904945625,0.0
2500,0.467623038692007,0.0
2501,0.4978224945782722,0.0
2502,0.5754069643285892,0.0
2503,0.6646677940071334,0.0
2504,0.7711483978993269,0.0
2505,0.8618463905040714,0.0
2506,0.957446112479987,0.0
2507,1.0262818161228,0.0
2508,1.1011446316844036,0.0
2509,1.1573102567809834,0.0
2510,1.2026934665505278,0.0
2511,1.236963026954879,0.0
2512,1.2645600570903754,0.0
2513,1.2756023205168927,0.0
2514,1.273011960199948,0.0
2515,1.2713739529041084,0.0
2516,1.255107758258467,0.0
2517,1.2522480631394,0.0
2518,1.239786145190013,0.0
2519,1.2325018691001806,0.0
2520,1.2437363620439816,0.0
2521,1.271869406571538,0.0
2522,1.314963913827857,0.0
2523,1.3576206820394268,0.0
2524,1.384844443137128,0.0
2525,1.3820368058773995,0.0
2526,1.332793315207165,0.0
2527,1.2696353114211794,0.0
2528,1.1981251885259383,0.0
2529,1.1090815141286254,0.0
2530,1.0393256176108798,0.0
2531,0.9641355191353876,0.0
2532,0.8962152798436662,0.0
2533,0.83264170212676,0.0
2534,0.7905626927532481,0.0
2535,0.7314615281074838,0.0
2536,0.7018483062247404,0.0
2537,0.6565541323587298,0.0
2538,0.6257121347533762,0.0
2539,0.5927721145424772,0.0
2540,0.5710593920698421,0.0
2541,0.5301159208567738,0.0
2542,0.4901447109639403,0.0
2543,0.4519206476165401,0.0
2544,0.4342011248435943,0.0
2545,0.4069431654807162,0.0
2546,0.4001140804110076,0.0
2547,0.4223726553605451,0.0
2548,0.4524674830032182,0.0
2549,0.5284147776140636,0.0
2550,0.625276639288602,0.0
2551,0.742382381362181,0.0
2552,0.8505580285091432,0.0
2553,0.9280091583269016,0.0
2554,1.00525330154015,0.0
2555,1.0762546708419125,0.0
2556,1.1162765017312375,0.0
2557,1.153934207067678,0.0
2558,1.1911133571917565,0.0
2559,1.1923025143629675,0.0
2560,1.2145103944437772,0.0
2561,1.1994923853671642,0.0
2562,1.1942700527517505,0.0
2563,1.1825079266514116,0.0
2564,1.1564528650392765,0.0
2565,1.1562245427456492,0.0
2566,1.142904156664267,0.0
2567,1.1482322388040842,0.0
2568,1.1880038878267811,0.0
2569,1.2303602704000545,0.0
2570,1.2739996175847523,0.0
2571,1.3301792657217812,0.0
2572,1.3304447080674808,0.0
2573,1.2967543303755469,0.0
2574,1.2471846546819754,0.0
2575,1.1940679752995966,0.0
2576,1.1323507667358557,0.0
2577,1.05661303680158,0.0
2578,0.9944924281012928,0.0
2579,0.9473412728057076,0.0
2580,0.8927993075965753,0.0
2581,0.8575045930735029,0.0
2582,0.8145742395641276,0.0
2583,0.7897090837160853,0.0
2584,0.7815164992652855,0.0
2585,0.7541481758161822,0.0
2586,0.7294227775815892,0.0
2587,0.6939505610830926,0.0
2588,0.6629594805495205,0.0
2589,0.6163194458485879,0.0
2590,0.5803127405257453,0.0
2591,0.5370054186029374,0.0
2592,0.5252205937740883,0.0
2593,0.5088422409610751,0.0
2594,0.5111151315296625,0.0
2595,0.5410950330216941,0.0
2596,0.5967248753312372,0.0
2597,0.6597873812638525,0.0
2598,0.7545196895005923,0.0
2599,0.8562359530921932,0.0
2600,0.9344591217105136,0.0
2601,1.025591345998233,0.0
2602,1.0883156282901552,0.0
2603,1.1586835254836,0.0
2604,1.2174559387018795,0.0
2605,1.268618062452918,0.0
2606,1.3116178961726594,0.0
2607,1.3341333760669911,0.0
2608,1.3477462842084875,0.0
2609,1.3501863649747667,0.0
2610,1.348092748640589,0.0
2611,1.3412001609732642,0.0
2612,1.3260160274542976,0.0
2613,1.3273218313446304,0.0
2614,1.3323831370151615,0.0
2615,1.3661668119662538,0.0
2616,1.3938638727660135,0.0
2617,1.4257868903922983,0.0
2618,1.460848585163505,0.0
2619,1.444386840623014,0.0
2620,1.4012663839457062,0.0
2621,1.331112637162459,0.0
2622,1.2417530575055569,0.0
2623,1.1533569515471531,0.0
2624,1.0674199557737936,0.0
2625,0.9916662239240628,0.0
2626,0.913761392533681,0.0
2627,0.8247171357885783,0.0
2628,0.771292246621202,0.0
2629,0.7120087799502981,0.0
2630,0.6594263271072233,0.0
2631,0.6056709386893195,0.0
2632,0.5721239216592306,0.0
2633,0.5339807742118633,0.0
2634,0.4923860628406885,0.0
2635,0.4669961182539831,0.0
2636,0.4278633712954413,0.0
2637,0.3855086003158081,0.0
2638,0.3643509151347679,0.0
2639,0.3524345557402353,0.0
2640,0.3325639154449265,0.0
2641,0.3534920103757847,0.0
2642,0.3915342851069743,0.0
2643,0.4536523543716664,0.0
2644,0.5552230860340097,0.0
2645,0.67491312296749,0.0
2646,0.7818134015690275,0.0
2647,0.8605991914491116,0.0
2648,0.9454534469054764,0.0
2649,0.998376889102172,0.0
2650,1.045074999814628,0.0
2651,1.082788383341222,0.0
2652,1.0927624663421731,0.0
2653,1.1076173479805222,0.0
2654,1.1047294400125862,0.0
2655,1.094393443350708,0.0
2656,1.0850875689826136,0.0
2657,1.0624718289581705,0.0
2658,1.0544416154194114,0.0
2659,1.0339780463572794,0.0
2660,1.0129827048638878,0.0
2661,1.0143037756941686,0.0
2662,1.0479669792758617,0.0
2663,1.084092392798019,0.0
2664,1.1445182320418157,0.0
2665,1.213543890648361,0.0
2666,1.2516866794292891,0.0
2667,1.2506083419189509,0.0
2668,1.23886945790215,0.0
2669,1.2172550375498186,0.0
2670,1.163966996059305,0.0
2671,1.1224686048847352,0.0
2672,1.089095458149746,0.0
2673,1.0604785147311344,0.0
2674,1.037994160162759,0.0
2675,1.0156173989693276,0.0
2676,1.0097465959652363,0.0
2677,1.017668635967525,0.0
2678,1.0236114521228197,0.0
2679,1.0381526181386322,0.0
2680,1.042987770193687,0.0
2681,1.0472540676775828,0.0
2682,1.008186854975425,0.0
2683,0.9529252436953162,0.0
2684,0.8970152994669703,0.0
2685,0.832600190424615,0.0
2686,0.7955574096491966,0.0
2687,0.7514274366530735,0.0
2688,0.7105000552731585,0.0
2689,0.7055921011878132,0.0
2690,0.6959236401617552,0.0
2691,0.7195833628369521,0.0
2692,0.7579509979410386,0.0
2693,0.7800163385878867,0.0
2694,0.8162871386192226,0.0
2695,0.8478012133993554,0.0
2696,0.8834007229448242,0.0
2697,0.8922991698646165,0.0
2698,0.9052008521635015,0.0
2699,0.9146641977397106,0.0
2700,0.9294589276122264,0.0
2701,0.9784087779636356,0.0
2702,1.0310335432985185,0.0
2703,1.1075592862527448,0.0
2704,1.166932181008859,0.0
2705,1.2161068469208665,0.0
2706,1.2797235189954757,0.0
2707,1.3210895669937264,0.0
2708,1.3485199491108633,0.0
2709,1.382038398847794,0.0
2710,1.4163065175343796,0.0
2711,1.4643952690117938,0.0
2712,1.4927055031411118,0.0
2713,1.5132271998591929,0.0
2714,1.5382195938629433,0.0
2715,1.551568278937678,0.0
2716,1.5620415815775908,0.0
2717,1.577907089387906,0.0
2718,1.5705121676743354,0.0
2719,1.5540534420612988,0.0
2720,1.5390369525359844,0.0
2721,1.4805536736291014,0.0
2722,1.3995075397776648,0.0
2723,1.3070455944908528,0.0
2724,1.1997236356487615,0.0
2725,1.1114309714959396,0.0
2726,1.025514740241288,0.0
2727,0.9436903597013476,0.0
2728,0.8580859248590493,0.0
2729,0.7977392936773942,0.0
2730,0.7262655627866739,0.0
2731,0.6488627917236051,0.0
2732,0.602178611402417,0.0
2733,0.5558632346432654,0.0
2734,0.5037737946955997,0.0
2735,0.4626908761784644,0.0
2736,0.4249309788656362,0.0
2737,0.3843596480888341,0.0
2738,0.3412861236230896,0.0
2739,0.3275030982993097,0.0
2740,0.3002774819334556,0.0
2741,0.2861216498333672,0.0
2742,0.2980422873306462,0.0
2743,0.3167792025788992,0.0
2744,0.3614375564126064,0.0
2745,0.4713519003823739,0.0
2746,0.5811186370785135,0.0
2747,0.6943287303286417,0.0
2748,0.7885144848169604,0.0
2749,0.8805173418101699,0.0
2750,0.9353949798759784,0.0
2751,0.9949553703651236,0.0
2752,1.015480887216325,0.0
2753,1.0428502383150895,0.0
2754,1.0445315050733437,0.0
2755,1.0467034829075763,0.0
2756,1.0245211259073497,0.0
2757,1.0150194522540623,0.0
2758,0.9764277163139512,0.0
2759,0.9678791238464728,0.0
2760,0.9397297403934974,0.0
2761,0.9225362182016712,0.0
2762,0.90540044262186,0.0
2763,0.9283861032356322,0.0
2764,0.9515252470948083,0.0
2765,1.0120061231233863,0.0
2766,1.094654215536816,0.0
2767,1.1583169180238502,0.0
2768,1.2011589366180335,0.0
2769,1.220948484267431,0.0
2770,1.224406152942647,0.0
2771,1.216829939619006,0.0
2772,1.2006025841256776,0.0
2773,1.1716387205014098,0.0
2774,1.1789541180633876,0.0
2775,1.160339856634304,0.0
2776,1.1707061157941494,0.0
2777,1.191613464767392,0.0
2778,1.2325934983140716,0.0
2779,1.2496637083435589,0.0
2780,1.2894071225057453,0.0
2781,1.3286501576489544,0.0
2782,1.340101572968638,0.0
2783,1.3304523386506235,0.0
2784,1.3114729511503709,0.0
2785,1.2438617380894776,0.0
2786,1.1677332361307031,0.0
2787,1.1008812409174962,0.0
2788,1.0343416387149729,0.0
2789,0.9664814396606758,0.0
2790,0.9141643459365048,0.0
2791,0.8803966284107747,0.0
2792,0.8296316095833263,0.0
2793,0.8132963293808579,0.0
2794,0.7680146347168285,0.0
2795,0.7354406070560934,0.0
2796,0.718248801136294,0.0
2797,0.6642120595758854,0.0
2798,0.636113737059248,0.0
2799,0.5986622702562526,0.0
2800,0.551367462622309,0.0
2801,0.508085174783093,0.0
2802,0.4753452479291831,0.0
2803,0.4579464542077444,0.0
2804,0.4549334543208308,0.0
2805,0.4727503614710606,0.0
2806,0.5204803897832899,0.0
2807,0.5883069610306,0.0
2808,0.6759717065479678,0.0
2809,0.7796076122555272,0.0
2810,0.8776906168532287,0.0
2811,0.9518293790823708,0.0
2812,1.029234962938497,0.0
2813,1.1106411057667824,0.0
2814,1.16678616118442,0.0
2815,1.2266878218972168,0.0
2816,1.2500609961673936,0.0
2817,1.276885978843199,0.0
2818,1.2995379063331327,0.0
2819,1.291000637012478,0.0
2820,1.2974032164052705,0.0
2821,1.2776491812561257,0.0
2822,1.2752853571733471,0.0
2823,1.265317546383519,0.0
2824,1.2634568535755808,0.0
2825,1.2672149315724963,0.0
2826,1.2995761059063091,0.0
2827,1.3378066459256508,0.0
2828,1.3835194358205134,0.0
2829,1.4012646273474905,0.0
2830,1.3871269958621253,0.0
2831,1.3378224579563374,0.0
2832,1.2762652333689826,0.0
2833,1.1887370597144136,0.0
2834,1.1138788237601631,0.0
2835,1.0271954772157734,0.0
2836,0.9568866736080032,0.0
2837,0.8914343765298919,0.0
2838,0.826467379201612,0.0
2839,0.7696897921166401,0.0
2840,0.7152164508887324,0.0
2841,0.6831437258371302,0.0
2842,0.6366708914680467,0.0
2843,0.6096398845303362,0.0
2844,0.5643191749924535,0.0
2845,0.5413681831135871,0.0
2846,0.5039350404405851,0.0
2847,0.4717932896309588,0.0
2848,0.4357572696617012,0.0
2849,0.4053968462368836,0.0
2850,0.3861137695433494,0.0
2851,0.3729782148889229,0.0
2852,0.399304131429724,0.0
2853,0.450059412229887,0.0
2854,0.5354736146046971,0.0
2855,0.6294938149303796,0.0
2856,0.7450522120680675,0.0
2857,0.8331381164897848,0.0
2858,0.9276763905175696,0.0
2859,0.9987004266976208,0.0
2860,1.061328717957652,0.0
2861,1.1087775692891713,0.0
2862,1.1485940007362672,0.0
2863,1.172480088143348,0.0
2864,1.1696324927209394,0.0
2865,1.1831333506586406,0.0
2866,1.1640731403806284,0.0
2867,1.1503109781244367,0.0
2868,1.1484705259614163,0.0
2869,1.1311617226320168,0.0
2870,1.1144511775260926,0.0
2871,1.0969405125879437,0.0
2872,1.1251819032024473,0.0
2873,1.140091359490406,0.0
2874,1.2057518062897998,0.0
2875,1.2543031476324338,0.0
2876,1.3060047638369685,0.0
2877,1.3037951188442034,0.0
2878,1.2946176102659894,0.0
2879,1.2411897462151358,0.0
2880,1.1771871500138602,0.0
2881,1.1302813559278828,0.0
2882,1.0758093821049897,0.0
2883,1.0097074221679114,0.0
2884,0.9713578795092968,0.0
2885,0.9208158015233324,0.0
2886,0.8955059759030009,0.0
2887,0.8687541221460185,0.0
2888,0.8459244075875162,0.0
2889,0.8368569418531182,0.0
2890,0.8324539237366076,0.0
2891,0.803224390508186,0.0
2892,0.7851525753243684,0.0
2893,0.7326792754254523,0.0
2894,0.7009494853438276,0.0
2895,0.6372995624840997,0.0
2896,0.610614094947308,0.0
2897,0.5661173084563462,0.0
2898,0.5536043312694695,0.0
2899,0.5625187479933754,0.0
2900,0.5758109891573506,0.0
2901,0.6227757497682358,0.0
2902,0.6892361721885242,0.0
2903,0.7718284202118131,0.0
2904,0.853120839533565,0.0
2905,0.945105089596197,0.0
2906,1.0200458810855837,0.0
2907,1.096456724307186,0.0
2908,1.1614782184637529,0.0
2909,1.213868538074956,0.0
2910,1.2818285509161575,0.0
2911,1.3267266298439602,0.0
2912,1.3640541865839966,0.0
2913,1.3913833420156083,0.0
2914,1.4067657978478048,0.0
2915,1.3998583334635952,0.0
2916,1.417505625542398,0.0
2917,1.3974305960495126,0.0
2918,1.397645364716892,0.0
2919,1.4147860910208678,0.0
2920,1.43987767110898,0.0
2921,1.4587272866668397,0.0
2922,1.4963884240946093,0.0
2923,1.514941691032983,0.0
2924,1.491926631771579,0.0
2925,1.4473166812465104,0.0
2926,1.3703714616712857,0.0
2927,1.286652538721776,0.0
2928,1.1980272295923886,0.0
2929,1.1042117172248478,0.0
2930,1.0200837327968362,0.0
2931,0.9232507307157743,0.0
2932,0.8589229145526773,0.0
2933,0.7858188065553173,0.0
2934,0.7119809919014459,0.0
2935,0.6549116921902846,0.0
2936,0.6068350487484501,0.0
2937,0.5590036107453511,0.0
2938,0.5125480227323728,0.0
2939,0.4679927767841483,0.0
2940,0.4286683322667163,0.0
2941,0.4070211056854827,0.0
2942,0.3634975424489702,0.0
2943,0.3389886885526356,0.0
2944,0.3268798139843478,0.0
2945,0.2979675800296813,0.0
2946,0.3174712721561311,0.0
2947,0.3456422551048363,0.0
2948,0.4060084990414886,0.0
2949,0.4881623834924851,0.0
2950,0.6031997188543042,0.0
2951,0.7310645999994251,0.0
2952,0.814875999859211,0.0
2953,0.9072353838871816,0.0
2954,0.9725352880938916,0.0
2955,1.0111471624556456,0.0
2956,1.0483126845369606,0.0
2957,1.0518512171849552,0.0
2958,1.0593359091106052,0.0
2959,1.0707817165149651,0.0
2960,1.0470433210554533,0.0
2961,1.0401940518964017,0.0
2962,1.017407854242329,0.0
2963,0.9979358175502984,0.0
2964,0.97306590309126,0.0
2965,0.9622533049826764,0.0
2966,0.9586847590729948,0.0
2967,0.961301434206886,0.0
2968,1.012723116860391,0.0
2969,1.067329632779671,0.0
2970,1.1361890982321812,0.0
2971,1.1921429583859355,0.0
2972,1.232588724577011,0.0
2973,1.2354318591576927,0.0
2974,1.2310183267943855,0.0
2975,1.197046707935329,0.0
2976,1.1673579504122564,0.0
2977,1.1543403807663315,0.0
2978,1.1268993024365792,0.0
2979,1.1247938739457053,0.0
2980,1.113105689792462,0.0
2981,1.1192447948003654,0.0
2982,1.1388562313508457,0.0
2983,1.161685983347676,0.0
2984,1.1924195508988082,0.0
2985,1.214259292405564,0.0
2986,1.2362549569359396,0.0
2987,1.2227240425930084,0.0
2988,1.1722656903474216,0.0
2989,1.1092528200352851,0.0
2990,1.0352844689352665,0.0
2991,0.970196566792924,0.0
2992,0.9048798608332214,0.0
2993,0.874311769451067,0.0
2994,0.8294247836073191,0.0
2995,0.7995007220746586,0.0
2996,0.7762903467491079,0.0
2997,0.7802336565305047,0.0
2998,0.7737713379934194,0.0
2999,0.7485253847040502,0.0
3000,0.7483708517862095,0.0
3001,0.7233856955984548,0.0
3002,0.7034734143430178,0.0
3003,0.6815795587015975,0.0
3004,0.6467388486068111,0.0
3005,0.6215300629816035,0.0
3006,0.6067929043098995,0.0
3007,0.5992605691513505,0.0
3008,0.6334606627946153,0.0
3009,0.6806472315665785,0.0
3010,0.7571380457172633,0.0
3011,0.8527462478602027,0.0
3012,0.9409008850378168,0.0
3013,1.01428426924007,0.0
3014,1.0917678366131522,0.0
3015,1.1578684914785138,0.0
3016,1.2285357621762267,0.0
3017,1.27979800273697,0.0
3018,1.3325459073732284,0.0
3019,1.3679050342355843,0.0
3020,1.3927544130538931,0.0
3021,1.4202203926829025,0.0
3022,1.4450964436376583,0.0
3023,1.4486978144443017,0.0
3024,1.4608041575646424,0.0
3025,1.457159408381795,0.0
3026,1.4657591285445586,0.0
3027,1.4856832799467563,0.0
3028,1.5097519642440984,0.0
3029,1.5322100714880007,0.0
3030,1.543597413537553,0.0
3031,1.5205285717271233,0.0
3032,1.4772534794391514,0.0
3033,1.399896774739247,0.0
3034,1.298835901470946,0.0
3035,1.208331674781359,0.0
3036,1.1149396484205096,0.0
3037,1.0182445887060547,0.0
3038,0.9363893847535142,0.0
3039,0.8510021527141414,0.0
3040,0.7793387168827377,0.0
3041,0.7277462680458122,0.0
3042,0.6647503563870453,0.0
3043,0.6004742639840425,0.0
3044,0.5484818085788276,0.0
3045,0.5054948516874965,0.0
3046,0.464762046897327,0.0
3047,0.4200705623726288,0.0
3048,0.3858414856601764,0.0
3049,0.3510921387221326,0.0
3050,0.3279043805824228,0.0
3051,0.3057180015948277,0.0
3052,0.293351475690139,0.0
3053,0.292614892110785,0.0
3054,0.3101189070203308,0.0
3055,0.3830963009212365,0.0
3056,0.4698176439168284,0.0
3057,0.5861780631702622,0.0
3058,0.7021453148270798,0.0
3059,0.804912981704762,0.0
3060,0.8904071621302092,0.0
3061,0.9480345882700406,0.0
3062,0.9891139202192104,0.0
3063,1.019236616902962,0.0
3064,1.045886840039472,0.0
3065,1.0521517123487272,0.0
3066,1.0392530683677406,0.0
3067,1.0310824851193945,0.0
3068,1.014556843589001,0.0
3069,0.9965247216010188,0.0
3070,0.9777365439245448,0.0
3071,0.9619108181875616,0.0
3072,0.9337784172633128,0.0
3073,0.9225726606721176,0.0
3074,0.9425102762366646,0.0
3075,0.9807709723568816,0.0
3076,1.0357562010850423,0.0
3077,1.105118388461879,0.0
3078,1.1605279315481225,0.0
3079,1.201459340265156,0.0
3080,1.2344540251128109,0.0
3081,1.2117897760810123,0.0
3082,1.1986737267555108,0.0
3083,1.1816954757252438,0.0
3084,1.1764733559402358,0.0
3085,1.1647986249423496,0.0
3086,1.1584358622491944,0.0
3087,1.144874133949467,0.0
3088,1.169920599855159,0.0
3089,1.1890273655063768,0.0
3090,1.2245099407750597,0.0
3091,1.2476657736143204,0.0
3092,1.2933792475117727,0.0
3093,1.3102978336925335,0.0
3094,1.291963799636177,0.0
3095,1.248355115384748,0.0
3096,1.18689489184805,0.0
3097,1.1159013009901275,0.0
3098,1.0588315305819092,0.0
3099,0.990361828457813,0.0
3100,0.9309216454115756,0.0
3101,0.8735315684379773,0.0
3102,0.834515083879627,0.0
3103,0.8069792824269906,0.0
3104,0.7864018677140101,0.0
3105,0.7605436827807117,0.0
3106,0.7459048851525991,0.0
3107,0.7230254840531627,0.0
3108,0.687659731026886,0.0
3109,0.6611728779452749,0.0
3110,0.6232283492341697,0.0
3111,0.5785537707957455,0.0
3112,0.5370502758488443,0.0
3113,0.5104133833348753,0.0
3114,0.5040727884855276,0.0
3115,0.5023899785093762,0.0
3116,0.5406508936067053,0.0
3117,0.5844685273830177,0.0
3118,0.682609028547202,0.0
3119,0.7717035486691337,0.0
3120,0.8531295075602596,0.0
3121,0.9522394158248186,0.0
3122,1.032706028197267,0.0
3123,1.096648218412439,0.0
3124,1.1760864157488518,0.0
3125,1.2337788091573298,0.0
3126,1.2629570022219123,0.0
3127,1.2977498512105292,0.0
3128,1.324096408745457,0.0
3129,1.3397338519133,0.0
3130,1.354283894223072,0.0
3131,1.357336519207104,0.0
3132,1.3420563214086068,0.0
3133,1.3344981672931204,0.0
3134,1.3243247390421184,0.0
3135,1.34283645339727,0.0
3136,1.3601322938932947,0.0
3137,1.3976105505429413,0.0
3138,1.4303542297372958,0.0
3139,1.4615789385547195,0.0
3140,1.426958574606202,0.0
3141,1.392775760383781,0.0
3142,1.3066733168490698,0.0
3143,1.2207546841463115,0.0
3144,1.1334489550604068,0.0
3145,1.0597973922239523,0.0
3146,0.9699977735843044,0.0
3147,0.8904537290116485,0.0
3148,0.8269638942722174,0.0
3149,0.7563845995000892,0.0
3150,0.7102899781350422,0.0
3151,0.643848705134503,0.0
3152,0.6120531563547722,0.0
3153,0.5629567966081621,0.0
3154,0.5266450914650938,0.0
3155,0.5006086476311702,0.0
3156,0.4612156404934768,0.0
3157,0.4238651521154044,0.0
3158,0.3840853328089963,0.0
3159,0.3624224228486488,0.0
3160,0.3348544914892405,0.0
3161,0.3381052100213432,0.0
3162,0.3516829588632842,0.0
3163,0.400572744134464,0.0
3164,0.4738505588772269,0.0
3165,0.5712182435034749,0.0
3166,0.6751050149430977,0.0
3167,0.8004965766890967,0.0
3168,0.8772803041723369,0.0
3169,0.9550527488648436,0.0
3170,1.012462990622412,0.0
3171,1.0471126046795778,0.0
3172,1.09404762358091,0.0
3173,1.095549744620131,0.0
3174,1.1059938676361714,0.0
3175,1.115141473681425,0.0
3176,1.0979854478435436,0.0
3177,1.0918429657098894,0.0
3178,1.0678369007457416,0.0
3179,1.041389380990719,0.0
3180,1.0160031025201597,0.0
3181,1.012869182382384,0.0
3182,1.0167789580390976,0.0
3183,1.0466154457403205,0.0
3184,1.0971732708325876,0.0
3185,1.1483598977829774,0.0
3186,1.2198083774456885,0.0
3187,1.2473678998560405,0.0
3188,1.251160884255521,0.0
3189,1.239726445748396,0.0
3190,1.2120152826224322,0.0
3191,1.175155445302225,0.0
3192,1.1185617543403477,0.0
3193,1.0819010512302605,0.0
3194,1.0529692503995325,0.0
3195,1.0267862118674356,0.0
3196,1.0257688657299404,0.0
3197,1.0067364017970848,0.0
3198,1.0217203778119766,0.0
3199,1.0367552941062057,0.0
3200,1.0363467365764294,0.0
3201,1.0534071656201154,0.0
3202,1.0395384210417518,0.0
3203,1.0046645990293035,0.0
3204,0.948629294542206,0.0
3205,0.888831015743601,0.0
3206,0.8346515986960081,0.0
3207,0.7723753222460401,0.0
3208,0.7487306914847089,0.0
3209,0.7175118060490656,0.0
3210,0.7064749032854029,0.0
3211,0.7127590546438928,0.0
3212,0.7285295741662556,0.0
3213,0.7482994268925894,0.0
3214,0.7809391918561258,0.0
3215,0.8314716619064222,0.0
3216,0.8525457701820808,0.0
3217,0.8790517739045418,0.0
3218,0.8992552401975957,0.0
3219,0.9040743798397196,0.0
3220,0.9243640588023404,0.0
3221,0.9418326981163804,0.0
3222,0.9884716549955148,0.0
3223,1.036814236071872,0.0
3224,1.1194046580284311,0.0
3225,1.1699010529557037,0.0
3226,1.231986162693941,0.0
3227,1.2775441441397182,0.0
3228,1.32132464324534,0.0
3229,1.3581095281866438,0.0
3230,1.4041955693132526,0.0
3231,1.4215882778691942,0.0
3232,1.4710743187819622,0.0
3233,1.4911183777741055,0.0
3234,1.5295551062125072,0.0
3235,1.5491741462880024,0.0
3236,1.5519937142507172,0.0
3237,1.5744561176944325,0.0
3238,1.57618434426274,0.0
3239,1.5612568670363265,0.0
3240,1.5447055736755817,0.0
3241,1.508513029300052,0.0
3242,1.4517098760380571,0.0
3243,1.3670949127272585,0.0
3244,1.2726703768809056,0.0
3245,1.1777234662249536,0.0
3246,1.0897386416636583,0.0
3247,1.0084482754882262,0.0
3248,0.9150531381697148,0.0
3249,0.8514399759096363,0.0
3250,0.7677100691581797,0.0
3251,0.7054323364436835,0.0
3252,0.6499137317886786,0.0
3253,0.5807357961659895,0.0
3254,0.5357887823952285,0.0
3255,0.4918616309472768,0.0
3256,0.4374179923100899,0.0
3257,0.4153040088242938,0.0
3258,0.37084998591289,0.0
3259,0.3501282119127046,0.0
3260,0.3130319734346289,0.0
3261,0.2934351507404832,0.0
3262,0.285283882303353,0.0
3263,0.2853095438386584,0.0
3264,0.3149794800459531,0.0
3265,0.3841957702387454,0.0
3266,0.4872334367347238,0.0
3267,0.6026041663095283,0.0
3268,0.7188576078129125,0.0
3269,0.814309076133741,0.0
3270,0.888231602390729,0.0
3271,0.96118083154856,0.0
3272,1.0004164699928468,0.0
3273,1.032935652851445,0.0
3274,1.02969586494108,0.0
3275,1.0362198032002692,0.0
3276,1.0338243546223542,0.0
3277,1.014842901079456,0.0
3278,1.0074661659550224,0.0
3279,0.988194111447554,0.0
3280,0.9537482895938562,0.0
3281,0.9369630582134766,0.0
3282,0.9255141172963736,0.0
3283,0.9067617727808108,0.0
3284,0.9351458172927972,0.0
3285,0.966715864211967,0.0
3286,1.034716834865977,0.0
3287,1.104466233718648,0.0
3288,1.1707877287566155,0.0
3289,1.1985281512094337,0.0
3290,1.2234411078698328,0.0
3291,1.2092182267083935,0.0
3292,1.209911194533973,0.0
3293,1.1931627708195636,0.0
3294,1.1759017997545334,0.0
3295,1.176027483990044,0.0
3296,1.1623973480266838,0.0
3297,1.173834896393097,0.0
3298,1.1989018573114445,0.0
3299,1.241493287945832,0.0
3300,1.2751872424690027,0.0
3301,1.3013902882385828,0.0
3302,1.3276273155399414,0.0
3303,1.3353948445331425,0.0
3304,1.3312473643505744,0.0
3305,1.2815383378965597,0.0
3306,1.2196565259394256,0.0
3307,1.1445305488646382,0.0
3308,1.0802513576503503,0.0
3309,1.0053929298715545,0.0
3310,0.9453362588430276,0.0
3311,0.9016823599438316,0.0
3312,0.8543239021069085,0.0
3313,0.8300428920531127,0.0
3314,0.7955373788375285,0.0
3315,0.7589751999805584,0.0
3316,0.7323118207524021,0.0
3317,0.6989813032615775,0.0
3318,0.6699791493691308,0.0
3319,0.6289709267055351,0.0
3320,0.5768493985053851,0.0
3321,0.5494907707475676,0.0
3322,0.5181306614208283,0.0
3323,0.4851770122054918,0.0
3324,0.4624911052288581,0.0
3325,0.4623249965211532,0.0
3326,0.4793930162844035,0.0
3327,0.527587661522171,0.0
3328,0.6192026919570849,0.0
3329,0.6971354470689719,0.0
3330,0.8084318156662547,0.0
3331,0.903430438226046,0.0
3332,0.992533078980686,0.0
3333,1.070425754587147,0.0
3334,1.126696549472552,0.0
3335,1.1776941401999117,0.0
3336,1.2405853901846429,0.0
3337,1.258824894492348,0.0
3338,1.2888240847693655,0.0
3339,1.2990760419722034,0.0
3340,1.2991874626475366,0.0
3341,1.2837078862928075,0.0
3342,1.2896727880419074,0.0
3343,1.259949565749876,0.0
3344,1.252618975209824,0.0
3345,1.251036526169699,0.0
3346,1.2674695645858975,0.0
3347,1.300242156543974,0.0
3348,1.347917859468751,0.0
3349,1.3997123816067378,0.0
3350,1.398534000086413,0.0
3351,1.385716955879185,0.0
3352,1.3248446298534748,0.0
3353,1.239920298187797,0.0
3354,1.1646988664295457,0.0
3355,1.0750661225431597,0.0
3356,1.0013445074960758,0.0
3357,0.9333472897303672,0.0
3358,0.8729566528791317,0.0
3359,0.812166493515465,0.0
3360,0.7550017946309254,0.0
3361,0.701382606376114,0.0
3362,0.6639986170126712,0.0
3363,0.6264034897702995,0.0
3364,0.5956028626228165,0.0
3365,0.5490770026811805,0.0
3366,0.5234927683316862,0.0
3367,0.4914761254396237,0.0
3368,0.450430840579802,0.0
3369,0.4108741596293464,0.0
3370,0.4006942701614533,0.0
3371,0.3762231428494196,0.0
3372,0.3723824147349544,0.0
3373,0.4001131328857593,0.0
3374,0.4708548895823511,0.0
3375,0.5520397144647908,0.0
3376,0.6659863451700095,0.0
3377,0.7743700642560263,0.0
3378,0.8656143715289923,0.0
3379,0.9492066109748384,0.0
3380,1.0251335215872948,0.0
3381,1.082244961809432,0.0
3382,1.11003159296423,0.0
3383,1.136926793763465,0.0
3384,1.1733409598388664,0.0
3385,1.167204015336335,0.0
3386,1.1725852528628935,0.0
3387,1.163234440890462,0.0
3388,1.1420361966139114,0.0
3389,1.1331030815071033,0.0
3390,1.1227412106460324,0.0
3391,1.1079801436313232,0.0
3392,1.096705672495101,0.0
3393,1.1180318883395066,0.0
3394,1.1460088404686293,0.0
3395,1.2003204328657109,0.0
3396,1.2659248884611862,0.0
3397,1.3018064358757624,0.0
3398,1.3008248749389375,0.0
3399,1.2690747309963084,0.0
3400,1.2164704788506495,0.0
3401,1.175689030909166,0.0
3402,1.1185134123651583,0.0
3403,1.0443252255956146,0.0
3404,1.0095912424183615,0.0
3405,0.9540689528116832,0.0
3406,0.9120567032396136,0.0
3407,0.8846372046553551,0.0
3408,0.8714727112513094,0.0
3409,0.8511571385214696,0.0
3410,0.8504388788005157,0.0
3411,0.8366952722707623,0.0
3412,0.811287317647906,0.0
3413,0.7817019523440664,0.0
3414,0.7282715748183185,0.0
3415,0.6913735643496977,0.0
3416,0.6354888649393851,0.0
3417,0.6068567644379093,0.0
3418,0.5742856218471362,0.0
3419,0.5588886968346303,0.0
3420,0.5587568909162859,0.0
3421,0.6032625185346796,0.0
3422,0.6346328594585455,0.0
3423,0.7065090177202841,0.0
3424,0.7999361626961925,0.0
3425,0.8843760430306101,0.0
3426,0.9577570142053692,0.0
3427,1.0260812951101432,0.0
3428,1.1053873115525903,0.0
3429,1.1769206295678292,0.0
3430,1.2285646698036936,0.0
3431,1.2817065763618358,0.0
3432,1.3386810726281062,0.0
3433,1.3712182748534227,0.0
3434,1.3976736022205272,0.0
3435,1.4024356252315886,0.0
3436,1.4150061785060843,0.0
3437,1.4052230030424122,0.0
3438,1.4041866502235822,0.0
3439,1.4171725769612655,0.0
3440,1.4276589553268524,0.0
3441,1.4495248393078677,0.0
3442,1.471521705128616,0.0
3443,1.5061215801363104,0.0
3444,1.5095593559793197,0.0
3445,1.4916507234177765,0.0
3446,1.4409056967664713,0.0
3447,1.3594441498509358,0.0
3448,1.2765623874962424,0.0
3449,1.1804898496739238,0.0
3450,1.0909624469684445,0.0
3451,0.9992035031957084,0.0
3452,0.9158727865054328,0.0
3453,0.8458275901271435,1.0
3454,0.7613916201271121,1.0
3455,0.7080237930672357,1.0
3456,0.6382574279949272,1.0
3457,0.5925236362725543,1.0
3458,0.5584592979826695,1.0
3459,0.5098067180195568,1.0
3460,0.4593084841093398,1.0
3461,0.4245810242475342,1.0
3462,0.3959720709234975,1.0
3463,0.3672717425025455,1.0
3464,0.3265108880283581,1.0
3465,0.3133962373443036,1.0
3466,0.3128595444513952,1.0
3467,0.2996820142333197,1.0
3468,0.3343045642556111,1.0
3469,0.4100634792129118,1.0
3470,0.5193625913889565,1.0
3471,0.6196718401699666,1.0
3472,0.747461194958618,1.0
3473,0.8366896310641747,1.0
3474,0.908660428812662,1.0
3475,0.9795405100399068,1.0
3476,1.0128105194948924,1.0
3477,1.0470254521049058,1.0
3478,1.058745682431115,1.0
3479,1.0718196117687198,1.0
3480,1.0544100672643535,1.0
3481,1.0584570815068302,1.0
3482,1.0274592637362612,1.0
3483,1.0024164655746022,1.0
3484,0.9885807862784436,1.0
3485,0.9718292724687684,1.0
3486,0.9486115224248918,1.0
3487,0.950759473393192,1.0
3488,0.9712897277093082,1.0
3489,1.0030337363415138,1.0
3490,1.0789118139329212,1.0
3491,1.1482572675836615,1.0
3492,1.2006612991869705,1.0
3493,1.2303526015205404,1.0
3494,1.2300811690145483,1.0
3495,1.2126007623069244,1.0
3496,1.2023808150618147,1.0
3497,1.164543869732095,1.0
3498,1.1387608339969366,1.0
3499,1.1222663678267566,1.0
3500,1.123782548445163,1.0
3501,1.1144720388020843,1.0
3502,1.1289743080704873,1.0
3503,1.1503520537089376,1.0
3504,1.184961992620606,1.0
3505,1.2085321724537452,1.0
3506,1.2458608785963576,1.0
3507,1.236716643109758,1.0
3508,1.215246669578938,1.0
3509,1.1828571359513145,1.0
3510,1.114957908219005,1.0
3511,1.0496443497497872,1.0
3512,0.9799077970091016,1.0
3513,0.918131275159739,1.0
3514,0.8695739570239372,1.0
3515,0.8328608701467963,1.0
3516,0.7935232197397841,1.0
3517,0.7763646487253967,1.0
3518,0.7689996969406339,1.0
3519,0.7606573774977476,1.0
3520,0.7585115290830725,1.0
3521,0.7450189712560719,1.0
3522,0.7042695387908268,1.0
3523,0.690382384598659,1.0
3524,0.659095047634034,1.0
3525,0.6153596940522935,1.0
3526,0.60312101123206,1.0
3527,0.5687119286498467,1.0
3528,0.5838115652968509,1.0
3529,0.5997322911897434,1.0
3530,0.6627804622088717,1.0
3531,0.7392668468121223,1.0
3532,0.8318397117203649,1.0
3533,0.9309523252176264,1.0
3534,1.0055262654949564,1.0
3535,1.082000920971143,1.0
3536,1.151608592578444,1.0
3537,1.2170340450869792,1.0
3538,1.2743315767591838,1.0
3539,1.3171999667133518,1.0
3540,1.3632521956896029,1.0
3541,1.3844569042899086,1.0
3542,1.4055951398331976,1.0
3543,1.4349351405085915,1.0
3544,1.4389501105652105,1.0
3545,1.4400907601448776,1.0
3546,1.4397020074241904,1.0
3547,1.4380967629264751,1.0
3548,1.4434812282392286,1.0
3549,1.4816209547539283,1.0
3550,1.5109827397419413,1.0
3551,1.5236372545540304,1.0
3552,1.520748484836743,1.0
3553,1.477297780219377,1.0
3554,1.3871947064221255,1.0
3555,1.311112075339498,1.0
3556,1.2213201726081473,1.0
3557,1.1269991859378257,1.0
3558,1.0357662096543037,1.0
3559,0.9374413804044476,1.0
3560,0.8658799104371584,1.0
3561,0.7860348194751899,1.0
3562,0.7283507770056927,1.0
3563,0.6578843672780044,1.0
3564,0.6152460661240617,1.0
3565,0.5547791564462238,1.0
3566,0.5124032430795356,1.0
3567,0.4674231119000158,1.0
3568,0.4382741316307243,1.0
3569,0.3932181159037637,1.0
3570,0.3740557869040656,1.0
3571,0.3330120055823357,1.0
3572,0.3199178996478306,1.0
3573,0.3022223596854113,1.0
3574,0.3056572538681401,1.0
3575,0.3239834540200756,1.0
3576,0.3787697344822794,1.0
3577,0.4556583762444433,1.0
3578,0.5740256959236238,1.0
3579,0.6984042803579991,1.0
3580,0.8052674067032627,1.0
3581,0.8759808428589227,1.0
3582,0.9530619215403718,1.0
3583,0.9939437505897531,1.0
3584,1.0210448739035312,1.0
3585,1.0507665978230576,1.0
3586,1.0655623177066993,1.0
3587,1.0604480550456403,1.0
3588,1.0508335619556746,1.0
3589,1.0310468575868856,1.0
3590,1.0123643495486965,1.0
3591,0.9802655771669224,1.0
3592,0.9636316091729028,1.0
3593,0.9528004129097594,1.0
3594,0.9490243827295708,1.0
3595,0.9556934222525264,1.0
3596,0.9825913781362272,1.0
3597,1.0406735190801746,1.0
3598,1.1048646286520598,1.0
3599,1.1758767067906757,1.0
3600,1.2081347487876286,1.0
3601,1.2331910509999466,1.0
3602,1.2224994808900136,1.0
3603,1.202726249273426,1.0
3604,1.1784358282384777,1.0
3605,1.1633604825541553,1.0
3606,1.1406047285594203,1.0
3607,1.1306093578391625,1.0
3608,1.1386248817031694,1.0
3609,1.1480033835270014,1.0
3610,1.173365488272742,1.0
3611,1.2008850690282966,1.0
3612,1.2281628380633445,1.0
3613,1.241129384203983,1.0
3614,1.264925808303871,1.0
3615,1.269115160294182,1.0
3616,1.2295244815391606,1.0
3617,1.1561805387981894,1.0
3618,1.0861728037927287,1.0
3619,1.0325632683664432,1.0
3620,0.9662090728369978,1.0
3621,0.9121288196023434,1.0
3622,0.8534611198746798,1.0
3623,0.8154397356269999,1.0
3624,0.7930863786917602,1.0
3625,0.7848728173997073,1.0
3626,0.7574307772318696,1.0
3627,0.7506804621156156,1.0
3628,0.7236186073135971,1.0
3629,0.7032375933988882,1.0
3630,0.6741141559928772,1.0
3631,0.6380022028253766,1.0
3632,0.6155737774996412,1.0
3633,0.585583482383582,1.0
3634,0.5575105811829882,1.0
3635,0.5495055678378724,1.0
3636,0.5506511185625309,1.0
3637,0.5952913945011775,1.0
3638,0.6597345701268599,1.0
3639,0.7480302034075424,1.0
3640,0.8404704465571096,1.0
3641,0.9332671992073556,1.0
3642,1.005792524631841,1.0
3643,1.0856704610085004,1.0
3644,1.1448409545000595,1.0
3645,1.2092915011300076,1.0
3646,1.2661932194644674,1.0
3647,1.3064348203432077,1.0
3648,1.3373355421391502,1.0
3649,1.3831862211736097,1.0
3650,1.39879907053486,1.0
3651,1.3962470488725698,1.0
3652,1.3923297239646244,1.0
3653,1.3950785974932762,1.0
3654,1.3854089217459808,1.0
3655,1.3926581895422905,1.0
3656,1.415108434993486,1.0
3657,1.4334992352159357,1.0
3658,1.4751452957948163,1.0
3659,1.4979532302419232,1.0
3660,1.4772441792070516,1.0
3661,1.434679232457779,1.0
3662,1.3632415116526937,1.0
3663,1.2750619257776736,1.0
3664,1.1816388046153028,1.0
3665,1.0981873111809162,1.0
3666,1.018207151682453,1.0
3667,0.9327129274571316,1.0
3668,0.8529429068315151,1.0
3669,0.787363422494037,1.0
3670,0.7237747873071777,1.0
3671,0.6644469223216135,1.0
3672,0.6094283673334947,1.0
3673,0.5697479734510116,1.0
3674,0.5340507045546529,1.0
3675,0.524475366042196,1.0
3676,0.5249136885445124,1.0
3677,0.5258384735720123,1.0
3678,0.5658395631409323,1.0
3679,0.634022476126795,1.0
3680,0.7157264081116751,1.0
3681,0.8223450600639057,1.0
3682,0.9006433437393287,1.0
3683,0.9856344162180892,1.0
3684,1.064908606124647,1.0
3685,1.1448195447051404,1.0
3686,1.2094577689117654,1.0
3687,1.2567001880955544,1.0
3688,1.3053038864255773,1.0
3689,1.3251010089375823,1.0
3690,1.363210691110135,1.0
3691,1.3631414486698998,1.0
3692,1.3668267134458123,1.0
3693,1.371962249308977,1.0
3694,1.3492653937588903,1.0
3695,1.355802807263801,1.0
3696,1.3509589282989918,1.0
3697,1.3773835551078932,1.0
3698,1.393354727466524,1.0
3699,1.4283009958760933,1.0
3700,1.461433826838897,1.0
3701,1.4677186319582598,1.0
3702,1.43443393919491,1.0
3703,1.359374515066624,1.0
3704,1.2907587421583464,1.0
3705,1.195612460226362,1.0
3706,1.1000558051565856,1.0
3707,1.020356367524759,1.0
3708,0.9394546772315686,1.0
3709,0.8663545918941926,1.0
3710,0.7967130387963928,1.0
3711,0.7315368103492571,1.0
3712,0.6719936763635598,1.0
3713,0.6224115037338825,1.0
3714,0.5748392913790518,1.0
3715,0.5486820299423105,1.0
3716,0.5090295049445819,1.0
3717,0.4643923027802777,1.0
3718,0.4220409362157639,1.0
3719,0.3988914206576039,1.0
3720,0.3573186131122069,1.0
3721,0.3509926051582559,1.0
3722,0.3177496518314945,1.0
3723,0.3338905041216269,1.0
3724,0.3487830523932286,1.0
3725,0.4101830619581513,1.0
3726,0.5003271033643062,1.0
3727,0.6172307783452817,1.0
3728,0.7134450732303887,1.0
3729,0.8207098116553587,1.0
3730,0.9103181636254756,1.0
3731,0.9656155476745978,1.0
3732,1.031425178229254,1.0
3733,1.0510915276615538,1.0
3734,1.0899188765535075,1.0
3735,1.0934813756767243,1.0
3736,1.095431566072266,1.0
3737,1.0973353553054612,1.0
3738,1.0657138824713086,1.0
3739,1.0550779208959404,1.0
3740,1.0282255427382725,1.0
3741,1.0203080682136263,1.0
3742,0.9920279728604574,1.0
3743,0.9905801315161462,1.0
3744,0.9959184519795412,1.0
3745,1.037892243639443,1.0
3746,1.0904467010235632,1.0
3747,1.172040015474806,1.0
3748,1.2143154764338386,1.0
3749,1.23707011872212,1.0
3750,1.2399074151292455,1.0
3751,1.217350560997096,1.0
3752,1.1971579658639866,1.0
3753,1.1583759842748222,1.0
3754,1.1228467887871167,1.0
3755,1.0872999354318853,1.0
3756,1.0671240160229776,1.0
3757,1.055805146478935,1.0
3758,1.0453178146848543,1.0
3759,1.0556398202741155,1.0
3760,1.0722041988685065,1.0
3761,1.0935425598956403,1.0
3762,1.1081474106332856,1.0
3763,1.1139337314031283,1.0
3764,1.1012435839174264,1.0
3765,1.0564828385753555,1.0
3766,0.9937431324858216,1.0
3767,0.9386942155361768,1.0
3768,0.8651637007272758,1.0
3769,0.8287062144500433,1.0
3770,0.7786985025327464,1.0
3771,0.743060831739778,1.0
3772,0.7369909782814,1.0
3773,0.7449544393544573,1.0
3774,0.7496632173459398,1.0
3775,0.7676966314892986,1.0
3776,0.7772484257481901,1.0
3777,0.8043673059216985,1.0
3778,0.8165161991260868,1.0
3779,0.8103085964892602,1.0
3780,0.8044161824733679,1.0
3781,0.7939523104457392,1.0
3782,0.8023258733900277,1.0
3783,0.8092433921659345,1.0
3784,0.8355074482907336,1.0
3785,0.8936996761916324,1.0
3786,0.9668974038430808,1.0
3787,1.0527334139464632,1.0
3788,1.1108321684089295,1.0
3789,1.1772318688553245,1.0
3790,1.2438594055853418,1.0
3791,1.28527388701764,1.0
3792,1.335928828213662,1.0
3793,1.377508282683287,1.0
3794,1.4044276580898878,1.0
3795,1.4588176916707931,1.0
3796,1.488329784668988,1.0
3797,1.5057576764251193,1.0
3798,1.535720227742159,1.0
3799,1.5714578802758643,1.0
3800,1.5907607571701623,1.0
3801,1.6064030249674253,1.0
3802,1.634407697234581,1.0
3803,1.6460561310853283,1.0
3804,1.6312496174496511,1.0
3805,1.5983856902754934,1.0
3806,1.5124839465112805,1.0
3807,1.438034089835969,1.0
3808,1.3319969277486812,1.0
3809,1.2238324519986128,1.0
3810,1.1319610089030006,1.0
3811,1.0454517216471848,1.0
3812,0.9643562633173914,1.0
3813,0.8816189934492447,1.0
3814,0.8034385739945266,1.0
3815,0.7199819190361921,1.0
3816,0.6717438395976636,1.0
3817,0.6130862414848103,1.0
3818,0.5447111303801537,1.0
3819,0.503006048525024,1.0
3820,0.4481280525273514,1.0
3821,0.4086357887310026,1.0
3822,0.3774544230111685,1.0
3823,0.3411800994028157,1.0
3824,0.3135570475888598,1.0
3825,0.2943421588117553,1.0
3826,0.2696725175219985,1.0
3827,0.2822413098091758,1.0
3828,0.2965758705033148,1.0
3829,0.3379932163611349,1.0
3830,0.4381285295167384,1.0
3831,0.5509396088765461,1.0
3832,0.6625263107299415,1.0
3833,0.7639042188359476,1.0
3834,0.8515609528100135,1.0
3835,0.9201335226071156,1.0
3836,0.9722242763568156,1.0
3837,1.0115210037782008,1.0
3838,1.0148402060213009,1.0
3839,1.04004225605713,1.0
3840,1.0221366300788768,1.0
3841,1.0204628165392955,1.0
3842,0.994502239609506,1.0
3843,0.97843685857112,1.0
3844,0.9452544419848928,1.0
3845,0.924567285806022,1.0
3846,0.9126573865664526,1.0
3847,0.887367026616073,1.0
3848,0.9005109395933363,1.0
3849,0.9369471821992365,1.0
3850,0.9900581985739731,1.0
3851,1.0669759141841957,1.0
3852,1.1257610470135972,1.0
3853,1.1833033645337758,1.0
3854,1.2087173746657092,1.0
3855,1.2262198772220263,1.0
3856,1.202061424923803,1.0
3857,1.2040629947950314,1.0
3858,1.1958963087452812,1.0
3859,1.1913753230246555,1.0
3860,1.1805962023775851,1.0
3861,1.202782553757625,1.0
3862,1.2191842086037674,1.0
3863,1.260617436586614,1.0
3864,1.2859914944633737,1.0
3865,1.3181434340304228,1.0
3866,1.3586906924919804,1.0
3867,1.391790180807301,1.0
3868,1.3901742641356962,1.0
3869,1.371357101528146,1.0
3870,1.3037687125385538,1.0
3871,1.2383504706894768,1.0
3872,1.1640789453028095,1.0
3873,1.084627828038749,1.0
3874,1.0150393497130104,1.0
3875,0.9611359779890792,1.0
3876,0.9094295652085976,1.0
3877,0.8738639429062891,1.0
3878,0.8208184360555422,1.0
3879,0.7968751442724615,1.0
3880,0.7483712464484354,1.0
3881,0.7087311727340729,1.0
3882,0.6686637382296479,1.0
3883,0.6200736380786006,1.0
3884,0.5720224063164046,1.0
3885,0.5339513518228897,1.0
3886,0.4937938325911939,1.0
3887,0.4701449854562075,1.0
3888,0.4356561531707991,1.0
3889,0.4270499533949687,1.0
3890,0.4275753409698182,1.0
3891,0.4362467923081108,1.0
3892,0.4877930839063264,0.0
3893,0.56548390738628,0.0
3894,0.6658555414785206,0.0
3895,0.7604646779730825,0.0
3896,0.8521606393512976,0.0
3897,0.945102558834792,0.0
3898,1.0362112878030705,0.0
3899,1.0891181236225744,0.0
3900,1.1574326489280633,0.0
3901,1.1878532208724728,0.0
3902,1.2201796202682054,0.0
3903,1.235728410597834,0.0
3904,1.2536347640767938,0.0
3905,1.2400471366290993,0.0
3906,1.2276517288046356,0.0
3907,1.2051790701508964,0.0
3908,1.2041432617019003,0.0
3909,1.1828091151571878,0.0
3910,1.1897387351227229,0.0
3911,1.1966982565480406,0.0
3912,1.2323736091910915,0.0
3913,1.2804584361879945,0.0
3914,1.3294484158215896,0.0
3915,1.3482791456285033,0.0
3916,1.3497744165790089,0.0
3917,1.318426596277326,0.0
3918,1.2407160644337667,0.0
3919,1.1657300447144807,0.0
3920,1.0973422855187214,0.0
3921,1.0190193655582385,0.0
3922,0.9555379165071176,0.0
3923,0.9039800948817066,0.0
3924,0.8368053664321667,0.0
3925,0.8038080073958189,0.0
3926,0.7506929099059995,0.0
3927,0.738968373999066,0.0
3928,0.6975755000411754,0.0
3929,0.6845099965270136,0.0
3930,0.6596618249174361,0.0
3931,0.6202527015291718,0.0
3932,0.5760880075313063,0.0
3933,0.5369161791443946,0.0
3934,0.4939998574901416,0.0
3935,0.4785579337634029,0.0
3936,0.4561365248404861,0.0
3937,0.4391866757868496,0.0
3938,0.4557625184130378,0.0
3939,0.5062764931906114,0.0
3940,0.5888248844543443,0.0
3941,0.6809417199218513,0.0
3942,0.7678655988734763,0.0
3943,0.8732124661151582,0.0
3944,0.9619040655583342,0.0
3945,1.0402397868210442,0.0
3946,1.1083310805789257,0.0
3947,1.1606228872245594,0.0
3948,1.1998271306820898,0.0
3949,1.237158111945072,0.0
3950,1.2697916450668767,0.0
3951,1.2686845464192762,0.0
3952,1.281648955148005,0.0
3953,1.270666059426777,0.0
3954,1.2566970476236443,0.0
3955,1.249118568341133,0.0
3956,1.2331903985296002,0.0
3957,1.2372108039520386,0.0
3958,1.2353483834050851,0.0
3959,1.2654163081944143,0.0
3960,1.3107972428427317,0.0
3961,1.3621389408709643,0.0
3962,1.3810626361573397,0.0
3963,1.3695474233508829,0.0
3964,1.3190425696669177,0.0
3965,1.2671479980499285,0.0
3966,1.182997131903134,0.0
3967,1.0999296476501568,0.0
3968,1.0297415318639682,0.0
3969,0.9611364737952244,0.0
3970,0.880349865917473,0.0
3971,0.8241202340366952,0.0
3972,0.7825719604805724,0.0
3973,0.7329630471390218,0.0
3974,0.6889178357580626,0.0
3975,0.661814957037884,0.0
3976,0.6299420500979167,0.0
3977,0.5863239586809714,0.0
3978,0.5510139889866088,0.0
3979,0.5309775289034174,0.0
3980,0.4871837012301448,0.0
3981,0.4590422389801444,0.0
3982,0.4264927392649999,0.0
3983,0.4060525955074347,0.0
3984,0.3983865109362475,0.0
3985,0.4174112728664155,0.0
3986,0.4614161589101332,0.0
3987,0.552576371171565,0.0
3988,0.6371335681594695,0.0
3989,0.7499875476613395,0.0
3990,0.8522292624831683,0.0
3991,0.9490601866143322,0.0
3992,1.023303750283426,0.0
3993,1.0806293510319982,0.0
3994,1.1251984074205008,0.0
3995,1.1689167690656614,0.0
3996,1.1816830852571287,0.0
3997,1.1987814069883451,0.0
3998,1.211787295562173,0.0
3999,1.2034515729069948,0.0
4000,1.184380392309214,0.0
4001,1.1721963912842537,0.0
4002,1.165404065173542,0.0
4003,1.1407985399219722,0.0
4004,1.153445536076876,0.0
4005,1.158577941080368,0.0
4006,1.1770194899521838,0.0
4007,1.2301732401432597,0.0
4008,1.2893054612017247,0.0
4009,1.3145120302693771,0.0
4010,1.3344920121950572,0.0
4011,1.3004720625719337,0.0
4012,1.2491941484935511,0.0
4013,1.1908482002415162,0.0
4014,1.1094644406470042,0.0
4015,1.0446765051112272,0.0
4016,0.995478025217428,0.0
4017,0.9429312547846748,0.0
4018,0.8850591119540321,0.0
4019,0.8538936033918018,0.0
4020,0.8112304486401788,0.0
4021,0.7803015874127434,0.0
4022,0.7650303728152917,0.0
4023,0.7601630310335606,0.0
4024,0.7229329330830873,0.0
4025,0.6981620723628051,0.0
4026,0.6617121437697213,0.0
4027,0.6151195334830928,0.0
4028,0.5764985339974009,0.0
4029,0.5436672780711599,0.0
4030,0.5152222236075334,0.0
4031,0.5071658015720708,0.0
4032,0.4971584117940423,0.0
4033,0.5328462762157727,0.0
4034,0.5899398420715013,0.0
4035,0.6674544944130195,0.0
4036,0.7656343260622428,0.0
4037,0.8654479533886112,0.0
4038,0.9544162638719692,0.0
4039,1.038317213045148,0.0
4040,1.1066151997787133,0.0
4041,1.17229547534706,0.0
4042,1.226657467920647,0.0
4043,1.281752399392888,0.0
4044,1.3157103733207771,0.0
4045,1.3255544904248313,0.0
4046,1.3429391442455958,0.0
4047,1.3517505231375042,0.0
4048,1.3446513169530023,0.0
4049,1.3364397922964837,0.0
4050,1.3287825235349415,0.0
4051,1.329399910289629,0.0
4052,1.3271766047118811,0.0
4053,1.3568074101906968,0.0
4054,1.389704167706708,0.0
4055,1.4222892921908863,0.0
4056,1.4522233702741818,0.0
4057,1.4376726073191024,0.0
4058,1.381396633977957,0.0
4059,1.3065405871795956,0.0
4060,1.2352793806793705,0.0
4061,1.1436797572868076,0.0
4062,1.051937158547862,0.0
4063,0.9731263300521984,0.0
4064,0.8968963018628402,0.0
4065,0.8314813545202664,0.0
4066,0.7628173244520894,0.0
4067,0.7118945326046813,0.0
4068,0.6461222138833267,0.0
4069,0.605680611503292,0.0
4070,0.5680467178889259,0.0
4071,0.5234093295902562,0.0
4072,0.4876651521761967,0.0
4073,0.4669941262883502,0.0
4074,0.4258762849420612,0.0
4075,0.3888453813555849,0.0
4076,0.3642413543840744,0.0
4077,0.3388489776842744,0.0
4078,0.3356484049902073,0.0
4079,0.3463385747886661,0.0
4080,0.3976594180000792,0.0
4081,0.4645869507393451,0.0
4082,0.5690480888551968,0.0
4083,0.682512034946571,0.0
4084,0.7808987274898359,0.0
4085,0.8914177156932886,0.0
4086,0.952958116570367,0.0
4087,1.006945873216211,0.0
4088,1.066111604804851,0.0
4089,1.0862511327695892,0.0
4090,1.1104565747590922,0.0
4091,1.1055876618355218,0.0
4092,1.1055162022105969,0.0
4093,1.1024420588568224,0.0
4094,1.0787407820026509,0.0
4095,1.0740678720602015,0.0
4096,1.055688617802,0.0
4097,1.028346629737275,0.0
4098,1.0273241887676694,0.0
4099,1.0323424419465814,0.0
4100,1.057832456308356,0.0
4101,1.1018509713660785,0.0
4102,1.169818702572657,0.0
4103,1.2099534517205075,0.0
4104,1.2461267782539154,0.0
4105,1.253173965774708,0.0
4106,1.242523874962423,0.0
4107,1.2010538912828523,0.0
4108,1.1763467953866338,0.0
4109,1.1297006792038566,0.0
4110,1.0790255460047788,0.0
4111,1.0584118357329764,0.0
4112,1.0257231461867564,0.0
4113,1.0089254977990236,0.0
4114,0.998534318888738,0.0
4115,1.0185212831081791,0.0
4116,1.0284830387963744,0.0
4117,1.0310652261732298,0.0
4118,1.043347657500692,0.0
4119,1.0247983849130808,0.0
4120,0.9926745124136452,0.0
4121,0.936897707187168,0.0
4122,0.8805307324934943,0.0
4123,0.8140399082512013,0.0
4124,0.7769656290006138,0.0
4125,0.7410112828091495,0.0
4126,0.709196723418468,0.0
4127,0.6994157317602375,0.0
4128,0.7034433206832196,0.0
4129,0.7195737844288252,0.0
4130,0.7538316140657013,0.0
4131,0.7877678476975959,0.0
4132,0.835889295875044,0.0
4133,0.8660819329503247,0.0
4134,0.8952681513253211,0.0
4135,0.9253147744882928,0.0
4136,0.9303637448981842,0.0
4137,0.94599015927981,0.0
4138,0.9777043578329688,0.0
4139,1.0038558028359144,0.0
4140,1.064632539484736,0.0
4141,1.1389727455247198,0.0
4142,1.2033110296469396,0.0
4143,1.2576780030702888,0.0
4144,1.3009435218789196,0.0
4145,1.3447920139769685,0.0
4146,1.3832482861380766,0.0
4147,1.409817258438847,0.0
4148,1.4465065633753165,0.0
4149,1.4834932411520323,0.0
4150,1.514238221858656,0.0
4151,1.5395196435460994,0.0
4152,1.557022235477411,0.0
4153,1.550041677447114,0.0
4154,1.5522353930755697,0.0
4155,1.559794498795993,0.0
4156,1.546255719620699,0.0
4157,1.5196176132758932,0.0
4158,1.4805688297218824,0.0
4159,1.4126974993058414,0.0
4160,1.3254793550010218,0.0
4161,1.2266167590851629,0.0
4162,1.135643744030491,0.0
4163,1.0375762816856042,0.0
4164,0.9577025889494682,0.0
4165,0.8805656028298611,0.0
4166,0.8057987536399156,0.0
4167,0.7463400858913818,0.0
4168,0.665991606330635,0.0
4169,0.6106763439998615,0.0
4170,0.560022453110676,0.0
4171,0.5222995738816275,0.0
4172,0.4647530717353986,0.0
4173,0.4260573897201928,0.0
4174,0.3874874632757767,0.0
4175,0.3594480714344114,0.0
4176,0.3255529148465377,0.0
4177,0.3099029699305246,0.0
4178,0.288205761781356,0.0
4179,0.2826710720232137,0.0
4180,0.3047996583100363,0.0
4181,0.3504360913899325,0.0
4182,0.4418687486375638,0.0
4183,0.5463903751192853,0.0
4184,0.65970381922771,0.0
4185,0.7770553203791173,0.0
4186,0.8640956800581554,0.0
4187,0.9400350875478042,0.0
4188,0.990538218715732,0.0
4189,1.0231666542975093,0.0
4190,1.043633297343575,0.0
4191,1.0442342377497298,0.0
4192,1.0383862201924283,0.0
4193,1.0225840403778574,0.0
4194,1.0205649569375483,0.0
4195,1.0029828789329798,0.0
4196,0.9627265499157877,0.0
4197,0.9452665212137766,0.0
4198,0.9351206060263424,0.0
4199,0.9111386446722972,0.0
4200,0.9234522768336032,0.0
4201,0.9556638592329793,0.0
4202,1.002402984561764,0.0
4203,1.0694218739652743,0.0
4204,1.1551894995522245,0.0
4205,1.1891378305942313,0.0
4206,1.2236163192204728,0.0
4207,1.2149062969088311,0.0
4208,1.2066801352276728,0.0
4209,1.197654105048214,0.0
4210,1.1812119495879363,0.0
4211,1.1686072580852305,0.0
4212,1.1537668569321022,0.0
4213,1.1773979520734663,0.0
4214,1.1877779649402045,0.0
4215,1.2180719389580967,0.0
4216,1.2465867844155545,0.0
4217,1.266371178325371,0.0
4218,1.3155743849452692,0.0
4219,1.3220063005228762,0.0
4220,1.327345195460811,0.0
4221,1.3078283272885542,0.0
4222,1.2398964200603415,0.0
4223,1.183073982410766,0.0
4224,1.102702336454385,0.0
4225,1.0387741598981526,0.0
4226,0.961388878912304,0.0
4227,0.9175893177459712,0.0
4228,0.8633751552369245,0.0
4229,0.8303293599107026,0.0
4230,0.8113030376669061,0.0
4231,0.7874380811508916,0.0
4232,0.7425487310373171,0.0
4233,0.7199583038914688,0.0
4234,0.6755294720937511,0.0
4235,0.6466806339658158,0.0
4236,0.6038209417252087,0.0
4237,0.5717827796576722,0.0
4238,0.526302644360622,0.0
4239,0.5051108381075196,0.0
4240,0.484200390100428,0.0
4241,0.469045814734448,0.0
4242,0.4923715757729161,0.0
4243,0.5344068133586952,0.0
4244,0.599429652516325,0.0
4245,0.6881124204390993,0.0
4246,0.7756319886422887,0.0
4247,0.8786612503664127,0.0
4248,0.9535658043403212,0.0
4249,1.0508867285778098,0.0
4250,1.1212431455280318,0.0
4251,1.1661027987016783,0.0
4252,1.2292390612392414,0.0
4253,1.271776318035131,0.0
4254,1.2933595357244194,0.0
4255,1.314236635833004,0.0
4256,1.3184448515209577,0.0
4257,1.3122913016321691,0.0
4258,1.295796432571198,0.0
4259,1.2896046408848134,0.0
4260,1.272733037473311,0.0
4261,1.2717425013723012,0.0
4262,1.2958736807954483,0.0
4263,1.3221263290163705,0.0
4264,1.36284740556932,0.0
4265,1.4040702857531904,0.0
4266,1.4100203841656276,0.0
4267,1.4056017607291171,0.0
4268,1.348289915120752,0.0
4269,1.2800804625726778,0.0
4270,1.1964936280371572,0.0
4271,1.1075929332384786,0.0
4272,1.0191921223484064,0.0
4273,0.949204673915214,0.0
4274,0.8791035827754342,0.0
4275,0.8096891490253401,0.0
4276,0.7557986746219029,0.0
4277,0.7024847969518915,0.0
4278,0.6671494233103265,0.0
4279,0.6250306584465343,0.0
4280,0.5868990640061368,0.0
4281,0.5494014767497354,0.0
4282,0.5117698148081447,0.0
4283,0.4794227127641104,0.0
4284,0.4498197170807791,0.0
4285,0.4206503803418079,0.0
4286,0.3770327752029797,0.0
4287,0.3668379401275105,0.0
4288,0.362331416742136,0.0
4289,0.3957780020343616,0.0
4290,0.4278546263713855,0.0
4291,0.5105494342048859,0.0
4292,0.6310758116833444,0.0
4293,0.7398249080496524,0.0
4294,0.8441400809538842,0.0
4295,0.9291646840202448,0.0
4296,1.0000920824769717,0.0
4297,1.0585414698001794,0.0
4298,1.0978679055854808,0.0
4299,1.115581034962098,0.0
4300,1.1404723492547644,0.0
4301,1.1547902901494451,0.0
4302,1.1463786734086894,0.0
4303,1.1363990880941768,0.0
4304,1.1314948460916467,0.0
4305,1.1189390402768455,0.0
4306,1.0916761464736018,0.0
4307,1.0702334825998854,0.0
4308,1.0764562689781203,0.0
4309,1.0944205520287302,0.0
4310,1.1070521733054464,0.0
4311,1.160714987592009,0.0
4312,1.225386943271643,0.0
4313,1.2743505044927903,0.0
4314,1.2994899600669492,0.0
4315,1.279082619550425,0.0
4316,1.247246654877045,0.0
4317,1.1838936279199477,0.0
4318,1.134517348775706,0.0
4319,1.0736787443366038,0.0
4320,1.0257010628426793,0.0
4321,0.99141127596903,0.0
4322,0.9618659199303136,0.0
4323,0.922063656648572,0.0
4324,0.8991272157689774,0.0
4325,0.904499940953874,0.0
4326,0.8982838260022744,0.0
4327,0.9043395344023364,0.0
4328,0.8871145738362792,0.0
4329,0.8594744787031501,0.0
4330,0.8116102968510935,0.0
4331,0.7722837573408765,0.0
4332,0.7111354101170678,0.0
4333,0.6809013640140511,0.0
4334,0.6432254998654303,0.0
4335,0.6132591167440101,0.0
4336,0.5936519182024173,0.0
4337,0.615407457012101,0.0
4338,0.653030623286288,0.0
4339,0.7076952739752327,0.0
4340,0.7590698051375687,0.0
4341,0.8358123270312239,0.0
4342,0.9176198711257813,0.0
4343,0.979041417816125,0.0
4344,1.0573994752911346,0.0
4345,1.102976086791462,0.0
4346,1.1584981115348596,0.0
4347,1.2238917172098156,0.0
4348,1.2710913813578086,0.0
4349,1.3150054123911077,0.0
4350,1.3653824013070273,0.0
4351,1.394814273246784,0.0
4352,1.4248682268188904,0.0
4353,1.4315223076169097,0.0
4354,1.429070338816977,0.0
4355,1.4390041046034117,0.0
4356,1.4544367403093466,0.0
4357,1.4710805820404762,0.0
4358,1.49117422104095,0.0
4359,1.519933454758898,0.0
4360,1.549930341400522,0.0
4361,1.5355189671634293,0.0
4362,1.50360620282193,0.0
4363,1.4331784980367217,0.0
4364,1.362464416392762,0.0
4365,1.271011166251682,0.0
4366,1.1742101697116862,0.0
4367,1.0812400055750784,0.0
4368,1.0078658855041365,0.0
4369,0.9287413001641563,0.0
4370,0.8401435443567354,0.0
4371,0.7679001758878846,0.0
4372,0.7042101217083837,0.0
4373,0.6544250332789924,0.0
4374,0.593412526729062,0.0
4375,0.5562733014389402,0.0
4376,0.49917538559409,0.0
4377,0.4578612401757621,0.0
4378,0.4171221358870176,0.0
4379,0.3794971298074246,0.0
4380,0.3606488593162295,0.0
4381,0.3292109985495071,0.0
4382,0.3115238866283651,0.0
4383,0.2884303994820628,0.0
4384,0.310638354632186,0.0
4385,0.3248957046753023,0.0
4386,0.397613559222558,0.0
4387,0.4988223815760976,0.0
4388,0.6074897643971814,0.0
4389,0.717145229317447,0.0
4390,0.8235819735755758,0.0
4391,0.895817170615571,0.0
4392,0.958917729077804,0.0
4393,1.0055504162481228,0.0
4394,1.03677595024961,0.0
4395,1.045601381736095,0.0
4396,1.0533196353374898,0.0
4397,1.0424282405622316,0.0
4398,1.0430600627497704,0.0
4399,1.028157536256039,0.0
4400,0.9933028220478028,0.0
4401,0.9739254500839633,0.0
4402,0.9633088552984356,0.0
4403,0.9300291555757214,0.0
4404,0.9271944538027154,0.0
4405,0.9600426741114472,0.0
4406,0.9878982143265596,0.0
4407,1.0593502995150132,0.0
4408,1.1218272644070153,0.0
4409,1.1834856494360233,0.0
4410,1.2215322177185688,0.0
4411,1.2308710914010412,0.0
4412,1.224636548204249,0.0
4413,1.1918581128666224,0.0
4414,1.169341968202462,0.0
4415,1.163469208586679,0.0
4416,1.1519861607263908,0.0
4417,1.1407239197805243,0.0
4418,1.142035347193182,0.0
4419,1.1669914984915493,0.0
4420,1.190761769714511,0.0
4421,1.2234966624288337,0.0
4422,1.2481968549217957,0.0
4423,1.284253179923045,0.0
4424,1.287832671028618,0.0
4425,1.2610881134498686,0.0
4426,1.2199161426757694,0.0
4427,1.168639953831256,0.0
4428,1.0977682960742787,0.0
4429,1.0277872317949834,0.0
4430,0.9593666055884332,0.0
4431,0.901607690182,0.0
4432,0.8639091073848726,0.0
4433,0.8309407120358405,0.0
4434,0.8107850829900042,0.0
4435,0.7927951097597092,0.0
4436,0.7571384665448245,0.0
4437,0.7549951808152765,0.0
4438,0.7240183750227223,0.0
4439,0.695838529893696,0.0
4440,0.6510207084009119,0.0
4441,0.6138398970481153,0.0
4442,0.5812008913438478,0.0
4443,0.5594266622654496,0.0
4444,0.5265748301908816,0.0
4445,0.513811674177978,0.0
4446,0.5376887823866751,0.0
4447,0.5852189479912191,0.0
4448,0.6387276189895829,0.0
4449,0.7359608681890625,0.0
4450,0.834460193219597,0.0
4451,0.9263231220014552,0.0
4452,1.0008547988851475,0.0
4453,1.07280594591989,0.0
4454,1.1427099222509531,0.0
4455,1.2142384943319802,0.0
4456,1.267506221473634,0.0
4457,1.3000983407402666,0.0
4458,1.3376975399820186,0.0
4459,1.3529030289643955,0.0
4460,1.3708655201493445,0.0
4461,1.37373119116689,0.0
4462,1.3683840744202949,0.0
4463,1.358237910985277,0.0
4464,1.368096234879451,0.0
4465,1.3599041367942342,0.0
4466,1.37213514600553,0.0
4467,1.4088545982074112,0.0
4468,1.450163895207575,0.0
4469,1.472743208497131,0.0
4470,1.4724639734835114,0.0
4471,1.4271655981121545,0.0
4472,1.3615248489435408,0.0
4473,1.2804074913660206,0.0
4474,1.185938318584293,0.0
4475,1.1019555362216475,0.0
4476,1.0167766600921564,0.0
4477,0.9264338950486942,0.0
4478,0.8591578373993183,0.0
4479,0.7790840417046572,0.0
4480,0.7301797528299514,0.0
4481,0.6719201939999387,0.0
4482,0.6114755393225817,0.0
4483,0.5642426486670913,0.0
4484,0.5254825017332547,0.0
4485,0.4892160878815222,0.0
4486,0.454714622003196,0.0
4487,0.4241588418124835,0.0
4488,0.3837020382475825,0.0
4489,0.3551551878995603,0.0
4490,0.3460414248322946,0.0
4491,0.3145617185526034,0.0
4492,0.3182051686103302,0.0
4493,0.3497445579513837,0.0
4494,0.4102131545558434,0.0
4495,0.5046305641354601,0.0
4496,0.6291020942091716,0.0
4497,0.7315398575840583,0.0
4498,0.8251398001181103,0.0
4499,0.9041711825277085,0.0
4500,0.98363963358473,0.0
4501,1.0188740087103023,0.0
4502,1.0551381397847073,0.0
4503,1.0708179876347586,0.0
4504,1.0900625489790476,0.0
4505,1.0936351630975334,0.0
4506,1.0811639675353002,0.0
4507,1.0689980867164026,0.0
4508,1.052597266783876,0.0
4509,1.024061425373706,0.0
4510,1.014112592133818,0.0
4511,1.0006745305741005,0.0
4512,0.9891036778051228,0.0
4513,1.0123742202841997,0.0
4514,1.0499662816382034,0.0
4515,1.103814088253026,0.0
4516,1.1721901288472452,0.0
4517,1.217929289068634,0.0
4518,1.250976654009519,0.0
4519,1.2357609112168164,0.0
4520,1.2247291567923029,0.0
4521,1.183798025913674,0.0
4522,1.1532643272553251,0.0
4523,1.1161907894748355,0.0
4524,1.087276379485292,0.0
4525,1.072003433675806,0.0
4526,1.0595001757597482,0.0
4527,1.0593932107997568,0.0
4528,1.0647708571268826,0.0
4529,1.096299131560958,0.0
4530,1.1031636786047334,0.0
4531,1.1350382058410349,0.0
4532,1.120905959674884,0.0
4533,1.1048041756330376,0.0
4534,1.0694445907097678,0.0
4535,0.9980473449445189,0.0
4536,0.933180768538246,0.0
4537,0.8711764649981331,0.0
4538,0.8190840179361032,0.0
4539,0.7809747897944992,0.0
4540,0.7527287906887952,0.0
4541,0.7474361328172968,0.0
4542,0.745808211370047,0.0
4543,0.754039749622018,0.0
4544,0.7667892165397513,0.0
4545,0.7796667152781611,0.0
4546,0.7959891578485847,0.0
4547,0.7956301061819733,0.0
4548,0.8023571415865355,0.0
4549,0.7886858407196973,0.0
4550,0.7733462491070792,0.0
4551,0.7712518644572159,0.0
4552,0.7789789767656715,0.0
4553,0.7985392488051957,0.0
4554,0.8607227197479791,0.0
4555,0.9285391349546864,0.0
4556,1.0209864841078622,0.0
4557,1.077291806980443,0.0
4558,1.153928199951772,0.0
4559,1.2044563299957376,0.0
4560,1.261154156440602,0.0
4561,1.3228125825679509,0.0
4562,1.3656516692379723,0.0
4563,1.3904608168319046,0.0
4564,1.4394808394743683,0.0
4565,1.4755655775407388,0.0
4566,1.5023423955458957,0.0
4567,1.5340863416426205,0.0
4568,1.551594644204978,0.0
4569,1.5859548824260232,0.0
4570,1.5941776493856836,0.0
4571,1.6135537028250548,0.0
4572,1.6394810021153838,0.0
4573,1.6421894888687008,0.0
4574,1.6247083787563366,0.0
4575,1.5631222195258945,0.0
4576,1.477832657225037,0.0
4577,1.38548318779466,0.0
4578,1.270352082015676,0.0
4579,1.1678089983981883,0.0
4580,1.076600608444752,0.0
4581,0.9846761740245034,0.0
4582,0.9167989952844408,0.0
4583,0.8375304240656055,0.0
4584,0.7538670047024686,0.0
4585,0.6893065210829046,0.0
4586,0.6291978784805641,0.0
4587,0.5750354198887933,0.0
4588,0.5213620886447856,0.0
4589,0.4855142451986893,0.0
4590,0.4305779729995997,0.0
4591,0.3901474650246007,0.0
4592,0.3660530652942751,0.0
4593,0.336228527689107,0.0
4594,0.2969097556029565,0.0
4595,0.277177648987026,0.0
4596,0.2773806109720582,0.0
4597,0.2922596121215697,0.0
4598,0.3196501130800613,0.0
4599,0.392307828003964,0.0
4600,0.4849459015179419,0.0
4601,0.6075195740800008,0.0
4602,0.7354469724812343,0.0
4603,0.815985079881888,0.0
4604,0.9060191392810956,0.0
4605,0.9616115211467964,0.0
4606,0.9952569930194676,0.0
4607,1.0138942967735158,0.0
4608,1.0288006960690594,0.0
4609,1.037176528830826,0.0
4610,1.0169179094168714,0.0
4611,0.9970792964297344,0.0
4612,0.9932278711469996,0.0
4613,0.956685225976742,0.0
4614,0.9455399493507916,0.0
4615,0.9181752684536872,0.0
4616,0.9030911249101348,0.0
4617,0.8936023498247327,0.0
4618,0.9215941459736892,0.0
4619,0.9536610602032248,0.0
4620,1.021274818919525,0.0
4621,1.105115812203742,0.0
4622,1.1511449753762404,0.0
4623,1.1893235194894294,0.0
4624,1.2087264019521031,0.0
4625,1.2124325954415238,0.0
4626,1.208796425915432,0.0
4627,1.194423490749864,0.0
4628,1.1971623786316743,0.0
4629,1.185095007240916,0.0
4630,1.2069090725099838,0.0
4631,1.2075627882704565,0.0
4632,1.249940441213607,0.0
4633,1.280097828075292,0.0
4634,1.3194300620153423,0.0
4635,1.347850537823969,0.0
4636,1.368752617769415,0.0
4637,1.381720981506743,0.0
4638,1.3891743778338626,0.0
4639,1.3326911426239154,0.0
4640,1.2826366177845845,0.0
4641,1.1884964077232958,0.0
4642,1.1189040175013318,0.0
4643,1.0506260689017397,0.0
4644,0.9831431918530112,0.0
4645,0.9376502123887364,0.0
4646,0.8898277959327764,0.0
4647,0.8414779145297088,0.0
4648,0.7960798461419334,0.0
4649,0.7706623299984118,0.0
4650,0.7259212633624499,0.0
4651,0.685060526178916,0.0
4652,0.6417101140619184,0.0
4653,0.6044763729429167,0.0
4654,0.5557578549332838,0.0
4655,0.517092415547965,0.0
4656,0.4704862731981099,0.0
4657,0.4478880268581315,0.0
4658,0.4158162285184414,0.0
4659,0.4063696232899321,0.0
4660,0.4306014237505061,0.0
4661,0.4643340177638964,0.0
4662,0.5236547106092061,0.0
4663,0.6246006454199227,0.0
4664,0.7115135966513803,0.0
4665,0.8080684206918461,0.0
4666,0.9032098677428518,0.0
4667,1.0037067936477413,0.0
4668,1.0768592318109484,0.0
4669,1.125389781898674,0.0
4670,1.17836506425795,0.0
4671,1.2151555659239823,0.0
4672,1.2247367719262503,0.0
4673,1.245525335795836,0.0
4674,1.2336123188387869,0.0
4675,1.2333261912577722,0.0
4676,1.2292711129389446,0.0
4677,1.2127610586570314,0.0
4678,1.197817556572034,0.0
4679,1.176117901262963,0.0
4680,1.1929782949982894,0.0
4681,1.2037957533250567,0.0
4682,1.2539889917617868,0.0
4683,1.2955482933674525,0.0
4684,1.3513268183637537,0.0
4685,1.3649792321438885,0.0
4686,1.3289418983504473,0.0
4687,1.2838723027529566,0.0
4688,1.2131541192226714,0.0
4689,1.1405159729499663,0.0
4690,1.0525138233398466,0.0
4691,0.988845897379964,0.0
4692,0.9247563571689628,0.0
4693,0.8679170946260579,0.0
4694,0.8101686670637149,0.0
4695,0.7715669789407726,0.0
4696,0.7508877366227527,0.0
4697,0.7177020468248051,0.0
4698,0.6911232291375646,0.0
4699,0.6674910137349207,0.0
4700,0.6303782731284162,0.0
4701,0.6086783577284794,0.0
4702,0.5551198148981579,0.0
4703,0.5299857843758335,0.0
4704,0.4867606737972452,0.0
4705,0.4584995802831052,0.0
4706,0.4553952465013079,0.0
4707,0.4605273213795018,0.0
4708,0.4871385563572798,0.0
4709,0.5540328598349457,0.0
4710,0.6273389515592837,0.0
4711,0.7287630592323842,0.0
4712,0.8400921060583794,0.0
4713,0.9235601946467856,0.0
4714,1.006347595763338,0.0
4715,1.0867582346972948,0.0
4716,1.1306823454557509,0.0
4717,1.189950956108948,0.0
4718,1.23674479701092,0.0
4719,1.2485463163872168,0.0
4720,1.285529774031249,0.0
4721,1.273317129361909,0.0
4722,1.283798697725759,0.0
4723,1.268991485907389,0.0
4724,1.2567947746829944,0.0
4725,1.244925533556634,0.0
4726,1.238349807992759,0.0
4727,1.2474136326890937,0.0
4728,1.2645282148734946,0.0
4729,1.3021441816123605,0.0
4730,1.3445915730328242,0.0
4731,1.3889656597697655,0.0
4732,1.3946344052319992,0.0
4733,1.3478145580171526,0.0
4734,1.286963709048699,0.0
4735,1.222256043240968,0.0
4736,1.1413614571552937,0.0
4737,1.0612245952712949,0.0
4738,0.9877573014190938,0.0
4739,0.9128998476289292,0.0
4740,0.8612692580829674,0.0
4741,0.7946992139293747,0.0
4742,0.7448442391600466,0.0
4743,0.6951031312750128,0.0
4744,0.6685016391957718,0.0
4745,0.6254009057132782,0.0
4746,0.6019392760627383,0.0
4747,0.5758025724748783,0.0
4748,0.5413028954621035,0.0
4749,0.4904428538029203,0.0
4750,0.4533685905707606,0.0
4751,0.4205555641440993,0.0
4752,0.4013310482504619,0.0
4753,0.4031286115800445,0.0
4754,0.4003056097000425,0.0
4755,0.4372815486262015,0.0
4756,0.5009298924831387,0.0
4757,0.600399030650967,0.0
4758,0.7040751630951407,0.0
4759,0.7997110546116388,0.0
4760,0.8960928563902979,0.0
4761,0.9760413403234776,0.0
4762,1.0394564791875651,0.0
4763,1.0959484748827686,0.0
4764,1.148983710619495,0.0
4765,1.1625313097561454,0.0
4766,1.1924026175332827,0.0
4767,1.1896903695280232,0.0
4768,1.1972484778877892,0.0
4769,1.1983077097864996,0.0
4770,1.184999519997118,0.0
4771,1.159910492571247,0.0
4772,1.1436827245202297,0.0
4773,1.1408413779291926,0.0
4774,1.1330039863477288,0.0
4775,1.1623768146759323,0.0
4776,1.2024509648590065,0.0
4777,1.2606853725339071,0.0
4778,1.308291737113224,0.0
4779,1.3324980260142854,0.0
4780,1.3107325391143447,0.0
4781,1.2610547388827038,0.0
4782,1.2096103840212318,0.0
4783,1.147479453586196,0.0
4784,1.081963701892405,0.0
4785,1.0293573586402551,0.0
4786,0.9615793546417556,0.0
4787,0.905271430332942,0.0
4788,0.8795520082888324,0.0
4789,0.8472982921402973,0.0
4790,0.815503486679484,0.0
4791,0.7933371313380505,0.0
4792,0.7771807715424093,0.0
4793,0.7630175189356537,0.0
4794,0.7239587905091793,0.0
4795,0.7050068266113079,0.0
4796,0.6515640707121989,0.0
4797,0.6101558508876282,0.0
4798,0.5609630812868273,0.0
4799,0.5444316487024077,0.0
4800,0.5237184226132592,0.0
4801,0.5054821740166325,0.0
4802,0.5407442866655875,0.0
4803,0.5706134386528668,0.0
4804,0.6469278462998134,0.0
4805,0.7266864028585054,0.0
4806,0.815676637077158,0.0
4807,0.902086106236366,0.0
4808,0.9941480593657552,0.0
4809,1.0706291006171114,0.0
4810,1.131721989383421,0.0
4811,1.192832558665622,0.0
4812,1.246271300889981,0.0
4813,1.3070678023658928,0.0
4814,1.329831351440235,0.0
4815,1.3464617239892132,0.0
4816,1.367098154017489,0.0
4817,1.3765866775834112,0.0
4818,1.3621245150620285,0.0
4819,1.363396695351227,0.0
4820,1.357211826634141,0.0
4821,1.349559602593176,0.0
4822,1.362319587925446,0.0
4823,1.4009992907200488,0.0
4824,1.441501928271432,0.0
4825,1.4695177596683355,0.0
4826,1.45599031185779,0.0
4827,1.4275812315156031,0.0
4828,1.3553799929340176,0.0
4829,1.2869809873767435,0.0
4830,1.188341525117338,0.0
4831,1.0974855286104388,0.0
4832,1.0149273635146745,0.0
4833,0.9414034871934912,0.0
4834,0.8690046302120089,0.0
4835,0.7962857733859248,0.0
4836,0.7249113274796771,0.0
4837,0.6668887021860408,0.0
4838,0.6273878820878306,0.0
4839,0.5831127828487968,0.0
4840,0.5351187761426497,0.0
4841,0.5030231188199064,0.0
4842,0.4655660735230563,0.0
4843,0.4375093409887501,0.0
4844,0.4005387068255493,0.0
4845,0.3706425800654573,0.0
4846,0.3326153266846712,0.0
4847,0.3201874261611909,0.0
4848,0.3341137536108344,0.0
4849,0.3557149008042669,0.0
4850,0.4061777669581761,0.0
4851,0.5060128354311234,0.0
4852,0.6109428379697138,0.0
4853,0.73327713345379,0.0
4854,0.8311255884874662,0.0
4855,0.916230992189792,0.0
4856,0.96973035262309,0.0
4857,1.0227675214788772,0.0
4858,1.067096978609858,0.0
4859,1.0768826775244706,0.0
4860,1.0872879155755282,0.0
4861,1.097762671864367,0.0
4862,1.0823704599159305,0.0
4863,1.080123065498537,0.0
4864,1.064767237053459,0.0
4865,1.036641212640845,0.0
4866,1.0158476075481535,0.0
4867,1.005148785414831,0.0
4868,1.001099412399741,0.0
4869,1.0093735324597033,0.0
4870,1.0548487775126467,0.0
4871,1.101979223229687,0.0
4872,1.1651620655922037,0.0
4873,1.2212306443235328,0.0
4874,1.2424664084662274,0.0
4875,1.2512388804361974,0.0
4876,1.2335760122934072,0.0
4877,1.184330793646836,0.0
4878,1.1597565726449215,0.0
4879,1.1167737419933763,0.0
4880,1.08634769308757,0.0
4881,1.068112301752421,0.0
4882,1.0566831097063438,0.0
4883,1.0401738985758169,0.0
4884,1.048030173689379,0.0
4885,1.0577747895394365,0.0
4886,1.0883315802437723,0.0
4887,1.1002468556086975,0.0
4888,1.1080809875499842,0.0
4889,1.087029908528718,0.0
4890,1.0422607808922153,0.0
4891,0.9871923890529706,0.0
4892,0.9177843365979792,0.0
4893,0.8662204210724352,0.0
4894,0.8168534134050068,0.0
4895,0.7691279769733964,0.0
4896,0.7442103272896124,0.0
4897,0.7262289587551328,0.0
4898,0.7322699913537879,0.0
4899,0.7365595565793807,0.0
4900,0.7744660958015729,0.0
4901,0.7988379223371634,0.0
4902,0.8209961546849347,0.0
4903,0.8322930933720127,0.0
4904,0.8382490048471388,0.0
4905,0.8174545847155046,0.0
4906,0.8154934775844638,0.0
4907,0.8101526848784425,0.0
4908,0.8288303444295605,0.0
4909,0.8719568264742996,0.0
4910,0.9290899392182188,0.0
4911,0.998119787069078,0.0
4912,1.0654563727001432,0.0
4913,1.1332204502327656,0.0
4914,1.2086615567434316,0.0
4915,1.255996013831835,0.0
4916,1.295517287490136,0.0
4917,1.3496900621573462,0.0
4918,1.386774061838585,0.0
4919,1.4302209219213626,0.0
4920,1.468035795421084,0.0
4921,1.4878000356933692,0.0
4922,1.5241778664370051,0.0
4923,1.5593189641375016,0.0
4924,1.565772264319499,0.0
4925,1.5999477767625097,0.0
4926,1.6233281935312855,0.0
4927,1.6357079966804366,0.0
4928,1.6411036824869714,0.0
4929,1.6161406393928863,0.0
4930,1.56510701411666,0.0
4931,1.4917630783184774,0.0
4932,1.392407476219171,0.0
4933,1.2863069065871633,0.0
4934,1.1840722729307869,0.0
4935,1.09760885229214,0.0
4936,1.0073733386118262,0.0
4937,0.9150607713236438,0.0
4938,0.8503020518876764,0.0
4939,0.7594350372565232,0.0
4940,0.7034164621135668,0.0
4941,0.6467116430905824,0.0
4942,0.5899899739778102,0.0
4943,0.5278106589452359,0.0
4944,0.475589009752729,0.0
4945,0.4444026676729066,0.0
4946,0.3933465590088651,0.0
4947,0.3594001420527642,0.0
4948,0.3413786704879326,0.0
4949,0.3055205529709222,0.0
4950,0.2909708765679752,0.0
4951,0.2835328343893354,0.0
4952,0.2750968411952558,0.0
4953,0.3052573137313907,0.0
4954,0.383030691871231,0.0
4955,0.4756397730632719,0.0
4956,0.5969317962592647,0.0
4957,0.7090646563647268,0.0
4958,0.8016449448997429,0.0
4959,0.8919793744852651,0.0
4960,0.9457172976077932,0.0
4961,0.9862752195151678,0.0
4962,1.017897390028346,0.0
4963,1.0337773753512451,0.0
4964,1.032962929850731,0.0
4965,1.024886059155777,0.0
4966,1.0126176430908498,0.0
4967,0.9886361148427982,0.0
4968,0.9583243119503366,0.0
4969,0.9501181637246832,0.0
4970,0.909086294606107,0.0
4971,0.9032967118327198,0.0
4972,0.901001065168452,0.0
4973,0.9027995840604696,0.0
4974,0.9548740194508298,0.0
4975,1.0128799445624097,0.0
4976,1.0901725712690131,0.0
4977,1.1458843117522162,0.0
4978,1.202681310227447,0.0
4979,1.219318885165305,0.0
4980,1.2091763083209577,0.0
4981,1.2105326275103243,0.0
4982,1.193772134705616,0.0
4983,1.197039132009413,0.0
4984,1.1771835066932297,0.0
4985,1.1915482266157085,0.0
4986,1.216918804935999,0.0
4987,1.2397271379261767,0.0
4988,1.256837704139127,0.0
4989,1.291032231911989,0.0
4990,1.331795632410619,0.0
4991,1.3743113636663358,0.0
4992,1.381586382471602,0.0
4993,1.3843709834118494,0.0
4994,1.3421634821392905,0.0
4995,1.287310815348778,0.0
4996,1.202374719102195,0.0
4997,1.1198426509994115,0.0
4998,1.0591659054263305,0.0
4999,0.9835798612633564,0.0
5000,0.9318339126564206,0.0
5001,0.8861649886986498,0.0
5002,0.8471491981041129,0.0
5003,0.812179518999633,0.0
5004,0.7830280603817621,0.0
5005,0.7376731163746236,0.0
5006,0.6866908932615658,0.0
5007,0.6586972536022644,0.0
5008,0.6174513846435982,0.0
5009,0.5582850817946978,0.0
5010,0.5309208169631202,0.0
5011,0.4893413469045903,0.0
5012,0.4461270027335037,0.0
5013,0.4265749563779617,0.0
5014,0.4163236819810864,0.0
5015,0.4281909515323349,0.0
5016,0.4593655253787871,0.0
5017,0.5242515254216447,0.0
5018,0.6222083422598473,0.0
5019,0.7164858233182189,0.0
5020,0.7999962731031061,0.0
5021,0.8991020417207793,0.0
5022,0.9891267681277788,0.0
5023,1.054826128223215,0.0
5024,1.1300044325702765,0.0
5025,1.1756276262518532,0.0
5026,1.2058208891586313,0.0
5027,1.2384175885703357,0.0
5028,1.2412028031838869,0.0
5029,1.2437803175308708,0.0
5030,1.2344191448084725,0.0
5031,1.2279652508450776,0.0
5032,1.2104391147479625,0.0
5033,1.2007356787461143,0.0
5034,1.185996992958272,0.0
5035,1.197661607205918,0.0
5036,1.2119116680147568,0.0
5037,1.2485333383218142,0.0
5038,1.2987808859103465,0.0
5039,1.3482065854256275,0.0
5040,1.360539034475499,0.0
5041,1.3345763503738162,0.0
5042,1.2873047245598652,0.0
5043,1.2254583583803849,0.0
5044,1.1497960135345484,0.0
5045,1.0568917469422925,0.0
5046,0.9860437793451668,0.0
5047,0.9197198256896796,0.0
5048,0.8707611918710381,0.0
5049,0.8255051529602042,0.0
5050,0.7707669965603043,0.0
5051,0.7391079818836764,0.0
5052,0.704329733872912,0.0
5053,0.6831803590156544,0.0
5054,0.6683003986750605,0.0
5055,0.6267860414139167,0.0
5056,0.6009666426535559,0.0
5057,0.5643934475033189,0.0
5058,0.5175260690054061,0.0
5059,0.4833009531607449,0.0
5060,0.4484245934129144,0.0
5061,0.4415715777709473,0.0
5062,0.4538629390697392,0.0
5063,0.4684561260318789,0.0
5064,0.5308757442152677,0.0
5065,0.6287954796616443,0.0
5066,0.7189127853954128,0.0
5067,0.8164346750172692,0.0
5068,0.9107790672756227,0.0
5069,1.00138482192472,0.0
5070,1.0712535647179573,0.0
5071,1.1334837888524532,0.0
5072,1.178544642599879,0.0
5073,1.2184280896331825,0.0
5074,1.2556725524639765,0.0
5075,1.2671956167809488,0.0
5076,1.2651010457092349,0.0
5077,1.2692152834829602,0.0
5078,1.25643348741824,0.0
5079,1.2452127516637246,0.0
5080,1.2319884028000867,0.0
5081,1.2308833530359595,0.0
5082,1.230111989868624,0.0
5083,1.252994881267646,0.0
5084,1.281309109830246,0.0
5085,1.325823413878884,0.0
5086,1.3698933848116432,0.0
5087,1.3807744945990028,0.0
5088,1.358089257324093,0.0
5089,1.29724688157851,0.0
5090,1.2208682422851158,0.0
5091,1.142749311577004,0.0
5092,1.0706163226309144,0.0
5093,1.002160033929936,0.0
5094,0.919121240682334,0.0
5095,0.8692801902303117,0.0
5096,0.8170649189944851,0.0
5097,0.7581548731858259,0.0
5098,0.7137492771307677,0.0
5099,0.675325847138307,0.0
5100,0.6452233503333583,0.0
5101,0.626479590136938,0.0
5102,0.584392307164641,0.0
5103,0.5552302198561941,0.0
5104,0.5208821595220855,0.0
5105,0.4784345756992536,0.0
5106,0.4393833599065997,0.0
5107,0.4266806446571766,0.0
5108,0.4111251602083061,0.0
5109,0.4207827562541456,0.0
5110,0.4513650132122709,0.0
5111,0.514433474393384,0.0
5112,0.5930557386610418,0.0
5113,0.7046801700187002,0.0
5114,0.8064135214095787,0.0
5115,0.9024706565817384,0.0
5116,0.9698776654497764,0.0
5117,1.0490629732307333,0.0
5118,1.1105576707285922,0.0
5119,1.152878001135048,0.0
5120,1.1877677207208428,0.0
5121,1.208028705070161,0.0
5122,1.2270067557493916,0.0
5123,1.219433276551873,0.0
5124,1.2097023596786365,0.0
5125,1.2014214889764478,0.0
5126,1.1931896279894525,0.0
5127,1.168887046965326,0.0
5128,1.155585693433692,0.0
5129,1.1671989476270983,0.0
5130,1.180757523342993,0.0
5131,1.221543330871824,0.0
5132,1.2830271890539413,0.0
5133,1.315468500863196,0.0
5134,1.3427909392968778,0.0
5135,1.316290483603043,0.0
5136,1.2764046706659102,0.0
5137,1.2279830838829753,0.0
5138,1.1551040833644022,0.0
5139,1.0789104008921548,0.0
5140,1.0109364904460991,0.0
5141,0.956249563114023,0.0
5142,0.8920956154418909,0.0
5143,0.8558701516643391,0.0
5144,0.8120698259350195,0.0
5145,0.7871250549208315,0.0
5146,0.7598786419555332,0.0
5147,0.729151358788773,0.0
5148,0.7089880257675217,0.0
5149,0.6906191514579072,0.0
5150,0.6542669985128218,0.0
5151,0.6153534390449826,0.0
5152,0.5692887202335782,0.0
5153,0.5344476074367673,0.0
5154,0.4976402907176149,0.0
5155,0.4768321872371686,0.0
5156,0.4723256586003092,0.0
5157,0.4933906776358128,0.0
5158,0.5459540790387947,0.0
5159,0.6109288651238639,0.0
5160,0.7101773305118522,0.0
5161,0.8103219722937052,0.0
5162,0.8903133660428315,0.0
5163,0.9903589376300704,0.0
5164,1.0596648011942968,0.0
5165,1.1334065323544456,0.0
5166,1.1913211587605554,0.0
5167,1.2349878630154243,0.0
5168,1.2761452523590329,0.0
5169,1.3014122906424417,0.0
5170,1.319737565506228,0.0
5171,1.3221148166683363,0.0
5172,1.3068849081658784,0.0
5173,1.2961696838907877,0.0
5174,1.2930325427791185,0.0
5175,1.27896702213217,0.0
5176,1.2953598296593196,0.0
5177,1.308176813933582,0.0
5178,1.3284908574440764,0.0
5179,1.3756369495130558,0.0
5180,1.41156523955245,0.0
5181,1.4232334536863345,0.0
5182,1.3886522858359098,0.0
5183,1.343033163245296,0.0
5184,1.2549451651296328,0.0
5185,1.1751653963617756,0.0
5186,1.09923397045312,0.0
5187,1.0189463326124215,0.0
5188,0.9332923550964092,0.0
5189,0.858051847906061,0.0
5190,0.792198425882219,0.0
5191,0.7367461556863009,0.0
5192,0.7027374378086747,0.0
5193,0.6404533160129763,0.0
5194,0.6174892020096658,0.0
5195,0.582552161622831,0.0
5196,0.5301954093678063,0.0
5197,0.5066260563294012,0.0
5198,0.4581103521465198,0.0
5199,0.4328413616037398,0.0
5200,0.3969327418467268,0.0
5201,0.3796785707950562,0.0
5202,0.369213103568366,0.0
5203,0.3566995727599003,0.0
5204,0.3988055281061222,0.0
5205,0.4447818586615418,0.0
5206,0.5438864523722854,0.0
5207,0.6396284529079321,0.0
5208,0.7639035072000311,0.0
5209,0.8575595139326101,0.0
5210,0.9454814274104756,0.0
5211,1.0134962243440266,0.0
5212,1.053923152342486,0.0
5213,1.0879941866551883,0.0
5214,1.130394357459226,0.0
5215,1.1428694924420213,0.0
5216,1.149652509608029,0.0
5217,1.1405786603454589,0.0
5218,1.1424157434166382,0.0
5219,1.1178883958835548,0.0
5220,1.0972427434098486,0.0
5221,1.081929602712317,0.0
5222,1.0579715215605567,0.0
5223,1.0670021350224703,0.0
5224,1.0904036118918023,0.0
5225,1.114964394899011,0.0
5226,1.1801624908661263,0.0
5227,1.2360046336160209,0.0
5228,1.2785846849438585,0.0
5229,1.2819873414465102,0.0
5230,1.2709467413039417,0.0
5231,1.233724923951229,0.0
5232,1.174505203078145,0.0
5233,1.1318301688283416,0.0
5234,1.0707671491249422,0.0
5235,1.0285964744779137,0.0
5236,0.9820778618951786,0.0
5237,0.9568744336902202,0.0
5238,0.9338129378147028,0.0
5239,0.9164748524885576,0.0
5240,0.9120545761274768,0.0
5241,0.9281845433616442,0.0
5242,0.9164058837973008,0.0
5243,0.9068193253652604,0.0
5244,0.8746097791184722,0.0
5245,0.8270973211920489,0.0
5246,0.7785854206942653,0.0
5247,0.7309857024880736,0.0
5248,0.6920489114181985,0.0
5249,0.6481904736249023,0.0
5250,0.6292856526952888,0.0
5251,0.6122057715300407,0.0
5252,0.6430765375724993,0.0
5253,0.6695076897845504,0.0
5254,0.7096660073737565,0.0
5255,0.7913205620206675,0.0
5256,0.8492609046533575,0.0
5257,0.918015500621693,0.0
5258,0.9862714529467144,0.0
5259,1.051822895477639,0.0
5260,1.0988528781319595,0.0
5261,1.1467809132222482,0.0
5262,1.2090404882782184,0.0
5263,1.2484693275975836,0.0
5264,1.3030239129512968,0.0
5265,1.3587929479831995,0.0
5266,1.3767073039270257,0.0
5267,1.4032098044376358,0.0
5268,1.429401538254348,0.0
5269,1.4332610277788245,0.0
5270,1.444335518146775,0.0
5271,1.4603626294946612,0.0
5272,1.47377190596217,0.0
5273,1.517669542296986,0.0
5274,1.5283053490129193,0.0
5275,1.5519374720097276,0.0
5276,1.548933266730712,0.0
5277,1.5081004493082526,0.0
5278,1.4434791350875784,0.0
5279,1.380235454418532,0.0
5280,1.2817709341150316,0.0
5281,1.206557152422146,0.0
5282,1.1061672769145738,0.0
5283,1.0164039283555892,0.0
5284,0.9463267261148394,0.0
5285,0.8675182390656565,0.0
5286,0.7828363132178826,0.0
5287,0.7190642986754576,0.0
5288,0.6581144784482988,0.0
5289,0.6065584852700534,0.0
5290,0.562583776155827,0.0
5291,0.5075911135840964,0.0
5292,0.4668839158044422,0.0
5293,0.4182356529101147,0.0
5294,0.3844274414331967,0.0
5295,0.3653760458525654,0.0
5296,0.3356418635765403,0.0
5297,0.3115127867626612,0.0
5298,0.2975487724206279,0.0
5299,0.2962428579774602,0.0
5300,0.3177336777948634,0.0
5301,0.3808483579625596,0.0
5302,0.4807211665931759,0.0
5303,0.5779229151872882,0.0
5304,0.7070239092171572,0.0
5305,0.8055795058687808,0.0
5306,0.8875496288346432,0.0
5307,0.9608678498710724,0.0
5308,1.005582967221592,0.0
5309,1.0403302456435544,0.0
5310,1.0575320523160632,0.0
5311,1.0487632386196808,0.0
5312,1.0573300832698365,0.0
5313,1.0407846576800197,0.0
5314,1.0244493890006925,0.0
5315,1.002579899850125,0.0
5316,0.978857919333223,0.0
5317,0.9662148862185944,0.0
5318,0.9357128761353888,0.0
5319,0.933353842504946,0.0
5320,0.9489060856667464,0.0
5321,0.9884951821742134,0.0
5322,1.0351121965434047,0.0
5323,1.106262877431721,0.0
5324,1.1688076083022747,0.0
5325,1.2122837776269542,0.0
5326,1.2249347858593786,0.0
5327,1.2238441858207931,0.0
5328,1.1966494761347886,0.0
5329,1.183442216074042,0.0
5330,1.1577001310318664,0.0
5331,1.1560884498144797,0.0
5332,1.1471399869322003,0.0
5333,1.1518636363841184,0.0
5334,1.1570975578624478,0.0
5335,1.1757245135565912,0.0
5336,1.2072918749054111,0.0
5337,1.23706628265636,0.0
5338,1.2821159545067438,0.0
5339,1.2910444615754415,0.0
5340,1.2818297433179122,0.0
5341,1.232888773006784,0.0
5342,1.1709105678573808,0.0
5343,1.1009020142680117,0.0
5344,1.0404770762051114,0.0
5345,0.9748190849129912,0.0
5346,0.9222511718735812,0.0
5347,0.8744173622916526,0.0
5348,0.8442587107375882,0.0
5349,0.8055088106843689,0.0
5350,0.7894253563614255,0.0
5351,0.7736567890901401,0.0
5352,0.7403474515327092,0.0
5353,0.7187393500892792,0.0
5354,0.6985134288803937,0.0
5355,0.6725947496517747,0.0
5356,0.625173363608258,0.0
5357,0.5829806104152327,0.0
5358,0.5676231312976678,0.0
5359,0.5285540060428374,0.0
5360,0.5261517116360606,0.0
5361,0.5329608439775941,0.0
5362,0.566936667973988,0.0
5363,0.6344521522463867,0.0
5364,0.7181755703826612,0.0
5365,0.8017624617354902,0.0
5366,0.8905270652487988,0.0
5367,0.9874480350618248,0.0
5368,1.0514771071555804,0.0
5369,1.1339635700004254,0.0
5370,1.1919802321771005,0.0
5371,1.2364784239573114,0.0
5372,1.2839753975193535,0.0
5373,1.3352221351795115,0.0
5374,1.345437794322665,0.0
5375,1.3640973234903837,0.0
5376,1.3791618842639823,0.0
5377,1.3622268182507675,0.0
5378,1.3651097371845806,0.0
5379,1.3500971309133305,0.0
5380,1.3580816918203389,0.0
5381,1.36584738593369,0.0
5382,1.393601141187602,0.0
5383,1.4307933786276583,0.0
5384,1.4544722581743943,0.0
5385,1.4728353583043037,0.0
5386,1.4405196481807443,0.0
5387,1.3709797644431911,0.0
5388,1.3018381057969206,0.0
5389,1.2036702717997454,0.0
5390,1.1095775005898856,0.0
5391,1.0408808641554523,0.0
5392,0.9487195029112728,0.0
5393,0.8827067126674765,0.0
5394,0.7968756786065558,0.0
5395,0.745113834947517,0.0
5396,0.6825000146213857,0.0
5397,0.6393841819391399,0.0
5398,0.5782465756984817,0.0
5399,0.5409024503139928,0.0
5400,0.510585707308141,0.0
5401,0.4618732981634282,0.0
5402,0.4254805469447873,0.0
5403,0.3992887912952547,0.0
5404,0.3754664649297372,0.0
5405,0.3367360168091309,0.0
5406,0.3231617643180741,0.0
5407,0.3155617960920579,0.0
5408,0.3522484637356435,0.0
5409,0.4010537286681586,0.0
5410,0.4929739169353479,0.0
5411,0.5943377500675767,0.0
5412,0.712668888922002,0.0
5413,0.8167776812377774,0.0
5414,0.8964041929429228,0.0
5415,0.9629125968507636,0.0
5416,1.0101402432714104,0.0
5417,1.0478073823259355,0.0
5418,1.0808612920844851,0.0
5419,1.09743662238169,0.0
5420,1.0886901243523124,0.0
5421,1.091916303371214,0.0
5422,1.081083175037492,0.0
5423,1.0598025629191627,0.0
5424,1.0435269388965074,0.0
5425,1.012046689906503,0.0
5426,0.995765645488827,0.0
5427,1.000010428581743,0.0
5428,1.002605434250028,0.0
5429,1.0232194213279453,0.0
5430,1.0907726535951936,0.0
5431,1.156758503610097,0.0
5432,1.2016859090421397,0.0
5433,1.2471243239829686,0.0
5434,1.2480267907278586,0.0
5435,1.2354521468128865,0.0
5436,1.1907986959696473,0.0
5437,1.1620982278212828,0.0
5438,1.1303188319073116,0.0
5439,1.1068913906528384,0.0
5440,1.081355251317076,0.0
5441,1.0647372251035228,0.0
5442,1.0482894077090004,0.0
5443,1.0560368760087817,0.0
5444,1.085638445222871,0.0
5445,1.0884372183368105,0.0
5446,1.116674452162626,0.0
5447,1.1185386316841284,0.0
5448,1.0960590346372308,0.0
5449,1.05997285245768,0.0
5450,1.0089116535325784,0.0
5451,0.9497932645224076,0.0
5452,0.8881031326358348,0.0
5453,0.8341239246198029,0.0
5454,0.7969159119195629,0.0
5455,0.7588756313502906,0.0
5456,0.741548142086183,0.0
5457,0.7442368913712011,0.0
5458,0.7402711724887049,0.0
5459,0.7546755729122633,0.0
5460,0.7875078282318813,0.0
5461,0.7944869626616367,0.0
5462,0.8065557137573908,0.0
5463,0.8112717821883909,0.0
5464,0.8124830049209926,0.0
5465,0.7933203412529567,0.0
5466,0.7770542212743226,0.0
5467,0.7980944574689183,0.0
5468,0.8087793040914304,0.0
5469,0.8662380359448375,0.0
5470,0.9301338221259856,0.0
5471,1.0116003486552791,0.0
5472,1.0918918411559124,0.0
5473,1.159225898719496,0.0
5474,1.2083425519131683,0.0
5475,1.2704003061155669,0.0
5476,1.321676741518622,0.0
5477,1.3501980530133306,0.0
5478,1.394035994302994,0.0
5479,1.442585009911726,0.0
5480,1.4774555653009114,0.0
5481,1.5114860325496564,0.0
5482,1.5399713376201931,0.0
5483,1.5584337048212813,0.0
5484,1.577296505012801,0.0
5485,1.611248635366351,0.0
5486,1.624423556950776,0.0
5487,1.6483190751768766,0.0
5488,1.6368333162566888,0.0
5489,1.6204313224532358,0.0
5490,1.5491236061077152,0.0
5491,1.470287690934305,0.0
5492,1.3659604052790757,0.0
5493,1.2760937964348782,0.0
5494,1.1613453924458137,0.0
5495,1.0669725997634103,0.0
5496,0.9798135147874524,0.0
5497,0.8938146149771465,0.0
5498,0.8208493228322945,0.0
5499,0.758038208449798,0.0
5500,0.6857801499140159,0.0
5501,0.6243978294655922,0.0
5502,0.5634132739855137,0.0
5503,0.511658177314778,0.0
5504,0.4684339136203926,0.0
5505,0.4376299261802112,0.0
5506,0.3846439018817623,0.0
5507,0.3546049625090524,0.0
5508,0.3313210272001405,0.0
5509,0.3034678462262051,0.0
5510,0.2870735209902526,0.0
5511,0.2694378560302595,0.0
5512,0.287902260180859,0.0
5513,0.3196234095787939,0.0
5514,0.4044350593302897,0.0
5515,0.5012852495141178,0.0
5516,0.6243538298902319,0.0
5517,0.7237176051701826,0.0
5518,0.8339590834628489,0.0
5519,0.9110309033705896,0.0
5520,0.9514614997232428,0.0
5521,0.997999386062636,0.0
5522,1.021080503888156,0.0
5523,1.0293318850067328,0.0
5524,1.033803628268401,0.0
5525,1.0105352204858835,0.0
5526,1.009293741781229,0.0
5527,0.9829193892881248,0.0
5528,0.954863187197879,0.0
5529,0.9266398032851018,0.0
5530,0.9082522706966256,0.0
5531,0.9001779902030728,0.0
5532,0.8863573325587353,0.0
5533,0.912978613598894,0.0
5534,0.966235301982826,0.0
5535,1.0315569658194783,0.0
5536,1.1112769864339258,0.0
5537,1.1676122226071697,0.0
5538,1.20044791704519,0.0
5539,1.2106668912349348,0.0
5540,1.2232285399913192,0.0
5541,1.1975975870205144,0.0
5542,1.2051081105052963,0.0
5543,1.1838800247734318,0.0
5544,1.188675053482364,0.0
5545,1.1965327157217014,0.0
5546,1.207244151658862,0.0
5547,1.248566491422812,0.0
5548,1.270399411526635,0.0
5549,1.304757288282239,0.0
5550,1.346459915404433,0.0
5551,1.3810380584683566,0.0
5552,1.3997784436398382,0.0
5553,1.3803897641824463,0.0
5554,1.3420683162985765,0.0
5555,1.261779942901524,0.0
5556,1.1887883523805334,0.0
5557,1.116487661393287,0.0
5558,1.0408914204716957,0.0
5559,0.9837692760443268,0.0
5560,0.9194872874446164,0.0
5561,0.8870923349729097,0.0
5562,0.8457982673632866,0.0
5563,0.8107032856766951,0.0
5564,0.7708238929611995,0.0
5565,0.7155378785283589,0.0
5566,0.6773728227946441,0.0
5567,0.6355345759217863,0.0
5568,0.599107872443059,0.0
5569,0.5581211177080125,0.0
5570,0.5125747401634776,0.0
5571,0.4860132737812131,0.0
5572,0.4549458875199951,0.0
5573,0.4285530893326692,0.0
5574,0.4070642523185628,0.0
5575,0.4376228187684061,0.0
5576,0.4704089939179418,0.0
5577,0.5407419001436767,0.0
5578,0.629961330846551,0.0
5579,0.7231549681077116,0.0
5580,0.8308269232498461,0.0
5581,0.9234740420943814,0.0
5582,1.0028261194158288,0.0
5583,1.066137497755277,0.0
5584,1.1386593560482927,0.0
5585,1.1869240048684218,0.0
5586,1.210185955582313,0.0
5587,1.234751805405666,0.0
5588,1.2496473202332163,0.0
5589,1.2405981653109504,0.0
5590,1.2321704630357853,0.0
5591,1.2230797699217473,0.0
5592,1.1972456044308932,0.0
5593,1.1879763589873955,0.0
5594,1.1808641793317531,0.0
5595,1.1809566743305873,0.0
5596,1.223293144801433,0.0
5597,1.2513617328957218,0.0
5598,1.3163006727098558,0.0
5599,1.3495439010841324,0.0
5600,1.3488160743213642,0.0
5601,1.3285391759856582,0.0
5602,1.2724582888154408,0.0
5603,1.20579824423799,0.0
5604,1.1192615637406576,0.0
5605,1.0628915429757697,0.0
5606,0.985712075854518,0.0
5607,0.9242202137717894,0.0
5608,0.8731371102944042,0.0
5609,0.8220212879364912,0.0
5610,0.7778386219047622,0.0
5611,0.7498208950329036,0.0
5612,0.7217164337577503,0.0
5613,0.6841384687491516,0.0
5614,0.6630166828334065,0.0
5615,0.6239399082294832,0.0
5616,0.5948454728617064,0.0
5617,0.5540003805731009,0.0
5618,0.5129089732963461,0.0
5619,0.4943252714922647,0.0
5620,0.45211664615465,0.0
5621,0.4399103028379963,0.0
5622,0.4589151346343499,0.0
5623,0.4905476265933783,0.0
5624,0.5465224538722889,0.0
5625,0.6361223584265091,0.0
5626,0.7495891775466627,0.0
5627,0.8304714586844487,0.0
5628,0.9214346342233454,0.0
5629,1.0202213028135982,0.0
5630,1.0732013683010058,0.0
5631,1.132548561306525,0.0
5632,1.1958692203731172,0.0
5633,1.2225546684029676,0.0
5634,1.2664270913573217,0.0
5635,1.2746668229219795,0.0
5636,1.2796429245531704,0.0
5637,1.278499414117307,0.0
5638,1.2617681802471306,0.0
5639,1.2482753474928772,0.0
5640,1.2391515632286778,0.0
5641,1.2369475231966744,0.0
5642,1.251131314282426,0.0
5643,1.25790509901006,0.0
5644,1.2992860949411444,0.0
5645,1.3542046250687267,0.0
5646,1.3783418357767925,0.0
5647,1.388753031306347,0.0
5648,1.3454044653178998,0.0
5649,1.2906117259714018,0.0
5650,1.2138273678106906,0.0
5651,1.1408023386519883,0.0
5652,1.0647237568589571,0.0
5653,0.9796538694435156,0.0
5654,0.913118860942485,0.0
5655,0.856245233524458,0.0
5656,0.7855832451598487,0.0
5657,0.7514556212687087,0.0
5658,0.7013165632305186,0.0
5659,0.6747505049704107,0.0
5660,0.6427427259221841,0.0
5661,0.607821806981399,0.0
5662,0.5598604147338403,0.0
5663,0.5323350796446699,0.0
5664,0.5029138399528941,0.0
5665,0.4577655572604038,0.0
5666,0.4227910816021617,0.0
5667,0.4095842168934409,0.0
5668,0.3885909234505024,0.0
5669,0.3980687299168282,0.0
5670,0.4449103404919259,0.0
5671,0.5197741213919401,0.0
5672,0.6027464827367598,0.0
5673,0.7112833064792073,0.0
5674,0.8224601210524902,0.0
5675,0.90084068142367,0.0
5676,0.9796840513147956,0.0
5677,1.0599259581471692,0.0
5678,1.1078519597466423,0.0
5679,1.1488178031713985,0.0
5680,1.1671158808180575,0.0
5681,1.1946392251953482,0.0
5682,1.204966600906306,0.0
5683,1.203664332024894,0.0
5684,1.1915322738940608,0.0
5685,1.1811422815855763,0.0
5686,1.1662879923036096,0.0
5687,1.1551545787857254,0.0
5688,1.1459379226238875,0.0
5689,1.13741194361311,0.0
5690,1.1630673234476678,0.0
5691,1.2058089166147603,0.0
5692,1.2673704617590498,0.0
5693,1.3176579532560864,0.0
5694,1.3161993909724323,0.0
5695,1.3061545916542316,0.0
5696,1.275374755665917,0.0
5697,1.2094861784559805,0.0
5698,1.1530569042494208,0.0
5699,1.0698693501741467,0.0
5700,1.0073749697483831,0.0
5701,0.958376390807198,0.0
5702,0.9148255050124928,0.0
5703,0.8666674475234636,0.0
5704,0.8228927637313591,0.0
5705,0.811074528160779,0.0
5706,0.7853187089244611,0.0
5707,0.7619546112729484,0.0
5708,0.7503800620281464,0.0
5709,0.7223942681393033,0.0
5710,0.6785406985794434,0.0
5711,0.6508912117920587,0.0
5712,0.6010062996555267,0.0
5713,0.5595039030068903,0.0
5714,0.5247814177942787,0.0
5715,0.508970896506316,0.0
5716,0.5135935573776657,0.0
5717,0.5384777586616429,0.0
5718,0.5816864999665127,0.0
5719,0.6504638618613676,0.0
5720,0.733572584299412,0.0
5721,0.8265809126978415,0.0
5722,0.9154308062880216,0.0
5723,0.9959003762168512,0.0
5724,1.0666842331053266,0.0
5725,1.1382384711558478,0.0
5726,1.206351578993992,0.0
5727,1.249311869292506,0.0
5728,1.2923090746704595,0.0
5729,1.3415199089784382,0.0
5730,1.34458458295,0.0
5731,1.3515140072600598,0.0
5732,1.3655787309930698,0.0
5733,1.3531650922719822,0.0
5734,1.3547011250824694,0.0
5735,1.3333294219869667,0.0
5736,1.352362863655259,0.0
5737,1.3533160374340982,0.0
5738,1.3977313493655192,0.0
5739,1.4239068579499152,0.0
5740,1.4527625702665412,0.0
5741,1.4608892054566125,0.0
5742,1.4173148950341314,0.0
5743,1.3559503934282169,0.0
5744,1.2695062286279393,0.0
5745,1.1775805193039504,0.0
5746,1.0828604099598975,0.0
5747,1.0150355924963674,0.0
5748,0.9201991587831108,0.0
5749,0.8602881896754713,0.0
5750,0.7784380153153053,0.0
5751,0.7198351044850929,0.0
5752,0.6635097843158385,0.0
5753,0.6137423174573688,0.0
5754,0.5888374370118494,0.0
5755,0.5307780498198676,0.0
5756,0.505390227175011,0.0
5757,0.4639684908858002,0.0
5758,0.4234470076663615,0.0
5759,0.4031058165460655,0.0
5760,0.3742264870479113,0.0
5761,0.3491559935220392,0.0
5762,0.3284690159140119,0.0
5763,0.3399970935144797,0.0
5764,0.3688243847802177,0.0
5765,0.4293084297447275,0.0
5766,0.5254786153839529,0.0
5767,0.6403319004807807,0.0
5768,0.7461999528909785,0.0
5769,0.8342576333428666,0.0
5770,0.9272748184445312,0.0
5771,0.98108028447049,0.0
5772,1.0288072797990824,0.0
5773,1.0688153353197918,0.0
5774,1.0875597991930597,0.0
5775,1.096064698763366,0.0
5776,1.0931283881153513,0.0
5777,1.0892765325285745,0.0
5778,1.0845605652184027,0.0
5779,1.0557135325972569,0.0
5780,1.0474070473983703,0.0
5781,1.025305590724652,0.0
5782,1.009807417688936,0.0
5783,0.9984049474669464,0.0
5784,1.0226747956405386,0.0
5785,1.0627565367030316,0.0
5786,1.1264591932327128,0.0
5787,1.1802642383007338,0.0
5788,1.2344317484021143,0.0
5789,1.2537183257361515,0.0
5790,1.2435075647354663,0.0
5791,1.2284679005085264,0.0
5792,1.194901138474462,0.0
5793,1.1406271995588813,0.0
5794,1.1025429414838053,0.0
5795,1.0836576717378612,0.0
5796,1.0586253743230851,0.0
5797,1.0390590513708151,0.0
5798,1.0396293425367706,0.0
5799,1.0269406519330606,0.0
5800,1.0424870498197547,0.0
5801,1.0668658887284814,0.0
5802,1.0865831437554738,0.0
5803,1.0776058706491445,0.0
5804,1.0469289018939945,0.0
5805,0.9964133428279164,0.0
5806,0.943433331172463,0.0
5807,0.8927602770055457,0.0
5808,0.8284012339175183,0.0
5809,0.7798872257088821,0.0
5810,0.756195895696366,0.0
5811,0.7252578610726204,0.0
5812,0.7154403883975884,0.0
5813,0.7222905135267002,0.0
5814,0.7488610516041792,0.0
5815,0.780847005512995,0.0
5816,0.7945343006369554,0.0
5817,0.834748468183782,0.0
5818,0.8418416714069794,0.0
5819,0.8558931517438251,0.0
5820,0.850136487668205,0.0
5821,0.8534915311959073,0.0
5822,0.8655959091951221,0.0
5823,0.889108244541025,0.0
5824,0.9258772369114218,0.0
5825,0.9983463429961013,0.0
5826,1.073024307801845,0.0
5827,1.1411403377996536,0.0
5828,1.1988256320024475,0.0
5829,1.2581344017432878,0.0
5830,1.3032007348611647,0.0
5831,1.340460454210863,0.0
5832,1.377719498559165,0.0
5833,1.4261475933432972,0.0
5834,1.4465930540957372,0.0
5835,1.4909449299867756,0.0
5836,1.507083941920975,0.0
5837,1.5502926747329648,0.0
5838,1.567094523771608,0.0
5839,1.5753266334166454,0.0
5840,1.605449290383933,0.0
5841,1.607650589255717,0.0
5842,1.6116980970478418,0.0
5843,1.5918281073034048,0.0
5844,1.5528567554614845,0.0
5845,1.4770513587638958,0.0
5846,1.3757624037730571,0.0
5847,1.2710563145988272,0.0
5848,1.1738243142870424,0.0
5849,1.0967870283267989,0.0
5850,0.998600994143863,0.0
5851,0.9164309886994576,0.0
5852,0.8314801250099466,0.0
5853,0.7650907037200143,0.0
5854,0.6947104228384123,0.0
5855,0.6441537362891864,0.0
5856,0.5808583520037607,0.0
5857,0.5235750338672326,0.0
5858,0.4856751608663461,0.0
5859,0.4346207487028757,0.0
5860,0.3910559494257313,0.0
5861,0.3656513007803326,0.0
5862,0.326360064495929,0.0
5863,0.299419996309174,0.0
5864,0.28071960145913,0.0
5865,0.2768993112138864,0.0
5866,0.2856933562218599,0.0
5867,0.3118048436514703,0.0
5868,0.3919079400078611,0.0
5869,0.4962743208350977,0.0
5870,0.6074429279521653,0.0
5871,0.7130870503219515,0.0
5872,0.8219147714994873,0.0
5873,0.8891948779635608,0.0
5874,0.9633274982519232,0.0
5875,0.9893074374779,0.0
5876,1.0254079174796509,0.0
5877,1.0237791764133948,0.0
5878,1.0278472396839886,0.0
5879,1.0243319045318502,0.0
5880,1.0161129130187525,0.0
5881,0.9875445054034824,0.0
5882,0.959269493901158,0.0
5883,0.9451206991158166,0.0
5884,0.9265882750357992,0.0
5885,0.9028086306396608,0.0
5886,0.9026689255755332,0.0
5887,0.9297271919712108,0.0
5888,0.964026583907041,0.0
5889,1.025216986724555,0.0
5890,1.0977298348015436,0.0
5891,1.1671522988456444,0.0
5892,1.2001869347151422,0.0
5893,1.2219065966287113,0.0
5894,1.2196764993768625,0.0
5895,1.2008828448615678,0.0
5896,1.1985270438384226,0.0
5897,1.17799590371022,0.0
5898,1.1836126513748937,0.0
5899,1.1944614372206754,0.0
5900,1.1999572498034223,0.0
5901,1.2203493321713437,0.0
5902,1.2579215999375482,0.0
5903,1.2883065641190552,0.0
5904,1.3345987227395424,0.0
5905,1.3557776101094006,0.0
5906,1.373393753908139,0.0
5907,1.355298157513589,0.0
5908,1.3264761637333728,0.0
5909,1.2557869247842357,0.0
5910,1.179201095522719,0.0
5911,1.0970073608386026,0.0
5912,1.032670604422939,0.0
5913,0.9838569416470077,0.0
5914,0.9298643455257872,0.0
5915,0.8687723737573275,0.0
5916,0.8477399224582344,0.0
5917,0.8051836907355977,0.0
5918,0.7716046301790451,0.0
5919,0.7412623870608775,0.0
5920,0.6867434200541349,0.0
5921,0.6478327395526127,0.0
5922,0.6000514539514785,0.0
5923,0.5699025397408908,0.0
5924,0.524996276068357,0.0
5925,0.4951886036792584,0.0
5926,0.4641427812436149,0.0
5927,0.4380085994561603,0.0
5928,0.427703632373924,0.0
5929,0.4526034670450951,0.0
5930,0.4836545461732642,0.0
5931,0.5676714172682609,0.0
5932,0.6431575078554113,0.0
5933,0.7420153695185487,0.0
5934,0.8525250933068088,0.0
5935,0.9333107570197944,0.0
5936,1.0149504276248955,0.0
5937,1.0937346373491488,0.0
5938,1.1399327416849916,0.0
5939,1.1972011112528902,0.0
5940,1.2291380686909232,0.0
5941,1.2539751042075882,0.0
5942,1.2542588148082288,0.0
5943,1.2686515251256516,0.0
5944,1.2558941306183533,0.0
5945,1.246564004676393,0.0
5946,1.235940792051485,0.0
5947,1.2113472942458607,0.0
5948,1.2010866322558031,0.0
5949,1.2283667834055698,0.0
5950,1.243613942945203,0.0
5951,1.2960659333579303,0.0
5952,1.3426921883408154,0.0
5953,1.3744033697929938,0.0
5954,1.3726996815333588,0.0
5955,1.333093560787768,0.0
5956,1.27729751323369,0.0
5957,1.1878776260704056,0.0
5958,1.1169868158534089,0.0
5959,1.0431846094392605,0.0
5960,0.9640717310281668,0.0
5961,0.9116551750992904,0.0
5962,0.8390527176617151,0.0
5963,0.785487366723133,0.0
5964,0.7391180704806031,0.0
5965,0.7218558834101952,0.0
5966,0.6761617585959782,0.0
5967,0.6493991895803111,0.0
5968,0.6328408138709459,0.0
5969,0.5812783369627715,0.0
5970,0.5441667651190921,0.0
5971,0.5102918950788974,0.0
5972,0.4833006050526779,0.0
5973,0.4515250670881828,0.0
5974,0.4298307633445498,0.0
5975,0.4174637262525078,0.0
5976,0.4228868159600227,0.0
5977,0.4730860630381964,0.0
5978,0.5491981033134106,0.0
5979,0.6343056055318393,0.0
5980,0.7409686181604989,0.0
5981,0.8461051992231218,0.0
5982,0.9342616166276876,0.0
5983,1.010393135551931,0.0
5984,1.0730373078394015,0.0
5985,1.1363738032402573,0.0
5986,1.1628198928220843,0.0
5987,1.204133493449342,0.0
5988,1.225096329623891,0.0
5989,1.2279086558931234,0.0
5990,1.2394320998360422,0.0
5991,1.2364679278887802,0.0
5992,1.20542028157021,0.0
5993,1.197086464692542,0.0
5994,1.1756503796819844,0.0
5995,1.1852366397372418,0.0
5996,1.1785023439768378,0.0
5997,1.218229560328285,0.0
5998,1.254767282697724,0.0
5999,1.3149103676403122,0.0
6000,1.3486135140454714,0.0
6001,1.3539941411656726,0.0
6002,1.3184471780874414,0.0
6003,1.255016927808902,0.0
6004,1.194957322548857,0.0
6005,1.1291007920521758,0.0
6006,1.0532916265161532,0.0
6007,0.9771865239473904,0.0
6008,0.918779656253324,0.0
6009,0.8632538546719593,0.0
6010,0.8231787066835614,0.0
6011,0.7828930540121086,0.0
6012,0.7508583509444228,0.0
6013,0.7184029395805148,0.0
6014,0.6962555872955761,0.0
6015,0.6763046489503366,0.0
6016,0.6430868775261758,0.0
6017,0.6007250079264661,0.0
6018,0.5691073301832328,0.0
6019,0.5184614036827955,0.0
6020,0.4843316957955806,0.0
6021,0.462850682954077,0.0
6022,0.4607482362290944,0.0
6023,0.4607982879014285,0.0
6024,0.4912499963468726,0.0
6025,0.5654661163509955,0.0
6026,0.6407635942094564,0.0
6027,0.7456144038287718,0.0
6028,0.8362358538933146,0.0
6029,0.936003620210262,0.0
6030,1.023961600112941,0.0
6031,1.0869363139462995,0.0
6032,1.15476134301441,0.0
6033,1.1857321185034575,0.0
6034,1.2320929299960848,0.0
6035,1.2599652721845007,0.0
6036,1.2857731814739173,0.0
6037,1.2787733218443469,0.0
6038,1.2840533147678586,0.0
6039,1.267204193600281,0.0
6040,1.2632622017086403,0.0
6041,1.2519463104514668,0.0
6042,1.2433716028711177,0.0
6043,1.248964818568815,0.0
6044,1.2719944871376934,0.0
6045,1.323062034295993,0.0
6046,1.3637762874614332,0.0
6047,1.3920702886033356,0.0
6048,1.3832930222294828,0.0
6049,1.3577191424118051,0.0
6050,1.2952771683363036,0.0
6051,1.2046295493054031,0.0
6052,1.12770446240441,0.0
6053,1.06154320672672,0.0
6054,0.9754231270979864,0.0
6055,0.9158579770147836,0.0
6056,0.8512665351130536,0.0
6057,0.7901697961972556,0.0
6058,0.7289985979626769,0.0
6059,0.6885700173535315,0.0
6060,0.6614285455494509,0.0
6061,0.6226186754472668,0.0
6062,0.582304853108089,0.0
6063,0.5638136198372196,0.0
6064,0.5238548680654014,0.0
6065,0.4887946939330566,0.0
6066,0.4496564958598917,0.0
6067,0.416554183624056,0.0
6068,0.3900038787208802,0.0
6069,0.3813194086898706,0.0
6070,0.4012714431505917,0.0
6071,0.4333289569709171,0.0
6072,0.501292021728351,0.0
6073,0.6014862734284364,0.0
6074,0.7129251492641677,0.0
6075,0.8033530093151446,0.0
6076,0.8962105638586392,0.0
6077,0.9826040103598236,0.0
6078,1.057756669341072,0.0
6079,1.1031867826400978,0.0
6080,1.1471570276971834,0.0
6081,1.1577232868797347,0.0
6082,1.1887069476420282,0.0
6083,1.1967622647129064,0.0
6084,1.1931046698670071,0.0
6085,1.1833658695475586,0.0
6086,1.1566565999415046,0.0
6087,1.1499424363866373,0.0
6088,1.12301641324981,0.0
6089,1.1202027453123216,0.0
6090,1.1191898882202798,0.0
6091,1.1476936090037393,0.0
6092,1.1884334166514094,0.0
6093,1.2542365783072902,0.0
6094,1.2899122121772104,0.0
6095,1.3164365449299338,0.0
6096,1.2915776721412606,0.0
6097,1.2683612082941682,0.0
6098,1.2091672191064642,0.0
6099,1.1357372941675392,0.0
