,ts,label
0,0.2519194539626606,0.0
1,0.284587831048008,0.0
2,0.3673576986955436,0.0
3,0.4331825991118027,0.0
4,0.3802275505164625,0.0
5,0.375324159616195,0.0
6,0.4369285495001268,0.0
7,0.2614545137319734,0.0
8,0.3187235071019558,0.0
9,0.4902852223258262,0.0
10,0.3889584084144209,0.0
11,0.4121143692330574,0.0
12,0.3538953021644329,0.0
13,0.3810634532914596,0.0
14,0.3591659945121684,0.0
15,0.2798796509754345,0.0
16,0.3880688762911564,0.0
17,0.2543315828714059,0.0
18,0.4093425661619311,0.0
19,0.3377471478720828,0.0
20,0.4075039137506602,0.0
21,0.4260193866518698,0.0
22,0.4942843032379732,0.0
23,0.5791695507338401,0.0
24,0.4356540778326307,0.0
25,0.5035984100924236,0.0
26,0.309599367316702,0.0
27,0.4349993230784486,0.0
28,0.4682480888883804,0.0
29,0.5009684268533826,0.0
30,0.5119667335960933,0.0
31,0.4476956541636396,0.0
32,0.4777242755509283,0.0
33,0.5039955056222626,0.0
34,0.3937659815457837,0.0
35,0.5844409581395527,0.0
36,0.4229305745443174,0.0
37,0.3688102197992879,0.0
38,0.5166579906298803,0.0
39,0.4570140513659514,0.0
40,0.7425636353928909,0.0
41,0.642286764944235,0.0
42,0.6794380788394323,0.0
43,0.5621952661255107,0.0
44,0.6184269487236692,0.0
45,0.6639151235715525,0.0
46,0.5346197703043096,0.0
47,0.6831902263968896,0.0
48,0.5713020061666599,0.0
49,0.567483834922669,0.0
50,0.5592132360091756,0.0
51,0.5399324127200233,0.0
52,0.5765781806255518,0.0
53,0.5352709497686072,0.0
54,0.6094601216933336,0.0
55,0.5830856849206667,0.0
56,0.6008296102648003,0.0
57,0.784472468361068,0.0
58,0.566841236154094,0.0
59,0.596241798285005,0.0
60,0.728504403803727,0.0
61,0.6417519015775132,0.0
62,0.6955152040394101,0.0
63,0.5986830062181442,0.0
64,0.6132740025894633,0.0
65,0.5766759052157282,0.0
66,0.6001097852347201,0.0
67,0.569976050324827,0.0
68,0.5940062886965541,0.0
69,0.7285322910648262,0.0
70,0.6616290832194007,0.0
71,0.5192855903423317,0.0
72,0.7132105054411145,0.0
73,0.6142891465640035,0.0
74,0.6590238886568923,0.0
75,0.5477920916494576,0.0
76,0.7778488863210362,0.0
77,0.751030398544714,0.0
78,0.6083350971430097,0.0
79,0.7462581016068783,0.0
80,0.7200693415555467,0.0
81,0.8386741013628052,0.0
82,0.756671967629802,0.0
83,0.7378657044846529,0.0
84,0.6940510036553764,0.0
85,0.8730486067810378,0.0
86,0.7637839342680571,0.0
87,0.7897138433317507,0.0
88,0.665669637494208,0.0
89,0.7102001113583624,0.0
90,0.6471670356365827,0.0
91,0.6013065539353931,0.0
92,0.6482875314863863,0.0
93,0.7387054209021934,0.0
94,0.6039219976622371,0.0
95,0.700590447206793,0.0
96,0.638698365663488,0.0
97,0.7364498896903895,0.0
98,0.6696455981984353,0.0
99,0.7016208457515068,0.0
100,0.6779238243970154,0.0
101,0.718597037181108,0.0
102,0.7567642101088222,0.0
103,0.729967174071807,0.0
104,0.6192626131460072,0.0
105,0.6585700651942192,0.0
106,0.6963935335877034,0.0
107,0.8352756691512548,0.0
108,0.7972038372871272,0.0
109,0.7192260498481217,0.0
110,0.6588150917276373,0.0
111,0.7984423177031194,0.0
112,0.7475878710912548,0.0
113,0.6859544021829289,0.0
114,0.6485671191553545,0.0
115,0.7429874264205341,0.0
116,0.7038792371952184,0.0
117,0.8038071593511468,0.0
118,0.6840342331622914,0.0
119,0.8562149502414989,0.0
120,0.8401747697036609,0.0
121,0.7625390183302728,0.0
122,0.714418000011441,0.0
123,0.6580921681129906,0.0
124,0.6866804243821423,0.0
125,0.7049813798902815,0.0
126,0.7427693337375794,0.0
127,0.6796011120581656,0.0
128,0.6335156254469113,0.0
129,0.6903510553302328,0.0
130,0.6400226530367082,0.0
131,0.5704677718602758,0.0
132,0.7810249355017704,0.0
133,0.6249766414394213,0.0
134,0.6781488293070802,0.0
135,0.6087453020690918,0.0
136,0.675066214368661,0.0
137,0.5875192827301104,0.0
138,0.6441716577713454,0.0
139,0.707081505168439,0.0
140,0.6565972202359501,0.0
141,0.5768646805216301,0.0
142,0.5345873543426901,0.0
143,0.7067556770836313,0.0
144,0.5414888555830774,0.0
145,0.5720339871823474,0.0
146,0.6556802775569043,0.0
147,0.7065597511979604,0.0
148,0.4150444384697378,0.0
149,0.6796173200389753,0.0
150,0.6021305390774417,0.0
151,0.4902251574557665,0.0
152,0.5740857268707347,0.0
153,0.547774453552694,0.0
154,0.5123097230723468,0.0
155,0.5498798225893489,0.0
156,0.4431946025517082,0.0
157,0.5043065558422144,0.0
158,0.6044399379901723,0.0
159,0.4549770895424201,0.0
160,0.6144245308742966,0.0
161,0.5746158231842772,0.0
162,0.4196260532804,0.0
163,0.4347955315550318,0.0
164,0.4806900976864537,0.0
165,0.4983241424548035,0.0
166,0.534638600164368,0.0
167,0.4243871476432642,0.0
168,0.4068033952859564,0.0
169,0.4570014186750262,0.0
170,0.6316574281176052,0.0
171,0.3586492459475281,0.0
172,0.5408085970943858,0.0
173,0.434087862510559,0.0
174,0.4381179292683717,0.0
175,0.3888187337562663,0.0
176,0.4673699976927463,0.0
177,0.2923249967107333,0.0
178,0.5885177420185229,0.0
179,0.376246346053738,0.0
180,0.3922765157798994,0.0
181,0.43379921744055,0.0
182,0.4636264308310118,0.0
183,0.247801911779007,0.0
184,0.3672521084676212,0.0
185,0.4766149822760963,0.0
186,0.4011081968526008,0.0
187,0.167262309961425,0.0
188,0.4299817612545359,0.0
189,0.3911712745002698,0.0
190,0.2596432718764838,0.0
191,0.3170364469817879,0.0
192,0.311437066317337,0.0
193,0.3478890535111253,0.0
194,0.3205035247591208,0.0
195,0.3501584091771494,0.0
196,0.4915544502348251,0.0
197,0.3440170145662077,0.0
198,0.3142820436547663,0.0
199,0.3693636746734092,0.0
200,0.2487260050378218,0.0
201,0.3128962612955325,0.0
202,0.3667942330097457,0.0
203,0.1792945905387342,0.0
204,0.3066511832779401,0.0
205,0.3229723816007002,0.0
206,0.1525819313429933,0.0
207,0.2753147208509,0.0
208,0.1100619621572251,0.0
209,0.2386551284911514,0.0
210,0.3106867321469092,0.0
211,0.3502725801007946,0.0
212,0.2156877046257578,0.0
213,0.2987366832369435,0.0
214,0.2921884206371453,0.0
215,0.3024857322098342,0.0
216,0.2055222020734775,0.0
217,0.1863488758335192,0.0
218,0.2963457677148464,0.0
219,0.3342934178436521,0.0
220,0.1682283532882179,0.0
221,0.3266082130605816,0.0
222,0.1930329994489286,0.0
223,0.2412762926818106,0.0
224,0.4393516426311845,0.0
225,0.1264015136347255,0.0
226,0.1683992521446972,0.0
227,0.1757421825094912,0.0
228,0.3043446445971173,0.0
229,0.1453417309742141,0.0
230,0.2717584991791135,0.0
231,0.2318790007493807,0.0
232,0.2614249580022615,0.0
233,0.3205709785616084,0.0
234,0.2574973828878045,0.0
235,0.3844966849912191,0.0
236,0.2299133063708806,0.0
237,0.201389166966991,0.0
238,0.4221587886345825,0.0
239,0.2359350479470209,0.0
240,0.2318899649716933,0.0
241,0.369682113825789,0.0
242,0.2196240987885964,0.0
243,0.1780894794949975,0.0
244,0.367304307699935,0.0
245,0.2719942299588317,0.0
246,0.3156733081251562,0.0
247,0.3031345281475422,0.0
248,0.344187913422687,0.0
249,0.1910189194806582,0.0
250,0.2846142881931534,0.0
251,0.2888357521361165,0.0
252,0.2178509933585415,0.0
253,0.3072563606790572,0.0
254,0.2829393840585928,0.0
255,0.375072220855667,0.0
256,0.3970726479836319,0.0
257,0.3161957771536117,0.0
258,0.3408750498157057,0.0
259,0.348013950304424,0.0
260,0.3699786245335438,0.0
261,0.3604221130249241,0.0
262,0.231935013624238,0.0
263,0.3740210856296228,0.0
264,0.3320881790428902,0.0
265,0.3660346030856182,0.0
266,0.2920115629641918,0.0
267,0.3436444693602424,0.0
268,0.4076812481289316,0.0
269,0.4238487089866579,0.0
270,0.3318245610020727,0.0
271,0.3118556135864829,0.0
272,0.4101651211880259,0.0
273,0.365451592481785,0.0
274,0.4144137573341113,0.0
275,0.3878927336761798,0.0
276,0.4040501837222295,0.0
277,0.4599846405546561,0.0
278,0.4715416459299853,0.0
279,0.4311165582638774,0.0
280,0.5069851630236847,0.0
281,0.5053016781934012,0.0
282,0.3883722992260213,0.0
283,0.4133802602048307,0.0
284,0.4855787107218653,0.0
285,0.5094640306769407,0.0
286,0.3754736067333672,0.0
287,0.4213290830287186,0.0
288,0.446410218273831,0.0
289,0.5355073956063023,0.0
290,0.575524661872918,0.0
291,0.5473909441244162,0.0
292,0.4788457248113677,0.0
293,0.5607148577606672,0.0
294,0.6549566388842807,0.0
295,0.3864897899255005,0.0
296,0.588344459635454,0.0
297,0.5205548182513305,0.0
298,0.5748188996497169,0.0
299,0.5833993570198672,0.0
300,0.5818831957561786,0.0
301,0.6233150850537629,0.0
302,0.4080769135428168,0.0
303,0.4389681332029068,0.0
304,0.4547096578590592,0.0
305,0.4730206241788751,0.0
306,0.5295354697358863,0.0
307,0.5662396340428616,0.0
308,0.5658463521555661,0.0
309,0.5945023005798643,0.0
310,0.6570550956938255,0.0
311,0.6252481251179846,0.0
312,0.7191683685046516,0.0
313,0.6139154095947432,0.0
314,0.616165458695391,0.0
315,0.5452791395659694,0.0
316,0.7478614999437487,0.0
317,0.6935187621679033,0.0
318,0.5993577825956795,0.0
319,0.6608751737590883,0.0
320,0.6175035705228313,0.0
321,0.6583717557819587,0.0
322,0.7149259295276994,0.0
323,0.7634876619129612,0.0
324,0.7545003365539545,0.0
325,0.6625481710723772,0.0
326,0.6094558313454721,0.0
327,0.555896082054333,0.0
328,0.5681521757784121,0.0
329,0.6939580461183793,0.0
330,0.7236903951505721,0.0
331,0.5068857699648954,0.0
332,0.6390392099658108,0.0
333,0.7678166229051184,0.0
334,0.7331551408854896,0.0
335,0.7001611740679934,0.0
336,0.765643085007999,0.0
337,0.6657316091855395,0.0
338,0.832174462705436,0.0
339,0.6126664416617567,0.0
340,0.5892268411789494,0.0
341,0.6647219473221556,0.0
342,0.7093594415301859,0.0
343,0.8315523622655324,0.0
344,0.8043875480757313,0.0
345,0.7817392784206944,0.0
346,0.760211027910143,0.0
347,0.7830990803401007,0.0
348,0.7086010033693532,0.0
349,0.7519401906439908,0.0
350,0.6480706305667263,0.0
351,0.7028397812494636,0.0
352,0.7704144285351989,0.0
353,0.9079984955180164,0.0
354,0.7952054885943486,0.0
355,0.8356613237534632,0.0
356,0.7141429410429931,0.0
357,0.7377968205662115,0.0
358,0.7000937202655058,0.0
359,0.7434715206708961,0.0
360,0.6379957020248536,0.0
361,0.6014447984775939,0.0
362,0.7335758333285662,0.0
363,0.762258000545351,0.0
364,0.7617994100294985,0.0
365,0.8077006500353715,0.0
366,0.6873654499240132,0.0
367,0.7926257977663496,0.0
368,0.807805048499999,0.0
369,0.7253903263143242,0.0
370,0.7192434495922263,0.0
371,0.6508557813867549,0.0
372,0.7754620227941414,0.0
373,0.7851992056182582,0.0
374,0.6772163937052017,0.0
375,0.6737135630290237,0.0
376,0.7335789319131328,0.0
377,0.5922451008994476,0.0
378,0.8622161934889682,0.0
379,0.8082200204792604,0.0
380,0.7431087479239483,0.0
381,0.7087773843369887,0.0
382,0.7301128075464358,0.0
383,0.8077523725623673,0.0
384,0.7047282493664586,0.0
385,0.7681615192026436,0.0
386,0.6161218401588001,0.0
387,0.778369210175561,0.0
388,0.7032955115334084,0.0
389,0.7599891215846448,0.0
390,0.6288191246546271,0.0
391,0.6948068199369604,0.0
392,0.6180439160007093,0.0
393,0.6994918798016143,0.0
394,0.5267920306311769,0.0
395,0.6554462152457988,0.0
396,0.6769658850606274,0.0
397,0.5786792593143453,0.0
398,0.8120093510515166,0.0
399,0.5575983967446748,0.0
400,0.5487102260917982,0.0
401,0.6923539327235319,0.0
402,0.6609490630833681,0.0
403,0.5821093924295382,0.0
404,0.5667520922596404,0.0
405,0.6722434038285157,0.0
406,0.578262618866471,0.0
407,0.5276100569567513,0.0
408,0.5289188514071388,0.0
409,0.7087842965640987,0.0
410,0.5805407935808768,0.0
411,0.6154408666121316,0.0
412,0.5362465272017588,0.0
413,0.4290374080197089,0.0
414,0.4289241905066996,0.0
415,0.5319094622191968,0.0
416,0.6135855295147331,0.0
417,0.6014784062025083,0.0
418,0.5418065796774802,0.0
419,0.4234330219494197,0.0
420,0.4857107580949329,0.0
421,0.5160749800260472,0.0
422,0.5429764145276899,0.0
423,0.423242816527564,0.0
424,0.395586519154973,0.0
425,0.3889636521729182,0.0
426,0.5677546035432552,0.0
427,0.5085060913405526,0.0
428,0.4470051465106124,0.0
429,0.4427646143549319,0.0
430,0.5066588582335589,0.0
431,0.404629857388837,0.0
432,0.4711724376612456,0.0
433,0.5281091674246281,0.0
434,0.4543030282228616,0.0
435,0.4802377043397345,0.0
436,0.4020711415948271,0.0
437,0.4018101454332584,0.0
438,0.3851633573783496,0.0
439,0.3500883334954132,0.0
440,0.3426042983565108,0.0
441,0.3553220811810089,0.0
442,0.4144721537355582,0.0
443,0.3882883990900649,0.0
444,0.3432485655936983,0.0
445,0.3569288164551049,0.0
446,0.489357553777127,0.0
447,0.3616875272913795,0.0
448,0.2943209618769223,0.0
449,0.3491687689371188,0.0
450,0.4068022035226616,0.0
451,0.3575711768710207,0.0
452,0.4200136147038802,0.0
453,0.403867128880143,0.0
454,0.4194160645878501,0.0
455,0.2639257541001424,0.0
456,0.3104817488601976,0.0
457,0.3843136301491325,0.0
458,0.3544089521445066,0.0
459,0.3286461282947488,0.0
460,0.4571480055602908,0.0
461,0.3567235948157343,0.0
462,0.3360047899350346,0.0
463,0.2291941963987774,0.0
464,0.3327782099905994,0.0
465,0.4613175086235992,0.0
466,0.3292632233288141,0.0
467,0.338711046024945,0.0
468,0.2841816781171284,0.0
469,0.2970155386865434,0.0
470,0.2343290277309018,0.0
471,0.2656905171871335,0.0
472,0.2066677249524725,0.0
473,0.2215809741187149,0.0
474,0.3677445450610469,0.0
475,0.2285942627561576,0.0
476,0.175707144668623,0.0
477,0.1989903858071479,0.0
478,0.2824686375571331,0.0
479,0.3231084809689703,0.0
480,0.2423105048690681,0.0
481,0.1237560374728516,0.0
482,0.230674128058303,0.0
483,0.288687973487557,0.0
484,0.2970372287785094,0.0
485,0.3425218283365082,0.0
486,0.2949630839401792,0.0
487,0.2998443080431628,0.0
488,0.1195288530660733,0.0
489,0.291909309673495,0.0
490,0.3090111129543717,0.0
491,0.2586920064145467,0.0
492,0.1700245789261927,0.0
493,0.3330468334372551,0.0
494,0.2704635291829462,0.0
495,0.4098207015958187,0.0
496,0.1926931085572418,0.0
497,0.1608880448026726,0.0
498,0.1307173652306396,0.0
499,0.3005021613819115,0.0
500,0.2306185918887637,0.0
501,0.333213441945873,0.0
502,0.4340919145057615,0.0
503,0.3488441326156058,0.0
504,0.3591445427728614,0.0
505,0.2420042217022956,0.0
506,0.3420310602116953,0.0
507,0.3221793823043173,0.0
508,0.1690897597977244,0.0
509,0.3603525140485057,0.0
510,0.288904397701899,0.0
511,0.3365039004029114,0.0
512,0.3757968129389264,0.0
513,0.3088056529623422,0.0
514,0.3315761975314292,0.0
515,0.290417937086339,0.0
516,0.4184364351594961,0.0
517,0.3389861049933929,0.0
518,0.4419542153144444,0.0
519,0.4909354483794879,0.0
520,0.4623197815545551,0.0
521,0.457766769062969,0.0
522,0.3984937065363926,0.0
523,0.4615916141814111,0.0
524,0.3102283799837157,0.0
525,0.4075377598282335,0.0
526,0.3610325341845384,0.0
527,0.2327570919450149,0.0
528,0.3682284009587497,0.0
529,0.2447290692996055,0.0
530,0.3595416383027003,0.0
531,0.3548277377663114,0.0
532,0.3364681475040663,0.0
533,0.36048766000614,0.0
534,0.3942598482551632,0.0
535,0.4386496940505269,0.0
536,0.3438141764534268,0.0
537,0.2904281862506745,0.0
538,0.4984886057894908,0.0
539,0.3247731359391953,0.0
540,0.4157349461227649,0.0
541,0.5209490535492618,0.0
542,0.3541956265147311,0.0
543,0.5266249454172411,0.0
544,0.3956789999866522,0.0
545,0.4152100935677198,0.0
546,0.4930911098271847,0.0
547,0.2631163084702907,0.0
548,0.4726590431952223,0.0
549,0.4966756954653883,0.0
550,0.5214717609303763,0.0
551,0.6172111118102789,0.0
552,0.4177854940478574,0.0
553,0.6574276408997908,0.0
554,0.5116404288059676,0.0
555,0.5324965248182322,0.0
556,0.5186027099743914,0.0
557,0.5594318053974483,0.0
558,0.5664806085810771,0.0
559,0.490135060150677,0.0
560,0.6771618109462982,0.0
561,0.450942494084087,0.0
562,0.6010884612524384,0.0
563,0.5499055646765173,0.0
564,0.3438475458256822,0.0
565,0.5582705512429614,0.0
566,0.6070162918809457,0.0
567,0.5842755413942297,0.0
568,0.7208110950302516,0.0
569,0.7206480618115183,0.0
570,0.6265197365535731,0.0
571,0.6840025322586488,0.0
572,0.625987256713441,0.0
573,0.5892273178842674,0.0
574,0.5328380841785318,0.0
575,0.5472391134806543,0.0
576,0.6179774156088575,0.0
577,0.6735581570953773,0.0
578,0.58960510684873,0.0
579,0.7847098676093991,0.0
580,0.6578037613956406,0.0
581,0.5264113814348067,0.0
582,0.6977151990816749,0.0
583,0.6965012689895563,0.0
584,0.5562664820863675,0.0
585,0.7526678813118168,0.0
586,0.7266795758466763,0.0
587,0.6605924875055537,0.0
588,0.6803967332337972,0.0
589,0.6937778515082004,0.0
590,0.6005524061224217,0.0
591,0.6891750233108901,0.0
592,0.531900643170815,0.0
593,0.7749517097512933,0.0
594,0.6538354279765003,0.0
595,0.7256761111524256,0.0
596,0.7466711667648679,0.0
597,0.6494733359647467,0.0
598,0.9576587953084568,0.0
599,0.6706521614772525,0.0
600,0.8318905846886065,0.0
601,0.7348226560876222,0.0
602,0.5930626505197042,0.0
603,0.8249974257912831,0.0
604,0.8388073404991677,0.0
605,0.7339738822690411,0.0
606,0.8660796517381629,0.0
607,0.7736205101509629,0.0
608,0.6343057645113865,0.0
609,0.7398516588391654,0.0
610,0.9070410328869464,0.0
611,0.7326929750797528,0.0
612,0.6570915636506475,0.0
613,0.7975611279229186,0.0
614,0.7587852023042028,0.0
615,0.8076579849094165,0.0
616,0.7238894196208094,0.0
617,0.7408415374318549,0.0
618,0.7744826317184463,0.0
619,0.7394455059082857,0.0
620,0.8142810902441303,0.0
621,0.7506375933627365,0.0
622,0.611878686123871,0.0
623,0.7528192352502608,0.0
624,0.7625916942679045,0.0
625,0.815140828285024,0.0
626,0.6630444213083464,0.0
627,0.8551223416527945,0.0
628,0.7447448005750973,0.0
629,0.8235866164028579,0.0
630,0.7384246414699304,0.0
631,0.6758966350325017,0.0
632,0.5846347388512927,0.0
633,0.9068119759816792,0.0
634,0.7969299700819742,0.0
635,0.618795441934432,0.0
636,0.6189274893074997,0.0
637,0.7341047378788138,0.0
638,0.7253097631155934,0.0
639,0.7098187471040152,0.0
640,0.7162609427705732,0.0
641,0.6700159982304699,0.0
642,0.6617711414041451,0.0
643,0.7679517688627526,0.0
644,0.5517408801505627,0.0
645,0.7658025429368479,0.0
646,0.6931683837592219,0.0
647,0.7114538463445284,0.0
648,0.5877380904710421,0.0
649,0.6605236035871122,0.0
650,0.7172787086243619,0.0
651,0.6213014817908102,0.0
652,0.545014806467175,0.0
653,0.724895029488991,0.0
654,0.6866434797200024,0.0
655,0.5616189293961288,0.0
656,0.6870410519551591,0.0
657,0.550347232153583,0.0
658,0.557365764549523,0.0
659,0.5872995215785429,0.0
660,0.6453033561961204,0.0
661,0.5826435407382831,0.0
662,0.6137285411101132,0.0
663,0.6144195254684583,0.0
664,0.5295752746299337,0.0
665,0.6306649276456668,0.0
666,0.5695246103887437,0.0
667,0.571900986398644,0.0
668,0.4818875814451036,0.0
669,0.5034792337629402,0.0
670,0.4470561539796313,0.0
671,0.6279999065657577,0.0
672,0.2964363417252537,0.0
673,0.5320391260656747,0.0
674,0.563022826557444,0.0
675,0.5634411354739309,0.0
676,0.5707497430558337,0.0
677,0.3922562558038873,0.0
678,0.4375137052778906,0.0
679,0.5572108353211944,0.0
680,0.5348228467697493,0.0
681,0.5362064839550524,0.0
682,0.4134217335674909,0.0
683,0.5193516140288655,0.0
684,0.384634452828102,0.0
685,0.4452573064624079,0.0
686,0.5154330963154492,0.0
687,0.5147678540442726,0.0
688,0.51598202248905,0.0
689,0.4040733039301493,0.0
690,0.5601218363451576,0.0
691,0.3364443122381695,0.0
692,0.4142180698010995,0.0
693,0.4856187539685718,0.0
694,0.3616236487787763,0.0
695,0.553301375008819,0.0
696,0.515629737259097,0.0
697,0.3710826740498786,0.0
698,0.4478677447834137,0.0
699,0.3613140286747783,0.0
700,0.3459448108719322,0.0
701,0.4347442857333539,0.0
702,0.4619493815225205,0.0
703,0.417543089393688,0.0
704,0.2981527192224745,0.0
705,0.4968744815829667,0.0
706,0.3113944011913819,0.0
707,0.309880623454283,0.0
708,0.3601275091384409,0.0
709,0.3423873974368508,0.0
710,0.2748294348372432,0.0
711,0.2404656552886641,0.0
712,0.3773840032949871,0.0
713,0.3454824067135363,0.0
714,0.2627354209212616,0.0
715,0.212990982642206,0.0
716,0.3533551950392138,0.0
717,0.2863230384052873,0.0
718,0.3183945804325815,0.0
719,0.2603235303651753,0.0
720,0.3446684323831643,0.0
721,0.2816570467533508,0.0
722,0.2719427457844949,0.0
723,0.2381483907381877,0.0
724,0.381312055114762,0.0
725,0.2950229104575799,0.0
726,0.2777738052334617,0.0
727,0.1553129761094363,0.0
728,0.3064786159528481,0.0
729,0.2628310003375074,0.0
730,0.2762328552932405,0.0
731,0.3542935894575665,0.0
732,0.2340873381347093,0.0
733,0.3187225536913199,0.0
734,0.1877148749220587,0.0
735,0.2999501366237441,0.0
736,0.376520213258891,0.0
737,0.2059781707100812,0.0
738,0.3441371443063271,0.0
739,0.3630127680752356,0.0
740,0.2594847673582708,0.0
741,0.321907421920436,0.0
742,0.2229009711440737,0.0
743,0.1907264607681058,0.0
744,0.1021593797491767,0.0
745,0.3341117931175193,0.0
746,0.4134803683215968,0.0
747,0.2053682262557848,0.0
748,0.1884785568413887,0.0
749,0.2926748984140968,0.0
750,0.3574655866430983,0.0
751,0.3323927937410498,0.0
752,0.3281579820491846,0.0
753,0.2273829545432877,0.0
754,0.2156879429784167,0.0
755,0.2490971201278333,0.0
756,0.3250727452315167,0.0
757,0.3485774159902218,0.0
758,0.392711747735173,0.0
759,0.2878325257945248,0.0
760,0.3930256581870325,0.0
761,0.2842455566297316,0.0
762,0.3295709366115405,0.0
763,0.352322651320569,0.0
764,0.3349491260084701,0.0
765,0.3072811493555897,0.0
766,0.3795882886851133,0.0
767,0.2686568160279769,0.0
768,0.2856084571337045,0.0
769,0.2987326312417411,0.0
770,0.2167686339341727,0.0
771,0.411267263883089,0.0
772,0.3328728359962092,0.0
773,0.319327254387119,0.0
774,0.2473754988721152,0.0
775,0.5835926610262893,0.0
776,0.3219801194814209,0.0
777,0.2984613859158367,0.0
778,0.336362080570826,0.0
779,0.3775577623833741,0.0
780,0.4279119067640671,0.0
781,0.3993546363405812,0.0
782,0.3573597580625171,0.0
783,0.2394474127295575,0.0
784,0.3753634878049245,0.0
785,0.4197407009093631,0.0
786,0.3385136900233205,0.0
787,0.4563018536209582,0.0
788,0.4130916151348218,0.0
789,0.4131962519521083,0.0
790,0.3933645956680834,0.0
791,0.3814734198648826,0.0
792,0.385498957922175,0.0
793,0.3424260105676034,0.0
794,0.4635315664727429,0.0
795,0.4624418181159462,0.0
796,0.3056067219263472,0.0
797,0.5095584183298916,0.0
798,0.3676117826300023,0.0
799,0.5203889248006895,0.0
800,0.4005433010508492,0.0
801,0.3611340724172583,0.0
802,0.4120888654985479,0.0
803,0.4863257079550676,0.0
804,0.4017271987079379,0.0
805,0.5852198946290565,0.0
806,0.608787728842388,0.0
807,0.3943292088789226,0.0
808,0.4643998852093594,0.0
809,0.53876805998097,0.0
810,0.6924390246227832,0.0
811,0.4888157781832951,0.0
812,0.6119203978391902,0.0
813,0.481336033392254,0.0
814,0.4556740327172394,0.0
815,0.486683236943518,0.0
816,0.7161360459772745,0.0
817,0.5521453646128295,0.0
818,0.5541522940013309,0.0
819,0.5460833414373237,0.0
820,0.5501865824614393,0.0
821,0.6975817215926533,0.0
822,0.607129747746614,0.0
823,0.5268394628103114,0.0
824,0.6807902534737517,0.0
825,0.6984483718606571,0.0
826,0.6043419750473368,0.0
827,0.6892701260218178,0.0
828,0.5514195807662752,0.0
829,0.6821893835818874,0.0
830,0.5321406642983946,0.0
831,0.6100686360316762,0.0
832,0.7174574731185871,0.0
833,0.7493795680287091,0.0
834,0.5906826992199194,0.0
835,0.6262987836387108,0.0
836,0.6668504365667302,0.0
837,0.6327702966823217,0.0
838,0.7500891438944536,0.0
839,0.5968329128792429,0.0
840,0.7109339991953214,0.0
841,0.6830100317867106,0.0
842,0.7790327839781249,0.0
843,0.4875808730571875,0.0
844,0.5971334755822002,0.0
845,0.6857010333064472,0.0
846,0.7338837849639515,0.0
847,0.7179015241222425,0.0
848,0.5771016030646432,0.0
849,0.6958090928679164,0.0
850,0.6721368601899576,0.0
851,0.7120661743254143,0.0
852,0.8348761900948263,0.0
853,0.6536373569168988,0.0
854,0.6936400836713175,0.0
855,0.7932471831482762,0.0
856,0.707088655748208,0.0
857,0.6314324232075402,0.0
858,0.6704285866831416,0.0
859,0.7245804039791547,0.0
860,0.7535867308121342,0.0
861,0.685543720551529,0.0
862,0.660156778844962,0.0
863,0.726421439917015,0.0
864,0.7419937341853011,0.0
865,0.8147132236148373,0.0
866,0.7833436301682006,0.0
867,0.7909604277381477,0.0
868,0.740048538135472,0.0
869,0.827693671069517,0.0
870,0.7730680086874777,0.0
871,0.860400422932958,0.0
872,0.7315591314810471,0.0
873,0.5710388648311605,0.0
874,0.7890352533116718,0.0
875,0.640075090621681,0.0
876,0.8246005686141032,0.0
877,0.770788880562436,0.0
878,0.8140644276771294,0.0
879,0.6931574195369095,0.0
880,0.84552769371874,0.0
881,0.71135421493308,0.0
882,0.7576894951309319,0.0
883,0.7482967318990223,0.0
884,0.8080603241977526,0.0
885,0.719396710351942,0.0
886,0.7707755328135338,0.0
887,0.7705950998506959,0.0
888,0.5832244061681855,0.0
889,0.7336675991022685,0.0
890,0.7140468849214294,0.0
891,0.7848109291368012,0.0
892,0.6655993234598128,0.0
893,0.633142603535628,0.0
894,0.6808221927300533,0.0
895,0.532310609744238,0.0
896,0.7416948399509566,0.0
897,0.6057308559911371,0.0
898,0.6495345925981012,0.0
899,0.6973786451272136,0.0
900,0.8577182404616033,0.0
901,0.7302939555672507,0.0
902,0.6319634729317186,0.0
903,0.6735286013656654,0.0
904,0.5758929167310218,0.0
905,0.6769122557123598,0.0
906,0.6710342407895765,0.0
907,0.5895336010510399,0.0
908,0.6422510120453899,0.0
909,0.4546512614576123,0.0
910,0.5612420938423021,0.0
911,0.723605303251321,0.0
912,0.616331352146032,0.0
913,0.7161393829145,0.0
914,0.6874464898280619,0.0
915,0.6445506384991029,0.0
916,0.5891539052653056,0.0
917,0.6467463431935061,0.0
918,0.641292596003684,0.0
919,0.6076941668430477,0.0
920,0.6753515225014444,0.0
921,0.5130509998417339,0.0
922,0.5869419925900926,0.0
923,0.5461302969111402,0.0
924,0.5800807729490707,0.0
925,0.496865662534585,0.0
926,0.5650740895405133,0.0
927,0.3789132739549189,0.0
928,0.5289386346778331,0.0
929,0.5277018227304536,0.0
930,0.56888868549462,0.0
931,0.4954434122185293,0.0
932,0.5472455490024465,0.0
933,0.5139031105975407,0.0
934,0.5820192951244487,0.0
935,0.4981460930185553,0.0
936,0.4533403218332942,0.0
937,0.4096941363339073,0.0
938,0.3790114752504133,0.0
939,0.5583229888279342,0.0
940,0.5240042579318999,0.0
941,0.4411073483171349,0.0
942,0.5465457455957196,0.0
943,0.3746343670211447,0.0
944,0.4880482826214216,0.0
945,0.3906488054718143,0.0
946,0.4296027805267784,0.0
947,0.3513239536794977,0.0
948,0.4436739297488907,0.0
949,0.427581073273421,0.0
950,0.3847529140996085,0.0
951,0.4146647426840035,0.0
952,0.2032576134606327,0.0
953,0.3657757520979801,0.0
954,0.4392215020793886,0.0
955,0.4290130960484943,0.0
956,0.3430087828187776,0.0
957,0.4581169091189914,0.0
958,0.4729164640669065,0.0
959,0.3465967053942067,0.0
960,0.4252819235250261,0.0
961,0.3678313054289108,0.0
962,0.4245542328572,0.0
963,0.3001934946885494,0.0
964,0.415475141724491,0.0
965,0.3881053442479783,0.0
966,0.1862947697799337,0.0
967,0.4409600463738933,0.0
968,0.2698831404583617,0.0
969,0.3577122816451291,0.0
970,0.2983753406059497,0.0
971,0.3484384563900441,0.0
972,0.2167288290401252,0.0
973,0.3936177261919063,0.0
974,0.3051362137775464,0.0
975,0.4219514218212812,0.0
976,0.3155424525153833,0.0
977,0.3073557537378464,0.0
978,0.4114944139670844,0.0
979,0.2239525830754358,0.0
980,0.3215858841834896,0.0
981,0.4364315842061808,0.0
982,0.1636193279217745,0.0
983,0.3633252484111411,0.0
984,0.2217463908640379,0.0
985,0.2178393140782521,0.0
986,0.2619591063110064,0.0
987,0.2227334092248199,0.0
988,0.2628703285262369,0.0
989,0.2274137020362944,0.0
990,0.336470531030656,0.0
991,0.2739220262645562,0.0
992,0.2785334351575893,0.0
993,0.3135019154019675,0.0
994,0.2560744175137721,0.0
995,0.2201992437546836,0.0
996,0.2101388547250078,0.0
997,0.2202702728470558,0.0
998,0.1845671897077415,0.0
999,0.3748622321631171,0.0
1000,0.5066314476777777,0.0
1001,0.23981828946691,0.0
1002,0.247160981479045,0.0
1003,0.1505485448093465,0.0
1004,0.1841422069168035,0.0
1005,0.1537934779085221,0.0
1006,0.2526886179931469,0.0
1007,0.25327854082409,0.0
1008,0.2464099322506402,0.0
1009,0.2602873007610123,0.0
1010,0.2713320862722216,0.0
1011,0.2765434288078744,0.0
1012,0.313772207317236,0.0
1013,0.3949472573236238,0.0
1014,0.2525212944265521,0.0
1015,0.2519075363297123,0.0
1016,0.3134973867014471,0.0
1017,0.3296817705979601,0.0
1018,0.3108874250857593,0.0
1019,0.2474627359452971,0.0
1020,0.2563828458544752,0.0
1021,0.4026460482082554,0.0
1022,0.3073698165447255,0.0
1023,0.3236595523165018,0.0
1024,0.3989129688635154,0.0
1025,0.2369923803421982,0.0
1026,0.3579861488502822,0.0
1027,0.2815385854818442,0.0
1028,0.2945736156954273,0.0
1029,0.3229778637118564,0.0
1030,0.3889567399458081,0.0
1031,0.2353842149521483,0.0
1032,0.3423039740062124,0.0
1033,0.309131242694491,0.0
1034,0.2246345100327401,0.0
1035,0.3501448230755883,0.0
1036,0.4081534247463451,0.0
1037,0.4102704730632893,0.0
1038,0.3216306944833754,0.0
1039,0.2073241481752674,0.0
1040,0.2357047992784588,0.0
1041,0.4402597662618485,0.0
1042,0.3336963444329399,0.0
1043,0.5663716814159292,0.0
1044,0.5308690528628061,0.0
1045,0.3182191528755818,0.0
1046,0.4360740552177303,0.0
1047,0.3869097673106002,0.0
1048,0.5098675617285716,0.0
1049,0.4481344614087977,0.0
1050,0.3002497459160655,0.0
1051,0.539746735998688,0.0
1052,0.3406686364130404,0.0
1053,0.4341052622546636,0.0
1054,0.5671704011761273,0.0
1055,0.3891431317251203,0.0
1056,0.4470644963226952,0.0
1057,0.3524859228919614,0.0
1058,0.4512266104535756,0.0
1059,0.4601576845850662,0.0
1060,0.4884510986150757,0.0
1061,0.4390363020633713,0.0
1062,0.3448166877370417,0.0
1063,0.5908497844338552,0.0
1064,0.4319488857489899,0.0
1065,0.4937225060207882,0.0
1066,0.4925757913784983,0.0
1067,0.5746053356672826,0.0
1068,0.5571476718665683,0.0
1069,0.5400549259867323,0.0
1070,0.6030956289935988,0.0
1071,0.478209561564585,0.0
1072,0.5862128718063127,0.0
1073,0.544056628778128,0.0
1074,0.612080094120698,0.0
1075,0.4992813667332147,0.0
1076,0.6183075340415267,0.0
1077,0.5465907942482643,0.0
1078,0.6270596053261331,0.0
1079,0.4880058558481255,0.0
1080,0.6387081381225057,0.0
1081,0.4010545675043332,0.0
1082,0.604009949793396,0.0
1083,0.5756173810572561,0.0
1084,0.6182896575921042,0.0
1085,0.707889759034996,0.0
1086,0.660885184570765,0.0
1087,0.4014728764208202,0.0
1088,0.6468471663682491,0.0
1089,0.6770566974236938,0.0
1090,0.6329674143312873,0.0
1091,0.6808951286436972,0.0
1092,0.7312333033962393,0.0
1093,0.6936386535553637,0.0
1094,0.6798675903308906,0.0
1095,0.6375564180743775,0.0
1096,0.6194242162487869,0.0
1097,0.561005409651948,0.0
1098,0.5963817112958185,0.0
1099,0.6148001746648285,0.0
1100,0.8667649156326928,0.0
1101,0.692749598137417,0.0
1102,0.6539195664651157,0.0
1103,0.6768038052525298,0.0
1104,0.6813258318984503,0.0
1105,0.5901082693118092,0.0
1106,0.7180705161574501,0.0
1107,0.821019796618443,0.0
1108,0.7133895082879986,0.0
1109,0.6428151927891647,0.0
1110,0.6562914137744955,0.0
1111,0.6836473867967882,0.0
1112,0.7577152372181003,0.0
1113,0.5978351858101989,0.0
1114,0.7072633682472309,0.0
1115,0.729262126906583,0.0
1116,0.915171242084308,0.0
1117,0.7676021055120482,0.0
1118,0.621793441678918,0.0
1119,0.833681566568084,0.0
1120,0.7634132958833636,0.0
1121,0.6923117443028948,0.0
1122,0.7003928528525093,0.0
1123,0.7115046154608883,0.0
1124,0.6682638678344041,0.0
1125,0.7877481489532505,0.0
1126,0.7566981864222884,0.0
1127,0.7102720938613702,0.0
1128,0.753653707909304,0.0
1129,0.7320584803015828,0.0
1130,0.6652832678340226,0.0
1131,0.6860015960094044,0.0
1132,0.8335738311662308,0.0
1133,0.7866202641710189,0.0
1134,0.7752420232899151,0.0
1135,0.7085106677116046,0.0
1136,0.8392864293436911,0.0
1137,0.7479658984083762,0.0
1138,0.7402294478036279,0.0
1139,0.7593500981059544,0.0
1140,0.7362744621333899,0.0
1141,0.7095820629136611,0.0
1142,0.6856898307314757,0.0
1143,0.7823732964935463,0.0
1144,0.6173941666523655,0.0
1145,0.572036847414255,0.0
1146,0.8782482700364012,0.0
1147,0.6807952588795899,0.0
1148,0.6374360499815991,0.0
1149,0.7159827852175588,0.0
1150,0.7413506587114083,0.0
1151,0.6660924751112154,0.0
1152,0.5828404200345898,0.0
1153,0.6329941098290915,0.0
1154,0.6517684337179391,0.0
1155,0.7608574403212612,0.0
1156,0.602770515966768,0.0
1157,0.7029212978588304,0.0
1158,0.6632138900488718,0.0
1159,0.6105551138086276,0.0
1160,0.6053242263549395,0.0
1161,0.5131132098857243,0.0
1162,0.6653609708008459,0.0
1163,0.5852875867842031,0.0
1164,0.6996823235761288,0.0
1165,0.7086002883113762,0.0
1166,0.7495406944261708,0.0
1167,0.6376863202735145,0.0
1168,0.6052701203013541,0.0
1169,0.6912365354582949,0.0
1170,0.6878531194642594,0.0
1171,0.6938631817601103,0.0
1172,0.5273690824185358,0.0
1173,0.5446270066910359,0.0
1174,0.5471819088425023,0.0
1175,0.5839230178116175,0.0
1176,0.5439677232363334,0.0
1177,0.5868356873041933,0.0
1178,0.5298705935743937,0.0
1179,0.5530818522099106,0.0
1180,0.4609030133496558,0.0
1181,0.4971626499476578,0.0
1182,0.5019697463737026,0.0
1183,0.6328768403208799,0.0
1184,0.5493373319375402,0.0
1185,0.6070999536642431,0.0
1186,0.5574556235019535,0.0
1187,0.524189457947917,0.0
1188,0.4938788653650705,0.0
1189,0.4361107615272113,0.0
1190,0.4396531587447777,0.0
1191,0.5198716995307313,0.0
1192,0.3594384316013675,0.0
1193,0.4948515825663145,0.0
1194,0.6630008027717554,0.0
1195,0.4910918077237703,0.0
1196,0.5620687008635994,0.0
1197,0.3294453247602649,0.0
1198,0.5128634162991269,0.0
1199,0.4486302349394489,0.0
1200,0.4886303398146188,0.0
1201,0.5293886444979625,0.0
1202,0.4801280621166098,0.0
1203,0.4545239811377239,0.0
1204,0.4913656749289232,0.0
1205,0.4380173444462877,0.0
1206,0.403635688448286,0.0
1207,0.4275176714661358,0.0
1208,0.4561228507740741,0.0
1209,0.3620960637488488,0.0
1210,0.3648173360562741,0.0
1211,0.4498596579544003,0.0
1212,0.4407843804642347,0.0
1213,0.4322420595195191,0.0
1214,0.2931761540559043,0.0
1215,0.3282201920931749,0.0
1216,0.3683501991674819,0.0
1217,0.393907801377869,0.0
1218,0.2951368430285661,0.0
1219,0.2993459126332629,0.0
1220,0.282772060491998,0.0
1221,0.2698967265599228,0.0
1222,0.3251530700775886,0.0
1223,0.3059811739535842,0.0
1224,0.2511278847822315,0.0
1225,0.4261621598945909,0.0
1226,0.2611982846235839,0.0
1227,0.2655818283746446,0.0
1228,0.274614917444173,0.0
1229,0.3968188024018321,0.0
1230,0.2886991760625286,0.0
1231,0.3543102741436942,0.0
1232,0.313678296369603,0.0
1233,0.2787431854974801,0.0
1234,0.2605499653911939,0.0
1235,0.2531469701563403,0.0
1236,0.2521558998003558,0.0
1237,0.3326771484631974,0.0
1238,0.3455000448102999,0.0
1239,0.1496113421542885,0.0
1240,0.3073595673803899,0.0
1241,0.2561957390171862,0.0
1242,0.3418368027946372,0.0
1243,0.3672232677958862,0.0
1244,0.2047732980190034,0.0
1245,0.3393057359090675,0.0
1246,0.3345310554446421,0.0
1247,0.2622532334921715,0.0
1248,0.3930011078631589,0.0
1249,0.2397808680994522,0.0
1250,0.2537190165378609,0.0
1251,0.1140157560641683,0.0
1252,0.2630338384502882,0.0
1253,0.1015322739034348,0.0
1254,0.1884659241504635,0.0
1255,0.1631771837393909,0.0
1256,0.3022590588311568,0.0
1257,0.2145793647615616,0.0
1258,0.2732236529737831,0.0
1259,0.166333211296772,0.0
1260,0.2737039335816014,0.0
1261,0.1850999079005326,0.0
1262,0.3692924072283781,0.0
1263,0.186581508028671,0.0
1264,0.3166998930273266,0.0
1265,0.2908464951671615,0.0
1266,0.136341772924282,0.0
1267,0.1608141554783929,0.0
1268,0.2650343323169976,0.0
1269,0.3316078984350718,0.0
1270,0.2083755217539705,0.0
1271,0.3233084588498436,0.0
1272,0.3276078641122888,0.0
1273,0.2525637211998482,0.0
1274,0.247031079279908,0.0
1275,0.2402673458764037,0.0
1276,0.1830941702753259,0.0
1277,0.3120224604477598,0.0
1278,0.2365016122173853,0.0
1279,0.4290810265562998,0.0
1280,0.3596941840044391,0.0
1281,0.3527049689855521,0.0
1282,0.379157823783019,0.0
1283,0.1915714209441435,0.0
1284,0.3129756327309685,0.0
1285,0.2671694954360233,0.0
1286,0.2428994742893754,0.0
1287,0.2837762402442257,0.0
1288,0.2665309486626509,0.0
1289,0.2891820785495955,0.0
1290,0.1863924943701102,0.0
1291,0.3578328880905664,0.0
1292,0.2874394822598883,0.0
1293,0.3272493817132027,0.0
1294,0.4012473948054375,0.0
1295,0.2770349119906642,0.0
1296,0.3787497640308677,0.0
1297,0.2400111167680142,0.0
1298,0.2347354190144403,0.0
1299,0.4345891181523664,0.0
1300,0.3995231516704708,0.0
1301,0.3560960122646744,0.0
1302,0.3410712140540355,0.0
1303,0.419906594360004,0.0
1304,0.4858218304340116,0.0
1305,0.487929582997256,0.0
1306,0.4946487444535337,0.0
1307,0.5106202794255892,0.0
1308,0.399579402897987,0.0
1309,0.458760699650861,0.0
1310,0.349181639980703,0.0
1311,0.3567827062751582,0.0
1312,0.4929859963045803,0.0
1313,0.4221721363834846,0.0
1314,0.5201810812820703,0.0
1315,0.3950120892468628,0.0
1316,0.4626908966445666,0.0
1317,0.4948036736818621,0.0
1318,0.4475316675342703,0.0
1319,0.4606372501349076,0.0
1320,0.3988965225300467,0.0
1321,0.4737788239870489,0.0
1322,0.6327996140593746,0.0
1323,0.4023228420026963,0.0
1324,0.4863121218535065,0.0
1325,0.5961819717676042,0.0
1326,0.5062569956505407,0.0
1327,0.3884919522608226,0.0
1328,0.5585131942497898,0.0
1329,0.6137592886031199,0.0
1330,0.5354487608521966,0.0
1331,0.5617729052138214,0.0
1332,0.6265466704040363,0.0
1333,0.6151536516580765,0.0
1334,0.5595528885482035,0.0
1335,0.5173048797463164,0.0
1336,0.5804518880390822,0.0
1337,0.6167816003188205,0.0
1338,0.6516001567407085,0.0
1339,0.663097812303955,0.0
1340,0.6685315378704239,0.0
1341,0.6271961813997212,0.0
1342,0.5700451725959274,0.0
1343,0.5662212808881211,0.0
1344,0.632241630484733,0.0
1345,0.7327856942640909,0.0
1346,0.6914033823195718,0.0
1347,0.6283445645106238,0.0
1348,0.658160575326114,0.0
1349,0.600413684874903,0.0
1350,0.621865662534585,0.0
1351,0.656417502331089,0.0
1352,0.7779165784761829,0.0
1353,0.7339626796940696,0.0
1354,0.6321486729477359,0.0
1355,0.6330579883416948,0.0
1356,0.6062335417488983,0.0
1357,0.6641646788054909,0.0
1358,0.685803286597144,0.0
1359,0.6423713801381683,0.0
1360,0.636089834163754,0.0
1361,0.6669054960309515,0.0
1362,0.6396746581546164,0.0
1363,0.7210084510318764,0.0
1364,0.6896197893725223,0.0
1365,0.6960031119323155,0.0
1366,0.667586231224961,0.0
1367,0.6346575730360218,0.0
1368,0.6269461494604649,0.0
1369,0.6047240543596608,0.0
1370,0.7541833275175285,0.0
1371,0.6855089210633197,0.0
1372,0.7373298877072954,0.0
1373,0.7592170973222508,0.0
1374,0.7423998871161807,0.0
1375,0.7967445317132978,0.0
1376,0.6592948956301377,0.0
1377,0.7910569605650293,0.0
1378,0.72936199667069,0.0
1379,0.8334801585712569,0.0
1380,0.8331181008822861,0.0
1381,0.6668828525283497,0.0
1382,0.6456508743728941,0.0
1383,0.8101280335142907,0.0
1384,0.6606351526315087,0.0
1385,0.7465591410151535,0.0
1386,0.7329351413812631,0.0
1387,0.8050189442693346,0.0
1388,0.7360032168074855,0.0
1389,0.7911503948073443,0.0
1390,0.8802447119079081,0.0
1391,0.7424303962565284,0.0
1392,0.6878800533147227,0.0
1393,0.8039344396710352,0.0
1394,0.7631637406494253,0.0
1395,0.5810849527012983,0.0
1396,0.62823468393484,0.0
1397,0.8097902877965346,0.0
1398,0.7254072493531109,0.0
1399,0.7353944641164839,0.0
1400,0.6426104478551121,0.0
1401,0.7915713256030799,0.0
1402,0.690739093459031,0.0
1403,0.7035858250720302,0.0
1404,0.6960331443673453,0.0
1405,0.7117234232018199,0.0
1406,0.7097439043690996,0.0
1407,0.7321991083703733,0.0
1408,0.7123083406269246,0.0
1409,0.7190882820112389,0.0
1410,0.5967726096565243,0.0
1411,0.7320923263791561,0.0
1412,0.643713305608152,0.0
1413,0.5296632267610925,0.0
1414,0.6217457711471246,0.0
1415,0.5905906950935581,0.0
1416,0.6714222789183747,0.0
1417,0.7891990015883821,0.0
1418,0.6819891673483551,0.0
1419,0.8344047285353897,0.0
1420,0.7164294581004628,0.0
1421,0.6297677682373154,0.0
1422,0.6626802184454449,0.0
1423,0.6342607158588419,0.0
1424,0.6644497485856153,0.0
1425,0.5988956167899426,0.0
1426,0.6732199346723031,0.0
1427,0.7100084758205528,0.0
1428,0.6866959173049751,0.0
1429,0.6250567279328342,0.0
1430,0.7358945279949964,0.0
1431,0.4917329763763913,0.0
1432,0.5323423106478806,0.0
1433,0.703241405479823,0.0
1434,0.7217985900963516,0.0
1435,0.6136160386550809,0.0
1436,0.6073218599897413,0.0
1437,0.5231407062484627,0.0
1438,0.717385967320897,0.0
1439,0.7024805837924005,0.0
1440,0.54952658394876,0.0
1441,0.5162177532687684,0.0
1442,0.5526792745689153,0.0
1443,0.6436882785789605,0.0
1444,0.5870199339095747,0.0
1445,0.4538601689825011,0.0
1446,0.5309939496561048,0.0
1447,0.4913506587114084,0.0
1448,0.6558263877368511,0.0
1449,0.7328185869310284,0.0
1450,0.5284523952535405,0.0
1451,0.5003470414714559,0.0
1452,0.4505487354914737,0.0
1453,0.3881925813211602,0.0
1454,0.4551732537807498,0.0
1455,0.4920094654607929,0.0
1456,0.4723036593807026,0.0
1457,0.4258582602544081,0.0
1458,0.2433325610707183,0.0
1459,0.4039333909193358,0.0
1460,0.5162082191624098,0.0
1461,0.4139196522720729,0.0
1462,0.4105290856982684,0.0
1463,0.4051892710794325,0.0
1464,0.3845927411127828,0.0
1465,0.4514261116291309,0.0
1466,0.3186493794250172,0.0
1467,0.4030438587960712,0.0
1468,0.4666334879765385,0.0
1469,0.4956205082441417,0.0
1470,0.3839460903490055,0.0
1471,0.4362220722189489,0.0
1472,0.4240014930410558,0.0
1473,0.3805459896688424,0.0
1474,0.32785217558773,0.0
1475,0.3712192501234667,0.0
1476,0.3075094912028801,0.0
1477,0.3666025974719363,0.0
1478,0.3552894268667304,0.0
1479,0.2479372960893002,0.0
1480,0.3260461774907377,0.0
1481,0.488888237391621,0.0
1482,0.3086383293957474,0.0
1483,0.292946620445319,0.0
1484,0.4017379245775914,0.0
1485,0.3005050216138191,0.0
1486,0.3501350506165707,0.0
1487,0.3587324310255075,0.0
1488,0.3068692759608949,0.0
1489,0.3627105369036655,0.0
1490,0.2937784712251136,0.0
1491,0.3533487595174217,0.0
1492,0.2177024996520051,0.0
1493,0.3064104470923836,0.0
1494,0.2129797800672345,0.0
1495,0.1423484982829075,0.0
1496,0.3026771293949847,0.0
1497,0.3003162463079173,0.0
1498,0.1538766629865016,0.0
1499,0.2049468187547313,0.0
1500,0.2698245057042558,0.0
1501,0.4365838915552607,0.0
1502,0.254086317985329,0.0
1503,0.3691443902271596,0.0
1504,0.2481398958494221,0.0
1505,0.2918926249873673,0.0
1506,0.1347195447273532,0.0
1507,0.242203484525192,0.0
1508,0.2463939626224894,0.0
1509,0.325301563784125,0.0
1510,0.1134749338809724,0.0
1511,0.3481333649865664,0.0
1512,0.2392591141289736,0.0
1513,0.2024677127488163,0.0
1514,0.3784966335070447,0.0
1515,0.184463029595773,0.0
1516,0.3123916687164996,0.0
1517,0.3510729683296055,0.0
1518,0.2743675073841654,0.0
1519,0.3589445648919881,0.0
1520,0.2358101511537222,0.0
1521,0.3162253328833235,0.0
1522,0.112865227779335,0.0
1523,0.3504649306965809,0.0
1524,0.2709059117179888,0.0
1525,0.2758514910388934,0.0
1526,0.1744403002862138,0.0
1527,0.1423616076791506,0.0
1528,0.4366430030146844,0.0
1529,0.1843350342179077,0.0
1530,0.2801039408275223,0.0
1531,0.1710285203257613,0.0
1532,0.2987261957199489,0.0
1533,0.3385692261928597,0.0
1534,0.3566551876026108,0.0
1535,0.2329944911933459,0.0
1536,0.3639878688030692,0.0
1537,0.3767659548502859,0.0
1538,0.2588233387296376,0.0
1539,0.2662117944522942,0.0
1540,0.3243626926604542,0.0
1541,0.3441671767413569,0.0
1542,0.3890284840961571,0.0
1543,0.3756604752179973,0.0
1544,0.3486536888410912,0.0
1545,0.2892047220521974,0.0
1546,0.2973544761675943,0.0
1547,0.3589264500899066,0.0
1548,0.4374781907317045,0.0
1549,0.3265028611853183,0.0
1550,0.3649682132894002,0.0
1551,0.2938900202695101,0.0
1552,0.4935220514345969,0.0
1553,0.4283156761683571,0.0
1554,0.5615216815112702,0.0
1555,0.3099576113631294,0.0
1556,0.3719881758012939,0.0
1557,0.2500133477489021,0.0
1558,0.3416275291600643,0.0
1559,0.3030808987992747,0.0
1560,0.3385182187238408,0.0
1561,0.3150817168256002,0.0
1562,0.4252411652203428,0.0
1563,0.4087586021474621,0.0
1564,0.4421041391369346,0.0
1565,0.363254219318769,0.0
1566,0.4617751457288157,0.0
1567,0.4469200546113612,0.0
1568,0.3472626627233603,0.0
1569,0.5311379146621209,0.0
1570,0.3218595130359836,0.0
1571,0.414696443587646,0.0
1572,0.3881677926446276,0.0
1573,0.5389272795571598,0.0
1574,0.3906635833366703,0.0
1575,0.6292054943148123,0.0
1576,0.348878932103815,0.0
1577,0.5336165439627178,0.0
1578,0.4787375127041967,0.0
1579,0.472466454246777,0.0
1580,0.4502126582423303,0.0
1581,0.5057972133713935,0.0
1582,0.6141845097467169,0.0
1583,0.473662031184155,0.0
1584,0.4885671763599926,0.0
1585,0.6191522558649055,0.0
1586,0.3600900877709831,0.0
1587,0.5934490201798895,0.0
1588,0.6550279063293118,0.0
1589,0.5112874285180377,0.0
1590,0.530524156565281,0.0
1591,0.6584075086808038,0.0
1592,0.67220550575574,0.0
1593,0.6188297647173233,0.0
1594,0.555600524757214,0.0
1595,0.4530566821691236,0.0
1596,0.5792317607778306,0.0
1597,0.4852698056758442,0.0
1598,0.7173270942141322,0.0
1599,0.5029424635749467,0.0
1600,0.5478962517614262,0.0
1601,0.5699455411844793,0.0
1602,0.5969251553582631,0.0
1603,0.6670425488098575,0.0
1604,0.6226777300436852,0.0
1605,0.4961730097076271,0.0
1606,0.5332754613077362,0.0
1607,0.6746371795825206,0.0
1608,0.615963335640587,0.0
1609,0.7185045563494288,0.0
1610,0.5847343702627409,0.0
1611,0.4780772758388584,0.0
1612,0.5570949959289365,0.0
1613,0.6114324899462849,0.0
1614,0.7375491721535449,0.0
1615,0.597812303954938,0.0
1616,0.7298596770226129,0.0
1617,0.6493408118863611,0.0
1618,0.5735561072625102,0.0
1619,0.6918319404003943,0.0
1620,0.791331781180818,0.0
1621,0.6138553447246836,0.0
1622,0.7781911607393127,0.0
1623,0.6316190533395114,0.0
1624,0.6837551221986411,0.0
1625,0.796606763876415,0.0
1626,0.6857088989441931,0.0
1627,0.6898750650702759,0.0
1628,0.697663714907338,0.0
1629,0.683655729139852,0.0
1630,0.6851599727705922,0.0
1631,0.662413025114743,0.0
1632,0.8002290092347355,0.0
1633,0.6670945096895123,0.0
1634,0.6361124776663558,0.0
1635,0.7324972875467409,0.0
1636,0.6150237494589395,0.0
1637,0.6667167207250496,0.0
1638,0.6028730076101236,0.0
1639,0.7825570663936099,0.0
1640,0.7080747206983542,0.0
1641,0.7259113652268259,0.0
1642,0.7019445286623839,0.0
1643,0.6654553584537968,0.0
1644,0.7866960603165705,0.0
1645,0.7466659230063707,0.0
1646,0.7699327178114267,0.0
1647,0.7323011233084111,0.0
1648,0.605998049321839,0.0
1649,0.6949703298610118,0.0
1650,0.7613689451274042,0.0
1651,0.6517493655052219,0.0
1652,0.7492227319791088,0.0
1653,0.7045964403460498,0.0
1654,0.6716630151039313,0.0
1655,0.7163648645298828,0.0
1656,0.6357687731321255,0.0
1657,0.6112272683069143,0.0
1658,0.8283274507897099,0.0
1659,0.7242905671458508,0.0
1660,0.7711950334933156,0.0
1661,0.6334040764025147,0.0
1662,0.6894915556419982,0.0
1663,0.7633103275346899,0.0
1664,0.7538417681572288,0.0
1665,0.7253066645310269,0.0
1666,0.8149360833509713,0.0
1667,0.7953790093300764,0.0
1668,0.6240933064852898,0.0
1669,0.8036522301228184,0.0
1670,0.5735115353152834,0.0
1671,0.6761025717298491,0.0
1672,0.6928449392010037,0.0
1673,0.7662604183947235,0.0
1674,0.6792876783116242,0.0
1675,0.6790102358165866,0.0
1676,0.6481142491033173,0.0
1677,0.735047899350346,0.0
1678,0.6508603100872753,0.0
1679,0.7490248992721663,0.0
1680,0.6387353103256279,0.0
1681,0.632365335514737,0.0
1682,0.5922300846819326,0.0
1683,0.7547477466139622,0.0
1684,0.5082017149950517,0.0
1685,0.5850172948689346,0.0
1686,0.681371595608972,0.0
1687,0.6049128296655626,0.0
1688,0.5901711944137764,0.0
1689,0.6325555409365924,0.0
1690,0.5723133364986567,0.0
1691,0.5690285985054335,0.0
1692,0.5784328026649734,0.0
1693,0.5255766704231045,0.0
1694,0.4732248924076098,0.0
1695,0.4839512387664392,0.0
1696,0.56872946591843,0.0
1697,0.5612768933305112,0.0
1698,0.4956355244616567,0.0
1699,0.4615658720942427,0.0
1700,0.5253552408029243,0.0
1701,0.6344559266865357,0.0
1702,0.502543937929154,0.0
1703,0.4904053520659455,0.0
1704,0.4994610846380758,0.0
1705,0.550888292689438,0.0
1706,0.5865508558767278,0.0
1707,0.6198172597834233,0.0
1708,0.5796281412496925,0.0
1709,0.3668149696910759,0.0
1710,0.451209210709471,0.0
1711,0.4158505471623639,1.0
1712,0.569932908493554,1.0
1713,0.5334001197483759,1.0
1714,0.4672877660254027,1.0
1715,0.4458465142353742,1.0
1716,0.517827110422113,1.0
1717,0.4653158744777693,1.0
1718,0.509540065175151,1.0
1719,0.3008537315538878,1.0
1720,0.5131489627845692,1.0
1721,0.3578114363512594,1.0
1722,0.5173990290466084,1.0
1723,0.3989363274240942,1.0
1724,0.4215946078908078,1.0
1725,0.5119979577944179,1.0
1726,0.4522417544281157,1.0
1727,0.3190512420080353,1.0
1728,0.4519335644400715,1.0
1729,0.3431913609555462,1.0
1730,0.3037149168721266,1.0
1731,0.4315808692435449,1.0
1732,0.3410156778844962,1.0
1733,0.2720726479836318,1.0
1734,0.2132867782919839,1.0
1735,0.2962928534245557,1.0
1736,0.3952954905583745,1.0
1737,0.2763744367726669,1.0
1738,0.3846573346833628,1.0
1739,0.4628632256169997,1.0
1740,0.2835197727831773,1.0
1741,0.3133569969853156,1.0
1742,0.3657369006145685,1.0
1743,0.4622144296792917,1.0
1744,0.2676032972753431,1.0
1745,0.2441124509708581,1.0
1746,0.2816889860096523,1.0
1747,0.2809427038344269,1.0
1748,0.2649857083745684,1.0
1749,0.2731476184755727,1.0
1750,0.3155567536749213,1.0
1751,0.3370473444653559,1.0
1752,0.2989705071953901,1.0
1753,0.2990062600942351,1.0
1754,0.2673968838726778,1.0
1755,0.1410876127169724,1.0
1756,0.3264780725087857,1.0
1757,0.232886040733516,1.0
1758,0.3364807801949915,1.0
1759,0.2798100519990161,1.0
1760,0.3824101458146227,1.0
1761,0.1328551502289139,1.0
1762,0.3223207254310846,1.0
1763,0.2508635516834372,1.0
1764,0.2561511670699594,1.0
1765,0.3396716072405817,1.0
1766,0.3361992857047516,1.0
1767,0.2127092497993071,1.0
1768,0.2259583207006424,1.0
1769,0.2270232803809067,1.0
1770,0.3817851851428114,1.0
1771,0.1626237288652698,1.0
1772,0.3583000593021415,1.0
1773,0.2302670217167875,1.0
1774,0.3073383539937419,1.0
1775,0.1218923580323893,1.0
1776,0.2294168177822524,1.0
1777,0.2759656619625386,1.0
1778,0.2936933793258624,1.0
1779,0.2601481028081757,1.0
1780,0.2156748335821735,1.0
1781,0.2040479908777671,1.0
1782,0.2634190163471788,1.0
1783,0.2955861377907188,1.0
1784,0.307971418655958,1.0
1785,0.2784883865050445,1.0
1786,0.3338951305505184,1.0
1787,0.1949088348749983,1.0
1788,0.3830012604088606,1.0
1789,0.2067132503103352,1.0
1790,0.2202507279290205,1.0
1791,0.3599732949680893,1.0
1792,0.2861478492009466,1.0
1793,0.3739205008075388,1.0
1794,0.2430334284837148,1.0
1795,0.2214103136148946,1.0
1796,0.3931534152122387,1.0
1797,0.3735534377127297,1.0
1798,0.347430462995273,1.0
1799,0.2114671940934304,1.0
1800,0.6413729208497558,1.0
1801,0.6890434526431404,1.0
1802,0.6413729208497558,1.0
1803,0.6890434526431404,1.0
1804,0.6413729208497558,1.0
1805,0.6890434526431404,1.0
1806,0.6413729208497558,1.0
1807,0.6890434526431404,1.0
1808,0.6413729208497558,1.0
1809,0.6890434526431404,1.0
1810,0.4664947667290197,1.0
1811,0.3482801902244901,1.0
1812,0.322173423487843,1.0
1813,0.4109655094168369,1.0
1814,0.2827889835307847,1.0
1815,0.3665248945051131,1.0
1816,0.2570445128357674,1.0
1817,0.4527125009295754,1.0
1818,0.3707887852213724,1.0
1819,0.3083089260210551,1.0
1820,0.3991248643773371,1.0
1821,0.3356110313424212,1.0
1822,0.4895484742569594,1.0
1823,0.4057446327748253,1.0
1824,0.3792240858222118,1.0
1825,0.4104992916158975,1.0
1826,0.428625772977673,1.0
1827,0.4235281246603474,1.0
1828,0.3853788281820557,1.0
1829,0.4434031611283043,1.0
1830,0.4274099360642828,1.0
1831,0.438706898688679,1.0
1832,0.4922552070521878,1.0
1833,0.3740637507555779,1.0
1834,0.4486242761229747,1.0
1835,0.4203091720009991,1.0
1836,0.5232339021381187,1.0
1837,0.4643972633301108,1.0
1838,0.4905369227336952,1.0
1839,0.6183723659647657,1.0
1840,0.5646348055900373,1.0
1841,0.4063185859776177,1.0
1842,0.5967373334629972,1.0
1843,0.5419836757030927,1.0
1844,0.4959811358171587,1.0
1845,0.5277878680403407,1.0
1846,0.4245644820215356,1.0
1847,0.507025206270391,1.0
1848,0.542169114071769,1.0
1849,0.4651642821866663,1.0
1850,0.5761906192020716,1.0
1851,0.5798026153960563,1.0
1852,0.5220850423218981,1.0
1853,0.4547449340525863,1.0
1854,0.5626090463414773,1.0
1855,0.5926374293761071,1.0
1856,0.57803213184525,1.0
1857,0.6375852587461125,1.0
1858,0.583783104800804,1.0
1859,0.608671412744812,1.0
1860,0.6022070502809702,1.0
1861,0.5607987578966236,1.0
1862,0.5701190619202072,1.0
1863,0.6212495209111555,1.0
1864,0.6679032402613871,1.0
1865,0.606718589409896,1.0
1866,0.7220600629632384,1.0
1867,0.7197976195243244,1.0
1868,0.7384260715858841,1.0
1869,0.6373097230723468,1.0
1870,0.6076905915531631,1.0
1871,0.6540346907993967,1.0
1872,0.7521351631190257,1.0
1873,0.6356481666866883,1.0
1874,0.69465927964106,1.0
1875,0.6515972965088009,1.0
1876,0.6828980060369961,1.0
1877,0.7529326911159291,1.0
1878,0.6504355656489961,1.0
1879,0.8009207086510574,1.0
1880,0.7288147389657019,1.0
1881,0.6199533591516934,1.0
1882,0.6628613664662598,1.0
1883,0.7447786466526707,1.0
1884,0.7016210841041658,1.0
1885,0.8076925460449667,1.0
1886,0.913362860460726,1.0
1887,0.8620052513857823,1.0
1888,0.7265546790533777,1.0
1889,0.7481174906994792,1.0
1890,0.8163671527154087,1.0
1891,0.6651397795333246,1.0
1892,0.8370375720063382,1.0
1893,0.7859428659142349,1.0
1894,0.6751758565917858,1.0
1895,0.6149803692750074,1.0
1896,0.7345132743362832,1.0
1897,0.7257204447469934,1.0
1898,0.6225704713471502,1.0
1899,0.6563786508476773,1.0
1900,0.7741954167643913,1.0
1901,0.7284817603011252,1.0
1902,0.6143670878834856,1.0
1903,0.7529662988408434,1.0
1904,0.7506023171692094,1.0
1905,0.8325212658242329,1.0
1906,0.7822329067774149,1.0
1907,0.7002465043199037,1.0
1908,0.8015766551685344,1.0
1909,0.919300463548251,0.0
1910,0.7132798660648738,0.0
1911,0.760405285327201,0.0
1912,0.806364206676544,0.0
1913,0.8668152080437348,0.0
1914,0.8213582573941762,0.0
1915,0.7231879477454699,0.0
1916,0.8376148621463562,0.0
1917,0.8722684785282391,0.0
1918,0.6754535374394822,0.0
1919,0.672746327938936,0.0
1920,0.7626350744518366,0.0
1921,0.7722123226417864,0.0
1922,0.7321476241960366,0.0
1923,0.7048471873432831,0.0
1924,0.7158521679604449,0.0
1925,0.6713088230527063,0.0
1926,0.8235854246395631,0.0
1927,0.7910131036757794,0.0
1928,0.776020006368783,0.0
1929,0.6296207046467328,0.0
1930,0.5731635404331916,0.0
1931,0.742109811930218,0.0
1932,0.6235200683404744,0.0
1933,0.6235403283164865,0.0
1934,0.6663815968865422,0.0
1935,0.6482555922300847,0.0
1936,0.678437474377089,0.0
1937,0.5451318376227278,0.0
1938,0.6641613418682654,0.0
1939,0.6439883645765999,0.0
1940,0.6541064349497457,0.0
1941,0.5460285203257613,0.0
1942,0.6192282903631159,0.0
1943,0.789372045618792,0.0
1944,0.6980586652632461,0.0
1945,0.6071359449157471,0.0
1946,0.7236443930873916,0.0
1947,0.7406246365121951,0.0
1948,0.6184064503949981,0.0
1949,0.6591871602282847,0.0
1950,0.549756832617322,0.0
1951,0.5687904841991255,0.0
1952,0.4816051335442278,0.0
1953,0.5896797112309866,0.0
1954,0.4531348618412648,0.0
1955,0.4382912116514407,0.0
1956,0.7033610585146243,0.0
1957,0.4668987744859686,0.0
1958,0.6065252854034738,0.0
1959,0.5364496036671986,0.0
1960,0.5916523178365968,0.0
1961,0.5799401448802802,0.0
1962,0.6192757225422504,0.0
1963,0.5324745963736073,0.0
1964,0.5783477107657222,0.0
1965,0.6124056838528468,0.0
1966,0.4497006767308694,0.0
1967,0.3368936070003223,0.0
1968,0.4881352813419445,0.0
1969,0.5668305102844405,0.0
1970,0.5934850114313935,0.0
1971,0.4448988240633217,0.0
1972,0.3788174561860142,0.0
1973,0.474570154814819,0.0
1974,0.5364650965900315,0.0
1975,0.5565935019344702,0.0
1976,0.5498776774154182,0.0
1977,0.5490594127371847,0.0
1978,0.3087351005752879,0.0
1979,0.261737915043485,0.0
1980,0.3417009417790261,0.0
1981,0.4715464129831647,0.0
1982,0.4298346976639532,0.0
1983,0.4443661058705306,0.0
1984,0.3632494522655897,0.0
1985,0.4526874739003839,0.0
1986,0.321482915834816,0.0
1987,0.3168788958742108,0.0
1988,0.3409129478884815,0.0
1989,0.3967656497588824,0.0
1990,0.4323993722744373,0.0
1991,0.3538273716566272,0.0
1992,0.4199578401816819,0.0
1993,0.4196215245798796,0.0
1994,0.3930878682310229,0.0
1995,0.3956458689670559,0.0
1996,0.4078111503280686,0.0
1997,0.4086065331510412,0.0
1998,0.3070015616866215,0.0
1999,0.3034877667881312,0.0
2000,0.4570088076074541,0.0
2001,0.3595988429408523,0.0
2002,0.2859373838030787,0.0
2003,0.2902706351430974,0.0
2004,0.2670212400821459,0.0
2005,0.3481548167258735,0.0
2006,0.3001119780791828,0.0
2007,0.3244387271586647,0.0
2008,0.3164474775614807,0.0
2009,0.3580564628846774,0.0
2010,0.2240424420278663,0.0
2011,0.2742485694073409,0.0
2012,0.2863728541110113,0.0
2013,0.4115899933833302,0.0
2014,0.2683989184509747,0.0
2015,0.2361729239006699,0.0
2016,0.1984977108610633,0.0
2017,0.319284350908505,0.0
2018,0.3731794623908107,0.0
2019,0.2448775630061418,0.0
2020,0.3481855642188802,0.0
2021,0.2499764030867623,0.0
2022,0.2119853727740245,0.0
2023,0.2012461553716108,0.0
2024,0.291491954167644,0.0
2025,0.2157155918868569,0.0
2026,0.3553811926404326,0.0
2027,0.2996333659399772,0.0
2028,0.2688996973874641,0.0
2029,0.3957211884072894,0.0
2030,0.219108065281933,0.0
2031,0.2563234960423924,0.0
2032,0.3360658082157301,0.0
2033,0.3382424446974161,0.0
2034,0.2344105443402685,0.0
2035,0.3002120861959488,0.0
2036,0.3154013477412749,0.0
2037,0.274398969935149,0.0
2038,0.3161190275974243,0.0
2039,0.2091313380355546,0.0
2040,0.2131440050492627,0.0
2041,0.3181788712762164,0.0
2042,0.3106118894119936,0.0
2043,0.0827965631453398,0.0
2044,0.3079730871245707,0.0
2045,0.3047465071801354,0.0
2046,0.3429928131906268,0.0
2047,0.3373586330379667,0.0
2048,0.3170269128754293,0.0
2049,0.3318326649924776,0.0
2050,0.2707938859682743,0.0
2051,0.2688205643046871,0.0
2052,0.2817643054498859,0.0
2053,0.3121587981686888,0.0
2054,0.2870869586772762,0.0
2055,0.4279357420299637,0.0
2056,0.3351257453287646,0.0
2057,0.3835444661186462,0.0
2058,0.3246806551075162,0.0
2059,0.3281351001939237,0.0
2060,0.2906450871703345,0.0
2061,0.3120060141142911,0.0
2062,0.3292331908937844,0.0
2063,0.3483288141669193,0.0
2064,0.4056075799959194,0.0
2065,0.3753549071092018,0.0
2066,0.3924185739646437,0.0
2067,0.2599557522123894,0.0
2068,0.3809783613922083,0.0
2069,0.3947089046646568,0.0
2070,0.443015838057483,0.0
2071,0.300246647331499,0.0
2072,0.3688400138816589,0.0
2073,0.3246930494457825,0.0
2074,0.3681268627260299,0.0
2075,0.312330888788463,0.0
2076,0.5815440199224687,0.0
2077,0.4053554028827324,0.0
2078,0.3923937852881112,0.0
2079,0.3378756199552659,0.0
2080,0.4482939193376465,0.0
2081,0.4354090512992127,0.0
2082,0.5443493258433393,0.0
2083,0.4555963297504162,0.0
2084,0.3873199722366823,0.0
2085,0.4554843040007017,0.0
2086,0.3705413751613647,0.0
2087,0.5440499549036769,0.0
2088,0.3359757109106406,0.0
2089,0.2862410450906026,0.0
2090,0.5284931535582238,0.0
2091,0.371151796320979,0.0
2092,0.4059515228828086,0.0
2093,0.4511622552356545,0.0
2094,0.4996784622630537,0.0
2095,0.5334415931110361,0.0
2096,0.5008866718913569,0.0
2097,0.5389737583256584,0.0
2098,0.6186693533778385,0.0
2099,0.6484586686955245,0.0
2100,0.642561108854706,0.0
2101,0.5295059140061743,0.0
2102,0.5603492247818119,0.0
2103,0.5528813976237194,0.0
2104,0.5031934489248389,0.0
2105,0.6505354354131032,0.0
2106,0.5731368449353874,0.0
2107,0.6975514508049646,0.0
2108,0.5436483306733176,0.0
2109,0.4553496347483853,0.0
2110,0.7071112992508098,0.0
2111,0.5659679120116392,0.0
2112,0.6200939872204838,0.0
2113,0.5278047910791274,0.0
2114,0.5964505952142599,0.0
2115,0.6101775631968239,0.0
2116,0.4552619209698855,0.0
2117,0.5310914358936223,0.0
2118,0.4785520743355205,0.0
2119,0.7573005035914979,0.0
2120,0.7152560479603687,0.0
2121,0.6587137918475763,0.0
2122,0.5596015124906328,0.0
2123,0.7524872099963198,0.0
2124,0.6106702381429087,0.0
2125,0.5899383238659658,0.0
2126,0.6401041696460749,0.0
2127,0.5661950620956346,0.0
2128,0.5366524417799795,0.0
2129,0.7153349426904867,0.0
2130,0.7206857215316351,0.0
2131,0.734781421077621,0.0
2132,0.5718051686297392,0.0
2133,0.7562906033754551,0.0
2134,0.6563362240743813,0.0
2135,0.6999871766269475,0.0
2136,0.7083795737491729,0.0
2137,0.6493858605389058,0.0
2138,0.6208896083961155,0.0
2139,0.7037316968993179,0.0
2140,0.6371230929403756,0.0
2141,0.7315655670028393,0.0
2142,0.810845951723099,0.0
2143,0.6619048572458255,0.0
2144,0.6537274542219883,0.0
2145,0.8403139676564976,0.0
2146,0.7003330263351085,0.0
2147,0.7269439089454707,0.0
2148,0.8557933043877864,0.0
2149,0.5711232416724349,0.0
2150,0.6614388777975452,0.0
2151,0.7210978332789889,0.0
2152,0.6324742626798848,0.0
2153,0.7890497928238688,0.0
2154,0.8606135102100745,0.0
2155,0.6222308188081224,0.0
2156,0.6794347419022068,0.0
2157,0.7590748007848476,0.0
2158,0.7833076389166966,0.0
2159,0.852388436654444,0.0
2160,0.6854019007194436,0.0
2161,0.7202209338466495,0.0
2162,0.7700294889909673,0.0
2163,0.7157408572687074,0.0
2164,0.6684895878024457,0.0
2165,0.6931874519719392,0.0
2166,0.7895515251709943,0.0
2167,0.6913216273575461,0.0
2168,0.7803677972209986,0.0
2169,0.8353469365962859,0.0
2170,0.7191385744222808,0.0
2171,0.7860825405723896,0.0
2172,0.6791122507546246,0.0
2173,0.87054709562518,0.0
2174,0.7544088091329111,0.0
2175,0.7777256579963504,0.0
2176,0.6046902082820874,0.0
2177,0.6435881704621944,0.0
2178,0.6661580220924312,0.0
2179,0.9068243703199454,0.0
2180,0.8329865302145364,0.0
2181,0.6834004534420984,0.0
2182,0.6205156330741962,0.0
2183,0.8422088712952847,0.0
2184,0.7351313227809844,0.0
2185,0.6058607581902741,0.0
2186,0.7953442098418673,0.0
2187,0.6668847593496214,0.0
2188,0.6846527583123106,0.0
2189,0.6531165563570561,0.0
2190,0.6527611725425364,0.0
2191,0.595520543138971,0.0
2192,0.5859721356207561,0.0
2193,0.755801265366596,0.0
2194,0.6590005300963135,0.0
2195,0.5969752094166462,0.0
2196,0.5524630887072324,0.0
2197,0.5912599893599374,0.0
2198,0.5208565727175826,0.0
2199,0.6199819614707693,0.0
2200,0.6543099881205034,0.0
2201,0.6945167447509978,0.0
2202,0.6948092034635501,0.0
2203,0.5864662406827946,0.0
2204,0.7022729786264404,0.0
2205,0.5653837096445113,0.0
2206,0.5480614301540901,0.0
2207,0.5812208137169095,0.0
2208,0.615675405628555,0.0
2209,0.5799532542765233,0.0
2210,0.6403851874309969,0.0
2211,0.5424119954312563,0.0
2212,0.5371825380935219,0.0
2213,0.657210739980131,0.0
2214,0.6439411707501244,0.0
2215,0.5028797768256383,0.0
2216,0.5979233762940166,0.0
2217,0.6423747170753938,0.0
2218,0.5681774411602627,0.0
2219,0.6058128493058217,0.0
2220,0.5438578426605496,0.0
2221,0.4880006120896282,0.0
2222,0.519132091229957,0.0
2223,0.4948134461408797,0.0
2224,0.5918227399877581,0.0
2225,0.5287479525506594,0.0
2226,0.4949445401033115,0.0
2227,0.4574399875675253,0.0
2228,0.5737823039358697,0.0
2229,0.4549816182429405,0.0
2230,0.5159567571071996,0.0
2231,0.4500405676225562,0.0
2232,0.4874152179592055,0.0
2233,0.5545737015023845,0.0
2234,0.334769884808927,0.0
2235,0.3601932944723158,0.0
2236,0.3265424277267068,0.0
2237,0.2840863370535417,0.0
2238,0.5067382296689948,0.0
2239,0.4718665206041572,0.0
2240,0.402115475189395,0.0
2241,0.4128337175578196,0.0
2242,0.2411518725938299,0.0
2243,0.2036144273911062,0.0
2244,0.3734588117071199,0.0
2245,0.4448406660145337,0.0
2246,0.4326868255811514,0.0
2247,0.3748886893082624,0.0
2248,0.2930769993497739,0.0
2249,0.2003413686781724,0.0
2250,0.3417066622428413,0.0
2251,0.4345369189200527,0.0
2252,0.3382319571804216,0.0
2253,0.3517916015963908,0.0
2254,0.2889759034995891,0.0
2255,0.3749737812075137,0.0
2256,0.253213708900851,0.0
2257,0.2039536032248161,0.0
2258,0.2415248945051132,0.0
2259,0.3096115233023094,0.0
2260,0.2994507878032084,0.0
2261,0.3103394523227944,0.0
2262,0.3454666754380445,0.0
2263,0.3119385603118034,0.0
2264,0.2593005207528894,0.0
2265,0.3430597902877965,0.0
2266,0.5121590841918796,0.0
2267,0.3558664786540893,0.0
2268,0.156964998388736,0.0
2269,0.3065184208468957,0.0
2270,0.2821990606998416,0.0
2271,0.3217150713246497,0.0
2272,0.270305978075369,0.0
2273,0.1904907299883874,0.0
2274,0.2027165529247778,0.0
2275,0.228468650904882,0.0
2276,0.128033752643331,0.0
2277,0.2623009040239649,0.0
2278,0.3147644694365152,0.0
2279,0.1492287861366467,0.0
2280,0.2228473417958061,0.0
2281,0.1652487066984725,0.0
2282,0.2471814798077161,0.0
2283,0.3696265776562497,0.0
2284,0.1482472498870209,0.0
2285,0.2808061277608388,0.0
2286,0.2312123283622503,0.0
2287,0.2620799511091026,0.0
2288,0.2209529148623371,0.0
2289,0.1845002126105718,0.0
2290,0.3154487799204093,0.0
2291,0.3305658206100684,0.0
2292,0.2240093110082699,0.0
2293,0.259504788981624,0.0
2294,0.2001583138360858,0.0
2295,0.2318563572467789,0.0
2296,0.2515666920273896,0.0
2297,0.2350352666594207,0.0
2298,0.3278876901339161,0.0
2299,0.081836955340339,0.0
2300,0.2284791384218766,0.0
2301,0.2802824669690885,0.0
2302,0.3036050362963429,0.0
2303,0.2659045578748858,0.0
2304,0.2432691592634331,0.0
2305,0.3140691947303088,0.0
2306,0.3232197916607079,0.0
2307,0.3110430693720647,0.0
2308,0.1663563315046917,0.0
2309,0.1931490771938455,0.0
2310,0.3906216332686921,0.0
2311,0.1839193471806694,0.0
2312,0.3470255018276882,0.0
2313,0.3173222318198893,0.0
2314,0.2636750071029092,0.0
2315,0.3030792303306619,0.0
2316,0.2516834848302833,0.0
2317,0.4199678509933585,0.0
2318,0.291621141308804,0.0
2319,0.3594377165433907,0.0
2320,0.297004097758913,0.0
2321,0.2608655443116662,0.0
2322,0.3209942928839338,0.0
2323,0.40173363422973,0.0
2324,0.1993765171146743,0.0
2325,0.3819784891492335,0.0
2326,0.2393017792549286,0.0
2327,0.4531951650639834,0.0
2328,0.2792384823228134,0.0
2329,0.4326191334260048,0.0
2330,0.3422524898318755,0.0
2331,0.4206109264672513,0.0
2332,0.3175040948986811,0.0
2333,0.4886932649165861,0.0
2334,0.467948717948718,0.0
2335,0.4378209418552989,0.0
2336,0.3330306254564453,0.0
2337,0.4336752740578873,0.0
2338,0.3491892672657899,0.0
2339,0.3209652138595397,0.0
2340,0.4786764944235011,0.0
2341,0.5395381774220921,0.0
2342,0.3336882404425351,0.0
2343,0.3225102157949633,0.0
2344,0.4656619625385893,0.0
2345,0.4990589837023986,0.0
2346,0.5474083438685209,0.0
2347,0.4965112321307011,0.0
2348,0.4016728543016934,0.0
2349,0.3553845295776581,0.0
2350,0.340094683210248,0.0
2351,0.5516453007343168,0.0
2352,0.554584189019379,0.0
2353,0.3522544824601046,0.0
2354,0.4892188325296082,0.0
2355,0.6097561556957705,0.0
2356,0.5092063714525974,0.0
2357,0.5129890281504025,0.0
2358,0.4272774119858971,0.0
2359,0.594497533526685,0.0
2360,0.5366317050986494,0.0
2361,0.4901867826776728,0.0
2362,0.5209321305104752,0.0
2363,0.4573980374995471,0.0
2364,0.6310431933154473,0.0
2365,0.4639081636739107,0.0
2366,0.7300622767827349,0.0
2367,0.5467302305537599,0.0
2368,0.6025147635636964,0.0
2369,0.5797323013616611,0.0
2370,0.6210400089239235,0.0
2371,0.5428658188939293,0.0
2372,0.6110177563196825,0.0
2373,0.5826025440809408,0.0
2374,0.5847615424658632,0.0
2375,0.6784050584154697,0.0
2376,0.7067826109340944,0.0
2377,0.6413955643523577,0.0
2378,0.6293148981852782,0.0
2379,0.5742885649835155,0.0
2380,0.6214716655893127,0.0
2381,0.6292369568657961,0.0
2382,0.6911910101004324,0.0
2383,0.6331614333956863,0.0
2384,0.617167493273688,0.0
2385,0.6008386676658409,0.0
2386,0.6533594377165434,0.0
2387,0.6435383547564703,0.0
2388,0.6040371219965182,0.0
2389,0.77423259977919,0.0
2390,0.5923351982045372,0.0
2391,0.6789120345210923,0.0
2392,0.7554990341950258,0.0
2393,0.7166709093439962,0.0
2394,0.566833608869007,0.0
2395,0.6685069875465502,0.0
2396,0.7360539859238453,0.0
2397,0.6341970756988977,0.0
2398,0.7505791969612896,0.0
2399,0.728483667122397,0.0
2400,0.7141169606031657,0.0
2401,0.6987639507811293,0.0
2402,0.6658267118964672,0.0
2403,0.6427436869914747,0.0
2404,0.7270597483377286,0.0
2405,0.7088171892310362,0.0
2406,0.7483970783684474,0.0
2407,0.8143330511237851,0.0
2408,0.6698870494419688,0.0
2409,0.6432637724933404,0.0
2410,0.7712145784113509,0.0
2411,0.708970211638093,0.0
2412,0.6078085761193517,0.0
2413,0.7100849870240813,0.0
2414,0.7393878245648157,0.0
2415,0.8107360711473152,0.0
2416,0.7526831358819907,0.0
2417,0.7194770351980139,0.0
2418,0.6758894844527328,0.0
2419,0.7117992193473712,0.0
2420,0.5945633188605598,0.0
2421,0.7649685469831227,0.0
2422,0.7652407457196628,0.0
2423,0.9437776131555412,0.0
2424,0.7728530145890895,0.0
2425,0.8221889164106758,0.0
2426,0.7412338659085145,0.0
2427,0.6860664279326435,0.0
2428,0.6981737895975272,0.0
2429,0.75385535425879,0.0
2430,0.7160848001555966,0.0
2431,0.7806583491122794,0.0
2432,0.6908890172815212,0.0
2433,0.6621963625477421,0.0
2434,0.7780402835061866,0.0
2435,0.6975321442395883,0.0
2436,0.8691355711787778,0.0
2437,0.6133753024695243,0.0
2438,0.8449363407718431,0.0
2439,0.6606790095207586,0.0
2440,0.6345181367305261,0.0
2441,0.7260500864743447,0.0
2442,0.7345545093462845,0.0
2443,0.6676763285300507,0.0
2444,0.6189997101631667,0.0
2445,0.8087286650534959,0.0
2446,0.5963297504161638,0.0
2447,0.691444378976914,0.0
2448,0.7745708222022641,0.0
2449,0.7165393386762465,0.0
2450,0.8221388623522927,0.0
2451,0.8336126826496426,0.0
2452,0.5540390764883217,0.0
2453,0.6230083251816724,0.0
2454,0.5745078494297651,0.0
2455,0.7463653603034134,0.0
2456,0.6832119164888556,0.0
2457,0.5207185665280408,0.0
2458,0.6921048541949115,0.0
2459,0.4841721916813015,0.0
2460,0.6081134291701704,0.0
2461,0.7096087584114653,0.0
2462,0.5737260527083536,0.0
2463,0.5683778957464538,0.0
2464,0.5222409249608625,0.0
2465,0.604427543651906,0.0
2466,0.5495942761039064,0.0
2467,0.5496889021095164,0.0
2468,0.5624722319152304,0.0
2469,0.4763272906167232,0.0
2470,0.6430025379791127,0.0
2471,0.3781321922914843,0.0
2472,0.5768596751157917,0.0
2473,0.4718517427393013,0.0
2474,0.6112072466835611,0.0
2475,0.4727269737030278,0.0
2476,0.5331238690166332,0.0
2477,0.6292843890449304,0.0
2478,0.4262648898906057,0.0
2479,0.6751482076833456,0.0
2480,0.5594601693638653,0.0
2481,0.4551815961238137,0.0
2482,0.4494132234241552,0.0
2483,0.4742981944309378,0.0
2484,0.3645823203345327,0.0
2485,0.4813241157593058,0.0
2486,0.476061765754634,0.0
2487,0.5273721810031023,0.0
2488,0.4501316183382816,0.0
2489,0.5435756331123327,0.0
2490,0.5380277366222186,0.0
2491,0.4991774449739051,0.0
2492,0.5042481594407674,0.0
2493,0.3980465569481707,0.0
2494,0.3397249982361903,0.0
2495,0.3962898978515844,0.0
2496,0.5046471617918781,0.0
2497,0.4019207410670191,0.0
2498,0.438721199848217,0.0
2499,0.3901785356756726,0.0
2500,0.337832239771334,0.0
2501,0.4368139018711637,0.0
2502,0.4496205902374564,0.0
2503,0.4175345086979652,0.0
2504,0.4062108505757646,0.0
2505,0.336866196444541,0.0
2506,0.414596097118221,0.0
2507,0.4773755656108597,0.0
2508,0.3553797625244788,0.0
2509,0.2024803454397416,0.0
2510,0.2634900454395509,0.0
2511,0.3338755856324831,0.0
2512,0.3123776059096205,0.0
2513,0.2274103650990689,0.0
2514,0.4292941138334163,0.0
2515,0.4101551103763493,0.0
2516,0.2792651778206177,0.0
2517,0.2517499852221352,0.0
2518,0.2408865860843997,0.0
2519,0.3252269594018683,0.0
2520,0.3550965995656261,0.0
2521,0.2163979955494791,0.0
2522,0.2952943941361432,0.0
2523,0.3170230992328858,0.0
2524,0.3810391413202449,0.0
2525,0.3465361638188291,0.0
2526,0.1663589533839404,0.0
2527,0.1830348204632432,0.0
2528,0.3014157671237318,0.0
2529,0.3034670301068011,0.0
2530,0.266983818714688,0.0
2531,0.3189134741711525,0.0
2532,0.2302500986780008,0.0
2533,0.2679460483989375,0.0
2534,0.3647053103065596,0.0
2535,0.2351425253559559,0.0
2536,0.2254749415082575,0.0
2537,0.2410045706505884,0.0
2538,0.3546282365907561,0.0
2539,0.2102394395470918,0.0
2540,0.2058435014577649,0.0
2541,0.2892397598930655,0.0
2542,0.213481035709042,0.0
2543,0.2416021207666184,0.0
2544,0.124344053482523,0.0
2545,0.1595005939748262,0.0
2546,0.1458198664081017,0.0
2547,0.2314323278664767,0.0
2548,0.2540508034391429,0.0
2549,0.1212700192398266,0.0
2550,0.2823556583967828,0.0
2551,0.2681884530531068,0.0
2552,0.2700309191069212,0.0
2553,0.3008391920416908,0.0
2554,0.2497163603358294,0.0
2555,0.3158022569136572,0.0
2556,0.1940879483175163,0.0
2557,0.2300119843716928,0.0
2558,0.3375185676721335,0.0
2559,0.2790134774127486,0.0
2560,0.3398043696716263,0.0
2561,0.2986913962317398,0.0
2562,0.3053433422381887,0.0
2563,0.2984263480749686,0.0
2564,0.3001973083310928,0.0
2565,0.2617975032082268,0.0
2566,0.1988356949314784,0.0
2567,0.2251329054426399,0.0
2568,0.181494108875681,0.0
2569,0.2661741347321774,0.0
2570,0.3720611117149378,0.0
2571,0.2536949429193053,0.0
2572,0.3638515310821401,0.0
2573,0.2779101429543907,0.0
2574,0.3586337530246952,0.0
2575,0.2759954560449094,0.0
2576,0.4760131418122048,0.0
2577,0.1995450324445639,0.0
2578,0.2773726577084203,0.0
2579,0.3857968987458837,0.0
2580,0.3852644189057516,0.0
2581,0.490005873009517,0.0
2582,0.3568453930244664,0.0
2583,0.3416230004595439,0.0
2584,0.3563064776625422,0.0
2585,0.2968684750959608,0.0
2586,0.5724499125722448,0.0
2587,0.2837190356060736,0.0
2588,0.2854358898086124,0.0
2589,0.3467912011639237,0.0
2590,0.3167220598246106,0.0
2591,0.3393870141657752,0.0
2592,0.4331315916427837,0.0
2593,0.2327244376307364,0.0
2594,0.5145438025448438,0.0
2595,0.4206159318730896,0.0
2596,0.4216408483066474,0.0
2597,0.3971982598349074,0.0
2598,0.3007736450604749,0.0
2599,0.4582372772117696,0.0
2600,0.5228558748209972,0.0
2601,0.3510856010205307,0.0
2602,0.3650499682514259,0.0
2603,0.5325553979249972,0.0
2604,0.3836123966264518,0.0
2605,0.4312729176081596,0.0
2606,0.5287276925746472,0.0
2607,0.4770163681537966,0.0
2608,0.6120088266756669,0.0
2609,0.4005618925582486,0.0
2610,0.4966501917308789,0.0
2611,0.6223383158573165,0.0
2612,0.4496794633442213,0.0
2613,0.512509462600561,0.0
2614,0.4721754256501784,0.0
2615,0.4777400068264201,0.0
2616,0.5977581979013524,0.0
2617,0.5700382603688173,0.0
2618,0.5785634199220874,0.0
2619,0.5909343996277885,0.0
2620,0.5359554986051602,0.0
2621,0.5597516746657819,0.0
2622,0.5463281296180827,0.0
2623,0.5931837336704593,0.0
2624,0.550354382733352,0.0
2625,0.7082360854484747,0.0
2626,0.5581837908750975,0.0
2627,0.6804656171522387,0.0
2628,0.4653349426904867,0.0
2629,0.67377672648365,0.0
2630,0.5517868822137433,0.0
2631,0.6561026384685937,0.0
2632,0.6452883399786056,0.0
2633,0.5660241632391554,0.0
2634,0.6186157240295711,0.0
2635,0.6928239641670146,0.0
2636,0.5950783989565874,0.0
2637,0.5796283796023515,0.0
2638,0.6940769840952037,0.0
2639,0.4880647289548903,0.0
2640,0.6665679886658543,0.0
2641,0.709402106656141,0.0
2642,0.6676529699694718,0.0
2643,0.6404428687744669,0.0
2644,0.6311697585773588,0.0
2645,0.7050040233928834,0.0
2646,0.7452212675403722,0.0
2647,0.6818404352891599,0.0
2648,0.6947858449029714,0.0
2649,0.6220906674446498,0.0
2650,0.8251180322367203,0.0
2651,0.7667883695343352,0.0
2652,0.7233721943508513,0.0
2653,0.6343570103330645,0.0
2654,0.7036151424490831,0.0
2655,0.8485480986131688,0.0
2656,0.6562437432427021,0.0
2657,0.7814275131427657,0.0
2658,0.7366281774792967,0.0
2659,0.7547699134112461,0.0
2660,0.7884245937993987,0.0
2661,0.7617231371786292,0.0
2662,0.7330474054836367,0.0
2663,0.7251772390372079,0.0
2664,0.6285559833191275,0.0
2665,0.6874612676929179,0.0
2666,0.6985751754752275,0.0
2667,0.6919730451745028,0.0
2668,0.7956731365112417,0.0
2669,0.6974773231280259,0.0
2670,0.7994081226772534,0.0
2671,0.6489682666803958,0.0
2672,0.7963309898499903,0.0
2673,0.7785038794278774,0.0
2674,0.675606798199198,0.0
2675,0.5659972293886922,0.0
2676,0.633156904695166,0.0
2677,0.9207143715212428,0.0
2678,0.6866732738023733,0.0
2679,0.7892171163904635,0.0
2680,0.8003729742407515,0.0
2681,0.7788125461212394,0.0
2682,0.7259046913523748,0.0
2683,0.7743899125341083,0.0
2684,0.821114184271394,0.0
2685,0.7056318442966022,0.0
2686,0.7609611237279118,0.0
2687,0.7892378530717937,0.0
2688,0.8016386268598658,0.0
2689,0.7366932477551946,0.0
2690,0.740265200702473,0.0
2691,0.6843240699955953,0.0
2692,0.7422130186315506,0.0
2693,0.7072204647686168,0.0
2694,0.7135220323663843,0.0
2695,0.8633705354163449,0.0
2696,0.7231879477454699,0.0
2697,0.7057054952682229,0.0
2698,0.8119295029107626,0.0
2699,0.6250850918992511,0.0
2700,0.6667679665467277,0.0
2701,0.714590567336533,0.0
2702,0.6520489747975433,0.0
2703,0.632392984423177,0.0
2704,0.6907529179132511,0.0
2705,0.6880478535866354,0.0
2706,0.6443609097825652,0.0
2707,0.702578785087895,0.0
2708,0.6461347302705971,0.0
2709,0.5921187739901951,0.0
2710,0.5880744060728443,0.0
2711,0.6100595786306354,0.0
2712,0.6219743513470739,0.0
2713,0.6155259585113828,0.0
2714,0.5937164518632504,0.0
2715,0.5827276792268984,0.0
2716,0.7100418451928082,0.0
2717,0.6351192621364407,0.0
2718,0.5114414043357302,0.0
2719,0.5820800750524853,0.0
2720,0.5390619488094762,0.0
2721,0.6819007385118785,0.0
2722,0.6626425587253281,0.0
2723,0.5738769299414797,0.0
2724,0.6670554198534416,0.0
2725,0.6062826423966455,0.0
2726,0.4719775929432358,0.0
2727,0.6694337026846136,0.0
2728,0.4594447717820961,0.0
2729,0.4563507159160465,0.0
2730,0.5588554686680663,0.0
2731,0.5536288715622395,0.0
2732,0.4995309219671531,0.0
2733,0.4850007055238705,0.0
2734,0.623566547108973,0.0
2735,0.6085245875068884,0.0
2736,0.488434175576289,0.0
2737,0.4717492510959455,0.0
2738,0.4143563143433003,0.0
2739,0.4269370443888924,0.0
2740,0.4102287613479701,0.0
2741,0.4629018387477523,0.0
2742,0.4046005400117842,0.0
2743,0.6470597769400476,0.0
2744,0.4537765071992037,0.0
2745,0.5273087791958172,0.0
2746,0.5361020854904249,0.0
2747,0.301615506651946,0.0
2748,0.4132825356146543,0.0
2749,0.3935011717416715,0.0
2750,0.5320457999401259,0.0
2751,0.4401382064057754,0.0
2752,0.432964268076189,0.0
2753,0.3528896922962514,0.0
2754,0.5008883403599698,0.0
2755,0.362850688267138,0.0
2756,0.4726232902963772,0.0
2757,0.4256916517457902,0.0
2758,0.3968681414022382,0.0
2759,0.3903096296381044,0.0
2760,0.4459354197771689,0.0
2761,0.3834779657267945,0.0
2762,0.3439381198360896,0.0
2763,0.3725461593759355,0.0
2764,0.4043109415311394,0.0
2765,0.274031668487681,0.0
2766,0.3830944562985167,0.0
2767,0.3693415078761253,0.0
2768,0.3563698794698274,0.0
2769,0.2286452702251765,0.0
2770,0.4625378742375098,0.0
2771,0.3730126155295338,0.0
2772,0.2610223803612663,0.0
2773,0.3141809821273643,0.0
2774,0.2930212248275757,0.0
2775,0.3003474705062419,0.0
2776,0.341968611815046,0.0
2777,0.2683705544845576,0.0
2778,0.2729173698070107,0.0
2779,0.3184510700127566,0.0
2780,0.3430507328867558,0.0
2781,0.2528926478692226,0.0
2782,0.2178876996680224,0.0
2783,0.2946782525127137,0.0
2784,0.279926129743933,0.0
2785,0.3710571703153691,0.0
2786,0.2977184406778368,0.0
2787,0.3331238213461014,0.0
2788,0.3581625298179177,0.0
2789,0.3524082199251382,0.0
2790,0.376945434402488,0.0
2791,0.2372772117696636,0.0
2792,0.3596164810376159,0.0
2793,0.2919629390217625,0.0
2794,0.3176204109962569,0.0
2795,0.3607074211577075,0.0
2796,0.2744180381478664,0.0
2797,0.2824641088566127,0.0
2798,0.2915915855790921,0.0
2799,0.1686483306733176,0.0
2800,0.2839113862018599,0.0
2801,0.2225372449864902,0.0
2802,0.2557180802886165,0.0
2803,0.1701582947678731,0.0
2804,0.3693040865086675,0.0
2805,0.1917818863420113,0.0
2806,0.2498739114434065,0.0
2807,0.2033524778189016,0.0
2808,0.2839335529991439,0.0
2809,0.3218559377460991,0.0
2810,0.2157446709112508,0.0
2811,0.2930514956152645,0.0
2812,0.2478345660932855,0.0
2813,0.3362214525020355,0.0
2814,0.221947798860865,0.0
2815,0.3296493546363405,0.0
2816,0.3162122234870803,0.0
2817,0.1537205419948782,0.0
2818,0.2232928229154153,0.0
2819,0.1952875772500968,0.0
2820,0.4728823796366743,0.0
2821,0.278016209887631,0.0
2822,0.1955569157547294,0.0
2823,0.2416426407186428,0.0
2824,0.2439386918824712,0.0
2825,0.2240283792209872,0.0
2826,0.3736249435104198,0.0
2827,0.3309245413618136,0.0
2828,0.2057791462398438,0.0
2829,0.226220508625506,0.0
2830,0.3078498587998848,0.0
2831,0.3386118913188148,0.0
2832,0.2641133376427494,0.0
2833,0.4031856786281565,0.0
2834,0.2719260610983672,0.0
2835,0.4041657847618285,0.0
2836,0.3133572353379746,0.0
2837,0.4074953330549374,0.0
2838,0.3550591781981683,0.0
2839,0.3518645375100346,0.0
2840,0.3392509147975051,0.0
2841,0.0854060480557097,0.0
2842,0.3822862024319599,0.0
2843,0.2767105140218103,0.0
2844,0.2549017224316548,0.0
2845,0.3765740809598176,0.0
2846,0.3879468397297653,0.0
2847,0.2793109415311394,0.0
2848,0.4426864346827908,0.0
2849,0.4197938535523127,0.0
2850,0.4926983046452073,0.0
2851,0.3663113305226788,0.0
2852,0.3430576451138658,0.0
2853,0.3130578643983121,0.0
2854,0.3566346892739396,0.0
2855,0.4292426296590794,0.0
2856,0.4762524478818076,0.0
2857,0.3156382702842881,0.0
2858,0.3740179870450563,0.0
2859,0.4249963770395837,0.0
2860,0.4384563900441047,0.0
2861,0.4898366426216504,0.0
2862,0.381694611132404,0.0
2863,0.532440035238057,0.0
2864,0.434304048372242,0.0
2865,0.4313894720583945,0.0
2866,0.3680808606628492,0.0
2867,0.5356773410521458,0.0
2868,0.5260676769005764,0.0
2869,0.4931011206388613,0.0
2870,0.5630976692923596,0.0
2871,0.439644101343737,0.0
2872,0.5369782698647872,0.0
2873,0.5951837508318508,0.0
2874,0.5971461082731255,0.0
2875,0.5257723579561164,0.0
2876,0.5554937427659968,0.0
2877,0.5769044854156775,0.0
2878,0.782491042707076,0.0
2879,0.6319072217042024,0.0
2880,0.4585023253685409,0.0
2881,0.5405721512566906,0.0
2882,0.5084701000890486,0.0
2883,0.4423324809842249,0.0
2884,0.6425839907099669,0.0
2885,0.7118819277200328,0.0
2886,0.5816517553243218,0.0
2887,0.6125360627573018,0.0
2888,0.7260386455467143,0.0
2889,0.618810219799288,0.0
2890,0.6234657239342299,0.0
2891,0.6310219799287993,0.0
2892,0.6164369423739543,0.0
2893,0.5572382458769757,0.0
2894,0.6599665734231065,0.0
2895,0.5860336306067696,0.0
2896,0.6616104917120014,0.0
2897,0.6296991226715328,0.0
2898,0.9286160005186552,0.0
2899,0.7387852690429474,0.0
2900,0.5293395438502153,0.0
2901,0.4318804785358663,0.0
2902,0.7697043759641364,0.0
2903,0.6465518474237891,0.0
2904,0.5682301170978943,0.0
2905,0.7120645058568016,0.0
2906,0.6373001889659881,0.0
2907,0.6084804922649795,0.0
2908,0.8320233471196511,0.0
2909,0.6769687452925349,0.0
2910,0.7572571234075659,0.0
2911,0.5897445431542256,0.0
2912,0.7471228450536103,0.0
2913,0.7347134905698154,0.0
2914,0.7063154397225193,0.0
2915,0.8816450337793388,0.0
2916,0.694010245350693,0.0
2917,0.739667412233784,0.0
2918,0.7404565978876234,0.0
2919,0.6285795802323653,0.0
2920,0.7763341551733015,0.0
2921,0.6757319333451557,0.0
2922,0.7117570309267343,0.0
2923,0.8374060652171011,0.0
2924,0.7808821622590494,0.0
2925,0.6923360562741094,0.0
2926,0.7717932986673226,0.0
2927,0.6916917890369217,0.0
2928,0.7690489061519775,0.0
2929,0.7088198111102848,0.0
2930,0.736352165100213,0.0
2931,0.8731182057574561,0.0
2932,0.7458624361929932,0.0
2933,0.6775691556404727,0.0
2934,0.7133170490796726,0.0
2935,0.7253610089372713,0.0
2936,0.6736122631489628,0.0
2937,0.6141161025335934,0.0
2938,0.7186756935585671,0.0
2939,0.7384587259001626,0.0
2940,0.7182998114153762,0.0
2941,0.6039811091216609,0.0
2942,0.7740166522701661,0.0
2943,0.7711821624497314,0.0
2944,0.748716947636781,0.0
2945,0.824212292132646,0.0
2946,0.6637118087534538,0.0
2947,0.7067192091268093,0.0
2948,0.7942995101376153,0.0
2949,0.6816485613986915,0.0
2950,0.7802224020990287,0.0
2951,0.6618838822118364,0.0
2952,0.739256492249725,0.0
2953,0.7672460066395516,0.0
2954,0.6747980676273232,0.0
2955,0.7627266018728798,0.0
2956,0.8103916515551082,0.0
2957,0.6903860931711009,0.0
2958,0.7152133828344135,0.0
2959,0.6397449721890118,0.0
2960,0.5759877810892907,0.0
2961,0.6254245060856201,0.0
2962,0.7421198227418945,0.0
2963,0.6200672917226795,0.0
2964,0.6821252667166253,0.0
2965,0.7121400636496941,0.0
2966,0.5358544370777583,0.0
2967,0.6111312121853507,0.0
2968,0.6251279953778652,0.0
2969,0.6277863425833233,0.0
2970,0.578723831261572,0.0
2971,0.6434880623454283,0.0
2972,0.7498569884046198,0.0
2973,0.6337992651110819,0.0
2974,0.5624712785045946,0.0
2975,0.5360057910162023,0.0
2976,0.7015448112532964,0.0
2977,0.6581136198522975,0.0
2978,0.5754576847757483,0.0
2979,0.5964958822194637,0.0
2980,0.66172156405108,0.0
2981,0.7152069473126215,0.0
2982,0.5291705518150078,0.0
2983,0.6010720149189696,0.0
2984,0.6460098334772982,0.0
2985,0.643684703289076,0.0
2986,0.4829203635164072,0.0
2987,0.5571512471564528,0.0
2988,0.5988593871857797,0.0
2989,0.5661116386649964,0.0
2990,0.5861447029458482,0.0
2991,0.6125610897864933,0.0
2992,0.522798908535504,0.0
2993,0.3431818268491876,0.0
2994,0.4631115890876432,0.0
2995,0.5292856761492888,0.0
2996,0.4495512296136971,0.0
2997,0.4898492753125756,0.0
2998,0.6595439741587581,0.0
2999,0.4786402648193382,0.0
3000,0.4918795632616559,0.0
3001,0.5738914694536766,0.0
3002,0.4037591551256309,0.0
3003,0.4769963465304433,0.0
3004,0.4352515001916355,0.0
3005,0.4337367690439007,0.0
3006,0.4840608809895639,0.0
3007,0.334243840490587,0.0
3008,0.5174088015056261,0.0
3009,0.4540153365634886,0.0
3010,0.4249165288988298,0.0
3011,0.5174831675352237,0.0
3012,0.4714732387168618,0.0
3013,0.4343684035901631,0.0
3014,0.3795532508442452,0.0
3015,0.400422217900094,0.0
3016,0.2664470485266946,0.0
3017,0.4396924869335072,0.0
3018,0.3223142899092925,0.0
3019,0.3414563919509261,0.0
3020,0.5498250014777866,0.0
3021,0.5015304624232266,0.0
3022,0.3164458090928679,0.0
3023,0.2829184090246037,0.0
3024,0.293632122692508,0.0
3025,0.390938880657777,0.0
3026,0.2967607396941077,0.0
3027,0.4170411186939037,0.0
3028,0.3670118489873826,0.0
3029,0.2311949286181457,0.0
3030,0.3566034650756151,0.0
3031,0.3354730251528794,0.0
3032,0.3222780603051295,0.0
3033,0.4216739793262438,0.0
3034,0.2357805954240103,0.0
3035,0.327477485207834,0.0
3036,0.2925383223405087,0.0
3037,0.4080776286007936,0.0
3038,0.3337440149647333,0.0
3039,0.2827777809558133,0.0
3040,0.2682418440487155,0.0
3041,0.1735572036847414,0.0
3042,0.2254053425318392,0.0
3043,0.3264065667110956,0.0
3044,0.243896503461834,0.0
3045,0.216291213558262,0.0
3046,0.2845868776373722,0.0
3047,0.1712234928007963,0.0
3048,0.365610812057975,0.0
3049,0.2741003140534634,0.0
3050,0.2306069126084743,0.0
3051,0.2067478114458854,0.0
3052,0.2614990856792002,0.0
3053,0.3332031927815374,0.0
3054,0.2417668224539646,0.0
3055,0.2934824372226767,0.0
3056,0.253754292731388,0.0
3057,0.2682110965557088,0.0
3058,0.2704485129654312,0.0
3059,0.2931213329443417,0.0
3060,0.2911301348313322,0.0
3061,0.3399376088079888,0.0
3062,0.3488531900166465,0.0
3063,0.3017773481073845,0.0
3064,0.3434247082086749,0.0
3065,0.3005994092667701,0.0
3066,0.1160763148009374,0.0
3067,0.1709388997259898,0.0
3068,0.2641767394500346,0.0
3069,0.256795434307147,0.0
3070,0.1964807706608852,0.0
3071,0.4185854055713504,0.0
3072,0.2086925307903965,0.0
3073,0.2736522110546056,0.0
3074,0.3084381131622152,0.0
3075,0.3794560029593866,0.0
3076,0.2215285365337421,0.0
3077,0.2888288399090065,0.0
3078,0.3143852503560989,0.0
3079,0.3879098950676254,0.0
3080,0.2369964323374006,0.0
3081,0.4325178335459439,0.0
3082,0.2626164829444371,0.0
3083,0.1602795304643301,0.0
3084,0.3776051945625084,0.0
3085,0.3092539943138589,0.0
3086,0.3671365074280223,0.0
3087,0.3241000280302727,0.0
3088,0.2345566545202151,0.0
3089,0.3093133441259418,0.0
3090,0.3278402579547816,0.0
3091,0.2158600335981908,0.0
3092,0.4922394757766959,0.0
3093,0.3539758653631636,0.0
3094,0.3175520037831334,0.0
3095,0.3008153567757941,0.0
3096,0.3123485268852265,0.0
3097,0.3059249227260679,0.0
3098,0.3652203904025872,0.0
3099,0.3135407668853791,0.0
3100,0.4305778812546121,0.0
3101,0.3644564701305982,0.0
3102,0.2510284917234422,0.0
3103,0.2582763193773084,0.0
3104,0.340166904065915,0.0
3105,0.2580832537235452,0.0
3106,0.3609333794784081,0.0
3107,0.4868741574233505,0.0
3108,0.4493412409211472,0.0
3109,0.3830310544912315,0.0
3110,0.3675183483876872,0.0
3111,0.4643975016827698,0.0
3112,0.3591292882026874,0.0
3113,0.3657655029336445,0.0
3114,0.4302592037495734,0.0
3115,0.4166166126082836,0.0
3116,0.5260574277362409,0.0
3117,0.4815607999496599,0.0
3118,0.4705379428830756,0.0
3119,0.3246623019527757,0.0
3120,0.3827907950109928,0.0
3121,0.3962348383873631,0.0
3122,0.4543902652960435,0.0
3123,0.5090922005289523,0.0
3124,0.3991610939815,0.0
3125,0.5413656272583914,0.0
3126,0.5618396439583322,0.0
3127,0.5261518153891918,0.0
3128,0.4780667883218638,0.0
3129,0.4575753718778185,0.0
3130,0.4697158645622987,0.0
3131,0.410431361108092,0.0
3132,0.4293422610705276,0.0
3133,0.6487742476159967,0.0
3134,0.5132965030804698,0.0
3135,0.6393369124368603,0.0
3136,0.626498046461607,0.0
3137,0.6236211298678764,0.0
3138,0.6617616072977863,0.0
3139,0.599383524682848,0.0
3140,0.6578039997482996,0.0
3141,0.832233097459542,0.0
3142,0.517012897739082,0.0
3143,0.7115558612825661,0.0
3144,0.6063610604214457,0.0
3145,0.6464035920699117,0.0
3146,0.5940351293682892,0.0
3147,0.7146785194676918,0.0
3148,0.6374725179384211,0.0
3149,0.6844811443978545,0.0
3150,0.6243042485884756,0.0
3151,0.7223692063619185,0.0
3152,0.627276506245793,0.0
3153,0.6042170782540381,0.0
3154,0.7060005758600241,0.0
3155,0.6167801702028667,0.0
3156,0.6707193769270813,0.0
3157,0.5844943491351613,0.0
3158,0.6050224718886874,0.0
3159,0.7178865079047276,0.0
3160,0.6877947230628125,0.0
3161,0.5928095199958813,0.0
3162,0.6476437409545166,0.0
3163,0.5933582078168231,0.0
3164,0.7406706385753756,0.0
3165,0.6427017369234964,0.0
3166,0.8156628206081615,0.0
3167,0.7813934287125333,0.0
3168,0.8245195287100544,0.0
3169,0.7922065354392268,0.0
3170,0.6874760455577738,0.0
3171,0.7337660387504219,0.0
3172,0.6483297199070234,0.0
3173,0.6358259777702776,0.0
3174,0.7832006185728205,0.0
3175,0.7810435270091698,0.0
3176,0.7446330131780419,0.0
3177,0.8167792644627626,0.0
3178,0.64944258847174,0.0
3179,0.7278005484017978,0.0
3180,0.6916481705003309,0.0
3181,0.6094677489784206,0.0
3182,0.6743182637248227,0.0
3183,0.6570479451140565,0.0
3184,0.6871888306037186,0.0
3185,0.768216578666865,0.0
3186,0.6965641940915236,0.0
3187,0.7266156973340732,0.0
3188,0.7822124084487437,0.0
3189,0.831808829726581,0.0
3190,0.7065113656081902,0.0
3191,0.7371670928412208,0.0
3192,0.6018876577179544,0.0
3193,0.6997671771227211,0.0
3194,0.769759197075699,0.0
3195,0.6714420621890689,0.0
3196,0.7787646372367871,0.0
3197,0.6971824808888838,0.0
3198,0.8678942305308781,0.0
3199,0.7869975764301637,0.0
3200,0.816617184654665,0.0
3201,0.7291698844275627,0.0
3202,0.6594812874094498,0.0
3203,0.6684934014449891,0.0
3204,0.711318462034235,0.0
3205,0.801557586955817,0.0
3206,0.7293269588298219,0.0
3207,0.7777468713829984,0.0
3208,0.6363863448715089,0.0
3209,0.7271081339274988,0.0
3210,0.7202452458178642,0.0
3211,0.699241609509699,0.0
3212,0.8139354788886283,0.0
3213,0.7813100052818949,0.0
3214,0.6163270617981707,0.0
3215,0.6062020791979147,0.0
3216,0.613794803149306,0.0
3217,0.7165960666090806,0.0
3218,0.72485832317951,0.0
3219,0.6339096223921835,0.0
3220,0.6707081743521098,0.0
3221,0.7952712739282234,0.0
3222,0.7048741211937464,0.0
3223,0.697894678633877,0.0
3224,0.7758655538457725,0.0
3225,0.6234495159534201,0.0
3226,0.6854169169369585,0.0
3227,0.5973904197485665,0.0
3228,0.579041793708634,0.0
3229,0.7346867950720111,0.0
3230,0.575351856195167,0.0
3231,0.6567066241064159,0.0
3232,0.5470739350879902,0.0
3233,0.5326938808198569,0.0
3234,0.7937498689060376,0.0
3235,0.7550761965780185,0.0
3236,0.6884270726670518,0.0
3237,0.5413103294415111,0.0
3238,0.5940122475130284,0.0
3239,0.6409171905658111,0.0
3240,0.6295880503324542,0.0
3241,0.5763162310533472,0.0
3242,0.5388929567742686,0.0
3243,0.5999355494410153,0.0
3244,0.540511371328654,0.0
3245,0.5434586019567801,0.0
3246,0.5969930858660687,0.0
3247,0.5959755583649389,0.0
3248,0.5671096212480908,0.0
3249,0.5557959739375669,0.0
3250,0.4521373559634882,0.0
3251,0.4243196938407766,0.0
3252,0.608506472704807,0.0
3253,0.6760346412220436,0.0
3254,0.5196538452004356,0.0
3255,0.5560641206789046,0.0
3256,0.4845561778148972,0.0
3257,0.5032101336109666,0.0
3258,0.3888966750757485,0.0
3259,0.3989646913905113,0.0
3260,0.438325296081673,0.0
3261,0.4516806722689075,0.0
3262,0.4418581591928807,0.0
3263,0.4062957041223569,0.0
3264,0.4577047973716375,0.0
3265,0.5437160228284643,0.0
3266,0.4500865696857368,0.0
3267,0.3064574025662001,0.0
3268,0.4697826033068094,0.0
3269,0.3731663529945675,0.0
3270,0.4048653498158964,0.0
3271,0.3937688417776913,0.0
3272,0.4282756329216506,0.0
3273,0.2872097102966442,0.0
3274,0.3728645985283153,0.0
3275,0.3579105910573896,0.0
3276,0.1449196084151836,0.0
3277,0.3622376452282751,0.0
3278,0.3801477023757086,0.0
3279,0.3647496439011274,0.0
3280,0.2880403693131439,0.0
3281,0.2267498898810715,0.0
3282,0.4120762328076227,0.0
3283,0.358095314368089,0.0
3284,0.5013536047502732,0.0
3285,0.3458461328711198,0.0
3286,0.2347835662515517,0.0
3287,0.3912720976750128,0.0
3288,0.4339865626304981,0.0
3289,0.3202217919162219,0.0
3290,0.2927256675304567,0.0
3291,0.3507652550468792,0.0
3292,0.4425446148507054,0.0
3293,0.2202164051461292,0.0
3294,0.2968186593902366,0.0
3295,0.3039477874199374,0.0
3296,0.3260669141720677,0.0
3297,0.3991191439135219,0.0
3298,0.2966608699300006,0.0
3299,0.2940542452515384,0.0
3300,0.3377931499352634,0.0
3301,0.2895038546392008,0.0
3302,0.3453327212437051,0.0
3303,0.2512787620153575,0.0
3304,0.2540813125794907,0.0
3305,0.2528480759219958,0.0
3306,0.1833201285960266,0.0
3307,0.3019880518579113,0.0
3308,0.1803228439095175,0.0
3309,0.2898649589175357,0.0
3310,0.175217806659764,0.0
3311,0.3000890962239218,0.0
3312,0.2349604239245051,0.0
3313,0.2254241723918975,0.0
3314,0.2903373738876081,0.0
3315,0.268893500218331,0.0
3316,0.2263129894571852,0.0
3317,0.1557336685525129,0.0
3318,0.2844562603802583,0.0
3319,0.2186277846741147,0.0
3320,0.2036318271352108,0.0
3321,0.2853746331752578,0.0
3322,0.1695814813331732,0.0
3323,0.2003172950596168,0.0
3324,0.457513638539146,0.0
3325,0.2485798948578751,0.0
3326,0.3473658694246929,0.0
3327,0.1890196173772436,0.0
3328,0.2426511108187319,0.0
3329,0.3195327143791486,0.0
3330,0.2285251404850572,0.0
3331,0.2963796137924196,0.0
3332,0.398224606384419,0.0
3333,0.3146848596484203,0.0
3334,0.3559391762150742,0.0
3335,0.2097367537893306,0.0
3336,0.2614166156591977,0.0
3337,0.2894046999330706,0.0
3338,0.2628963089660643,0.0
3339,0.2022608226408331,0.0
3340,0.280372325921519,0.0
3341,0.224397110784409,0.0
3342,0.2920151382540763,0.0
3343,0.2107943245371668,0.0
3344,0.2770604157251737,0.0
3345,0.3486851513920749,0.0
3346,0.229837748577988,0.0
3347,0.221493498692874,0.0
3348,0.2689418858081013,0.0
3349,0.3205221162665202,0.0
3350,0.3543090823803994,0.0
3351,0.3301913685828314,0.0
3352,0.3523958255868719,0.0
3353,0.3159180963059151,0.0
3354,0.3507354609645083,0.0
3355,0.3130094788085418,0.0
3356,0.3383847412348193,0.0
3357,0.3723654880604385,0.0
3358,0.3979014001788599,0.0
3359,0.3825436233036441,0.0
3360,0.275832899531494,0.0
3361,0.3106338178566185,0.0
3362,0.3780041969136191,0.0
3363,0.2920353982300885,0.0
3364,0.4397856828231633,0.0
3365,0.3066645310268423,0.0
3366,0.4659856454494663,0.0
3367,0.2852204190049062,0.0
3368,0.4077827863616516,0.0
3369,0.3801415052065755,0.0
3370,0.4839767425009486,0.0
3371,0.4209629733445454,0.0
3372,0.3843060028640455,0.0
3373,0.3810770393930207,0.0
3374,0.5257189669605078,0.0
3375,0.4382471164095318,0.0
3376,0.5083437731797961,0.0
3377,0.2799142121109846,0.0
3378,0.582737928391234,0.0
3379,0.3943311157001943,0.0
3380,0.4678517084165184,0.0
3381,0.47227195847706,0.0
3382,0.365625113217513,0.0
3383,0.385751373388021,0.0
3384,0.3391775021785433,0.0
3385,0.594188151775346,0.0
3386,0.5073496042392451,0.0
3387,0.4268700672917227,0.0
3388,0.4764283521441251,0.0
3389,0.4689867437785189,0.0
3390,0.5766105965871713,0.0
3391,0.5073095609925387,0.0
3392,0.4926110675720254,0.0
3393,0.4835870359035377,0.0
3394,0.5672554930753786,0.0
3395,0.6559415120711322,0.0
3396,0.4958743538259415,0.0
3397,0.6734365972393042,0.0
3398,0.5998680956385277,0.0
3399,0.5680913958503755,0.0
3400,0.6380989087261861,0.0
3401,0.6256824036626223,0.0
3402,0.5857621469282063,0.0
3403,0.6368511325564944,0.0
3404,0.603944641164839,0.0
3405,0.5798595816815494,0.0
3406,0.6629876933755122,0.0
3407,0.6003157219320676,0.0
3408,0.6738694456679881,0.0
3409,0.6939499421279743,0.0
3410,0.6198704124263729,0.0
3411,0.6313780788012958,0.0
3412,0.6743115898503717,0.0
3413,0.6718546506417408,0.0
3414,0.6091321484345951,0.0
3415,0.68862824231122,0.0
3416,0.537290273495375,0.0
3417,0.7293953660429455,0.0
3418,0.5232846712544786,0.0
3419,0.7666470264075679,0.0
3420,0.8072933053411969,0.0
3421,0.7123531509268104,0.0
3422,0.7452841926423395,0.0
3423,0.6278518895645393,0.0
3424,0.814074438488806,0.0
3425,0.8036129019340889,0.0
3426,0.7316468452595469,0.0
3427,0.5896773277043968,0.0
3428,0.6949383906047102,0.0
3429,0.6373960067348927,0.0
3430,0.6529618654813866,0.0
3431,0.7062513228572572,0.0
3432,0.7476827354495236,0.0
3433,0.6618114230035105,0.0
3434,0.5669775738750231,0.0
3435,0.6281302854702125,0.0
3436,0.6871399683086304,0.0
3437,0.6691884377985367,0.0
3438,0.7584400676540187,0.0
3439,0.7257326007326007,0.0
3440,0.7690500979152722,0.0
3441,0.8001362900503973,0.0
3442,0.714748595149428,0.0
3443,0.7465257716428981,0.0
3444,0.7753333123582994,0.0
3445,0.7845525548544808,0.0
3446,0.6499314497752811,0.0
3447,0.8031376267321088,0.0
3448,0.7818751394363055,0.0
3449,0.7576275234396005,0.0
3450,0.8056446199991228,0.0
3451,0.7872235347508643,0.0
3452,0.7014806943880343,0.0
3453,0.7610257172984918,0.0
3454,0.7367647535528847,0.0
3455,0.746541264565731,0.0
3456,0.6380102415370504,0.0
3457,0.6839105281322876,0.0
3458,0.7416042659405491,0.0
3459,0.7163288732783787,0.0
3460,0.8233079821445256,0.0
3461,0.6596619587249468,0.0
3462,0.7195587901600395,0.0
3463,0.803092578079564,0.0
3464,0.6599460750944354,0.0
3465,0.7294382695215594,0.0
3466,0.7305237275304949,0.0
3467,0.7396838585672526,0.0
3468,0.6903176859579775,0.0
3469,0.6349393058789207,0.0
3470,0.6883913197682068,0.0
3471,0.8124343338424546,0.0
3472,0.6941484898928938,0.0
3473,0.6830832060530134,0.0
3474,0.8024418753205844,0.0
3475,0.6744436372234394,0.0
3476,0.6419568848642249,0.0
3477,0.6855673174647667,0.0
3478,0.6524491689119487,0.0
3479,0.6411154999780716,0.0
3480,0.6149131538251789,0.0
3481,0.4982118783524301,0.0
3482,0.6381184536442215,0.0
3483,0.7133492266886332,0.0
3484,0.6931462169619379,0.0
3485,0.7892380914244527,0.0
3486,0.6716236869152018,0.0
3487,0.644311809134818,0.0
3488,0.7176433881925813,0.0
3489,0.620610974137783,0.0
3490,0.6297189059422271,0.0
3491,0.6700705809893733,0.0
3492,0.6981549597374689,0.0
3493,0.673920214784348,0.0
3494,0.4893596989510576,0.0
3495,0.5752312497497297,0.0
3496,0.7105280846171007,0.0
3497,0.5799942509338657,0.0
3498,0.5677874962101928,0.0
3499,0.5734981875663812,0.0
3500,0.7061485928612425,0.0
3501,0.4858344631249368,0.0
3502,0.6062151885941579,0.0
3503,0.5691856729076926,0.0
3504,0.4523361420810666,0.0
3505,0.5022521942745785,0.0
3506,0.4778422601171169,0.0
3507,0.4808648101854765,0.0
3508,0.6597580148465104,0.0
3509,0.6487937925340319,0.0
3510,0.4777643187976348,0.0
3511,0.4747381934393907,0.0
3512,0.5493931064597384,0.0
3513,0.4861009413976618,0.0
3514,0.5785055002259583,0.0
3515,0.4972370159772555,0.0
3516,0.4387133342104711,0.0
3517,0.4493564954913211,0.0
3518,0.5833340483913102,0.0
3519,0.5420282476503195,0.0
3520,0.3616272240686608,0.0
3521,0.3835294499011313,0.0
3522,0.4784071559188685,0.0
3523,0.4081155266735694,0.0
3524,0.4748018335993349,0.0
3525,0.4969276342259163,0.0
3526,0.4347061493079192,0.0
3527,0.6362371361069956,0.0
3528,0.3931925050483093,0.0
3529,0.2860682394128516,0.0
3530,0.2856573194287927,0.0
3531,0.3476128027793827,0.0
3532,0.5507328867557916,0.0
3533,0.5139827203856355,0.0
3534,0.4640435479842039,0.0
3535,0.2817068624590749,0.0
3536,0.392070817435211,0.0
3537,0.376794318816703,0.0
3538,0.2957913594300893,0.0
3539,0.3019556358962919,0.0
3540,0.2914118676742311,0.0
3541,0.3745511819431653,0.0
3542,0.318967580224738,0.0
3543,0.3871538404333823,0.0
3544,0.3294148156199171,0.0
3545,0.36955960055908,0.0
3546,0.3257320286862192,0.0
3547,0.2151480742058566,0.0
3548,0.3826513587054972,0.0
3549,0.3179257407523936,0.0
3550,0.2155940320307837,0.0
3551,0.2134719783080012,0.0
3552,0.2789229034023412,0.0
3553,0.3122579528748191,0.0
3554,0.2407998257165358,0.0
3555,0.285084796341954,0.0
3556,0.2741978002909809,0.0
3557,0.2885757093851837,0.0
3558,0.2845568452023423,0.0
3559,0.3270043551797846,0.0
3560,0.3157746080052171,0.0
3561,0.2014220596339284,0.0
3562,0.2634094822408201,0.0
3563,0.1740672783749307,0.0
3564,0.1209325118747295,0.0
3565,0.3619551973273993,0.0
3566,0.2968853981347474,0.0
3567,0.2690639223694924,0.0
3568,0.3085024683801363,0.0
3569,0.2924711068906801,0.0
3570,0.1755257582951493,0.0
3571,0.3656851780875727,0.0
3572,0.2525327353541826,0.0
3573,0.2300134144876466,0.0
3574,0.1693192934083095,0.0
3575,0.2754012428661049,0.0
3576,0.2295870015807549,0.0
3577,0.3113133612873332,0.0
3578,0.2379979902103796,0.0
3579,0.3148893662298139,0.0
3580,0.1730952762316635,0.0
3581,0.3551321141118122,0.0
3582,0.247751381015306,0.0
3583,0.0748198530603529,0.0
3584,0.1822241830700967,0.0
3585,0.2399300768639655,0.0
3586,0.2639534030085826,0.0
3587,0.1444357525174808,0.0
3588,0.3080374423424918,0.0
3589,0.1973386018805072,0.0
3590,0.2461868341618472,0.0
3591,0.2450444098674187,0.0
3592,0.2790022748377772,0.0
3593,0.3053700377359929,0.0
3594,0.2724246948609259,0.0
3595,0.3106116510593346,0.0
3596,0.3246298859911562,0.0
3597,0.3847104873263124,0.0
3598,0.2521037005680421,0.0
3599,0.3902791204977566,0.0
3600,0.2133971355730856,0.0
3601,0.352395348881554,0.0
3602,0.2286958009888775,0.0
3603,0.2129998016905877,0.0
3604,0.3724696481724072,0.0
3605,0.29304792032538,0.0
3606,0.1692032156633927,0.0
3607,0.2627747491099911,0.0
3608,0.3241453150354764,0.0
3609,0.4389061615115754,0.0
3610,0.2282617607968988,0.0
3611,0.2380366033411322,0.0
3612,0.304051470826588,0.0
3613,0.3227426096374561,0.0
3614,0.3997934435857393,0.0
3615,0.3477434200364965,0.0
3616,0.3965101357084699,0.0
3617,0.3432202016272813,0.0
3618,0.351198580180881,0.0
3619,0.4429414720278853,0.0
3620,0.3703254276523407,0.0
3621,0.3497281826277141,0.0
3622,0.4159992792215592,0.0
3623,0.3510179088653841,0.0
3624,0.4354383686762657,0.0
3625,0.3187139729955972,0.0
3626,0.4464333384817507,0.0
3627,0.2865137205324607,0.0
3628,0.4690222583247049,0.0
3629,0.4601545860004996,0.0
3630,0.4249522817976748,0.0
3631,0.3757176798561494,0.0
3632,0.4393821517715323,0.0
3633,0.4619212559087624,0.0
3634,0.495719901302931,0.0
3635,0.466817257876602,0.0
3636,0.4985236436303589,0.0
3637,0.4971831482763289,0.0
3638,0.5572449197514268,0.0
3639,0.4431536058943659,0.0
3640,0.4982585954735877,0.0
3641,0.4459599701010424,0.0
3642,0.4881395716898059,0.0
3643,0.409674114710554,0.0
3644,0.5464997435325389,0.0
3645,0.4540100928049912,0.0
3646,0.4664628274727181,0.0
3647,0.5071012407686015,0.0
3648,0.541953166562745,0.0
3649,0.4826720000457637,0.0
3650,0.4870045363278055,0.0
3651,0.6410032358756982,0.0
3652,0.5009169426790457,0.0
3653,0.5521298716899966,0.0
3654,0.6800880665404351,0.0
3655,0.5937257476169501,0.0
3656,0.724959623059571,0.0
3657,0.6579179323192859,0.0
3658,0.5765457646639323,0.0
3659,0.5694252173299544,0.0
3660,0.7126975705190176,0.0
3661,0.6139156479474023,0.0
3662,0.5238324056647847,0.0
3663,0.6353959895735012,0.0
3664,0.613153157791367,0.0
3665,0.5162513609936827,0.0
3666,0.6954043700529906,0.0
3667,0.6496034765165426,0.0
3668,0.6444996310300839,0.0
3669,0.6115018505700442,0.0
3670,0.5729051661508716,0.0
3671,0.6034307528321063,0.0
3672,0.6307555016560742,0.0
3673,0.7307296642278424,0.0
3674,0.6593192076013523,0.0
3675,0.6675662096016078,0.0
3676,0.691928473227276,0.0
3677,0.8194006670060807,0.0
3678,0.8223545715086579,0.0
3679,0.664631850017066,0.0
3680,0.7059128620815242,0.0
3681,0.8520063573421199,0.0
3682,0.6964431109407684,0.0
3683,0.773216264041355,0.0
3684,0.8728388564411469,0.0
3685,0.6854841323867872,0.0
3686,0.7974810414295057,0.0
3687,0.8509099351108721,0.0
3688,0.6746507656840817,0.0
3689,0.7772592018427521,0.0
3690,0.6145847038611223,0.0
3691,0.7236420095608018,0.0
3692,0.8199627025759247,0.0
3693,0.8177507899007118,0.0
3694,0.7580160382737166,0.0
3695,0.7477528111312599,0.0
3696,0.6722977482347602,0.0
3697,0.6416506016974522,0.0
3698,0.8049998760566174,0.0
3699,0.7077679608262638,0.0
3700,0.8623396601663129,0.0
3701,0.7869982914881405,0.0
3702,0.7798567691201737,0.0
3703,0.7287508604530988,0.0
3704,0.8328132478314675,0.0
3705,0.897366298459479,0.0
3706,0.7344033937604995,0.0
3707,0.5800595595624226,0.0
3708,0.6611890842109478,0.0
3709,0.6827147128422505,0.0
3710,0.8029969986633182,0.0
3711,0.8311543133250577,0.0
3712,0.6874769989684097,0.0
3713,0.832046228974912,0.0
3714,0.7731771742052845,0.0
3715,0.7953055967111147,0.0
3716,0.7380180118337328,0.0
3717,0.769448146855747,0.0
3718,0.7154004896717026,0.0
3719,0.7030743202658871,0.0
3720,0.6951240673260455,0.0
3721,0.6166493145930939,0.0
3722,0.7795385683204528,0.0
3723,0.7329558780625933,0.0
3724,0.688692597529141,0.0
3725,0.7278875471223206,0.0
3726,0.7031179388024781,0.0
3727,0.6954916071261724,0.0
3728,0.6828458068046823,0.0
3729,0.6403725547400717,0.0
3730,0.7669661806179244,0.0
3731,0.7672741322533099,0.0
3732,0.5828554362521047,0.0
3733,0.7363576472113693,0.0
3734,0.7892414283616782,0.0
3735,0.6582177799642662,0.0
3736,0.6073502239561583,0.0
3737,0.716932143858224,0.0
3738,0.5858634468082673,0.0
3739,0.6730657205019516,0.0
3740,0.6536101847137766,0.0
3741,0.6035270473063289,0.0
3742,0.5624769989684096,0.0
3743,0.7045883363556451,0.0
3744,0.5700721064463907,0.0
3745,0.5783317411375715,0.0
3746,0.5111560962029468,0.0
3747,0.7001976420248154,0.0
3748,0.6430237513657607,0.0
3749,0.6985656413688689,0.0
3750,0.606818935879321,0.0
3751,0.7988847002381619,0.0
3752,0.6032670045553961,0.0
3753,0.6467809043290563,0.0
3754,0.6537508127825671,0.0
3755,0.4777097360387313,0.0
3756,0.6806327023661745,0.0
3757,0.6316857920840222,0.0
3758,0.597243356157984,0.0
3759,0.6519831894636683,0.0
3760,0.5592003649655914,0.0
3761,0.5491807342405989,0.0
3762,0.4859252754880032,0.0
3763,0.455777477771231,0.0
3764,0.5155789681427371,0.0
3765,0.4289532695310936,0.0
3766,0.7087092154765241,0.0
3767,0.5131456258473437,0.0
3768,0.6453090766599355,0.0
3769,0.6177903087715686,0.0
3770,0.5357669616519174,0.0
3771,0.4229920695303308,0.0
3772,0.5629262937305624,0.0
3773,0.5281835334542259,0.0
3774,0.6449064990189405,0.0
3775,0.4501890613290926,0.0
3776,0.4332927180402454,0.0
3777,0.4127667404606499,0.0
3778,0.3832691687975395,0.0
3779,0.523844561650392,0.0
3780,0.5393460651789647,0.0
3781,0.3133939416474555,0.0
3782,0.3739960586004313,0.0
3783,0.4052819902637706,0.0
3784,0.5374566436513338,0.0
3785,0.4690391813634916,0.0
3786,0.4243366168795633,0.0
3787,0.3240297139958774,0.0
3788,0.4887797869317911,0.0
3789,0.3890468372508976,0.0
3790,0.474584455974357,0.0
3791,0.3231354148194336,0.0
3792,0.3979025919421547,0.0
3793,0.3512948746551037,0.0
3794,0.4458198187375699,0.0
3795,0.3600095245722524,0.0
3796,0.308468383949904,0.0
3797,0.2558169966420877,0.0
3798,0.2584731986736151,0.0
3799,0.3295554436887076,0.0
3800,0.3341630389391972,0.0
3801,0.3745201960974996,0.0
3802,0.3277017750599219,0.0
3803,0.2498376818392435,0.0
3804,0.459625204744934,0.0
3805,0.2293248136558912,0.0
3806,0.346047064162629,0.0
3807,0.1697576239481497,0.0
3808,0.3118813556736514,0.0
3809,0.360343456647465,0.0
3810,0.2739854280718414,0.0
3811,0.3026804663322103,0.0
3812,0.2705071477195371,0.0
3813,0.1803609803349522,0.0
3814,0.2711936033773618,0.0
3815,0.4375616141623429,0.0
3816,0.2865251614600912,0.0
3817,0.2975322872511837,0.0
3818,0.1805123342733962,0.0
3819,0.2921767413568559,0.0
3820,0.2721381949648477,0.0
3821,0.2478841434463506,0.0
3822,0.2335541432366003,0.0
3823,0.2677505992185847,0.0
3824,0.2990029231570096,0.0
3825,0.2975396761836117,0.0
3826,0.2341247595021671,0.0
3827,0.1882208976170455,0.0
3828,0.1462293562762069,0.0
3829,0.3761176356178959,0.0
3830,0.2854356514559534,0.0
3831,0.2704740166999407,0.0
3832,0.271300385368579,0.0
3833,0.3178668676456287,0.0
3834,0.2857083268978115,0.0
3835,0.2793304864491747,0.0
3836,0.2248304359184109,0.0
3837,0.2513178518514281,0.0
3838,0.2783425146777568,0.0
3839,0.2207615176771866,0.0
3840,0.2158662307673239,0.0
3841,0.140009781993124,0.0
3842,0.3437746099120383,0.0
3843,0.2511159671492831,0.0
3844,0.3110897864932222,0.0
3845,0.2072438233291955,0.0
3846,0.1615616294169131,0.0
3847,0.3739157337543595,0.0
3848,0.2630235892859527,0.0
3849,0.2354843230689144,0.0
3850,0.2335581952318028,0.0
3851,0.2385690831812643,0.0
3852,0.2869615851786596,0.0
3853,0.401395173453997,0.0
3854,0.1795877643092636,0.0
3855,0.2868147599407359,0.0
3856,0.300426603589019,0.0
3857,0.213113019203597,0.0
3858,0.1702359977346963,0.0
3859,0.2726144235774637,0.0
3860,0.2580856372501349,0.0
3861,0.4784862890016456,0.0
3862,0.3353595692872111,0.0
3863,0.2905213821403306,0.0
3864,0.3234731605371897,0.0
3865,0.4123081499447975,0.0
3866,0.2820331672492006,0.0
3867,0.3708190560090612,0.0
3868,0.3649391342650062,0.0
3869,0.3360767724380427,0.0
3870,0.2147748139419144,0.0
3871,0.3520466389414854,0.0
3872,0.3761607774491689,0.0
3873,0.3538249881300376,0.0
3874,0.3615621537927628,0.0
3875,0.3230710596015125,0.0
3876,0.4688821069612324,0.0
3877,0.526582518643945,0.0
3878,0.196388289829206,0.0
3879,0.3536114241476032,0.0
3880,0.4150635066824552,0.0
3881,0.3847231200172377,0.0
3882,0.3494776739831399,0.0
3883,0.4247611229651833,0.0
3884,0.3881563517169972,0.0
3885,0.4036163818829097,0.0
3886,0.298696878342896,0.0
3887,0.476717712272111,0.0
3888,0.5240733802030002,0.0
3889,0.4536990425850394,0.0
3890,0.3562847875705762,0.0
3891,0.3786663406002292,0.0
3892,0.4991219088043659,0.0
3893,0.4321748440696905,0.0
3894,0.3200721064463907,0.0
3895,0.5058515577776379,0.0
3896,0.4080514098083073,0.0
3897,0.3335402234413166,0.0
3898,0.5009209946742482,0.0
3899,0.4323445511628749,0.0
3900,0.5558179023821919,0.0
3901,0.5094909645274039,0.0
3902,0.564593093874718,0.0
3903,0.4741125177096026,0.0
3904,0.4665605520628946,0.0
3905,0.4607969464164154,0.0
3906,0.486035156063787,0.0
3907,0.5577993280361838,0.0
3908,0.5999698722239066,0.0
3909,0.6077887928486575,0.0
3910,0.5319344892483883,0.0
3911,0.5218273830975548,0.0
3912,0.6887486104039983,0.0
3913,0.4958521870286576,0.0
3914,0.5308156618671975,0.0
3915,0.5565262864846414,0.0
3916,0.6610610888330826,0.0
3917,0.6727613441564508,0.0
3918,0.7949340049157853,0.0
3919,0.667493273687964,0.0
3920,0.482641490905416,0.0
3921,0.553878188443519,0.0
3922,0.5553910127699822,0.0
3923,0.5677267162821562,0.0
3924,0.7138886187558753,0.0
3925,0.6533243998756753,0.0
3926,0.5801634813217322,0.0
3927,0.8222692412567477,0.0
3928,0.6802279795512486,0.0
3929,0.6717099705777478,0.0
3930,0.7553038233673319,0.0
3931,0.7420063668762263,0.0
3932,0.7195132648021768,0.0
3933,0.6584878335268757,0.0
3934,0.5670438359142159,0.0
3935,0.6846651526505769,0.0
3936,0.6027869623002367,0.0
3937,0.5619981484765452,0.0
3938,0.667816718246182,0.0
3939,0.601177843499551,0.0
3940,0.8061678040855552,0.0
3941,0.7035612747481566,0.0
3942,0.6946387813123888,0.0
3943,0.5989950098487319,0.0
3944,0.7562824993850501,0.0
3945,0.8121013551778778,0.0
3946,0.7230261062900313,0.0
3947,0.6316812633835018,0.0
3948,0.7086708406984304,0.0
3949,0.6676605972545587,0.0
3950,0.6946819231436617,0.0
3951,0.6621160377016702,0.0
3952,0.7425452822381504,0.0
3953,0.7811598431067457,0.0
3954,0.6246150604557684,0.0
3955,0.6234173383444597,0.0
3956,0.6957087463984912,0.0
3957,0.6916062204323526,0.0
3958,0.7321395202056317,0.0
3959,0.858534836671224,0.0
3960,0.7076061193708253,0.0
3961,0.6791384695471109,0.0
3962,0.7801137132865399,0.0
3963,0.6610739598766668,0.0
3964,0.7623859959232161,0.0
3965,0.7303127854273092,0.0
3966,0.7601040075662668,0.0
3967,0.7096878914942424,0.0
3968,0.8205981507647307,0.0
3969,0.8406335985721722,0.0
3970,0.6294335978094437,0.0
3971,0.8138232147862549,0.0
3972,0.7257631098729485,0.0
3973,0.7146201230662448,0.0
3974,0.5807324291186863,0.0
3975,0.7824305011316984,0.0
3976,0.6682984289699543,0.0
3977,0.6396951564832877,0.0
3978,0.6411755648481312,0.0
3979,0.6969846481819412,0.0
3980,0.8779436553382415,0.0
3981,0.6444331306382322,0.0
3982,0.7000524852555045,0.0
3983,0.6908930692767237,0.0
3984,0.6433774667116676,0.0
3985,0.7793047443620061,0.0
3986,0.7883704877458131,0.0
3987,0.6855761365131484,0.0
3988,0.7558525111882738,0.0
3989,0.6762205562960377,0.0
3990,0.6635130226358753,0.0
3991,0.6656817934798153,0.0
3992,0.6143525483712886,0.0
3993,0.8323775391708759,0.0
3994,0.6951467108286473,0.0
3995,0.8159640983690958,0.0
3996,0.6126287819416398,0.0
3997,0.6655380668264583,0.0
3998,0.6459011446648094,0.0
3999,0.7932374106892587,0.0
4000,0.612908369610608,0.0
4001,0.5352061178453682,0.0
4002,0.7452703681881193,0.0
4003,0.6601851428113792,0.0
4004,0.6151796320979038,0.0
4005,0.6427305775952314,0.0
4006,0.5834815886872108,0.0
4007,0.7744726209067698,0.0
4008,0.5571243133059895,0.0
4009,0.5287975299037246,0.0
4010,0.7466511451415146,0.0
4011,0.7192096035146529,0.0
4012,0.6562108505757647,0.0
4013,0.5405588035077884,0.0
4014,0.5659414548664938,0.0
4015,0.6376331676305648,0.0
4016,0.6060881466269284,0.0
4017,0.5638911452940605,0.0
4018,0.6083234178627204,0.0
4019,0.5130474245518494,0.0
4020,0.5099409743475335,0.0
4021,0.6036569495054659,0.0
4022,0.6424855510618134,0.0
4023,0.5414850419405339,0.0
4024,0.4572047334931249,0.0
4025,0.4510876508533979,0.0
4026,0.571222873083883,0.0
4027,0.473626754990628,0.0
4028,0.575034847158741,0.0
4029,0.5656492345066004,0.0
4030,0.5449015889541657,0.0
4031,0.5479029256358773,0.0
4032,0.4630922825222669,0.0
4033,0.5143431096059936,0.0
4034,0.5263894529901818,0.0
4035,0.4921982407666948,0.0
4036,0.3768772655420235,0.0
4037,0.4763377781337178,0.0
4038,0.3751580278128951,0.0
4039,0.3743838583765705,0.0
4040,0.4453750526759376,0.0
4041,0.4493624543077953,0.0
4042,0.4078359390046012,0.0
4043,0.4051368334944598,0.0
4044,0.3557785265229305,0.0
4045,0.4044799335663468,0.0
4046,0.2534632641347894,0.0
4047,0.4041185909353531,0.0
4048,0.3666645691632678,0.0
4049,0.432942101278905,0.0
4050,0.2848555010840279,0.0
4051,0.3037964334814934,0.0
4052,0.233729332440941,0.0
4053,0.2313500961991332,0.0
4054,0.4504996348437265,0.0
4055,0.4222133713934859,0.0
4056,0.3279656314533983,0.0
4057,0.2832289825392377,0.0
4058,0.3038896293711494,0.0
4059,0.2198305121912618,0.0
4060,0.3504544431795863,0.0
4061,0.3886158956434854,0.0
4062,0.3996234981398959,0.0
4063,0.3476862153983445,0.0
4064,0.3431522711194756,0.0
4065,0.2856151310081555,0.0
4066,0.2504707465014597,0.0
4067,0.2906376982379065,0.0
4068,0.2447052340337088,0.0
4069,0.4145980039394927,0.0
4070,0.3875826368668638,0.0
4071,0.3135307560737025,0.0
4072,0.290683938653746,0.0
4073,0.2389709457642826,0.0
4074,0.2897672343273593,0.0
4075,0.2438583670363993,0.0
4076,0.3064771858368944,0.0
4077,0.1988693026563927,0.0
4078,0.3263426881984925,0.0
4079,0.3439180982127364,0.0
4080,0.2774172296556472,0.0
4081,0.3257665898217695,0.0
4082,0.31726669565035,0.0
4083,0.3797436946187597,0.0
4084,0.2840636935509398,0.0
4085,0.2026109626968555,0.0
4086,0.2346260151439745,0.0
4087,0.2088047948927699,0.0
4088,0.2855831917518539,0.0
4089,0.322743324695433,0.0
4090,0.2359688940245942,0.0
4091,0.263957931709103,0.0
4092,0.051478692225699,0.0
4093,0.2163129036502279,0.0
4094,0.1693784048677333,0.0
4095,0.380159620008657,0.0
4096,0.2805341673769576,0.0
4097,0.3372806917184845,0.0
4098,0.225334075086808,0.0
4099,0.2385962553843865,0.0
4100,0.2067223077113759,0.0
4101,0.226969889385298,0.0
4102,0.2273221746152511,0.0
4103,0.3239334195216548,0.0
4104,0.2146978260330681,0.0
4105,0.1983868768746437,0.0
4106,0.2142780870006273,0.0
4107,0.4258380002783959,0.0
4108,0.2936161530643571,0.0
4109,0.1989806133481303,0.0
4110,0.2112839008986849,0.0
4111,0.2990498786308261,0.0
4112,0.2496698815673308,0.0
4113,0.3228572572664192,0.0
4114,0.2558784916281012,0.0
4115,0.4235398039406368,0.0
4116,0.3346070899428526,0.0
4117,0.1797989447651082,0.0
4118,0.30106777224164,0.0
4119,0.2421365074280223,0.0
4120,0.29304100809827,0.0
4121,0.1836674084201414,0.0
4122,0.3330325322777171,0.0
4123,0.3866544916128466,0.0
4124,0.1718765790863657,0.0
4125,0.4479566503252083,0.0
4126,0.3320226320616742,0.0
4127,0.3484937542069244,0.0
4128,0.2850223479453048,0.0
4129,0.3313001851523455,0.0
4130,0.4982292780965347,0.0
4131,0.2440898074682562,0.0
4132,0.3667019905307255,0.0
4133,0.3933970116297029,0.0
4134,0.4562174767796839,0.0
4135,0.4058225740943075,0.0
4136,0.3678653898591431,0.0
4137,0.4537993890544645,0.0
4138,0.3009776749365506,0.0
4139,0.391169844384316,0.0
4140,0.3509354388453816,0.0
4141,0.4759237595650922,0.0
4142,0.3947291646406691,0.0
4143,0.3879709133483209,0.0
4144,0.5752486494938343,0.0
4145,0.3030739865721646,0.0
4146,0.5884185873123927,0.0
4147,0.456512319018826,0.0
4148,0.4152270166065064,0.0
4149,0.3785676625994169,0.0
4150,0.4616094906308337,0.0
4151,0.5797561366275578,0.0
4152,0.6694105824766938,0.0
4153,0.3273006275348805,0.0
4154,0.4310788985437606,0.0
4155,0.5743374272786037,0.0
4156,0.4172577812609047,0.0
4157,0.4917541897630393,0.0
4158,0.5361406986211775,0.0
4159,0.5140454071349438,0.0
4160,0.568664633995191,0.0
4161,0.5485162070273991,0.0
4162,0.4577765415219866,0.0
4163,0.5592168112990602,0.0
4164,0.573398794507592,0.0
4165,0.4586307974517241,0.0
4166,0.521091350086665,0.0
4167,0.6145773149286944,0.0
4168,0.728865508082062,0.0
4169,0.6554190430426766,0.0
4170,0.4294311666123223,0.0
4171,0.6731198265555371,0.0
4172,0.5585723057092136,0.0
4173,0.6396036290622443,0.0
4174,0.6199142693156228,0.0
4175,0.5812713444806105,0.0
4176,0.6354500956270868,0.0
4177,0.5778726739164012,0.0
4178,0.704789505999813,0.0
4179,0.5223968075998269,0.0
4180,0.469381932487086,0.0
4181,0.7100656804587048,0.0
4182,0.6143813890430236,0.0
4183,0.7554823495088981,0.0
4184,0.5967006271535162,0.0
4185,0.6763583241329206,0.0
4186,0.7485200683404742,0.0
4187,0.6722302944322724,0.0
4188,0.684750721255146,0.0
4189,0.6884566283967637,0.0
4190,0.6784346141451816,0.0
4191,0.5616699368651477,0.0
4192,0.7942048841320054,0.0
4193,0.6181940781758585,0.0
4194,0.7277381000051484,0.0
4195,0.8095979372007482,0.0
4196,0.6128568854362711,0.0
4197,0.7156502832582999,0.0
4198,0.7142914347495295,0.0
4199,0.7800310049138784,0.0
4200,0.7169340506794958,0.0
4201,0.7983062183348492,0.0
4202,0.667082353703905,0.0
4203,0.7223699214198954,0.0
4204,0.7468587503074748,0.0
4205,0.6526379442178505,0.0
4206,0.6536116148297304,0.0
4207,0.6876228707956974,0.0
4208,0.6255343866614038,0.0
4209,0.7983314837166997,0.0
4210,0.7406003245409805,0.0
4211,0.7682642491986583,0.0
4212,0.7952147843480482,0.0
4213,0.653449058316315,0.0
4214,0.7385254646446734,0.0
4215,0.65898980422666,0.0
4216,0.6519171657771345,0.0
4217,0.7486018233024999,0.0
4218,0.6481948123020481,0.0
4219,0.7483968400157885,0.0
4220,0.5808656682550488,0.0
4221,0.5617316702038201,0.0
4222,0.7022975289503139,0.0
4223,0.7785215175246409,0.0
4224,0.7810804716713098,0.0
4225,0.7018630120530173,0.0
4226,0.7323742975747141,0.0
4227,0.6665050635638871,0.0
4228,0.7635934904935425,0.0
4229,0.7499478007676862,0.0
4230,0.6630956671300242,0.0
4231,0.7198567309837482,0.0
4232,0.8245524213769919,0.0
4233,0.5776450471270876,0.0
4234,0.7340265582066727,0.0
4235,0.8431088909355438,0.0
4236,0.6236695154576467,0.0
4237,0.730255819141816,0.0
4238,0.7995649587268535,0.0
4239,0.7502776808476965,0.0
4240,0.667593620157389,0.0
4241,0.6836926738019918,0.0
4242,0.9074893742384632,0.0
4243,0.6000942923118874,0.0
4244,0.7066343555802171,0.0
4245,0.6571077716314572,0.0
4246,0.7107504676479168,0.0
4247,0.681400197928048,0.0
4248,0.6562342091363434,0.0
4249,0.6793749153848061,0.0
4250,0.6592696302482872,0.0
4251,0.7424756832617321,0.0
4252,0.7302360358711217,0.0
4253,0.6104411812376414,0.0
4254,0.7195792884887107,0.0
4255,0.6037751724243136,0.0
4256,0.7836661213157831,0.0
4257,0.6924800212801253,0.0
4258,0.6333216063825122,0.0
4259,0.5764232513972233,0.0
4260,0.651834219051814,0.0
4261,0.6480224833296151,0.0
4262,0.6587922098723764,0.0
4263,0.6520642293677171,0.0
4264,0.7073093703104114,0.0
4265,0.6549640278167087,0.0
4266,0.6506460310468639,0.0
4267,0.5900060160211122,0.0
4268,0.5958644860258603,0.0
4269,0.684160321718885,0.0
4270,0.5851636434015404,0.0
4271,0.6158134118180969,0.0
4272,0.585490186544325,0.0
4273,0.6138396134491918,0.0
4274,0.5609703718110798,0.0
4275,0.4533755980268213,0.0
4276,0.6683134451874692,0.0
4277,0.5829040601945339,0.0
4278,0.4759649945750935,0.0
4279,0.5904915403874279,0.0
4280,0.4943238697793617,0.0
4281,0.7199094069213798,0.0
4282,0.5334694803721353,0.0
4283,0.6167120013424021,0.0
4284,0.4875057919696129,0.0
4285,0.6214733340579255,0.0
4286,0.5429768912330079,0.0
4287,0.5156752626169596,0.0
4288,0.3277372896061079,0.0
4289,0.4619274530778955,0.0
4290,0.5190584402583361,0.0
4291,0.421023991625241,0.0
4292,0.3711775384081475,0.0
4293,0.5977915672736078,0.0
4294,0.3401504577324463,0.0
4295,0.4058876443702056,0.0
4296,0.4437695091651364,0.0
4297,0.5199181782992298,0.0
4298,0.4344103536581412,0.0
4299,0.5491673864916967,0.0
4300,0.5645890418795155,0.0
4301,0.2864288669858686,0.0
4302,0.3671043298190617,0.0
4303,0.3532043178060877,0.0
4304,0.4230931310577328,0.0
4305,0.3567171592939422,0.0
4306,0.400710386264785,0.0
4307,0.3012679884751723,0.0
4308,0.3042605061085019,0.0
4309,0.3469370729912114,0.0
4310,0.4422643121237604,0.0
4311,0.2757263558929358,0.0
4312,0.3652418421418942,0.0
4313,0.2810540145261644,0.0
4314,0.3231120562588548,0.0
4315,0.2513652840305626,0.0
4316,0.3437090629308224,0.0
4317,0.4524157518691615,0.0
4318,0.2757192053131668,0.0
4319,0.393547888862829,0.0
4320,0.4179883321606382,0.0
4321,0.2415203658045928,0.0
4322,0.2388274574635845,0.0
4323,0.2891048522880902,0.0
4324,0.2606364874063989,0.0
4325,0.2920156149593942,0.0
4326,0.2977439444123463,0.0
4327,0.315602040680125,0.0
4328,0.3313342695825777,0.0
4329,0.257695692300065,0.0
4330,0.3392673611309738,0.0
4331,0.1577927971733281,0.0
4332,0.2842250583010604,0.0
4333,0.2296682798374626,0.0
4334,0.2791817543899793,0.0
4335,0.3115567193521384,0.0
4336,0.322094528757725,0.0
4337,0.2589684954989484,0.0
4338,0.274629695309029,0.0
4339,0.1853597122988065,0.0
4340,0.4483587512608856,0.0
4341,0.3315828714058803,0.0
4342,0.340995417908484,0.0
4343,0.1568505891124319,0.0
4344,0.3028168040531393,0.0
4345,0.2356004008138313,0.0
4346,0.0742060949635131,0.0
4347,0.2953017830685712,0.0
4348,0.2210217987807785,0.0
4349,0.2323063670669085,0.0
4350,0.2063581048484745,0.0
4351,0.2351761330808702,0.0
4352,0.1706991169510691,0.0
4353,0.1886001166974618,0.0
4354,0.2416397804867352,0.0
4355,0.1939926072539295,0.0
4356,0.2907752277221304,0.0
4357,0.3859487293896456,0.0
4358,0.2502845930748065,0.0
4359,0.2509767691964464,0.0
4360,0.2386055511380863,0.0
4361,0.3415524480724897,0.0
4362,0.3527495409327789,0.0
4363,0.4397027360978428,0.0
4364,0.3251783354594391,0.0
4365,0.3249871766269476,0.0
4366,0.308547517032681,0.0
4367,0.410092423627041,0.0
4368,0.1677628505452555,0.0
4369,0.3404360042178886,0.0
4370,0.3061740012546884,0.0
4371,0.4170380201093371,0.0
4372,0.3634842296346721,0.0
4373,0.210569557979761,0.0
4374,0.219418638796567,0.0
4375,0.2783851798037118,0.0
4376,0.4078175858498607,0.0
4377,0.2142051510869835,0.0
4378,0.2856792478734176,0.0
4379,0.330554618035097,0.0
4380,0.1755138406622009,0.0
4381,0.3794931859741854,0.0
4382,0.3692671418465276,0.0
4383,0.25408607963267,0.0
4384,0.2809479475929242,0.0
4385,0.347581816933717,0.0
4386,0.3209640220962449,0.0
4387,0.3372003668724127,0.0
4388,0.2950915560233623,0.0
4389,0.3539486931600414,0.0
4390,0.27275600505689,0.0
4391,0.4421034240789577,0.0
4392,0.460331443673453,0.0
4393,0.3898825016732357,0.0
4394,0.3976163303987354,0.0
4395,0.4192880692099849,0.0
4396,0.3443850310716526,0.0
4397,0.3832596346911808,0.0
4398,0.4074169150301373,0.0
4399,0.2432298310747035,0.0
4400,0.4099927922155928,0.0
4401,0.5093851359468226,0.0
4402,0.5296894455535788,0.0
4403,0.3796726655263875,0.0
4404,0.4611268264964256,0.0
4405,0.4868362593505748,0.0
4406,0.5182542383869818,0.0
4407,0.3692890702911525,0.0
4408,0.3998485030499606,0.0
4409,0.5334752008359505,0.0
4410,0.4120442935513211,0.0
4411,0.4772752191414346,0.0
4412,0.5015550127471002,0.0
4413,0.5014031821033382,0.0
4414,0.46385524938362,0.0
4415,0.4791105346154799,0.0
4416,0.4133344964943091,0.0
4417,0.5948257451380825,0.0
4418,0.5287875190920479,0.0
4419,0.4652500891438945,0.0
4420,0.5255719033699253,0.0
4421,0.4900552120099231,0.0
4422,0.5763181378746189,0.0
4423,0.490682794560983,0.0
4424,0.4306429515305101,0.0
4425,0.5819504112060072,0.0
4426,0.6523621701914257,0.0
4427,0.6971691331399816,0.0
4428,0.5894525611469911,0.0
4429,0.5190081478472941,0.0
4430,0.638964843936213,0.0
4431,0.7064279421775518,0.0
4432,0.5441088280104418,0.0
4433,0.6625114647628964,0.0
4434,0.692504571603999,0.0
4435,0.6599877868097545,0.0
4436,0.6203139867247103,0.0
4437,0.6947436564823343,0.0
4438,0.6233830155615684,0.0
4439,0.5978115888969611,0.0
4440,0.5449890643800066,0.0
4441,0.587147452582122,0.0
4442,0.5597090095398268,0.0
4443,0.7121901177080772,0.0
4444,0.5698642629277715,0.0
4445,0.6543052210673241,0.0
4446,0.6574965248182323,0.0
4447,0.7222598024914526,0.0
4448,0.601450518941409,0.0
4449,0.6725125039804895,0.0
4450,0.7545082021917003,0.0
4451,0.6260215794963323,0.0
4452,0.6683680279463725,0.0
4453,0.7836973455141076,0.0
4454,0.6961201430878682,0.0
4455,0.6574953330549375,0.0
4456,0.5218078381795196,0.0
4457,0.6812907940575822,0.0
4458,0.7363004425732171,0.0
4459,0.7507515259337227,0.0
4460,0.6410265944362769,0.0
4461,0.7258117338153778,0.0
4462,0.7789055036582366,0.0
4463,0.8560469116169271,0.0
4464,0.7750017638096763,0.0
4465,0.699386289573692,0.0
4466,0.8422124465851691,0.0
4467,0.6932634864701497,0.0
4468,0.7680616494385365,0.0
4469,0.6833437255092643,0.0
4470,0.7029015145881361,0.0
4471,0.754280813755046,0.0
4472,0.7398135224137307,0.0
4473,0.7675727881349953,0.0
4474,0.6934658478776127,0.0
4475,0.6328391806007632,0.0
4476,0.8115648233425432,0.0
4477,0.652908236133119,0.0
4478,0.7504778970812286,0.0
4479,0.7951921408454464,0.0
4480,0.706245840746101,0.0
4481,0.637747815259528,0.0
4482,0.6699030190701195,0.0
4483,0.7567851851428113,0.0
4484,0.7039555100460878,0.0
4485,0.8699137926103048,0.0
4486,0.7177151323429304,0.0
4487,0.6609636025955652,0.0
4488,0.7965681507456625,0.0
4489,0.6785225662763403,0.0
4490,0.7466478082042892,0.0
4491,0.8208646290374557,0.0
4492,0.6584189496084343,0.0
4493,0.6737919810538239,0.0
4494,0.6737071275072317,0.0
4495,0.7526538185049377,0.0
4496,0.6831725883001261,0.0
4497,0.8046893025419835,0.0
4498,0.6797529427019277,0.0
4499,0.6082809910894242,0.0
4500,0.8839346494213751,0.0
4501,0.8669253269721776,0.0
4502,0.6528481712630593,0.0
4503,0.6846591938341028,0.0
4504,0.7190043818752825,0.0
4505,0.702527300913558,0.0
4506,0.6989420002173776,0.0
4507,0.7831369784128763,0.0
4508,0.6409863128369114,0.0
4509,0.6724862851880031,0.0
4510,0.5832892380914244,0.0
4511,0.6923191332353228,0.0
4512,0.730364031248987,0.0
4513,0.5220976750128233,0.0
4514,0.6126232998304836,0.0
4515,0.6103317773671756,0.0
4516,0.5161426721811938,0.0
4517,0.6101003369353187,0.0
4518,0.6144683877635465,0.0
4519,0.5150147873989623,0.0
4520,0.609788333304731,0.0
4521,0.7105726565643277,0.0
4522,0.6168609717542566,0.0
4523,0.6052379426923935,0.0
4524,0.6188822023022961,0.0
4525,0.5929103431706243,0.0
4526,0.7106045958206291,0.0
4527,0.5031491153302711,0.0
4528,0.5104229234239646,0.0
4529,0.573146379041746,0.0
4530,0.6250493390004062,0.0
4531,0.5461140889303304,0.0
4532,0.5833690862321784,0.0
4533,0.554275045620699,0.0
4534,0.5950343037146785,0.0
4535,0.4740557897767684,0.0
4536,0.5072702328038091,0.0
4537,0.5143307152677272,0.0
4538,0.5829851000985827,0.0
4539,0.509245461288668,0.0
4540,0.4783644907929134,0.0
4541,0.5014515676931085,0.0
4542,0.572246121048828,0.0
4543,0.5729056428561895,0.0
4544,0.5148303024409219,0.0
4545,0.6280022900923473,0.0
4546,0.403153501019196,0.0
4547,0.3891362194980102,0.0
4548,0.5317695492083832,0.0
4549,0.4590369503826036,0.0
4550,0.261558197138624,0.0
4551,0.5040021794967136,0.0
4552,0.4574075716059058,0.0
4553,0.429216172513934,0.0
4554,0.549785434936398,0.0
4555,0.4200329212692565,0.0
4556,0.5465702959195932,0.0
4557,0.4780479584618053,0.0
4558,0.4194394231484289,0.0
4559,0.5546287609666058,0.0
4560,0.3465197174853604,0.0
4561,0.3677338191913933,0.0
4562,0.554001178415546,0.0
4563,0.4295560634056209,0.0
4564,0.4061860618992321,0.0
4565,0.3951713088230527,0.0
4566,0.4525306378507836,0.0
4567,0.2848481121515999,0.0
4568,0.4552376089986709,0.0
4569,0.5288163597637829,0.0
4570,0.3614365419414873,0.0
4571,0.3261601100617238,0.0
4572,0.3081094248454998,0.0
4573,0.4444590634075278,0.0
4574,0.2642775626247776,0.0
4575,0.372232725629394,0.0
4576,0.3798159154744267,0.0
4577,0.3443092349261011,0.0
4578,0.295562302524822,0.0
4579,0.4320327858849462,0.0
4580,0.1385958740201322,0.0
4581,0.3447580529829359,0.0
4582,0.4424402163860779,0.0
4583,0.306277684661339,0.0
4584,0.3870766141718771,0.0
4585,0.2890090345191855,0.0
4586,0.225204887945648,0.0
4587,0.23246058123726,0.0
4588,0.220038117357222,0.0
4589,0.242952626932325,0.0
4590,0.3843951467584992,0.0
4591,0.2920690059550028,0.0
4592,0.3422703662812981,0.0
4593,0.3072325254131606,0.0
4594,0.2950488908974074,0.0
4595,0.2470129644778265,0.0
4596,0.2267150903928624,0.0
4597,0.2477909475566946,0.0
4598,0.3884004248397794,0.0
4599,0.2737375413065158,0.0
4600,0.2639333813852293,0.0
4601,0.3123566308756314,0.0
4602,0.2129633337337658,0.0
4603,0.1918440963860017,0.0
4604,0.1712540019411441,0.0
4605,0.2752908855850032,0.0
4606,0.2455590132581283,0.0
4607,0.2418242654447756,0.0
4608,0.2882324815562713,0.0
4609,0.1965844540675358,0.0
4610,0.2671041868074663,0.0
4611,0.2186969069452151,0.0
4612,0.3366428600030891,0.0
4613,0.2221582642587327,0.0
4614,0.340426231758871,0.0
4615,0.3326235191149299,0.0
4616,0.1342335436557196,0.0
4617,0.262841011149184,0.0
4618,0.1473908487833527,0.0
4619,0.2177906901358229,0.0
4620,0.3001002987988933,0.0
4621,0.4446614248149907,0.0
4622,0.2643068800018305,0.0
4623,0.4056926718951706,0.0
4624,0.2976962738805528,0.0
4625,0.2662322927809654,0.0
4626,0.3122050385845284,0.0
4627,0.2670519875751526,0.0
4628,0.2575700804487895,0.0
4629,0.1791890003108119,0.0
4630,0.2681958419855348,0.0
4631,0.3374785244254271,0.0
4632,0.3303355719415063,0.0
4633,0.2441400998792982,0.0
4634,0.2945962591980291,0.0
4635,0.3609722309618197,0.0
4636,0.3776545335629146,0.0
4637,0.2544493290849356,0.0
4638,0.3431851637864131,0.0
4639,0.4376359801919406,0.0
4640,0.2976469348801467,0.0
4641,0.5215523241291071,0.0
4642,0.3151227134829425,0.0
4643,0.463645975749047,0.0
4644,0.2935124696577065,0.0
4645,0.3369698798511917,0.0
4646,0.3622407438128416,0.0
4647,0.3908247097341319,0.0
4648,0.3010239153523901,0.0
4649,0.4016733310070114,0.0
4650,0.3467912011639237,0.0
4651,0.4229003037566285,0.0
4652,0.4035601306553936,0.0
4653,0.4426168357063724,0.0
4654,0.4105159763020252,0.0
4655,0.4567983422095863,0.0
4656,0.3255868719169084,0.0
4657,0.4779025633398355,0.0
4658,0.4875546542647012,0.0
4659,0.4858010937526814,0.0
4660,0.417327380237323,0.0
4661,0.4994215180966873,0.0
4662,0.3585026590622634,0.0
4663,0.3867848705173015,0.0
4664,0.5301547099438823,0.0
4665,0.3418656434663722,0.0
4666,0.5070714466862306,0.0
4667,0.57814749453219,0.0
4668,0.4877977739768473,0.0
4669,0.4359179342261071,0.0
4670,0.5113651314848608,0.0
4671,0.4511367515011451,0.0
4672,0.481488102388675,0.0
4673,0.486503280685998,0.0
4674,0.5534982543051258,0.0
4675,0.5934831046101218,0.0
4676,0.5600272103395476,0.0
4677,0.5594136905953668,0.0
4678,0.6615399393249471,0.0
4679,0.5405456941115452,0.0
4680,0.4443341666142291,0.0
4681,0.4269487236691818,0.0
4682,0.5290799778046004,0.0
4683,0.5825267479353893,0.0
4684,0.4812821656913276,0.0
4685,0.4051385019630725,0.0
4686,0.5518152461801602,0.0
4687,0.7116383313025687,0.0
4688,0.7021106604656839,0.0
4689,0.5684646561143177,0.0
4690,0.5710824833677514,0.0
4691,0.6739175929050993,0.0
4692,0.5960782883609537,0.0
4693,0.6336743683177832,0.0
4694,0.6326136989853804,0.0
4695,0.6482055381717016,0.0
4696,0.6781926861963301,0.0
4697,0.5813526227373181,0.0
4698,0.6700422170229562,0.0
4699,0.7317645914730766,0.0
4700,0.6384621581784519,0.0
4701,0.7347101536325898,0.0
4702,0.5529135752326798,0.0
4703,0.7068467277993566,0.0
4704,0.7409077994710478,0.0
4705,0.5098248966026165,0.0
4706,0.6864179981046196,0.0
4707,0.5496021417416525,0.0
4708,0.6639944950069885,0.0
4709,0.6559489010035601,0.0
4710,0.7019538244160836,0.0
4711,0.6877303678448915,0.0
4712,0.7243389527356211,0.0
4713,0.7154329056333221,0.0
4714,0.9258823338729638,0.0
4715,0.645580560338499,0.0
4716,0.623580848268511,0.0
4717,0.780451220651637,0.0
4718,0.6999101887181013,0.0
4719,0.6524989846176729,0.0
4720,0.6776177795829019,0.0
4721,0.8077778762968768,0.0
4722,0.8406007059052348,0.0
4723,0.7644146154036836,0.0
4724,0.7286526591576045,0.0
4725,0.6033354117685196,0.0
4726,0.7062641939008414,0.0
4727,0.7156026127265065,0.0
4728,0.8989770857287775,0.0
4729,0.6962703052630174,0.0
4730,0.8018335993349006,0.0
4731,0.716038083034439,0.0
4732,0.7764428439857903,0.0
4733,0.8158718558900755,0.0
4734,0.8028971288992112,0.0
4735,0.7540226778253847,0.0
4736,0.6036467003411303,0.0
4737,0.774477864665267,0.0
4738,0.68805142887652,0.0
4739,0.6840013404953541,0.0
4740,0.6736358600622004,0.0
4741,0.6695933989661216,0.0
4742,0.7191840997801435,0.0
4743,0.7568724222159933,0.0
4744,0.7369468549843355,0.0
4745,0.760569987014547,0.0
4746,0.7513221421992895,0.0
4747,0.8230379285819162,0.0
4748,0.7283985752231458,0.0
4749,0.7694603028413544,0.0
4750,0.6201750271245325,0.0
4751,0.7994548397984109,0.0
4752,0.5967216021875054,0.0
4753,0.759294800289074,0.0
4754,0.6477321697909934,0.0
4755,0.7718304816821214,0.0
4756,0.5978089670177125,0.0
4757,0.7259299567342253,0.0
4758,0.7613076884940497,0.0
4759,0.6435004566836946,0.0
4760,0.6582230237227634,0.0
4761,0.7884126761664503,0.0
4762,0.7391749756403583,0.0
4763,0.6648017954629094,0.0
4764,0.7292294725923044,0.0
4765,0.7746046682798374,0.0
4766,0.8733544132424923,0.0
4767,0.6763359189829778,0.0
4768,0.6951209687414789,0.0
4769,0.6167732579757567,0.0
4770,0.5982458674415988,0.0
4771,0.7305976168547746,0.0
4772,0.5656597220235949,0.0
4773,0.7088925086712697,0.0
4774,0.7881681263383501,0.0
4775,0.6847726496997709,0.0
4776,0.5288561646578305,0.0
4777,0.6477004688873507,0.0
4778,0.5351072014918969,0.0
4779,0.5646524436868009,0.0
4780,0.5658768612959139,0.0
4781,0.5920627611153378,0.0
4782,0.6284129717237473,0.0
4783,0.5668967723236333,0.0
4784,0.551947055200569,0.0
4785,0.6025841241874559,0.0
4786,0.5888018583880115,0.0
4787,0.536923210400566,0.0
4788,0.4800982680342389,0.0
4789,0.5599797781604132,0.0
4790,0.576900671773134,0.0
4791,0.5699174155707212,0.0
4792,0.7226089891368392,0.0
4793,0.530516767632853,0.0
4794,0.4875508406221577,0.0
4795,0.5742725953553648,0.0
4796,0.4966497150255609,0.0
4797,0.4276261219259658,0.0
4798,0.5010647213276053,0.0
4799,0.5327038916315335,0.0
4800,0.5448360419729499,0.0
4801,0.3349984650088763,0.0
4802,0.5181381606420649,0.0
4803,0.5013190436147229,0.0
4804,0.4414086260780691,0.0
4805,0.455222831133815,0.0
4806,0.4300890199510709,0.0
4807,0.4857028924571871,0.0
4808,0.4464633709167806,0.0
4809,0.4901970318420084,0.0
4810,0.4888629720097706,0.0
4811,0.3926836221214149,0.0
4812,0.5259122709669299,0.0
4813,0.3186207771059411,0.0
4814,0.3559768359351909,0.0
4815,0.4025945640339186,0.0
4816,0.3652723512822419,0.0
4817,0.3997512551651021,0.0
4818,0.3879814008653155,0.0
4819,0.4502708162911182,0.0
4820,0.2630176304694784,0.0
4821,0.3479808192848276,0.0
4822,0.4533984798820822,0.0
4823,0.3480296815799159,0.0
4824,0.3078436616307517,0.0
4825,0.3747227958576214,0.0
4826,0.3407983002595184,0.0
4827,0.3690783665406258,0.0
4828,0.3371086010987104,0.0
4829,0.276098901098901,0.0
4830,0.4510559499497552,0.0
4831,0.3338994208983798,0.0
4832,0.3244897346276836,0.0
4833,0.4608655919821979,0.0
4834,0.2571000490053067,0.0
4835,0.3902457511255013,0.0
4836,0.2787808452175969,0.0
4837,0.3194094860544627,0.0
4838,0.4247098771435055,0.0
4839,0.4259371549845261,0.0
4840,0.3494400142630231,0.0
4841,0.2673106002101317,0.0
4842,0.3088797806392809,0.0
4843,0.416065541260752,0.0
4844,0.2837717115437053,0.0
4845,0.4163167649633033,0.0
4846,0.3218833483018803,0.0
4847,0.2207700983729094,0.0
4848,0.2484948029586239,0.0
4849,0.2558394017920306,0.0
4850,0.2841509306241217,0.0
4851,0.3300216614896469,0.0
4852,0.2692608016657991,0.0
4853,0.1260129988006094,0.0
4854,0.30644357811198,0.0
4855,0.2060341835849384,0.0
4856,0.2841368678172426,0.0
4857,0.3041208314503473,0.0
4858,0.3343494307185093,0.0
4859,0.1789022620620746,0.0
4860,0.1831156220146329,0.0
4861,0.2760874601712707,0.0
4862,0.3571795634523381,0.0
4863,0.3356434473040408,0.0
4864,0.1683387105693196,0.0
4865,0.3442196143263296,0.0
4866,0.2499215819751999,0.0
4867,0.3786134263099386,0.0
4868,0.1302399448547288,0.0
4869,0.1953331026079594,0.0
4870,0.2066655797785417,0.0
4871,0.2690729797705331,0.0
4872,0.2650193160994826,0.0
4873,0.2864667650586442,0.0
4874,0.2327437441961128,0.0
4875,0.3416156115271159,0.0
4876,0.38185240059264,0.0
4877,0.2875293412123189,0.0
4878,0.2331127141121936,0.0
4879,0.2278158029719717,0.0
4880,0.2801656741661947,0.0
4881,0.4705417565256191,0.0
4882,0.2855660303604083,0.0
4883,0.2185960837704721,0.0
4884,0.4188652315929775,0.0
4885,0.3365818417223936,0.0
4886,0.3103449344339506,0.0
4887,0.2985004757519073,0.0
4888,0.2841671386049314,0.0
4889,0.3275165750439046,0.0
4890,0.2256646702247952,0.0
4891,0.2956745666271955,0.0
4892,0.3598197958557146,0.0
4893,0.2172484378366731,0.0
4894,0.2279278287216861,0.0
4895,0.4059508078248318,0.0
4896,0.3195429635434841,0.0
4897,0.2695167924215295,0.0
4898,0.345491702467236,0.0
4899,0.2374049687948699,0.0
4900,0.3369024260487041,0.0
4901,0.4848913016534047,0.0
4902,0.4225482568793344,0.0
4903,0.343013073166639,0.0
4904,0.251895380344105,0.0
4905,0.3800568900126422,0.0
4906,0.4801302072905405,0.0
4907,0.3338121838251979,0.0
4908,0.4700657662656621,0.0
4909,0.2434529291634966,0.0
4910,0.3135636487406399,0.0
4911,0.3804306269819024,0.0
4912,0.3940899028093197,0.0
4913,0.5167931365875145,0.0
4914,0.3605219827890312,0.0
4915,0.3577840257954782,0.0
4916,0.4807630336000976,0.0
4917,0.3197848914923356,0.0
4918,0.3829495378818648,0.0
4919,0.5520743355204573,0.0
4920,0.4783139600292125,0.0
4921,0.3796495453184678,0.0
4922,0.4058726281526906,0.0
4923,0.5043978449105987,0.0
4924,0.5007670188565555,0.0
4925,0.4871485013338215,0.0
4926,0.5467700354478074,0.0
4927,0.5010208644383554,0.0
4928,0.500541060535855,0.0
4929,0.5428548546716168,0.0
4930,0.47794999551897,0.0
4931,0.5663743032951779,0.0
4932,0.5202094452484874,0.0
4933,0.5400887720643057,0.0
4934,0.5578188729542192,0.0
4935,0.5226382588433605,0.0
4936,0.497686787444726,0.0
4937,0.5496469520415382,0.0
4938,0.5968195651303407,0.0
4939,0.4997914414234039,0.0
4940,0.5008959676450567,0.0
4941,0.5599197132903535,0.0
4942,0.5780061514054227,0.0
4943,0.5041952451504768,0.0
4944,0.49053120226988,0.0
4945,0.5556951507628238,0.0
4946,0.7073065100785038,0.0
4947,0.6347317007129605,0.0
4948,0.6350463262227968,0.0
4949,0.6029111440355585,0.0
4950,0.6709300806776081,0.0
4951,0.5526718856364874,0.0
4952,0.5325008151660937,0.0
4953,0.6800439712985262,0.0
4954,0.677055505660399,0.0
4955,0.6604766481132958,0.0
4956,0.6426411953481188,0.0
4957,0.6778787757444708,0.0
4958,0.6250643552179211,0.0
4959,0.6517603297275343,0.0
4960,0.6524651385400995,0.0
4961,0.7431757250211181,0.0
4962,0.6742203007819875,0.0
4963,0.715584497924425,0.0
4964,0.5941271334946504,0.0
4965,0.5896167861290194,0.0
4966,0.6964226126120973,0.0
4967,0.764815762928725,0.0
4968,0.7416102247570233,0.0
4969,0.7080554141329779,0.0
4970,0.7881094915842444,0.0
4971,0.6675514317367518,0.0
4972,0.6305531402486114,0.0
4973,0.7502290569052672,0.0
4974,0.723943525674395,0.0
4975,0.60387289701449,0.0
4976,0.6598233234750674,0.0
4977,0.7024638991062728,0.0
4978,0.7028383511335098,0.0
4979,0.8767626179130603,0.0
4980,0.8294360290065651,0.0
4981,0.8190321737953179,0.0
4982,0.792385299933452,0.0
4983,0.7957796801497998,0.0
4984,0.734939925595834,0.0
4985,0.7986642240286176,0.0
4986,0.6741311568875338,0.0
4987,0.8655693386953148,0.0
4988,0.6726965122332118,0.0
4989,0.8787616816638159,0.0
4990,0.7081605276555822,0.0
4991,0.7860138950066071,0.0
4992,0.6847631155934123,0.0
4993,0.7936421335041846,0.0
4994,0.7566974713643115,0.0
4995,0.5653532005041635,0.0
4996,0.745136175641121,0.0
4997,0.8005810561120295,0.0
4998,0.8314486788588819,0.0
4999,0.8100546208953288,0.0
