,ts,label
0,96.5557,0.0
1,89.8403,0.0
2,87.5015,0.0
3,90.5852,0.0
4,89.9991,0.0
5,97.8195,0.0
6,92.7794,0.0
7,88.6512,0.0
8,88.9667,0.0
9,93.0152,0.0
10,104.234,0.0
11,92.7806,0.0
12,95.5695,0.0
13,92.662,0.0
14,95.6825,0.0
15,99.6284,0.0
16,95.3616,0.0
17,93.8505,0.0
18,89.5326,0.0
19,90.3026,0.0
20,107.058,0.0
21,96.8488,0.0
22,94.4343,0.0
23,96.8359,0.0
24,94.9403,0.0
25,95.6381,0.0
26,94.0989,0.0
27,93.9204,0.0
28,93.1351,0.0
29,91.3713,0.0
30,95.937,0.0
31,96.1439,0.0
32,92.0592,0.0
33,93.3423,0.0
34,95.8422,0.0
35,99.1309,0.0
36,99.4056,0.0
37,91.5974,0.0
38,94.9386,0.0
39,93.8827,0.0
40,99.634,0.0
41,98.1448,0.0
42,97.0225,0.0
43,98.9216,0.0
44,95.8372,0.0
45,99.0924,0.0
46,95.1064,0.0
47,94.8551,0.0
48,88.6071,0.0
49,89.9213,0.0
50,109.893,0.0
51,99.7626,0.0
52,93.5075,0.0
53,94.7022,0.0
54,95.2814,0.0
55,96.753,0.0
56,95.1658,0.0
57,92.0928,0.0
58,91.6878,0.0
59,92.2198,0.0
60,98.8495,0.0
61,93.6128,0.0
62,91.6333,0.0
63,92.0681,0.0
64,94.356,0.0
65,101.24,0.0
66,93.7579,0.0
67,91.8493,0.0
68,96.4774,0.0
69,96.0545,0.0
70,97.9562,0.0
71,99.8997,0.0
72,97.3642,0.0
73,96.304,0.0
74,96.5114,0.0
75,101.322,0.0
76,91.2359,0.0
77,91.3983,0.0
78,93.7865,0.0
79,95.9156,0.0
80,114.285,0.0
81,99.6928,0.0
82,97.9538,0.0
83,95.7187,0.0
84,95.028,0.0
85,95.9357,0.0
86,97.6308,0.0
87,94.4832,0.0
88,97.752,0.0
89,98.1986,0.0
90,100.439,0.0
91,98.5857,0.0
92,96.9935,0.0
93,96.5538,0.0
94,93.6776,0.0
95,105.817,0.0
96,102.522,0.0
97,96.7305,0.0
98,98.2161,0.0
99,96.3756,0.0
100,97.8698,0.0
101,97.9091,0.0
102,99.8633,0.0
103,98.1923,0.0
104,98.5091,0.0
105,101.388,0.0
106,100.096,0.0
107,97.9369,0.0
108,96.9822,0.0
109,96.0078,0.0
110,107.61,0.0
111,99.0319,0.0
112,95.2357,0.0
113,97.5318,0.0
114,95.4074,0.0
115,95.8635,0.0
116,100.954,0.0
117,96.9993,0.0
118,97.4689,0.0
119,99.571,0.0
120,102.011,0.0
121,92.4846,0.0
122,95.9901,0.0
123,95.1007,0.0
124,94.8047,0.0
125,103.018,0.0
126,97.5664,0.0
127,104.1,0.0
128,96.4963,0.0
129,96.9048,0.0
130,100.81,0.0
131,98.6713,0.0
132,94.8279,0.0
133,96.1329,0.0
134,95.1492,0.0
135,97.8845,0.0
136,97.6754,0.0
137,96.5326,0.0
138,95.9392,0.0
139,95.2666,0.0
140,113.236,0.0
141,101.184,0.0
142,99.6702,0.0
143,97.9735,0.0
144,98.6563,0.0
145,101.393,0.0
146,98.9284,0.0
147,99.5828,0.0
148,96.2166,0.0
149,104.308,0.0
150,100.929,0.0
151,102.753,0.0
152,101.895,0.0
153,100.217,0.0
154,98.4663,0.0
155,106.798,0.0
156,107.649,0.0
157,100.174,0.0
158,105.507,0.0
159,108.245,0.0
160,107.987,0.0
161,105.323,0.0
162,106.175,0.0
163,102.301,0.0
164,103.759,0.0
165,106.624,0.0
166,102.93,0.0
167,106.185,0.0
168,99.9979,0.0
169,99.0255,0.0
170,117.248,0.0
171,107.045,0.0
172,106.484,0.0
173,107.102,0.0
174,106.676,0.0
175,107.877,0.0
176,106.064,0.0
177,106.741,0.0
178,106.547,0.0
179,108.715,0.0
180,112.556,0.0
181,107.208,0.0
182,107.478,0.0
183,110.259,0.0
184,107.235,0.0
185,117.099,0.0
186,112.647,0.0
187,111.709,0.0
188,112.917,0.0
189,124.856,0.0
190,118.86,0.0
191,117.506,0.0
192,116.325,0.0
193,116.04,0.0
194,119.631,0.0
195,118.15,0.0
196,114.011,0.0
197,112.115,0.0
198,113.489,0.0
199,115.329,0.0
200,132.468,0.0
201,119.986,0.0
202,120.729,0.0
203,117.533,0.0
204,120.605,0.0
205,120.334,0.0
206,118.57,0.0
207,118.794,0.0
208,119.316,0.0
209,116.018,0.0
210,120.051,0.0
211,118.606,0.0
212,116.614,0.0
213,116.392,0.0
214,117.842,0.0
215,125.053,0.0
216,121.003,0.0
217,118.069,0.0
218,116.756,0.0
219,117.281,0.0
220,127.16,0.0
221,120.519,0.0
222,127.231,0.0
223,125.481,0.0
224,122.722,0.0
225,126.248,0.0
226,126.299,0.0
227,121.904,0.0
228,117.89,0.0
229,120.235,0.0
230,134.154,0.0
231,125.799,0.0
232,126.729,0.0
233,127.212,0.0
234,129.054,0.0
235,127.548,0.0
236,127.72,0.0
237,134.939,0.0
238,132.734,0.0
239,125.342,0.0
240,133.794,0.0
241,131.807,0.0
242,129.634,0.0
243,130.58,0.0
244,127.68,0.0
245,137.137,0.0
246,129.355,0.0
247,128.704,0.0
248,127.444,0.0
249,129.32,0.0
250,137.647,0.0
251,131.95,0.0
252,131.287,0.0
253,127.923,0.0
254,129.903,0.0
255,129.866,0.0
256,126.545,0.0
257,123.924,0.0
258,130.133,0.0
259,130.746,0.0
260,148.186,0.0
261,135.963,0.0
262,138.778,0.0
263,136.028,0.0
264,130.014,0.0
265,135.231,0.0
266,131.754,0.0
267,137.153,0.0
268,136.576,0.0
269,133.456,0.0
270,141.677,0.0
271,136.728,0.0
272,131.965,0.0
273,133.495,0.0
274,136.178,0.0
275,144.351,0.0
276,144.333,0.0
277,143.898,0.0
278,144.667,0.0
279,138.703,0.0
280,143.69,0.0
281,140.838,0.0
282,144.29,0.0
283,141.934,0.0
284,136.171,0.0
285,146.701,0.0
286,139.185,0.0
287,136.795,0.0
288,141.788,0.0
289,139.608,0.0
290,151.604,0.0
291,143.856,0.0
292,142.561,0.0
293,138.522,0.0
294,137.544,0.0
295,140.021,0.0
296,139.573,0.0
297,142.54,0.0
298,139.499,0.0
299,137.822,0.0
300,145.524,0.0
301,140.278,0.0
302,140.717,0.0
303,139.152,0.0
304,133.849,0.0
305,140.566,0.0
306,136.461,0.0
307,137.635,0.0
308,139.404,0.0
309,142.873,0.0
310,149.895,0.0
311,145.263,0.0
312,142.597,0.0
313,140.424,0.0
314,142.029,0.0
315,142.824,0.0
316,138.502,0.0
317,140.065,0.0
318,138.745,0.0
319,143.626,0.0
320,166.511,0.0
321,146.753,0.0
322,147.154,0.0
323,151.852,0.0
324,143.336,0.0
325,144.155,0.0
326,145.208,0.0
327,143.391,0.0
328,143.031,0.0
329,140.931,0.0
330,146.884,0.0
331,138.575,0.0
332,139.229,0.0
333,146.538,0.0
334,147.551,0.0
335,158.585,0.0
336,153.969,0.0
337,153.01,0.0
338,152.362,0.0
339,157.999,0.0
340,161.528,0.0
341,152.478,0.0
342,151.319,0.0
343,151.526,0.0
344,144.771,0.0
345,152.612,0.0
346,150.369,0.0
347,147.529,0.0
348,150.037,0.0
349,148.79,0.0
350,168.069,0.0
351,159.216,0.0
352,158.049,0.0
353,153.58,0.0
354,152.547,0.0
355,154.101,0.0
356,153.056,0.0
357,155.237,0.0
358,159.269,0.0
359,158.41,0.0
360,163.319,0.0
361,147.813,0.0
362,150.341,0.0
363,149.743,0.0
364,152.826,0.0
365,165.612,0.0
366,157.736,0.0
367,153.546,0.0
368,152.646,0.0
369,154.824,0.0
370,160.58,0.0
371,161.2,0.0
372,157.25,0.0
373,152.512,0.0
374,155.95,0.0
375,158.537,0.0
376,153.296,0.0
377,149.543,0.0
378,150.839,0.0
379,153.309,0.0
380,176.882,0.0
381,163.643,0.0
382,157.324,0.0
383,159.742,0.0
384,156.672,0.0
385,158.543,0.0
386,153.185,0.0
387,154.332,0.0
388,152.087,0.0
389,152.552,0.0
390,160.695,0.0
391,155.103,0.0
392,158.858,0.0
393,158.596,0.0
394,159.485,0.0
395,160.773,0.0
396,161.53,0.0
397,160.323,0.0
398,158.603,0.0
399,160.283,0.0
400,169.997,0.0
401,169.499,0.0
402,173.078,0.0
403,166.943,0.0
404,162.07,0.0
405,165.896,0.0
406,161.94,0.0
407,160.342,0.0
408,156.541,0.0
409,157.509,0.0
410,172.591,0.0
411,163.748,0.0
412,160.742,0.0
413,156.939,0.0
414,158.003,0.0
415,159.724,0.0
416,159.258,0.0
417,166.114,0.0
418,164.133,0.0
419,164.876,0.0
420,166.96,0.0
421,161.366,0.0
422,159.331,0.0
423,161.588,0.0
424,157.993,0.0
425,169.248,0.0
426,156.446,0.0
427,155.783,0.0
428,160.122,0.0
429,158.654,0.0
430,162.36,0.0
431,167.241,0.0
432,167.819,0.0
433,163.303,0.0
434,163.384,0.0
435,171.402,0.0
436,162.8,0.0
437,160.064,0.0
438,167.727,0.0
439,166.952,0.0
440,189.307,0.0
441,170.548,0.0
442,171.023,0.0
443,174.136,0.0
444,169.436,0.0
445,179.997,0.0
446,167.859,0.0
447,165.35,0.0
448,165.338,0.0
449,170.254,0.0
450,183.513,0.0
451,175.62,0.0
452,173.258,0.0
453,178.348,0.0
454,166.451,0.0
455,178.695,0.0
456,171.538,0.0
457,171.456,0.0
458,171.27,0.0
459,167.061,0.0
460,172.107,0.0
461,176.254,0.0
462,175.301,0.0
463,166.303,0.0
464,169.011,0.0
465,179.84,0.0
466,165.221,0.0
467,162.411,0.0
468,164.283,0.0
469,163.253,0.0
470,189.987,0.0
471,176.757,0.0
472,162.47,0.0
473,172.185,0.0
474,167.804,0.0
475,174.226,0.0
476,167.842,0.0
477,160.08,0.0
478,167.458,0.0
479,159.983,0.0
480,169.27,0.0
481,164.55,0.0
482,170.879,0.0
483,162.801,0.0
484,162.448,0.0
485,172.353,0.0
486,166.896,0.0
487,161.037,0.0
488,163.29,0.0
489,160.153,0.0
490,176.906,0.0
491,172.859,0.0
492,162.058,0.0
493,159.935,0.0
494,153.882,0.0
495,158.22,0.0
496,151.713,0.0
497,152.869,0.0
498,160.447,0.0
499,156.247,0.0
500,185.958,0.0
501,171.981,0.0
502,178.81,0.0
503,171.411,0.0
504,164.885,0.0
505,165.663,0.0
506,165.042,0.0
507,164.235,0.0
508,162.08,0.0
509,156.486,0.0
510,168.496,0.0
511,170.427,0.0
512,166.985,0.0
513,165.346,0.0
514,152.571,0.0
515,163.842,0.0
516,159.253,0.0
517,160.139,0.0
518,154.429,0.0
519,153.149,0.0
520,167.97,0.0
521,160.611,0.0
522,160.616,0.0
523,156.057,0.0
524,153.639,0.0
525,162.353,0.0
526,151.703,0.0
527,150.525,0.0
528,155.468,0.0
529,154.194,0.0
530,167.986,0.0
531,157.572,0.0
532,148.201,0.0
533,149.334,0.0
534,155.884,0.0
535,157.372,0.0
536,150.199,0.0
537,151.122,0.0
538,146.939,0.0
539,147.105,0.0
540,158.82,0.0
541,151.664,0.0
542,145.113,0.0
543,141.486,0.0
544,147.101,0.0
545,160.733,0.0
546,153.928,0.0
547,148.316,0.0
548,153.513,0.0
549,148.205,0.0
550,159.354,0.0
551,148.754,0.0
552,147.744,0.0
553,136.071,0.0
554,145.072,0.0
555,146.697,0.0
556,138.946,0.0
557,141.69,0.0
558,143.049,0.0
559,138.227,0.0
560,160.764,0.0
561,144.001,0.0
562,148.929,0.0
563,153.614,0.0
564,142.172,0.0
565,150.142,0.0
566,143.775,0.0
567,138.973,0.0
568,140.4,0.0
569,140.404,0.0
570,148.995,0.0
571,143.606,0.0
572,149.369,0.0
573,139.244,0.0
574,136.403,0.0
575,148.568,0.0
576,133.387,0.0
577,134.135,0.0
578,137.945,0.0
579,141.016,0.0
580,147.926,0.0
581,142.658,0.0
582,133.67,0.0
583,131.398,0.0
584,134.022,0.0
585,140.049,0.0
586,128.545,0.0
587,122.484,0.0
588,132.167,0.0
589,124.696,0.0
590,140.937,0.0
591,131.349,0.0
592,123.715,0.0
593,122.334,0.0
594,118.206,0.0
595,126.775,0.0
596,125.88,0.0
597,119.037,0.0
598,121.089,0.0
599,128.488,0.0
600,138.295,0.0
601,126.278,0.0
602,126.371,0.0
603,124.363,0.0
604,125.351,0.0
605,126.877,0.0
606,125.417,0.0
607,120.229,0.0
608,121.467,0.0
609,121.959,0.0
610,136.998,0.0
611,126.519,0.0
612,119.729,0.0
613,123.68,0.0
614,117.621,0.0
615,121.185,0.0
616,116.497,0.0
617,113.637,0.0
618,113.699,0.0
619,109.393,0.0
620,132.07,0.0
621,116.53,0.0
622,123.619,0.0
623,124.95,0.0
624,115.004,0.0
625,125.593,0.0
626,115.872,0.0
627,115.026,0.0
628,116.61,0.0
629,114.942,0.0
630,123.281,0.0
631,117.801,0.0
632,126.712,0.0
633,122.023,0.0
634,113.97,0.0
635,126.811,0.0
636,126.36,0.0
637,110.231,0.0
638,112.582,0.0
639,112.741,0.0
640,122.087,0.0
641,125.521,0.0
642,118.448,0.0
643,107.747,0.0
644,114.734,0.0
645,117.822,0.0
646,106.985,0.0
647,112.296,0.0
648,105.649,0.0
649,107.97,0.0
650,127.78,0.0
651,123.275,0.0
652,105.028,0.0
653,106.657,0.0
654,109.711,0.0
655,115.784,0.0
656,105.403,0.0
657,108.603,0.0
658,103.501,0.0
659,105.822,0.0
660,117.086,0.0
661,112.882,0.0
662,105.603,0.0
663,109.789,0.0
664,108.35,0.0
665,121.151,0.0
666,109.764,0.0
667,103.625,0.0
668,100.099,0.0
669,119.139,0.0
670,120.504,0.0
671,114.322,0.0
672,107.848,0.0
673,104.443,0.0
674,102.049,0.0
675,105.633,0.0
676,100.963,0.0
677,101.487,0.0
678,105.932,0.0
679,96.0549,0.0
680,125.691,0.0
681,111.568,0.0
682,116.829,0.0
683,109.048,0.0
684,106.932,0.0
685,104.842,0.0
686,97.9447,0.0
687,97.2812,0.0
688,96.6144,0.0
689,96.9779,0.0
690,116.289,0.0
691,102.196,0.0
692,102.726,0.0
693,108.442,0.0
694,97.4323,0.0
695,124.71,0.0
696,105.782,0.0
697,102.728,0.0
698,92.2271,0.0
699,91.1791,0.0
700,108.147,0.0
701,93.9759,0.0
702,104.353,0.0
703,95.448,0.0
704,95.7645,0.0
705,102.414,0.0
706,95.2606,0.0
707,91.66,0.0
708,89.2181,0.0
709,90.2381,0.0
710,108.47,0.0
711,111.392,0.0
712,97.8739,0.0
713,102.526,0.0
714,96.2652,0.0
715,105.217,0.0
716,101.099,0.0
717,96.8891,0.0
718,90.1164,0.0
719,90.1694,0.0
720,102.234,0.0
721,94.9082,0.0
722,99.366,0.0
723,99.1933,0.0
724,94.2648,0.0
725,110.136,0.0
726,96.7104,0.0
727,98.7089,0.0
728,97.1462,0.0
729,92.0723,0.0
730,110.241,0.0
731,96.3868,0.0
732,92.832,0.0
733,88.7195,0.0
734,90.144,0.0
735,95.1848,0.0
736,93.0582,0.0
737,87.8268,0.0
738,91.773,0.0
739,88.7782,0.0
740,110.032,0.0
741,91.4338,0.0
742,99.774,0.0
743,99.5982,0.0
744,95.3354,0.0
745,108.08,0.0
746,102.666,0.0
747,95.4634,0.0
748,90.5531,0.0
749,89.68,0.0
750,102.526,0.0
751,99.4825,0.0
752,98.6188,0.0
753,96.4959,0.0
754,86.8577,0.0
755,100.993,0.0
756,99.8098,0.0
757,92.4967,0.0
758,91.4939,0.0
759,91.166,0.0
760,102.255,0.0
761,98.0809,0.0
762,96.4338,0.0
763,95.3984,0.0
764,92.5651,0.0
765,100.225,0.0
766,86.2993,0.0
767,87.0472,0.0
768,85.5913,0.0
769,82.8451,0.0
770,104.437,0.0
771,101.443,0.0
772,89.0358,0.0
773,86.2121,0.0
774,91.9755,0.0
775,92.6757,0.0
776,85.6431,0.0
777,90.1681,0.0
778,83.7518,0.0
779,85.3517,0.0
780,97.9804,0.0
781,89.9826,0.0
782,90.1568,0.0
783,90.2955,0.0
784,86.5522,0.0
785,94.5111,0.0
786,88.7263,0.0
787,90.6353,0.0
788,90.4613,0.0
789,88.6482,0.0
790,96.5672,0.0
791,96.5125,0.0
792,87.2672,0.0
793,82.4662,0.0
794,80.8417,0.0
795,88.6003,0.0
796,81.6738,0.0
797,79.508,0.0
798,81.2133,0.0
799,82.1923,0.0
800,104.02,0.0
801,94.4,0.0
802,92.7315,0.0
803,93.9038,0.0
804,90.5584,0.0
805,98.5659,0.0
806,92.6067,0.0
807,86.3046,0.0
808,86.4956,0.0
809,97.3203,0.0
810,101.093,0.0
811,102.601,0.0
812,99.0401,0.0
813,94.4638,0.0
814,90.545,0.0
815,106.429,0.0
816,93.7007,0.0
817,87.0407,0.0
818,87.4254,0.0
819,86.4798,0.0
820,95.3799,0.0
821,98.7275,0.0
822,85.3352,0.0
823,87.4656,0.0
824,89.5297,0.0
825,92.6721,0.0
826,90.4421,0.0
827,82.3904,0.0
828,83.716,0.0
829,88.9256,0.0
830,107.258,0.0
831,99.5616,0.0
832,88.6938,0.0
833,85.2433,0.0
834,88.7056,0.0
835,94.2099,0.0
836,96.7168,0.0
837,95.5247,0.0
838,84.4872,0.0
839,84.4491,0.0
840,93.0544,0.0
841,90.7149,0.0
842,92.9084,0.0
843,89.375,0.0
844,83.0062,0.0
845,98.8432,0.0
846,90.2454,0.0
847,87.7908,0.0
848,87.93,0.0
849,86.9833,0.0
850,96.3396,0.0
851,93.7071,0.0
852,86.7014,0.0
853,83.483,0.0
854,86.4573,0.0
855,89.9967,0.0
856,86.5378,0.0
857,86.5258,0.0
858,86.6189,0.0
859,84.3405,0.0
860,107.358,0.0
861,98.2156,0.0
862,97.7984,0.0
863,90.3545,0.0
864,90.0174,0.0
865,102.494,0.0
866,84.4112,0.0
867,94.6951,0.0
868,88.8034,0.0
869,89.2226,0.0
870,95.6261,0.0
871,98.1465,0.0
872,97.2289,0.0
873,90.3136,0.0
874,86.1662,0.0
875,107.16,0.0
876,97.7256,0.0
877,88.2797,0.0
878,87.6218,0.0
879,90.0672,0.0
880,98.0383,0.0
881,100.15,0.0
882,89.1239,0.0
883,91.2616,0.0
884,94.2548,0.0
885,92.5399,0.0
886,93.1241,0.0
887,90.2316,0.0
888,88.4917,0.0
889,90.3524,0.0
890,114.859,0.0
891,105.399,0.0
892,94.8402,0.0
893,96.7683,0.0
894,93.1565,0.0
895,98.5661,0.0
896,90.8531,0.0
897,91.2041,0.0
898,87.0475,0.0
899,88.359,0.0
900,100.952,0.0
901,93.6142,0.0
902,90.4991,0.0
903,91.3113,0.0
904,84.0078,0.0
905,101.05,0.0
906,91.9367,0.0
907,89.516,0.0
908,93.5213,0.0
909,90.7097,0.0
910,104.398,0.0
911,103.038,0.0
912,92.2504,0.0
913,87.0063,0.0
914,86.267,0.0
915,94.5085,0.0
916,86.4648,0.0
917,89.2282,0.0
918,87.2608,0.0
919,91.4133,0.0
920,113.436,0.0
921,103.881,0.0
922,103.362,0.0
923,98.3866,0.0
924,86.0873,0.0
925,95.4176,0.0
926,91.9555,0.0
927,85.293,0.0
928,92.356,0.0
929,88.0947,0.0
930,100.152,0.0
931,96.4317,0.0
932,96.5503,0.0
933,100.846,0.0
934,87.179,0.0
935,112.746,0.0
936,106.905,0.0
937,91.8687,0.0
938,91.856,0.0
939,96.6819,0.0
940,98.9578,0.0
941,97.7696,0.0
942,94.2101,0.0
943,89.5878,0.0
944,93.7001,0.0
945,98.3748,0.0
946,89.4436,0.0
947,90.8516,0.0
948,91.0829,0.0
949,91.4407,0.0
950,106.418,0.0
951,100.767,0.0
952,96.9642,0.0
953,97.2051,0.0
954,92.5397,0.0
955,103.474,0.0
956,95.9398,0.0
957,96.0663,0.0
958,94.621,0.0
959,90.3298,0.0
960,106.042,0.0
961,96.8971,0.0
962,95.4334,0.0
963,94.1901,0.0
964,91.9818,0.0
965,106.986,0.0
966,94.0017,0.0
967,97.1479,0.0
968,97.8273,0.0
969,95.1193,0.0
970,107.854,0.0
971,106.727,0.0
972,97.4353,0.0
973,90.2123,0.0
974,95.0563,0.0
975,100.164,0.0
976,94.7062,0.0
977,102.354,0.0
978,98.5268,0.0
979,94.139,0.0
980,118.192,0.0
981,114.754,0.0
982,111.101,0.0
983,102.752,0.0
984,100.387,0.0
985,106.887,0.0
986,105.368,0.0
987,97.1752,0.0
988,101.774,0.0
989,102.04,0.0
990,107.196,0.0
991,114.377,0.0
992,113.375,0.0
993,100.1,0.0
994,99.368,0.0
995,117.98,0.0
996,111.378,0.0
997,106.719,0.0
998,111.439,0.0
999,105.507,0.0
1000,108.209,0.0
1001,109.144,0.0
1002,108.231,0.0
1003,99.7784,0.0
1004,100.691,0.0
1005,115.518,0.0
1006,104.15,0.0
1007,97.7964,0.0
1008,98.8886,0.0
1009,99.4907,0.0
1010,122.751,0.0
1011,111.901,0.0
1012,101.174,0.0
1013,108.487,0.0
1014,111.362,0.0
1015,121.92,0.0
1016,111.813,0.0
1017,108.694,0.0
1018,108.48,0.0
1019,107.304,0.0
1020,121.977,0.0
1021,118.708,0.0
1022,120.442,0.0
1023,127.148,0.0
1024,116.694,0.0
1025,130.483,0.0
1026,118.232,0.0
1027,116.902,0.0
1028,116.931,0.0
1029,113.981,0.0
1030,128.461,0.0
1031,126.108,0.0
1032,118.283,0.0
1033,115.282,0.0
1034,113.301,0.0
1035,127.701,0.0
1036,122.246,0.0
1037,124.523,0.0
1038,122.545,0.0
1039,122.625,0.0
1040,149.896,0.0
1041,131.503,0.0
1042,128.967,0.0
1043,138.737,0.0
1044,128.767,0.0
1045,132.602,0.0
1046,129.615,0.0
1047,130.114,0.0
1048,126.511,0.0
1049,123.255,0.0
1050,136.929,0.0
1051,124.287,0.0
1052,125.809,0.0
1053,124.495,0.0
1054,110.743,0.0
1055,132.243,0.0
1056,122.251,0.0
1057,116.224,0.0
1058,108.118,0.0
1059,114.552,0.0
1060,122.497,0.0
1061,118.537,0.0
1062,114.277,0.0
1063,110.876,0.0
1064,117.76,0.0
1065,117.563,0.0
1066,110.692,0.0
1067,109.894,0.0
1068,112.213,0.0
1069,104.734,0.0
1070,126.292,0.0
1071,119.487,0.0
1072,117.188,0.0
1073,111.596,0.0
1074,115.784,0.0
1075,118.396,0.0
1076,112.434,0.0
1077,109.672,0.0
1078,104.796,0.0
1079,110.408,0.0
1080,119.847,0.0
1081,108.897,0.0
1082,110.959,0.0
1083,112.123,0.0
1084,107.714,0.0
1085,114.391,0.0
1086,116.008,0.0
1087,114.28,0.0
1088,110.443,0.0
1089,112.845,0.0
1090,124.414,0.0
1091,122.093,0.0
1092,113.204,0.0
1093,107.95,0.0
1094,105.438,0.0
1095,116.311,0.0
1096,110.075,0.0
1097,108.103,0.0
1098,108.979,0.0
1099,107.797,0.0
1100,130.35,0.0
1101,117.524,0.0
1102,125.356,0.0
1103,115.499,0.0
1104,108.197,0.0
1105,116.203,0.0
1106,115.134,0.0
1107,110.035,0.0
1108,119.025,0.0
1109,109.329,0.0
1110,128.972,0.0
1111,115.719,0.0
1112,116.057,0.0
1113,124.655,0.0
1114,113.026,0.0
1115,132.143,0.0
1116,120.026,0.0
1117,126.037,0.0
1118,111.576,0.0
1119,111.737,0.0
1120,120.104,0.0
1121,116.97,0.0
1122,115.99,0.0
1123,111.342,0.0
1124,109.678,0.0
1125,122.504,0.0
1126,116.628,0.0
1127,110.297,0.0
1128,109.023,0.0
1129,106.865,0.0
1130,127.07,0.0
1131,124.112,0.0
1132,117.526,0.0
1133,111.637,0.0
1134,110.575,0.0
1135,116.427,0.0
1136,120.22,0.0
1137,110.826,0.0
1138,107.864,0.0
1139,107.954,0.0
1140,122.846,0.0
1141,117.56,0.0
1142,117.794,0.0
1143,115.115,0.0
1144,112.694,0.0
1145,125.674,0.0
1146,116.391,0.0
1147,114.322,0.0
1148,111.135,0.0
1149,109.434,0.0
1150,122.937,0.0
1151,116.238,0.0
1152,111.872,0.0
1153,112.109,0.0
1154,115.236,0.0
1155,122.95,0.0
1156,116.164,0.0
1157,110.835,0.0
1158,108.137,0.0
1159,104.799,0.0
1160,133.094,0.0
1161,129.049,0.0
1162,116.483,0.0
1163,122.458,0.0
1164,112.335,0.0
1165,111.835,0.0
1166,113.32,0.0
1167,114.143,0.0
1168,109.14,0.0
1169,110.69,0.0
1170,118.739,0.0
1171,121.477,0.0
1172,120.139,0.0
1173,123.536,0.0
1174,110.95,0.0
1175,132.827,0.0
1176,122.27,0.0
1177,118.617,0.0
1178,114.505,0.0
1179,119.015,0.0
1180,124.84,0.0
1181,123.596,0.0
1182,115.488,0.0
1183,112.973,0.0
1184,117.321,0.0
1185,122.827,0.0
1186,120.099,0.0
1187,112.533,0.0
1188,114.187,0.0
1189,110.106,0.0
1190,139.935,0.0
1191,125.101,0.0
1192,119.187,0.0
1193,113.365,0.0
1194,115.805,0.0
1195,119.362,0.0
1196,116.513,0.0
1197,114.314,0.0
1198,111.938,0.0
1199,111.516,0.0
1200,128.198,0.0
1201,120.18,0.0
1202,122.291,0.0
1203,114.919,0.0
1204,119.97,0.0
1205,126.733,0.0
1206,121.375,0.0
1207,117.719,0.0
1208,117.825,0.0
1209,116.525,0.0
1210,125.387,0.0
1211,123.936,0.0
1212,115.9,0.0
1213,118.476,0.0
1214,114.862,0.0
1215,118.051,0.0
1216,112.736,0.0
1217,112.172,0.0
1218,115.65,0.0
1219,115.408,0.0
1220,132.886,0.0
1221,123.038,0.0
1222,126.728,0.0
1223,116.62,0.0
1224,117.122,0.0
1225,125.635,0.0
1226,119.166,0.0
1227,116.726,0.0
1228,116.315,0.0
1229,113.012,0.0
1230,124.18,0.0
1231,132.986,0.0
1232,126.229,0.0
1233,122.363,0.0
1234,113.756,0.0
1235,131.972,0.0
1236,125.467,0.0
1237,121.88,0.0
1238,116.192,0.0
1239,123.94,0.0
1240,120.538,0.0
1241,115.615,0.0
1242,118.588,0.0
1243,118.929,0.0
1244,120.268,0.0
1245,123.89,0.0
1246,113.807,0.0
1247,123.402,0.0
1248,117.301,0.0
1249,115.946,0.0
1250,133.478,0.0
1251,124.263,0.0
1252,127.166,0.0
1253,119.164,0.0
1254,117.739,0.0
1255,125.19,0.0
1256,126.672,0.0
1257,120.32,0.0
1258,114.174,0.0
1259,114.942,0.0
1260,127.231,0.0
1261,123.622,0.0
1262,123.078,0.0
1263,121.299,0.0
1264,115.787,0.0
1265,124.703,0.0
1266,120.68,0.0
1267,120.135,0.0
1268,114.53,0.0
1269,112.597,0.0
1270,119.624,0.0
1271,127.75,0.0
1272,117.582,0.0
1273,115.65,0.0
1274,116.19,0.0
1275,120.279,0.0
1276,114.996,0.0
1277,111.544,0.0
1278,113.978,0.0
1279,114.91,0.0
1280,129.544,0.0
1281,124.326,0.0
1282,125.697,0.0
1283,116.006,0.0
1284,120.65,0.0
1285,125.514,0.0
1286,119.12,0.0
1287,117.714,0.0
1288,116.956,0.0
1289,115.119,0.0
1290,125.697,0.0
1291,126.895,0.0
1292,122.257,0.0
1293,121.134,0.0
1294,116.092,0.0
1295,125.879,0.0
1296,121.241,0.0
1297,134.041,0.0
1298,121.204,0.0
1299,121.651,0.0
1300,124.862,0.0
1301,122.78,0.0
1302,115.526,0.0
1303,113.309,0.0
1304,120.29,0.0
1305,120.613,0.0
1306,128.972,0.0
1307,117.887,0.0
1308,112.583,0.0
1309,113.035,0.0
1310,132.427,0.0
1311,123.135,0.0
1312,115.142,0.0
1313,112.493,0.0
1314,111.722,0.0
1315,141.448,0.0
1316,130.464,0.0
1317,120.849,0.0
1318,117.038,0.0
1319,113.463,0.0
1320,124.415,0.0
1321,120.907,0.0
1322,121.193,0.0
1323,116.683,0.0
1324,114.467,0.0
1325,122.916,0.0
1326,117.459,0.0
1327,114.361,0.0
1328,121.288,0.0
1329,114.831,0.0
1330,120.73,0.0
1331,115.799,0.0
1332,110.145,0.0
1333,110.228,0.0
1334,112.254,0.0
1335,115.65,0.0
1336,110.301,0.0
1337,104.431,0.0
1338,106.638,0.0
1339,108.364,0.0
1340,126.574,0.0
1341,110.131,0.0
1342,109.619,0.0
1343,108.984,0.0
1344,108.207,0.0
1345,113.228,0.0
1346,111.724,0.0
1347,110.631,0.0
1348,107.27,0.0
1349,123.181,0.0
1350,116.652,0.0
1351,114.298,0.0
1352,113.472,0.0
1353,112.029,0.0
1354,108.913,0.0
1355,124.199,0.0
1356,112.857,0.0
1357,110.507,0.0
1358,112.964,0.0
1359,110.662,0.0
1360,111.146,0.0
1361,114.502,0.0
1362,109.049,0.0
1363,109.418,0.0
1364,111.381,0.0
1365,110.4,0.0
1366,107.285,0.0
1367,106.713,0.0
1368,106.642,0.0
1369,106.801,0.0
1370,116.536,0.0
1371,112.1,0.0
1372,104.952,0.0
1373,107.002,0.0
1374,105.484,0.0
1375,107.723,0.0
1376,106.602,0.0
1377,103.596,0.0
1378,106.158,0.0
1379,104.654,0.0
1380,109.313,0.0
1381,108.604,0.0
1382,108.0,0.0
1383,106.524,0.0
1384,106.168,0.0
1385,114.096,0.0
1386,105.092,0.0
1387,104.974,0.0
1388,104.049,0.0
1389,103.596,0.0
1390,110.423,0.0
1391,103.261,0.0
1392,108.21,0.0
1393,105.209,0.0
1394,105.63,0.0
1395,107.106,0.0
1396,106.381,0.0
1397,101.756,0.0
1398,103.393,0.0
1399,103.418,0.0
1400,122.061,0.0
1401,113.164,0.0
1402,108.576,0.0
1403,105.183,0.0
1404,109.813,0.0
1405,109.857,0.0
1406,109.227,0.0
1407,109.015,0.0
1408,103.814,0.0
1409,103.134,0.0
1410,110.229,0.0
1411,105.541,0.0
1412,106.108,0.0
1413,106.082,0.0
1414,104.445,0.0
1415,115.486,0.0
1416,110.43,0.0
1417,108.795,0.0
1418,110.982,0.0
1419,110.275,0.0
1420,115.264,0.0
1421,105.253,0.0
1422,102.146,0.0
1423,106.156,0.0
1424,101.856,0.0
1425,104.846,0.0
1426,98.3002,0.0
1427,99.9592,0.0
1428,98.7489,0.0
1429,96.5158,0.0
1430,111.363,0.0
1431,102.692,0.0
1432,105.391,0.0
1433,99.8886,0.0
1434,97.7708,0.0
1435,103.308,0.0
1436,99.5339,0.0
1437,96.8251,0.0
1438,97.7341,0.0
1439,99.4937,0.0
1440,108.351,0.0
1441,99.5693,0.0
1442,97.3775,0.0
1443,102.221,0.0
1444,99.2678,0.0
1445,106.202,0.0
1446,101.98,0.0
1447,114.803,0.0
1448,105.744,0.0
1449,103.976,0.0
1450,107.061,0.0
1451,104.058,0.0
1452,102.722,0.0
1453,102.244,0.0
1454,102.83,0.0
1455,105.244,0.0
1456,99.5062,0.0
1457,102.491,0.0
1458,101.147,0.0
1459,100.233,0.0
1460,122.199,0.0
1461,108.516,0.0
1462,102.25,0.0
1463,105.108,0.0
1464,102.534,0.0
1465,103.304,0.0
1466,99.1333,0.0
1467,99.808,0.0
1468,98.1303,0.0
1469,97.7067,0.0
1470,104.584,0.0
1471,104.064,0.0
1472,105.832,0.0
1473,101.649,0.0
1474,102.228,0.0
1475,107.688,0.0
1476,103.757,0.0
1477,102.335,0.0
1478,101.852,0.0
1479,103.766,0.0
1480,110.473,0.0
1481,108.419,0.0
1482,109.338,0.0
1483,104.725,0.0
1484,108.274,0.0
1485,104.593,0.0
1486,100.683,0.0
1487,103.343,0.0
1488,108.098,0.0
1489,107.464,0.0
1490,120.699,0.0
1491,113.45,0.0
1492,106.053,0.0
1493,104.1,0.0
1494,105.818,0.0
1495,109.434,0.0
1496,105.247,0.0
1497,102.968,0.0
1498,102.447,0.0
1499,105.154,0.0
1500,107.795,0.0
1501,108.613,0.0
1502,107.011,0.0
1503,105.507,0.0
1504,106.325,0.0
1505,112.895,0.0
1506,109.819,0.0
1507,108.986,0.0
1508,105.508,0.0
1509,104.715,0.0
1510,110.062,0.0
1511,105.601,0.0
1512,106.572,0.0
1513,109.766,0.0
1514,107.625,0.0
1515,109.208,0.0
1516,109.351,0.0
1517,105.767,0.0
1518,103.966,0.0
1519,102.787,0.0
1520,123.421,0.0
1521,109.815,0.0
1522,106.568,0.0
1523,103.64,0.0
1524,108.004,0.0
1525,107.799,0.0
1526,106.365,0.0
1527,107.031,0.0
1528,105.379,0.0
1529,105.6,0.0
1530,112.175,0.0
1531,107.489,0.0
1532,111.575,0.0
1533,106.897,0.0
1534,107.363,0.0
1535,112.525,0.0
1536,108.397,0.0
1537,109.182,0.0
1538,109.347,0.0
1539,110.914,0.0
1540,116.885,0.0
1541,109.835,0.0
1542,115.544,0.0
1543,112.054,0.0
1544,110.076,0.0
1545,111.95,0.0
1546,111.44,0.0
1547,107.165,0.0
1548,106.905,0.0
1549,109.422,0.0
1550,122.962,0.0
1551,113.963,0.0
1552,107.591,0.0
1553,113.072,0.0
1554,108.507,0.0
1555,111.494,0.0
1556,104.306,0.0
1557,105.587,0.0
1558,104.813,0.0
1559,104.85,0.0
1560,116.384,0.0
1561,107.62,0.0
1562,111.021,0.0
1563,109.972,0.0
1564,110.648,0.0
1565,113.614,0.0
1566,109.184,0.0
1567,111.492,0.0
1568,113.411,0.0
1569,115.711,0.0
1570,117.361,0.0
1571,112.271,0.0
1572,112.784,0.0
1573,113.343,0.0
1574,125.928,0.0
1575,115.105,0.0
1576,115.093,0.0
1577,111.606,0.0
1578,111.353,0.0
1579,111.259,0.0
1580,137.094,0.0
1581,119.899,0.0
1582,115.423,0.0
1583,113.745,0.0
1584,112.516,0.0
1585,115.598,0.0
1586,111.297,0.0
1587,114.757,0.0
1588,113.18,0.0
1589,112.696,0.0
1590,117.81,0.0
1591,118.463,0.0
1592,115.368,0.0
1593,112.771,0.0
1594,113.194,0.0
1595,123.521,0.0
1596,116.521,0.0
1597,117.409,0.0
1598,116.463,0.0
1599,115.999,0.0
1600,122.021,0.0
1601,118.119,0.0
1602,119.76,0.0
1603,116.723,0.0
1604,116.171,0.0
1605,119.071,0.0
1606,112.294,0.0
1607,111.457,0.0
1608,111.318,0.0
1609,114.628,0.0
1610,127.523,0.0
1611,122.62,0.0
1612,116.647,0.0
1613,119.489,0.0
1614,118.181,0.0
1615,120.319,0.0
1616,118.059,0.0
1617,112.754,0.0
1618,117.798,0.0
1619,116.62,0.0
1620,121.773,0.0
1621,118.849,0.0
1622,119.824,0.0
1623,119.545,0.0
1624,116.294,0.0
1625,123.91,0.0
1626,121.941,0.0
1627,117.703,0.0
1628,130.036,0.0
1629,120.236,0.0
1630,125.632,0.0
1631,119.623,0.0
1632,126.142,0.0
1633,122.372,0.0
1634,120.499,0.0
1635,122.958,0.0
1636,123.455,0.0
1637,120.821,0.0
1638,118.904,0.0
1639,120.11,0.0
1640,140.486,0.0
1641,127.237,0.0
1642,122.541,0.0
1643,120.376,0.0
1644,122.302,0.0
1645,124.422,0.0
1646,123.687,0.0
1647,118.511,0.0
1648,115.438,0.0
1649,116.367,0.0
1650,121.823,0.0
1651,123.962,0.0
1652,121.797,0.0
1653,117.281,0.0
1654,119.048,0.0
1655,125.815,0.0
1656,125.56,0.0
1657,119.22,0.0
1658,121.346,0.0
1659,122.738,0.0
1660,128.129,0.0
1661,135.999,0.0
1662,128.077,0.0
1663,125.98,0.0
1664,123.252,0.0
1665,125.747,0.0
1666,123.064,0.0
1667,124.27,0.0
1668,125.57,0.0
1669,127.445,0.0
1670,137.629,0.0
1671,128.865,0.0
1672,120.534,0.0
1673,119.112,0.0
1674,122.617,0.0
1675,122.086,0.0
1676,120.837,0.0
1677,120.885,0.0
1678,124.396,0.0
1679,127.62,0.0
1680,127.612,0.0
1681,122.331,0.0
1682,124.407,0.0
1683,125.196,0.0
1684,124.66,0.0
1685,132.325,0.0
1686,127.513,0.0
1687,127.058,0.0
1688,127.612,0.0
1689,126.535,0.0
1690,131.694,0.0
1691,131.186,0.0
1692,131.601,0.0
1693,131.473,0.0
1694,127.27,0.0
1695,129.56,0.0
1696,129.513,0.0
1697,129.966,0.0
1698,124.175,0.0
1699,124.147,0.0
1700,144.897,0.0
1701,133.591,0.0
1702,133.331,0.0
1703,130.879,0.0
1704,127.232,0.0
1705,128.892,0.0
1706,133.051,0.0
1707,128.649,0.0
1708,129.616,0.0
1709,130.491,0.0
1710,134.542,0.0
1711,133.969,0.0
1712,129.533,0.0
1713,130.056,0.0
1714,129.125,0.0
1715,142.429,0.0
1716,135.698,0.0
1717,136.636,0.0
1718,140.147,0.0
1719,139.456,0.0
1720,141.081,0.0
1721,135.86,0.0
1722,134.824,0.0
1723,135.642,0.0
1724,134.548,0.0
1725,138.408,0.0
1726,131.7,0.0
1727,132.553,0.0
1728,144.189,0.0
1729,141.866,0.0
1730,158.262,0.0
1731,147.407,0.0
1732,146.715,0.0
1733,137.381,0.0
1734,138.049,0.0
1735,139.164,0.0
1736,138.611,0.0
1737,141.456,0.0
1738,138.824,0.0
1739,141.04,0.0
1740,146.898,0.0
1741,142.514,0.0
1742,138.788,0.0
1743,145.736,0.0
1744,142.936,0.0
1745,152.669,0.0
1746,142.785,0.0
1747,145.005,0.0
1748,141.118,0.0
1749,147.981,0.0
1750,157.034,0.0
1751,153.95,0.0
1752,148.34,0.0
1753,147.832,0.0
1754,150.392,0.0
1755,148.551,0.0
1756,144.641,0.0
1757,144.368,0.0
1758,142.59,0.0
1759,142.104,0.0
1760,163.972,0.0
1761,152.794,0.0
1762,152.713,0.0
1763,155.383,0.0
1764,145.351,0.0
1765,144.841,0.0
1766,149.439,0.0
1767,147.791,0.0
1768,148.411,0.0
1769,148.095,0.0
1770,153.574,0.0
1771,149.121,0.0
1772,149.692,0.0
1773,146.518,0.0
1774,149.559,0.0
1775,161.03,0.0
1776,153.459,0.0
1777,155.462,0.0
1778,153.567,0.0
1779,152.763,0.0
1780,159.173,0.0
1781,149.485,0.0
1782,150.119,0.0
1783,151.175,0.0
1784,153.66,0.0
1785,156.115,0.0
1786,154.355,0.0
1787,149.692,0.0
1788,156.066,0.0
1789,152.43,0.0
1790,170.65,0.0
1791,157.382,0.0
1792,158.482,0.0
1793,159.507,0.0
1794,161.956,0.0
1795,165.056,0.0
1796,159.673,0.0
1797,155.832,0.0
1798,156.668,0.0
1799,148.78,0.0
1800,161.196,0.0
1801,152.456,0.0
1802,155.572,0.0
1803,152.485,0.0
1804,158.483,0.0
1805,160.338,0.0
1806,157.096,0.0
1807,160.988,0.0
1808,158.509,0.0
1809,161.29,0.0
1810,164.441,0.0
1811,159.016,0.0
1812,156.187,0.0
1813,154.69,0.0
1814,159.524,0.0
1815,159.675,0.0
1816,162.297,0.0
1817,156.702,0.0
1818,159.08,0.0
1819,159.166,0.0
1820,181.116,0.0
1821,170.5,0.0
1822,168.184,0.0
1823,166.097,0.0
1824,162.824,0.0
1825,163.949,0.0
1826,166.615,0.0
1827,164.191,0.0
1828,169.251,0.0
1829,170.659,0.0
1830,171.436,0.0
1831,168.171,0.0
1832,168.71,0.0
1833,165.938,0.0
1834,168.317,0.0
1835,173.738,0.0
1836,169.616,0.0
1837,171.851,0.0
1838,171.116,0.0
1839,169.565,0.0
1840,180.203,0.0
1841,169.036,0.0
1842,171.282,0.0
1843,166.34,0.0
1844,163.263,0.0
1845,163.095,0.0
1846,159.618,0.0
1847,161.153,0.0
1848,167.284,0.0
1849,168.94,0.0
1850,183.897,0.0
1851,175.917,0.0
1852,170.648,0.0
1853,170.236,0.0
1854,167.175,0.0
1855,177.965,0.0
1856,168.155,0.0
1857,169.508,0.0
1858,165.132,0.0
1859,171.425,0.0
1860,172.345,0.0
1861,167.958,0.0
1862,171.534,0.0
1863,170.602,0.0
1864,168.209,0.0
1865,171.397,0.0
1866,170.902,0.0
1867,171.526,0.0
1868,171.994,0.0
1869,175.424,0.0
1870,178.45,0.0
1871,173.629,0.0
1872,175.179,0.0
1873,174.722,0.0
1874,173.069,0.0
1875,169.943,0.0
1876,167.756,0.0
1877,167.768,0.0
1878,168.386,0.0
1879,167.407,0.0
1880,192.813,0.0
1881,175.262,0.0
1882,173.91,0.0
1883,172.05,0.0
1884,172.645,0.0
1885,176.078,0.0
1886,171.758,0.0
1887,174.164,0.0
1888,169.262,0.0
1889,178.391,0.0
1890,178.448,0.0
1891,173.888,0.0
1892,182.394,0.0
1893,180.267,0.0
1894,172.691,0.0
1895,187.507,0.0
1896,176.222,0.0
1897,172.819,0.0
1898,171.268,0.0
1899,180.196,0.0
1900,185.707,0.0
1901,185.211,0.0
1902,179.856,0.0
1903,176.025,0.0
1904,175.466,0.0
1905,183.322,0.0
1906,174.187,0.0
1907,177.056,0.0
1908,167.246,0.0
1909,170.907,0.0
1910,201.548,0.0
1911,182.117,0.0
1912,177.855,0.0
1913,174.817,0.0
1914,175.795,0.0
1915,183.583,0.0
1916,172.46,0.0
1917,168.486,0.0
1918,171.225,0.0
1919,168.632,0.0
1920,177.999,0.0
1921,174.624,0.0
1922,176.69,0.0
1923,173.155,0.0
1924,168.757,0.0
1925,175.706,0.0
1926,174.732,0.0
1927,172.263,0.0
1928,171.617,0.0
1929,177.285,0.0
1930,180.61,0.0
1931,175.202,0.0
1932,175.108,0.0
1933,169.282,0.0
1934,170.878,0.0
1935,171.182,0.0
1936,169.302,0.0
1937,167.572,0.0
1938,170.724,0.0
1939,165.726,0.0
1940,187.068,0.0
1941,178.041,0.0
1942,184.057,0.0
1943,172.773,0.0
1944,172.87,0.0
1945,174.663,0.0
1946,171.603,0.0
1947,173.442,0.0
1948,172.213,0.0
1949,165.534,0.0
1950,181.389,0.0
1951,177.264,0.0
1952,175.276,0.0
1953,172.209,0.0
1954,167.638,0.0
1955,188.64,0.0
1956,178.564,0.0
1957,175.448,0.0
1958,173.322,0.0
1959,167.262,0.0
1960,184.967,0.0
1961,178.158,0.0
1962,172.264,0.0
1963,167.538,0.0
1964,167.806,0.0
1965,178.466,0.0
1966,163.387,0.0
1967,168.632,0.0
1968,173.6,0.0
1969,168.17,0.0
1970,197.022,0.0
1971,177.668,0.0
1972,188.033,0.0
1973,173.896,0.0
1974,168.265,0.0
1975,172.346,0.0
1976,168.495,0.0
1977,168.782,0.0
1978,162.622,0.0
1979,160.176,0.0
1980,173.088,0.0
1981,169.277,0.0
1982,169.87,0.0
1983,166.479,0.0
1984,164.981,0.0
1985,184.399,0.0
1986,172.888,0.0
1987,171.203,0.0
1988,165.68,0.0
1989,165.985,0.0
1990,179.406,0.0
1991,174.834,0.0
1992,165.432,0.0
1993,163.176,0.0
1994,165.049,0.0
1995,161.066,0.0
1996,158.444,0.0
1997,154.512,0.0
1998,156.273,0.0
1999,153.352,0.0
2000,183.883,0.0
2001,168.666,0.0
2002,165.259,0.0
2003,153.542,0.0
2004,155.199,0.0
2005,157.122,0.0
2006,152.733,0.0
2007,156.647,0.0
2008,158.388,0.0
2009,156.901,0.0
2010,164.388,0.0
2011,162.522,0.0
2012,159.298,0.0
2013,156.814,0.0
2014,162.358,0.0
2015,171.845,0.0
2016,153.703,0.0
2017,149.809,0.0
2018,146.861,0.0
2019,154.134,0.0
2020,154.431,0.0
2021,164.363,0.0
2022,153.467,0.0
2023,142.309,0.0
2024,143.115,0.0
2025,158.827,0.0
2026,149.421,0.0
2027,145.569,0.0
2028,149.01,0.0
2029,143.232,0.0
2030,175.099,0.0
2031,155.814,0.0
2032,151.652,0.0
2033,144.668,0.0
2034,142.275,0.0
2035,150.177,0.0
2036,138.576,0.0
2037,140.052,0.0
2038,145.338,0.0
2039,139.697,0.0
2040,146.044,0.0
2041,144.316,0.0
2042,143.382,0.0
2043,143.377,0.0
2044,138.348,0.0
2045,146.199,0.0
2046,148.67,0.0
2047,137.64,0.0
2048,138.698,0.0
2049,137.068,0.0
2050,145.58,0.0
2051,139.374,0.0
2052,129.002,0.0
2053,127.43,0.0
2054,128.486,0.0
2055,128.935,0.0
2056,127.007,0.0
2057,124.889,0.0
2058,126.046,0.0
2059,125.693,0.0
2060,145.894,0.0
2061,137.442,0.0
2062,139.021,0.0
2063,126.546,0.0
2064,124.513,0.0
2065,128.373,0.0
2066,127.231,0.0
2067,131.168,0.0
2068,141.778,0.0
2069,134.435,0.0
2070,138.368,0.0
2071,132.153,0.0
2072,129.775,0.0
2073,127.992,0.0
2074,125.539,0.0
2075,139.298,0.0
2076,138.297,0.0
2077,129.18,0.0
2078,127.13,0.0
2079,132.9,0.0
2080,128.49,0.0
2081,125.586,0.0
2082,131.259,0.0
2083,124.372,0.0
2084,130.199,0.0
2085,127.907,0.0
2086,131.054,0.0
2087,125.511,0.0
2088,120.89,0.0
2089,122.728,0.0
2090,140.139,0.0
2091,133.202,0.0
2092,118.336,0.0
2093,116.506,0.0
2094,115.63,0.0
2095,125.814,0.0
2096,119.456,0.0
2097,115.596,0.0
2098,114.883,0.0
2099,114.844,0.0
2100,126.252,0.0
2101,121.319,0.0
2102,118.518,0.0
2103,117.04,0.0
2104,111.854,0.0
2105,129.984,0.0
2106,115.201,0.0
2107,119.227,0.0
2108,116.348,0.0
2109,110.594,0.0
2110,130.611,0.0
2111,124.642,0.0
2112,118.263,0.0
2113,112.321,0.0
2114,112.818,0.0
2115,119.337,0.0
2116,113.354,0.0
2117,112.676,0.0
2118,108.227,0.0
2119,105.457,0.0
2120,132.586,0.0
2121,120.661,0.0
2122,115.736,0.0
2123,121.402,0.0
2124,120.377,0.0
2125,120.467,0.0
2126,112.846,0.0
2127,122.244,0.0
2128,109.885,0.0
2129,115.277,0.0
2130,119.508,0.0
2131,117.751,0.0
2132,116.201,0.0
2133,109.584,0.0
2134,102.86,0.0
2135,121.774,0.0
2136,112.789,0.0
2137,106.441,0.0
2138,110.699,0.0
2139,105.25,0.0
2140,115.658,0.0
2141,123.861,0.0
2142,115.551,0.0
2143,105.307,0.0
2144,105.004,0.0
2145,111.885,0.0
2146,110.352,0.0
2147,98.6597,0.0
2148,99.1896,0.0
2149,99.5001,0.0
2150,119.387,0.0
2151,112.119,0.0
2152,108.461,0.0
2153,107.446,0.0
2154,108.237,0.0
2155,112.486,0.0
2156,103.202,0.0
2157,99.532,0.0
2158,102.524,0.0
2159,100.626,0.0
2160,104.829,0.0
2161,102.818,0.0
2162,107.059,0.0
2163,108.439,0.0
2164,101.195,0.0
2165,112.677,0.0
2166,103.754,0.0
2167,102.92,0.0
2168,116.425,0.0
2169,103.598,0.0
2170,105.515,0.0
2171,117.951,0.0
2172,108.635,0.0
2173,99.3674,0.0
2174,96.6918,0.0
2175,103.464,0.0
2176,100.49,0.0
2177,98.1534,0.0
2178,96.9524,0.0
2179,98.8763,0.0
2180,120.468,0.0
2181,109.451,0.0
2182,112.476,0.0
2183,102.575,0.0
2184,102.053,0.0
2185,118.732,0.0
2186,98.748,0.0
2187,102.316,0.0
2188,97.48,0.0
2189,94.564,0.0
2190,114.068,0.0
2191,117.354,0.0
2192,108.89,0.0
2193,107.69,0.0
2194,103.528,0.0
2195,108.137,0.0
2196,107.121,0.0
2197,100.98,0.0
2198,97.0955,0.0
2199,99.3484,0.0
2200,109.501,0.0
2201,99.9732,0.0
2202,97.2097,0.0
2203,101.062,0.0
2204,95.8296,0.0
2205,105.903,0.0
2206,99.7806,0.0
2207,94.9188,0.0
2208,98.1068,0.0
2209,94.3381,0.0
2210,114.649,0.0
2211,102.929,0.0
2212,90.3338,0.0
2213,88.4585,0.0
2214,92.9214,0.0
2215,101.374,0.0
2216,100.672,0.0
2217,101.967,0.0
2218,94.5924,0.0
2219,87.7413,0.0
2220,102.104,0.0
2221,97.1069,0.0
2222,96.3548,0.0
2223,93.4312,0.0
2224,99.4383,0.0
2225,109.901,0.0
2226,93.9106,0.0
2227,94.9556,0.0
2228,98.8983,0.0
2229,86.7174,0.0
2230,102.924,0.0
2231,101.676,0.0
2232,88.0164,0.0
2233,89.9374,0.0
2234,93.6972,0.0
2235,103.239,0.0
2236,88.6174,0.0
2237,88.143,0.0
2238,87.4147,0.0
2239,86.5893,0.0
2240,105.866,0.0
2241,91.8841,0.0
2242,100.997,0.0
2243,97.6333,0.0
2244,93.3086,0.0
2245,96.2081,0.0
2246,95.2961,0.0
2247,92.4942,0.0
2248,90.1689,0.0
2249,84.2053,0.0
2250,103.424,0.0
2251,92.9419,0.0
2252,96.7588,0.0
2253,102.742,0.0
2254,85.9513,0.0
2255,102.705,0.0
2256,92.5455,0.0
2257,97.8267,0.0
2258,89.8835,0.0
2259,90.839,0.0
2260,100.122,0.0
2261,103.459,0.0
2262,97.566,0.0
2263,93.859,0.0
2264,92.6166,0.0
2265,93.6861,0.0
2266,83.2318,0.0
2267,87.1225,0.0
2268,86.9777,0.0
2269,85.813,0.0
2270,105.495,0.0
2271,112.182,0.0
2272,94.5829,0.0
2273,91.0769,0.0
2274,86.2073,0.0
2275,98.4623,0.0
2276,90.4047,0.0
2277,90.3913,0.0
2278,86.3263,0.0
2279,84.911,0.0
2280,94.2356,0.0
2281,93.3349,0.0
2282,95.4416,0.0
2283,87.4512,0.0
2284,88.1324,0.0
2285,103.493,0.0
2286,90.3573,0.0
2287,92.8628,0.0
2288,88.6126,0.0
2289,82.4935,0.0
2290,87.1835,0.0
2291,100.004,0.0
2292,87.6527,0.0
2293,86.7413,0.0
2294,88.894,0.0
2295,87.9301,0.0
2296,82.4611,0.0
2297,80.6309,0.0
2298,85.8889,0.0
2299,83.9032,0.0
2300,102.405,0.0
2301,100.34,0.0
2302,95.0135,0.0
2303,90.366,0.0
2304,84.9351,0.0
2305,90.6765,0.0
2306,91.2283,0.0
2307,82.8749,0.0
2308,86.0897,0.0
2309,88.8895,0.0
2310,97.5631,0.0
2311,100.345,0.0
2312,94.4749,0.0
2313,93.5373,0.0
2314,87.1661,0.0
2315,99.6823,0.0
2316,86.097,0.0
2317,86.1989,0.0
2318,90.2133,0.0
2319,94.8815,0.0
2320,96.0447,0.0
2321,97.5474,0.0
2322,93.2537,0.0
2323,90.1781,0.0
2324,94.5165,0.0
2325,97.6379,0.0
2326,90.439,0.0
2327,95.5586,0.0
2328,90.5984,0.0
2329,89.7551,0.0
2330,106.954,0.0
2331,97.5032,0.0
2332,89.8561,0.0
2333,89.1467,0.0
2334,88.5551,0.0
2335,99.7319,0.0
2336,90.3277,0.0
2337,92.6752,0.0
2338,87.9279,0.0
2339,87.3765,0.0
2340,94.0648,0.0
2341,89.8063,0.0
2342,96.4957,0.0
2343,87.1546,0.0
2344,89.271,0.0
2345,101.174,0.0
2346,92.5651,0.0
2347,97.2397,0.0
2348,94.0156,0.0
2349,87.9729,0.0
2350,104.759,0.0
2351,101.265,0.0
2352,94.1626,0.0
2353,91.5257,0.0
2354,90.8493,0.0
2355,93.2554,0.0
2356,89.2096,0.0
2357,86.1801,0.0
2358,87.2744,0.0
2359,87.6478,0.0
2360,113.11,0.0
2361,102.458,0.0
2362,99.2992,0.0
2363,99.2217,0.0
2364,91.7332,0.0
2365,100.875,0.0
2366,97.103,0.0
2367,93.8083,0.0
2368,96.3092,0.0
2369,98.1972,0.0
2370,103.334,0.0
2371,102.275,0.0
2372,104.287,0.0
2373,93.779,0.0
2374,92.9465,0.0
2375,116.998,0.0
2376,93.7252,0.0
2377,96.8228,0.0
2378,98.5924,0.0
2379,94.4286,0.0
2380,103.629,0.0
2381,102.134,0.0
2382,102.788,0.0
2383,93.0635,0.0
2384,96.085,0.0
2385,105.581,0.0
2386,102.45,0.0
2387,91.8757,0.0
2388,93.9635,0.0
2389,96.2551,0.0
2390,122.983,0.0
2391,104.989,0.0
2392,97.0238,0.0
2393,92.0617,0.0
2394,91.607,0.0
2395,106.242,0.0
2396,100.383,0.0
2397,91.2082,0.0
2398,91.8216,0.0
2399,94.4199,0.0
2400,96.9513,0.0
2401,94.9005,0.0
2402,103.952,0.0
2403,97.2089,0.0
2404,95.4739,0.0
2405,109.354,0.0
2406,100.679,0.0
2407,99.4383,0.0
2408,97.6417,0.0
2409,95.7437,0.0
2410,103.465,0.0
2411,102.287,0.0
2412,97.9383,0.0
2413,95.4802,0.0
2414,96.8301,0.0
2415,97.3662,0.0
2416,90.8139,0.0
2417,94.8307,0.0
2418,93.823,0.0
2419,91.6115,0.0
2420,118.448,0.0
2421,103.466,0.0
2422,102.462,0.0
2423,95.2612,0.0
2424,96.1833,0.0
2425,102.032,0.0
2426,100.171,0.0
2427,99.0895,0.0
2428,101.326,0.0
2429,97.4702,0.0
2430,110.31,0.0
2431,100.26,0.0
2432,99.9941,0.0
2433,97.3581,0.0
2434,98.8393,0.0
2435,109.885,0.0
2436,101.31,0.0
2437,93.9157,0.0
2438,98.8457,0.0
2439,99.954,0.0
2440,112.519,0.0
2441,102.709,0.0
2442,100.77,0.0
2443,94.9437,0.0
2444,97.8849,0.0
2445,103.512,0.0
2446,98.1878,0.0
2447,96.9712,0.0
2448,97.4955,0.0
2449,97.114,0.0
2450,116.835,0.0
2451,105.723,0.0
2452,103.004,0.0
2453,104.088,0.0
2454,101.303,0.0
2455,106.26,0.0
2456,103.986,0.0
2457,100.621,0.0
2458,101.896,0.0
2459,98.2727,0.0
2460,107.364,0.0
2461,95.8869,0.0
2462,101.87,0.0
2463,97.2325,0.0
2464,99.3576,0.0
2465,104.97,0.0
2466,99.5216,0.0
2467,97.4102,0.0
2468,101.595,0.0
2469,96.525,0.0
2470,101.944,0.0
2471,105.92,0.0
2472,104.281,0.0
2473,97.7491,0.0
2474,105.683,0.0
2475,104.53,0.0
2476,100.248,0.0
2477,99.4652,0.0
2478,101.601,0.0
2479,99.4172,0.0
2480,124.789,0.0
2481,110.543,0.0
2482,107.862,0.0
2483,103.581,0.0
2484,104.593,0.0
2485,111.603,0.0
2486,103.255,0.0
2487,100.287,0.0
2488,100.411,0.0
2489,101.113,0.0
2490,112.288,0.0
2491,107.193,0.0
2492,104.167,0.0
2493,103.909,0.0
2494,100.721,0.0
2495,115.174,0.0
2496,105.95,0.0
2497,101.127,0.0
2498,100.661,0.0
2499,101.549,0.0
2500,108.246,0.0
2501,107.901,0.0
2502,105.384,0.0
2503,102.091,0.0
2504,100.317,0.0
2505,105.649,0.0
2506,102.944,0.0
2507,106.368,0.0
2508,102.59,0.0
2509,100.948,0.0
2510,125.23,0.0
2511,110.822,0.0
2512,104.622,0.0
2513,102.37,0.0
2514,105.37,0.0
2515,102.841,0.0
2516,104.745,0.0
2517,102.677,0.0
2518,101.179,0.0
2519,98.3163,0.0
2520,106.128,0.0
2521,101.449,0.0
2522,105.042,0.0
2523,103.894,0.0
2524,101.954,0.0
2525,111.43,0.0
2526,106.36,0.0
2527,105.78,0.0
2528,104.373,0.0
2529,105.557,0.0
2530,111.023,0.0
2531,109.417,0.0
2532,108.37,0.0
2533,103.439,0.0
2534,107.122,0.0
2535,109.951,0.0
2536,103.7,0.0
2537,103.508,0.0
2538,100.644,0.0
2539,104.016,0.0
2540,125.366,0.0
2541,115.799,0.0
2542,111.207,0.0
2543,108.641,0.0
2544,105.145,0.0
2545,110.736,0.0
2546,109.266,0.0
2547,106.958,0.0
2548,106.696,0.0
2549,104.583,0.0
2550,114.882,0.0
2551,109.852,0.0
2552,111.563,0.0
2553,105.118,0.0
2554,105.743,0.0
2555,121.929,0.0
2556,113.306,0.0
2557,105.287,0.0
2558,114.425,0.0
2559,110.45,0.0
2560,116.591,0.0
2561,112.995,0.0
2562,110.564,0.0
2563,111.377,0.0
2564,111.717,0.0
2565,116.924,0.0
2566,109.966,0.0
2567,109.473,0.0
2568,104.515,0.0
2569,106.964,0.0
2570,124.004,0.0
2571,117.091,0.0
2572,111.983,0.0
2573,105.091,0.0
2574,107.594,0.0
2575,113.932,0.0
2576,108.956,0.0
2577,110.343,0.0
2578,110.054,0.0
2579,108.267,0.0
2580,118.649,0.0
2581,113.568,0.0
2582,112.439,0.0
2583,110.184,0.0
2584,107.333,0.0
2585,120.832,0.0
2586,110.702,0.0
2587,109.39,0.0
2588,108.516,0.0
2589,114.002,0.0
2590,114.909,0.0
2591,116.058,0.0
2592,108.32,0.0
2593,108.797,0.0
2594,113.469,0.0
2595,116.449,0.0
2596,109.672,0.0
2597,110.252,0.0
2598,109.248,0.0
2599,108.997,0.0
2600,130.09,0.0
2601,121.482,0.0
2602,120.252,0.0
2603,112.092,0.0
2604,111.267,0.0
2605,114.761,0.0
2606,108.966,0.0
2607,109.511,0.0
2608,108.838,0.0
2609,109.1,0.0
2610,113.842,0.0
2611,116.246,0.0
2612,117.798,0.0
2613,114.812,0.0
2614,111.934,0.0
2615,123.377,0.0
2616,112.628,0.0
2617,114.111,0.0
2618,115.148,0.0
2619,116.592,0.0
2620,123.281,0.0
2621,116.343,0.0
2622,114.866,0.0
2623,114.04,0.0
2624,115.466,0.0
2625,118.632,0.0
2626,112.314,0.0
2627,111.837,0.0
2628,111.557,0.0
2629,111.873,0.0
2630,132.042,0.0
2631,122.003,0.0
2632,120.547,0.0
2633,114.275,0.0
2634,109.549,0.0
2635,116.681,0.0
2636,116.556,0.0
2637,118.724,0.0
2638,117.202,0.0
2639,113.424,0.0
2640,122.029,0.0
2641,114.248,0.0
2642,120.376,0.0
2643,117.962,0.0
2644,113.045,0.0
2645,122.964,0.0
2646,115.865,0.0
2647,116.631,0.0
2648,120.295,0.0
2649,116.798,0.0
2650,122.752,0.0
2651,119.453,0.0
2652,117.195,0.0
2653,119.38,0.0
2654,119.423,0.0
2655,122.44,0.0
2656,115.474,0.0
2657,114.28,0.0
2658,116.607,0.0
2659,113.503,0.0
2660,131.594,0.0
2661,123.092,0.0
2662,114.52,0.0
2663,117.477,0.0
2664,114.815,0.0
2665,121.138,0.0
2666,114.101,0.0
2667,114.967,0.0
2668,117.14,0.0
2669,115.939,0.0
2670,127.56,0.0
2671,120.101,0.0
2672,118.02,0.0
2673,117.874,0.0
2674,113.737,0.0
2675,132.13,0.0
2676,119.292,0.0
2677,118.616,0.0
2678,117.266,0.0
2679,117.246,0.0
2680,123.83,0.0
2681,124.086,0.0
2682,116.354,0.0
2683,114.053,0.0
2684,119.78,0.0
2685,126.985,0.0
2686,117.268,0.0
2687,115.67,0.0
2688,115.652,0.0
2689,112.802,0.0
2690,137.536,0.0
2691,125.254,0.0
2692,124.554,0.0
2693,116.608,0.0
2694,120.531,0.0
2695,122.501,0.0
2696,123.613,0.0
2697,117.268,0.0
2698,118.958,0.0
2699,116.89,0.0
2700,119.559,0.0
2701,120.792,0.0
2702,120.216,0.0
2703,123.6,0.0
2704,123.095,0.0
2705,124.149,0.0
2706,116.512,0.0
2707,120.019,0.0
2708,118.158,0.0
2709,119.438,0.0
2710,134.361,0.0
2711,130.802,0.0
2712,122.684,0.0
2713,124.184,0.0
2714,120.694,0.0
2715,123.499,0.0
2716,117.467,0.0
2717,114.156,0.0
2718,114.982,0.0
2719,114.116,0.0
2720,131.241,0.0
2721,121.283,0.0
2722,120.094,0.0
2723,117.59,0.0
2724,119.763,0.0
2725,120.022,0.0
2726,116.808,0.0
2727,113.938,0.0
2728,116.596,0.0
2729,114.053,0.0
2730,122.4,0.0
2731,118.257,0.0
2732,122.259,0.0
2733,117.052,0.0
2734,116.416,0.0
2735,131.574,0.0
2736,113.589,0.0
2737,119.528,0.0
2738,117.765,0.0
2739,114.99,0.0
2740,128.221,0.0
2741,130.751,0.0
2742,118.976,0.0
2743,118.813,0.0
2744,116.832,0.0
2745,118.632,0.0
2746,115.887,0.0
2747,114.573,0.0
2748,112.708,0.0
2749,116.111,0.0
2750,134.459,0.0
2751,123.221,0.0
2752,119.348,0.0
2753,114.837,0.0
2754,112.558,0.0
2755,119.75,0.0
2756,110.946,0.0
2757,114.997,0.0
2758,116.633,0.0
2759,117.292,0.0
2760,116.797,0.0
2761,117.547,0.0
2762,116.658,0.0
2763,112.82,0.0
2764,113.593,0.0
2765,120.391,0.0
2766,115.38,0.0
2767,112.228,0.0
2768,114.124,0.0
2769,110.626,0.0
2770,117.084,0.0
2771,118.637,0.0
2772,117.026,0.0
2773,115.72,0.0
2774,114.297,0.0
2775,119.629,0.0
2776,113.766,0.0
2777,113.706,0.0
2778,112.121,0.0
2779,113.014,0.0
2780,125.495,0.0
2781,114.693,0.0
2782,109.98,0.0
2783,110.259,0.0
2784,110.575,0.0
2785,114.641,0.0
2786,109.541,0.0
2787,114.982,0.0
2788,113.738,0.0
2789,112.233,0.0
2790,120.385,0.0
2791,112.01,0.0
2792,115.938,0.0
2793,108.856,0.0
2794,111.879,0.0
2795,119.695,0.0
2796,112.764,0.0
2797,113.565,0.0
2798,111.857,0.0
2799,111.85,0.0
2800,115.504,0.0
2801,112.69,0.0
2802,112.303,0.0
2803,114.819,0.0
2804,113.017,0.0
2805,116.51,0.0
2806,111.243,0.0
2807,107.951,0.0
2808,108.808,0.0
2809,108.465,0.0
2810,122.915,0.0
2811,114.242,0.0
2812,114.425,0.0
2813,106.601,0.0
2814,110.682,0.0
2815,113.368,0.0
2816,111.184,0.0
2817,111.495,0.0
2818,110.201,0.0
2819,106.375,0.0
2820,113.854,0.0
2821,111.005,0.0
2822,111.882,0.0
2823,111.665,0.0
2824,107.202,0.0
2825,117.14,0.0
2826,113.556,0.0
2827,113.767,0.0
2828,113.929,0.0
2829,109.459,0.0
2830,113.998,0.0
2831,115.385,0.0
2832,113.521,0.0
2833,114.905,0.0
2834,113.541,0.0
2835,111.695,0.0
2836,108.169,0.0
2837,105.295,0.0
2838,105.991,0.0
2839,107.986,0.0
2840,124.09,0.0
2841,114.869,0.0
2842,110.516,0.0
2843,109.903,0.0
2844,106.759,0.0
2845,112.106,0.0
2846,111.199,0.0
2847,107.052,0.0
2848,109.685,0.0
2849,108.986,0.0
2850,115.931,0.0
2851,111.45,0.0
2852,110.064,0.0
2853,111.172,0.0
2854,114.537,0.0
2855,113.99,0.0
2856,109.147,0.0
2857,109.897,0.0
2858,107.318,0.0
2859,107.954,0.0
2860,115.709,0.0
2861,113.038,0.0
2862,111.166,0.0
2863,108.759,0.0
2864,110.809,0.0
2865,113.331,0.0
2866,110.882,0.0
2867,109.578,0.0
2868,106.315,0.0
2869,105.405,0.0
2870,121.529,0.0
2871,108.27,0.0
2872,109.609,0.0
2873,109.226,0.0
2874,110.208,0.0
2875,110.119,0.0
2876,110.221,0.0
2877,108.455,0.0
2878,106.681,0.0
2879,107.804,0.0
2880,110.343,0.0
2881,107.894,0.0
2882,107.986,0.0
2883,104.813,0.0
2884,107.744,0.0
2885,112.867,0.0
2886,108.277,0.0
2887,109.116,0.0
2888,109.452,0.0
2889,109.405,0.0
2890,113.586,0.0
2891,112.353,0.0
2892,109.305,0.0
2893,109.761,0.0
2894,110.137,0.0
2895,112.292,0.0
2896,106.518,0.0
2897,103.331,0.0
2898,104.633,0.0
2899,105.968,0.0
2900,122.41,0.0
2901,108.823,0.0
2902,108.652,0.0
2903,108.797,0.0
2904,107.181,0.0
2905,108.707,0.0
2906,108.111,0.0
2907,109.543,0.0
2908,106.56,0.0
2909,105.36,0.0
2910,113.02,0.0
2911,108.189,0.0
2912,108.174,0.0
2913,107.375,0.0
2914,108.03,0.0
2915,115.791,0.0
2916,109.821,0.0
2917,108.784,0.0
2918,110.239,0.0
2919,110.101,0.0
2920,114.698,0.0
2921,111.974,0.0
2922,107.993,0.0
2923,107.308,0.0
2924,108.691,0.0
2925,110.024,0.0
2926,105.062,0.0
2927,104.061,0.0
2928,105.662,0.0
2929,104.774,0.0
2930,117.089,0.0
2931,109.869,0.0
2932,108.188,0.0
2933,107.012,0.0
2934,107.608,0.0
2935,110.021,0.0
2936,110.598,0.0
2937,119.153,0.0
2938,111.884,0.0
2939,112.448,0.0
2940,115.281,0.0
2941,106.856,0.0
2942,108.888,0.0
2943,108.135,0.0
2944,109.275,0.0
2945,116.489,0.0
2946,113.959,0.0
2947,110.773,0.0
2948,111.736,0.0
2949,111.224,0.0
2950,114.233,0.0
2951,109.705,0.0
2952,107.118,0.0
2953,112.465,0.0
2954,111.09,0.0
2955,112.351,0.0
2956,106.465,0.0
2957,106.329,0.0
2958,106.841,0.0
2959,106.092,0.0
2960,126.246,0.0
2961,115.786,0.0
2962,116.269,0.0
2963,114.621,0.0
2964,107.791,0.0
2965,110.542,0.0
2966,108.76,0.0
2967,107.098,0.0
2968,118.576,0.0
2969,118.93,0.0
2970,118.045,0.0
2971,115.811,0.0
2972,115.266,0.0
2973,112.238,0.0
2974,111.895,0.0
2975,117.949,0.0
2976,113.334,0.0
2977,111.704,0.0
2978,113.03,0.0
2979,112.751,0.0
2980,121.341,0.0
2981,114.984,0.0
2982,112.129,0.0
2983,114.532,0.0
2984,115.642,0.0
2985,115.777,0.0
2986,112.677,0.0
2987,109.785,0.0
2988,109.304,0.0
2989,111.869,0.0
2990,126.153,0.0
2991,115.424,0.0
2992,115.921,0.0
2993,112.898,0.0
2994,110.212,0.0
2995,114.717,0.0
2996,113.92,0.0
2997,114.059,0.0
2998,111.149,0.0
2999,111.485,0.0
3000,114.18,0.0
3001,111.139,0.0
3002,112.193,0.0
3003,110.89,0.0
3004,111.047,0.0
3005,119.213,0.0
3006,112.273,0.0
3007,122.647,0.0
3008,122.22,0.0
3009,117.512,0.0
3010,122.715,0.0
3011,117.317,0.0
3012,118.077,0.0
3013,115.295,0.0
3014,116.671,0.0
3015,115.942,0.0
3016,114.156,0.0
3017,109.62,0.0
3018,109.056,0.0
3019,109.536,0.0
3020,128.144,0.0
3021,116.586,0.0
3022,116.257,0.0
3023,112.176,0.0
3024,113.149,0.0
3025,115.666,0.0
3026,111.877,0.0
3027,113.215,0.0
3028,111.693,0.0
3029,111.435,0.0
3030,114.894,0.0
3031,114.016,0.0
3032,113.939,0.0
3033,111.795,0.0
3034,115.911,0.0
3035,121.965,0.0
3036,116.164,0.0
3037,115.074,0.0
3038,117.657,0.0
3039,113.205,0.0
3040,124.833,0.0
3041,118.576,0.0
3042,115.869,0.0
3043,117.822,0.0
3044,118.764,0.0
3045,120.149,0.0
3046,116.439,0.0
3047,115.865,0.0
3048,118.591,0.0
3049,114.847,0.0
3050,127.435,0.0
3051,121.411,0.0
3052,121.565,0.0
3053,119.234,0.0
3054,116.253,0.0
3055,117.265,0.0
3056,119.851,0.0
3057,118.693,0.0
3058,117.826,0.0
3059,116.945,0.0
3060,121.471,0.0
3061,122.219,0.0
3062,119.843,0.0
3063,119.19,0.0
3064,118.588,0.0
3065,124.393,0.0
3066,122.71,0.0
3067,119.463,0.0
3068,122.043,0.0
3069,121.363,0.0
3070,124.473,0.0
3071,123.773,0.0
3072,125.473,0.0
3073,123.966,0.0
3074,126.682,0.0
3075,126.202,0.0
3076,123.205,0.0
3077,119.764,0.0
3078,121.258,0.0
3079,118.966,0.0
3080,137.362,0.0
3081,125.219,0.0
3082,125.147,0.0
3083,122.75,0.0
3084,119.876,0.0
3085,124.342,0.0
3086,121.112,0.0
3087,121.154,0.0
3088,122.313,0.0
3089,120.544,0.0
3090,125.787,0.0
3091,121.954,0.0
3092,122.063,0.0
3093,123.726,0.0
3094,124.593,0.0
3095,131.144,0.0
3096,121.555,0.0
3097,123.503,0.0
3098,123.768,0.0
3099,123.2,0.0
3100,131.173,0.0
3101,126.703,0.0
3102,128.688,0.0
3103,131.028,0.0
3104,130.209,0.0
3105,132.659,0.0
3106,129.981,0.0
3107,128.645,0.0
3108,124.804,0.0
3109,123.791,0.0
3110,138.629,0.0
3111,130.611,0.0
3112,126.499,0.0
3113,125.66,0.0
3114,125.234,0.0
3115,126.687,0.0
3116,126.016,0.0
3117,129.951,0.0
3118,128.227,0.0
3119,127.143,0.0
3120,132.019,0.0
3121,129.417,0.0
3122,128.264,0.0
3123,126.964,0.0
3124,129.722,0.0
3125,134.168,0.0
3126,129.874,0.0
3127,128.287,0.0
3128,133.444,0.0
3129,128.171,0.0
3130,136.888,0.0
3131,135.624,0.0
3132,137.097,0.0
3133,133.975,0.0
3134,131.971,0.0
3135,134.989,0.0
3136,132.249,0.0
3137,127.654,0.0
3138,127.564,0.0
3139,127.938,0.0
3140,145.326,0.0
3141,137.058,0.0
3142,133.654,0.0
3143,131.222,0.0
3144,132.328,0.0
3145,135.276,0.0
3146,131.926,0.0
3147,134.96,0.0
3148,139.024,0.0
3149,139.221,0.0
3150,140.522,0.0
3151,138.062,0.0
3152,135.101,0.0
3153,135.489,0.0
3154,135.956,0.0
3155,142.006,0.0
3156,135.7,0.0
3157,135.132,0.0
3158,138.093,0.0
3159,143.194,0.0
3160,146.567,0.0
3161,141.855,0.0
3162,142.48,0.0
3163,138.673,0.0
3164,135.229,0.0
3165,138.983,0.0
3166,137.684,0.0
3167,137.766,0.0
3168,138.79,0.0
3169,137.227,0.0
3170,148.207,0.0
3171,137.214,0.0
3172,138.637,0.0
3173,141.332,0.0
3174,142.894,0.0
3175,145.6,0.0
3176,139.382,0.0
3177,138.646,0.0
3178,142.248,0.0
3179,137.564,0.0
3180,143.853,0.0
3181,147.622,0.0
3182,143.449,0.0
3183,141.805,0.0
3184,147.787,0.0
3185,149.986,0.0
3186,145.409,0.0
3187,142.783,0.0
3188,145.16,0.0
3189,146.37,0.0
3190,152.09,0.0
3191,150.6,0.0
3192,150.996,0.0
3193,148.681,0.0
3194,150.419,0.0
3195,147.874,0.0
3196,153.765,0.0
3197,153.106,0.0
3198,149.874,0.0
3199,143.177,0.0
3200,161.094,0.0
3201,150.438,0.0
3202,148.762,0.0
3203,143.338,0.0
3204,143.534,0.0
3205,151.964,0.0
3206,150.541,0.0
3207,151.61,0.0
3208,148.761,0.0
3209,152.26,0.0
3210,151.924,0.0
3211,151.191,0.0
3212,150.92,0.0
3213,152.337,0.0
3214,153.286,0.0
3215,162.744,0.0
3216,155.888,0.0
3217,154.081,0.0
3218,157.693,0.0
3219,157.037,0.0
3220,160.681,0.0
3221,158.142,0.0
3222,160.222,0.0
3223,155.248,0.0
3224,153.654,0.0
3225,158.83,0.0
3226,160.244,0.0
3227,157.683,0.0
3228,149.965,0.0
3229,150.174,0.0
3230,170.921,0.0
3231,164.843,0.0
3232,161.506,0.0
3233,157.741,0.0
3234,156.349,0.0
3235,163.457,0.0
3236,155.644,0.0
3237,151.587,0.0
3238,150.534,0.0
3239,150.405,0.0
3240,160.188,0.0
3241,152.718,0.0
3242,155.495,0.0
3243,149.361,0.0
3244,153.516,0.0
3245,163.79,0.0
3246,159.823,0.0
3247,163.51,0.0
3248,156.483,0.0
3249,154.946,0.0
3250,162.916,0.0
3251,161.877,0.0
3252,161.257,0.0
3253,160.568,0.0
3254,162.909,0.0
3255,163.512,0.0
3256,161.04,0.0
3257,154.608,0.0
3258,157.365,0.0
3259,155.609,0.0
3260,178.119,0.0
3261,160.658,0.0
3262,166.064,0.0
3263,164.355,0.0
3264,168.552,0.0
3265,166.033,0.0
3266,166.205,0.0
3267,161.103,0.0
3268,165.968,0.0
3269,167.5,0.0
3270,170.231,0.0
3271,166.865,0.0
3272,173.223,0.0
3273,162.583,0.0
3274,167.24,0.0
3275,172.441,0.0
3276,163.423,0.0
3277,167.088,0.0
3278,165.34,0.0
3279,157.475,0.0
3280,168.67,0.0
3281,169.419,0.0
3282,173.368,0.0
3283,172.977,0.0
3284,172.632,0.0
3285,169.105,0.0
3286,163.889,0.0
3287,163.898,0.0
3288,166.578,0.0
3289,170.177,0.0
3290,183.406,0.0
3291,166.98,0.0
3292,166.154,0.0
3293,163.65,0.0
3294,166.626,0.0
3295,168.192,0.0
3296,168.296,0.0
3297,169.196,0.0
3298,166.212,0.0
3299,166.837,0.0
3300,172.329,0.0
3301,169.257,0.0
3302,168.014,0.0
3303,168.342,0.0
3304,167.736,0.0
3305,177.394,0.0
3306,176.242,0.0
3307,174.248,0.0
3308,176.63,0.0
3309,169.494,0.0
3310,174.229,0.0
3311,172.717,0.0
3312,171.071,0.0
3313,167.739,0.0
3314,173.45,0.0
3315,175.228,0.0
3316,173.484,0.0
3317,171.631,0.0
3318,172.934,0.0
3319,172.924,0.0
3320,198.185,0.0
3321,180.208,0.0
3322,177.86,0.0
3323,167.014,0.0
3324,171.731,0.0
3325,169.805,0.0
3326,168.539,0.0
3327,170.429,0.0
3328,174.933,0.0
3329,174.184,0.0
3330,179.01,0.0
3331,173.599,0.0
3332,174.796,0.0
3333,179.896,0.0
3334,174.913,0.0
3335,189.933,0.0
3336,176.335,0.0
3337,178.553,0.0
3338,172.877,0.0
3339,172.285,0.0
3340,176.64,0.0
3341,171.197,0.0
3342,170.668,0.0
3343,171.142,0.0
3344,171.069,0.0
3345,170.675,0.0
3346,170.018,0.0
3347,174.86,0.0
3348,171.425,0.0
3349,173.422,0.0
3350,190.386,0.0
3351,176.856,0.0
3352,179.226,0.0
3353,168.237,0.0
3354,168.524,0.0
3355,175.4,0.0
3356,168.603,0.0
3357,167.773,0.0
3358,166.935,0.0
3359,165.978,0.0
3360,169.35,0.0
3361,174.164,0.0
3362,172.639,0.0
3363,167.026,0.0
3364,167.842,0.0
3365,183.018,0.0
3366,176.452,0.0
3367,172.712,0.0
3368,170.501,0.0
3369,170.268,0.0
3370,172.87,0.0
3371,172.401,0.0
3372,173.213,0.0
3373,168.832,0.0
3374,168.189,0.0
3375,171.379,0.0
3376,178.4,0.0
3377,169.846,0.0
3378,163.381,0.0
3379,169.326,0.0
3380,201.995,0.0
3381,179.009,0.0
3382,177.656,0.0
3383,180.381,0.0
3384,168.31,0.0
3385,180.805,0.0
3386,169.383,0.0
3387,163.989,0.0
3388,165.623,0.0
3389,164.055,0.0
3390,166.851,0.0
3391,171.22,0.0
3392,163.134,0.0
3393,160.026,0.0
3394,156.959,0.0
3395,173.058,0.0
3396,161.282,0.0
3397,160.617,0.0
3398,156.49,0.0
3399,160.008,0.0
3400,161.948,0.0
3401,160.844,0.0
3402,159.98,0.0
3403,157.309,0.0
3404,152.63,0.0
3405,160.726,0.0
3406,156.662,0.0
3407,154.678,0.0
3408,157.64,0.0
3409,151.424,0.0
3410,169.623,0.0
3411,162.152,0.0
3412,160.449,0.0
3413,156.595,0.0
3414,157.343,0.0
3415,157.307,0.0
3416,153.751,0.0
3417,152.599,0.0
3418,160.15,0.0
3419,155.709,0.0
3420,158.173,0.0
3421,157.45,0.0
3422,157.012,0.0
3423,154.745,0.0
3424,152.623,0.0
3425,158.732,0.0
3426,153.452,0.0
3427,155.617,0.0
3428,145.144,0.0
3429,148.613,0.0
3430,152.356,0.0
3431,150.648,0.0
3432,147.402,0.0
3433,148.371,0.0
3434,146.199,0.0
3435,153.455,0.0
3436,150.258,0.0
3437,146.052,0.0
3438,142.881,0.0
3439,144.885,0.0
3440,165.378,0.0
3441,147.893,0.0
3442,145.103,0.0
3443,141.446,0.0
3444,141.523,0.0
3445,142.574,0.0
3446,142.79,0.0
3447,138.166,0.0
3448,138.688,0.0
3449,135.031,0.0
3450,145.194,0.0
3451,140.661,0.0
3452,143.892,0.0
3453,142.788,0.0
3454,140.132,0.0
3455,153.905,0.0
3456,142.966,0.0
3457,137.846,0.0
3458,143.288,0.0
3459,143.971,0.0
3460,144.4,0.0
3461,146.611,0.0
3462,140.66,0.0
3463,135.26,0.0
3464,146.824,0.0
3465,139.701,0.0
3466,135.195,0.0
3467,134.713,0.0
3468,130.004,0.0
3469,136.876,0.0
3470,150.868,0.0
3471,139.239,0.0
3472,136.137,0.0
3473,134.122,0.0
3474,146.048,0.0
3475,141.341,0.0
3476,131.71,0.0
3477,129.182,0.0
3478,127.507,0.0
3479,131.535,0.0
3480,136.033,0.0
3481,134.401,0.0
3482,131.441,0.0
3483,131.193,0.0
3484,129.885,0.0
3485,131.048,0.0
3486,131.155,0.0
3487,126.783,0.0
3488,132.748,0.0
3489,129.122,0.0
3490,128.898,0.0
3491,128.204,0.0
3492,135.973,0.0
3493,131.283,0.0
3494,128.026,0.0
3495,120.516,0.0
3496,118.223,0.0
3497,122.924,0.0
3498,120.461,0.0
3499,121.807,0.0
3500,143.925,0.0
3501,122.727,0.0
3502,128.143,0.0
3503,121.731,0.0
3504,121.968,0.0
3505,125.677,0.0
3506,121.917,0.0
3507,120.163,0.0
3508,119.719,0.0
3509,117.103,0.0
3510,127.842,0.0
3511,123.126,0.0
3512,121.351,0.0
3513,119.151,0.0
3514,120.06,0.0
3515,129.901,0.0
3516,118.519,0.0
3517,117.556,0.0
3518,120.66,0.0
3519,119.892,0.0
3520,129.448,0.0
3521,123.736,0.0
3522,124.142,0.0
3523,116.24,0.0
3524,114.536,0.0
3525,123.548,0.0
3526,120.205,0.0
3527,126.223,0.0
3528,124.63,0.0
3529,114.035,0.0
3530,136.951,0.0
3531,129.865,0.0
3532,118.099,0.0
3533,114.516,0.0
3534,112.371,0.0
3535,121.799,0.0
3536,126.191,0.0
3537,114.398,0.0
3538,114.816,0.0
3539,114.78,0.0
3540,119.41,0.0
3541,123.616,0.0
3542,116.433,0.0
3543,115.506,0.0
3544,109.837,0.0
3545,122.014,0.0
3546,112.27,0.0
3547,110.095,0.0
3548,111.683,0.0
3549,105.659,0.0
3550,112.702,0.0
3551,109.645,0.0
3552,111.26,0.0
3553,105.929,0.0
3554,110.357,0.0
3555,113.904,0.0
3556,105.177,0.0
3557,106.157,0.0
3558,106.073,0.0
3559,102.348,0.0
3560,126.324,0.0
3561,114.87,0.0
3562,106.439,0.0
3563,105.015,0.0
3564,103.634,0.0
3565,111.135,0.0
3566,104.785,0.0
3567,108.615,0.0
3568,109.017,0.0
3569,104.223,0.0
3570,116.67,0.0
3571,111.059,0.0
3572,108.888,0.0
3573,108.127,0.0
3574,101.548,0.0
3575,124.095,0.0
3576,114.102,0.0
3577,107.97,0.0
3578,105.035,0.0
3579,101.28,0.0
3580,109.14,0.0
3581,108.833,0.0
3582,102.685,0.0
3583,99.6315,0.0
3584,97.8017,0.0
3585,103.081,0.0
3586,99.9408,0.0
3587,97.678,0.0
3588,96.2197,0.0
3589,97.8783,0.0
3590,122.075,0.0
3591,108.456,0.0
3592,101.814,0.0
3593,103.312,0.0
3594,101.473,0.0
3595,101.722,0.0
3596,97.6424,0.0
3597,98.2001,0.0
3598,94.8041,0.0
3599,94.5484,0.0
3600,100.92,0.0
3601,98.0885,0.0
3602,97.7077,0.0
3603,96.2323,0.0
3604,98.6939,0.0
3605,100.31,0.0
3606,91.723,0.0
3607,95.3842,0.0
3608,93.944,0.0
3609,89.9239,0.0
3610,99.7106,0.0
3611,94.9658,0.0
3612,95.2167,0.0
3613,90.3021,0.0
3614,92.4218,0.0
3615,94.2383,0.0
3616,91.0436,0.0
3617,89.0798,0.0
3618,88.8736,0.0
3619,87.5105,0.0
3620,112.191,0.0
3621,94.97,0.0
3622,94.8415,0.0
3623,94.0148,0.0
3624,94.041,0.0
3625,97.2619,0.0
3626,98.7767,0.0
3627,94.3514,0.0
3628,93.5092,0.0
3629,93.0792,0.0
3630,104.611,0.0
3631,100.546,0.0
3632,107.433,0.0
3633,94.1031,0.0
3634,97.1733,0.0
3635,104.312,0.0
3636,94.1043,0.0
3637,97.2306,0.0
3638,99.5375,0.0
3639,97.3761,0.0
3640,101.59,0.0
3641,100.113,0.0
3642,100.1,0.0
3643,102.169,0.0
3644,97.5959,0.0
3645,104.662,0.0
3646,97.9678,0.0
3647,93.2142,0.0
3648,89.6766,0.0
3649,95.9694,0.0
3650,115.772,0.0
3651,101.242,0.0
3652,93.6724,0.0
3653,101.79,0.0
3654,96.2209,0.0
3655,101.457,0.0
3656,95.244,0.0
3657,93.9354,0.0
3658,91.8954,0.0
3659,92.9865,0.0
3660,104.834,0.0
3661,105.068,0.0
3662,105.582,0.0
3663,96.7349,0.0
3664,90.5898,0.0
3665,99.5738,0.0
3666,93.332,0.0
3667,93.8419,0.0
3668,90.7293,0.0
3669,91.7278,0.0
3670,95.8869,0.0
3671,90.6361,0.0
3672,88.3596,0.0
3673,90.0781,0.0
3674,86.8847,0.0
3675,94.0256,0.0
3676,87.2321,0.0
3677,87.1082,0.0
3678,88.6394,0.0
3679,88.9726,0.0
3680,108.094,0.0
3681,93.4868,0.0
3682,90.5206,0.0
3683,93.6779,0.0
3684,92.7756,0.0
3685,96.9241,0.0
3686,91.7406,0.0
3687,95.0092,0.0
3688,95.2548,0.0
3689,88.0762,0.0
3690,102.707,0.0
3691,100.179,0.0
3692,102.612,0.0
3693,97.5657,0.0
3694,95.3609,0.0
3695,106.629,0.0
3696,96.5096,0.0
3697,92.823,0.0
3698,92.8409,0.0
3699,88.0864,0.0
3700,99.2674,0.0
3701,94.4276,0.0
3702,95.163,0.0
3703,92.8308,0.0
3704,90.3622,0.0
3705,94.2664,0.0
3706,87.0018,0.0
3707,91.0141,0.0
3708,90.1409,0.0
3709,89.1475,0.0
3710,113.065,0.0
3711,102.317,0.0
3712,93.8269,0.0
3713,91.3847,0.0
3714,92.3335,0.0
3715,94.5395,0.0
3716,99.5619,0.0
3717,88.8135,0.0
3718,93.4098,0.0
3719,89.3138,0.0
3720,96.8621,0.0
3721,97.0131,0.0
3722,93.3758,0.0
3723,93.9599,0.0
3724,92.2418,0.0
3725,98.3816,0.0
3726,94.4351,0.0
3727,95.4119,0.0
3728,91.5454,0.0
3729,92.686,0.0
3730,94.1731,0.0
3731,91.6662,0.0
3732,88.5384,0.0
3733,87.3099,0.0
3734,93.9062,0.0
3735,90.6929,0.0
3736,93.6646,0.0
3737,90.1683,0.0
3738,88.1968,0.0
3739,86.9841,0.0
3740,108.435,0.0
3741,100.614,0.0
3742,99.83,0.0
3743,93.3269,0.0
3744,96.2745,0.0
3745,96.873,0.0
3746,91.0675,0.0
3747,89.0134,0.0
3748,88.5605,0.0
3749,90.854,0.0
3750,107.167,0.0
3751,100.884,0.0
3752,101.101,0.0
3753,95.6571,0.0
3754,96.487,0.0
3755,102.251,0.0
3756,105.107,0.0
3757,97.458,0.0
3758,96.5326,0.0
3759,96.1164,0.0
3760,102.943,0.0
3761,96.2158,0.0
3762,94.4106,0.0
3763,92.2024,0.0
3764,91.9476,0.0
3765,100.224,0.0
3766,98.6404,0.0
3767,95.6314,0.0
3768,93.0732,0.0
3769,93.1231,0.0
3770,115.54,0.0
3771,99.5459,0.0
3772,111.055,0.0
3773,102.208,0.0
3774,101.412,0.0
3775,100.681,0.0
3776,101.667,0.0
3777,99.2817,0.0
3778,98.1716,0.0
3779,96.9592,0.0
3780,103.278,0.0
3781,99.5689,0.0
3782,102.42,0.0
3783,96.4852,0.0
3784,98.5639,0.0
3785,108.189,0.0
3786,102.541,0.0
3787,100.097,0.0
3788,100.17,0.0
3789,99.4375,0.0
3790,104.846,0.0
3791,98.8661,0.0
3792,102.792,0.0
3793,100.34,0.0
3794,101.614,0.0
3795,96.8705,0.0
3796,100.492,0.0
3797,99.1737,0.0
3798,95.9122,0.0
3799,100.779,0.0
3800,127.986,0.0
3801,112.071,0.0
3802,109.206,0.0
3803,108.075,0.0
3804,105.937,0.0
3805,110.12,0.0
3806,108.5,0.0
3807,104.141,0.0
3808,106.531,0.0
3809,106.24,0.0
3810,113.067,0.0
3811,113.996,0.0
3812,108.872,0.0
3813,105.112,0.0
3814,107.496,0.0
3815,120.456,0.0
3816,108.845,0.0
3817,106.836,0.0
3818,108.242,0.0
3819,106.943,0.0
3820,112.473,0.0
3821,112.048,0.0
3822,108.591,0.0
3823,107.507,0.0
3824,105.577,0.0
3825,109.529,0.0
3826,108.155,0.0
3827,107.629,0.0
3828,114.208,0.0
3829,109.858,0.0
3830,134.923,0.0
3831,119.965,0.0
3832,117.744,0.0
3833,113.214,0.0
3834,111.643,0.0
3835,117.812,0.0
3836,113.762,0.0
3837,113.533,0.0
3838,110.433,0.0
3839,113.274,0.0
3840,115.666,0.0
3841,116.25,0.0
3842,116.226,0.0
3843,112.5,0.0
3844,108.045,0.0
3845,118.328,0.0
3846,113.014,0.0
3847,108.392,0.0
3848,110.05,0.0
3849,107.692,0.0
3850,112.391,0.0
3851,112.807,0.0
3852,107.417,0.0
3853,104.82,0.0
3854,107.359,0.0
3855,109.182,0.0
3856,112.959,0.0
3857,109.545,0.0
3858,110.312,0.0
3859,106.051,0.0
3860,126.699,0.0
3861,112.013,0.0
3862,110.361,0.0
3863,109.246,0.0
3864,105.478,0.0
3865,111.042,0.0
3866,112.244,0.0
3867,109.52,0.0
3868,110.987,0.0
3869,107.239,0.0
3870,113.641,0.0
3871,107.139,0.0
3872,102.583,0.0
3873,102.616,0.0
3874,101.728,0.0
3875,110.716,0.0
3876,102.815,0.0
3877,103.605,0.0
3878,104.338,0.0
3879,102.693,0.0
3880,109.703,0.0
3881,106.457,0.0
3882,109.178,0.0
3883,107.033,0.0
3884,110.244,0.0
3885,103.117,0.0
3886,99.516,0.0
3887,99.6746,0.0
3888,96.9032,0.0
3889,99.668,0.0
3890,117.42,0.0
3891,110.37,0.0
3892,108.368,0.0
3893,109.17,0.0
3894,105.454,0.0
3895,106.57,0.0
3896,100.512,0.0
3897,104.308,0.0
3898,104.811,0.0
3899,104.777,0.0
3900,107.327,0.0
3901,99.4242,0.0
3902,107.904,0.0
3903,106.607,0.0
3904,98.1549,0.0
3905,109.716,0.0
3906,100.814,0.0
3907,103.66,0.0
3908,104.535,0.0
3909,106.393,0.0
3910,114.114,0.0
3911,109.21,0.0
3912,109.37,0.0
3913,105.727,0.0
3914,106.425,0.0
3915,104.375,0.0
3916,103.406,0.0
3917,102.314,0.0
3918,101.477,0.0
3919,103.635,0.0
3920,123.585,0.0
3921,107.908,0.0
3922,107.207,0.0
3923,101.975,0.0
3924,105.413,0.0
3925,102.417,0.0
3926,102.095,0.0
3927,104.497,0.0
3928,101.772,0.0
3929,100.191,0.0
3930,111.662,0.0
3931,106.118,0.0
3932,108.876,0.0
3933,99.7817,0.0
3934,101.036,0.0
3935,110.815,0.0
3936,109.009,0.0
3937,104.623,0.0
3938,107.734,0.0
3939,106.91,0.0
3940,110.869,0.0
3941,108.322,0.0
3942,104.255,0.0
3943,102.395,0.0
3944,106.105,0.0
3945,106.694,0.0
3946,101.153,0.0
3947,102.413,0.0
3948,99.7799,0.0
3949,99.8805,0.0
3950,123.24,0.0
3951,109.802,0.0
3952,110.931,0.0
3953,109.483,0.0
3954,102.997,0.0
3955,108.617,0.0
3956,109.093,0.0
3957,110.616,0.0
3958,107.454,0.0
3959,103.808,0.0
3960,112.314,0.0
3961,108.897,0.0
3962,110.295,0.0
3963,105.286,0.0
3964,105.966,0.0
3965,114.278,0.0
3966,110.591,0.0
3967,108.765,0.0
3968,115.359,0.0
3969,107.726,0.0
3970,115.129,0.0
3971,110.842,0.0
3972,106.09,0.0
3973,106.763,0.0
3974,105.861,0.0
3975,110.397,0.0
3976,107.224,0.0
3977,100.367,0.0
3978,104.21,0.0
3979,100.52,0.0
3980,121.212,0.0
3981,111.322,0.0
3982,111.658,0.0
3983,108.574,0.0
3984,105.416,0.0
3985,109.181,0.0
3986,105.985,0.0
3987,104.668,0.0
3988,104.239,0.0
3989,105.951,0.0
3990,114.658,0.0
3991,109.665,0.0
3992,114.138,0.0
3993,106.927,0.0
3994,105.071,0.0
3995,115.994,0.0
3996,107.956,0.0
3997,107.868,0.0
3998,106.805,0.0
3999,106.06,0.0
4000,115.092,0.0
4001,109.373,0.0
4002,110.93,0.0
4003,107.25,0.0
4004,105.912,0.0
4005,104.853,0.0
4006,102.187,0.0
4007,104.601,0.0
4008,104.709,0.0
4009,104.1,0.0
4010,120.905,0.0
4011,117.854,0.0
4012,112.956,0.0
4013,109.358,0.0
4014,109.105,0.0
4015,109.537,0.0
4016,110.604,0.0
4017,111.58,0.0
4018,110.831,0.0
4019,105.888,0.0
4020,116.615,0.0
4021,106.496,0.0
4022,111.02,0.0
4023,109.006,0.0
4024,113.298,0.0
4025,117.768,0.0
4026,114.537,0.0
4027,112.173,0.0
4028,114.196,0.0
4029,111.325,0.0
4030,116.943,0.0
4031,117.201,0.0
4032,111.214,0.0
4033,108.041,0.0
4034,107.365,0.0
4035,109.118,0.0
4036,107.881,0.0
4037,108.437,0.0
4038,108.246,0.0
4039,107.158,0.0
4040,129.826,0.0
4041,115.461,0.0
4042,113.007,0.0
4043,113.203,0.0
4044,110.635,0.0
4045,116.067,0.0
4046,108.88,0.0
4047,109.471,0.0
4048,108.84,0.0
4049,108.091,0.0
4050,115.548,0.0
4051,114.74,0.0
4052,120.127,0.0
4053,107.261,0.0
4054,113.337,0.0
4055,122.615,0.0
4056,108.481,0.0
4057,109.224,0.0
4058,113.97,0.0
4059,118.586,0.0
4060,121.986,0.0
4061,119.458,0.0
4062,120.529,0.0
4063,113.813,0.0
4064,112.214,0.0
4065,116.487,0.0
4066,110.577,0.0
4067,110.318,0.0
4068,108.337,0.0
4069,105.501,0.0
4070,125.095,0.0
4071,119.978,0.0
4072,116.277,0.0
4073,112.313,0.0
4074,110.239,0.0
4075,111.097,0.0
4076,113.642,0.0
4077,111.162,0.0
4078,111.548,0.0
4079,114.308,0.0
4080,122.667,0.0
4081,119.117,0.0
4082,117.109,0.0
4083,116.358,0.0
4084,116.893,0.0
4085,123.294,0.0
4086,120.841,0.0
4087,119.632,0.0
4088,116.237,0.0
4089,112.829,0.0
4090,120.263,0.0
4091,118.68,0.0
4092,114.52,0.0
4093,114.573,0.0
4094,114.031,0.0
4095,118.204,0.0
4096,115.558,0.0
4097,111.47,0.0
4098,112.287,0.0
4099,111.699,0.0
4100,128.849,0.0
4101,120.354,0.0
4102,115.266,0.0
4103,119.04,0.0
4104,115.86,0.0
4105,116.197,0.0
4106,114.389,0.0
4107,112.247,0.0
4108,112.519,0.0
4109,112.185,0.0
4110,113.9,0.0
4111,112.741,0.0
4112,114.629,0.0
4113,113.575,0.0
4114,113.028,0.0
4115,119.329,0.0
4116,114.62,0.0
4117,116.495,0.0
4118,127.157,0.0
4119,129.158,0.0
4120,128.985,0.0
4121,128.897,0.0
4122,124.452,0.0
4123,125.854,0.0
4124,119.74,0.0
4125,122.017,0.0
4126,121.787,0.0
4127,119.315,0.0
4128,119.206,0.0
4129,115.676,0.0
4130,137.27,0.0
4131,127.056,0.0
4132,127.434,0.0
4133,126.986,0.0
4134,119.106,0.0
4135,124.035,0.0
4136,122.743,0.0
4137,123.542,0.0
4138,117.562,0.0
4139,117.822,0.0
4140,120.59,0.0
4141,116.25,0.0
4142,117.809,0.0
4143,116.865,0.0
4144,114.941,0.0
4145,120.986,0.0
4146,113.028,0.0
4147,115.284,0.0
4148,124.311,0.0
4149,119.269,0.0
4150,125.335,0.0
4151,125.467,0.0
4152,120.523,0.0
4153,121.313,0.0
4154,117.347,0.0
4155,121.971,0.0
4156,118.491,0.0
4157,114.053,0.0
4158,114.724,0.0
4159,113.865,0.0
4160,131.546,0.0
4161,123.932,0.0
4162,116.574,0.0
4163,118.016,0.0
4164,113.982,0.0
4165,116.293,0.0
4166,117.369,0.0
4167,113.345,0.0
4168,113.127,0.0
4169,114.85,0.0
4170,115.497,0.0
4171,109.952,0.0
4172,119.354,0.0
4173,111.788,0.0
4174,109.801,0.0
4175,120.555,0.0
4176,112.446,0.0
4177,108.605,0.0
4178,113.35,0.0
4179,112.859,0.0
4180,116.917,0.0
4181,118.19,0.0
4182,113.73,0.0
4183,110.712,0.0
4184,117.141,0.0
4185,113.245,0.0
4186,111.8,0.0
4187,106.182,0.0
4188,102.623,0.0
4189,102.525,0.0
4190,118.858,0.0
4191,111.683,0.0
4192,102.412,0.0
4193,102.64,0.0
4194,103.745,0.0
4195,105.511,0.0
4196,103.296,0.0
4197,103.866,0.0
4198,103.592,0.0
4199,106.08,0.0
4200,112.48,0.0
4201,110.619,0.0
4202,105.276,0.0
4203,101.933,0.0
4204,102.507,0.0
4205,106.817,0.0
4206,101.782,0.0
4207,104.798,0.0
4208,103.264,0.0
4209,103.529,0.0
4210,108.185,0.0
4211,106.477,0.0
4212,105.223,0.0
4213,102.582,0.0
4214,101.021,0.0
4215,99.9585,0.0
4216,101.12,0.0
4217,100.571,0.0
4218,99.7339,0.0
4219,98.8153,0.0
4220,112.578,0.0
4221,105.596,0.0
4222,102.187,0.0
4223,102.588,0.0
4224,103.055,0.0
4225,115.483,0.0
4226,106.504,0.0
4227,105.121,0.0
4228,101.209,0.0
4229,109.511,0.0
4230,109.405,0.0
4231,104.837,0.0
4232,107.709,0.0
4233,116.437,0.0
4234,109.072,0.0
4235,116.317,0.0
4236,110.985,0.0
4237,107.546,0.0
4238,106.247,0.0
4239,110.647,0.0
4240,117.673,0.0
4241,110.832,0.0
4242,105.191,0.0
4243,105.936,0.0
4244,104.443,0.0
4245,103.072,0.0
4246,101.615,0.0
4247,110.996,0.0
4248,111.32,0.0
4249,110.764,0.0
4250,129.53,0.0
4251,113.24,0.0
4252,108.151,0.0
4253,105.484,0.0
4254,104.88,0.0
4255,118.669,0.0
4256,111.344,0.0
4257,102.337,0.0
4258,101.904,0.0
4259,103.288,0.0
4260,107.207,0.0
4261,99.5567,0.0
4262,106.246,0.0
4263,104.588,0.0
4264,99.718,0.0
4265,105.095,0.0
4266,108.525,0.0
4267,99.12,0.0
4268,101.488,0.0
4269,101.39,0.0
4270,108.675,0.0
4271,104.605,0.0
4272,104.376,0.0
4273,101.692,0.0
4274,104.725,0.0
4275,103.163,0.0
4276,99.7489,0.0
4277,104.725,0.0
4278,107.837,0.0
4279,100.864,0.0
4280,117.405,0.0
4281,105.762,0.0
4282,104.623,0.0
4283,104.499,0.0
4284,103.201,0.0
4285,102.955,0.0
4286,103.109,0.0
4287,98.9353,0.0
4288,100.352,0.0
4289,99.1324,0.0
4290,103.888,0.0
4291,100.405,0.0
4292,108.384,0.0
4293,118.154,0.0
4294,111.551,0.0
4295,119.681,0.0
4296,112.56,0.0
4297,102.835,0.0
4298,103.525,0.0
4299,105.833,0.0
4300,113.371,0.0
4301,105.266,0.0
4302,105.318,0.0
4303,110.323,0.0
4304,105.314,0.0
4305,103.545,0.0
4306,99.7241,0.0
4307,114.595,0.0
4308,106.25,0.0
4309,101.864,0.0
4310,117.305,0.0
4311,104.616,0.0
4312,98.1035,0.0
4313,97.6055,0.0
4314,99.3241,0.0
4315,104.741,0.0
4316,99.8806,0.0
4317,98.7667,0.0
4318,95.5723,0.0
4319,193.1036,0.0
4320,104.61,0.0
4321,98.7958,0.0
4322,98.9857,0.0
4323,94.5873,0.0
4324,92.5817,0.0
4325,105.467,0.0
4326,97.1891,0.0
4327,99.4775,0.0
4328,97.4188,0.0
4329,101.382,0.0
4330,101.505,0.0
4331,102.136,0.0
4332,100.704,0.0
4333,96.53,0.0
4334,100.51,0.0
4335,100.247,0.0
4336,97.0424,0.0
4337,93.8795,0.0
4338,96.833,0.0
4339,91.7137,0.0
4340,117.947,0.0
4341,104.264,0.0
4342,99.5443,0.0
4343,104.521,0.0
4344,99.6525,0.0
4345,106.076,0.0
4346,98.9547,0.0
4347,100.45,0.0
4348,97.1731,0.0
4349,98.48,0.0
4350,106.499,0.0
4351,98.6535,0.0
4352,102.391,0.0
4353,98.8124,0.0
4354,100.276,0.0
4355,110.409,0.0
4356,100.773,0.0
4357,100.542,0.0
4358,102.311,0.0
4359,101.843,0.0
4360,108.561,0.0
4361,101.921,0.0
4362,101.474,0.0
4363,98.7755,0.0
4364,105.403,0.0
4365,105.312,0.0
4366,100.953,0.0
4367,99.5873,0.0
4368,99.5055,0.0
4369,99.2282,0.0
4370,112.609,0.0
4371,105.516,0.0
4372,101.401,0.0
4373,99.2029,0.0
4374,97.6188,0.0
4375,100.831,0.0
4376,100.681,0.0
4377,101.049,0.0
4378,97.1807,0.0
4379,101.007,0.0
4380,104.772,0.0
4381,99.6354,0.0
4382,100.097,0.0
4383,101.064,0.0
4384,97.9577,0.0
4385,105.3,0.0
4386,100.049,0.0
4387,96.7847,0.0
4388,100.771,0.0
4389,100.52,0.0
4390,105.492,0.0
4391,102.192,0.0
4392,101.531,0.0
4393,100.025,0.0
4394,98.1,0.0
4395,103.986,0.0
4396,101.323,0.0
4397,98.5459,0.0
4398,94.2813,0.0
4399,98.778,0.0
4400,113.145,0.0
4401,103.791,0.0
4402,106.064,0.0
4403,104.398,0.0
4404,101.613,0.0
4405,105.542,0.0
4406,103.821,0.0
4407,104.287,0.0
4408,99.1646,0.0
4409,100.635,0.0
4410,109.619,0.0
4411,104.918,0.0
4412,108.296,0.0
4413,104.021,0.0
4414,106.928,0.0
4415,112.983,0.0
4416,106.874,0.0
4417,104.168,0.0
4418,109.384,0.0
4419,113.77,0.0
4420,120.714,0.0
4421,117.122,0.0
4422,112.828,0.0
4423,107.675,0.0
4424,109.45,0.0
4425,114.171,0.0
4426,108.304,0.0
4427,109.471,0.0
4428,107.686,0.0
4429,104.622,0.0
4430,122.087,0.0
4431,112.183,0.0
4432,107.922,0.0
4433,108.151,0.0
4434,106.452,0.0
4435,112.181,0.0
4436,106.49,0.0
4437,105.767,0.0
4438,106.121,0.0
4439,108.873,0.0
4440,114.565,0.0
4441,110.727,0.0
4442,111.803,0.0
4443,108.935,0.0
4444,105.435,0.0
4445,113.808,0.0
4446,106.137,0.0
4447,108.56,0.0
4448,112.761,0.0
4449,113.31,0.0
4450,112.884,0.0
4451,113.422,0.0
4452,110.279,0.0
4453,110.035,0.0
4454,108.584,0.0
4455,109.114,0.0
4456,107.471,0.0
4457,107.386,0.0
4458,105.557,0.0
4459,108.211,0.0
4460,123.634,0.0
4461,113.205,0.0
4462,108.746,0.0
4463,110.863,0.0
4464,109.668,0.0
4465,115.424,0.0
4466,112.305,0.0
4467,109.92,0.0
4468,109.068,0.0
4469,111.237,0.0
4470,115.681,0.0
4471,114.157,0.0
4472,117.69,0.0
4473,111.589,0.0
4474,111.93,0.0
4475,123.18,0.0
4476,111.927,0.0
4477,111.834,0.0
4478,116.042,0.0
4479,115.898,0.0
4480,120.618,0.0
4481,117.505,0.0
4482,115.646,0.0
4483,115.752,0.0
4484,115.076,0.0
4485,117.034,0.0
4486,112.746,0.0
4487,116.412,0.0
4488,113.447,0.0
4489,114.39,0.0
4490,127.221,0.0
4491,115.15,0.0
4492,114.474,0.0
4493,115.125,0.0
4494,117.005,0.0
4495,119.424,0.0
4496,117.522,0.0
4497,115.791,0.0
4498,113.657,0.0
4499,114.387,0.0
4500,124.036,0.0
4501,115.525,0.0
4502,118.542,0.0
4503,117.115,0.0
4504,116.073,0.0
4505,128.536,0.0
4506,121.174,0.0
4507,119.416,0.0
4508,122.21,0.0
4509,120.055,0.0
4510,126.73,0.0
4511,135.59,0.0
4512,130.331,0.0
4513,125.876,0.0
4514,127.869,0.0
4515,127.074,0.0
4516,120.757,0.0
4517,125.966,0.0
4518,121.409,0.0
4519,124.733,0.0
4520,145.05,0.0
4521,128.908,0.0
4522,126.436,0.0
4523,125.118,0.0
4524,121.154,0.0
4525,124.683,0.0
4526,124.02,0.0
4527,122.505,0.0
4528,123.08,0.0
4529,124.89,0.0
4530,132.708,0.0
4531,125.409,0.0
4532,135.572,0.0
4533,125.103,0.0
4534,128.027,0.0
4535,136.149,0.0
4536,130.86,0.0
4537,126.862,0.0
4538,125.649,0.0
4539,126.437,0.0
4540,132.131,0.0
4541,129.779,0.0
4542,131.239,0.0
4543,130.067,0.0
4544,130.998,0.0
4545,133.799,0.0
4546,132.163,0.0
4547,133.544,0.0
4548,127.097,0.0
4549,133.049,0.0
4550,146.744,0.0
4551,129.746,0.0
4552,127.355,0.0
4553,126.041,0.0
4554,125.457,0.0
4555,129.095,0.0
4556,128.976,0.0
4557,129.833,0.0
4558,129.637,0.0
4559,133.144,0.0
4560,135.633,0.0
4561,132.515,0.0
4562,132.273,0.0
4563,130.982,0.0
4564,131.176,0.0
4565,143.62,0.0
4566,138.252,0.0
4567,134.461,0.0
4568,136.3,0.0
4569,137.941,0.0
4570,138.966,0.0
4571,133.978,0.0
4572,133.044,0.0
4573,133.27,0.0
4574,136.484,0.0
4575,137.43,0.0
4576,137.066,0.0
4577,135.349,0.0
4578,130.656,0.0
4579,133.72,0.0
4580,154.002,0.0
4581,144.734,0.0
4582,137.441,0.0
4583,138.886,0.0
4584,134.977,0.0
4585,140.837,0.0
4586,137.826,0.0
4587,140.402,0.0
4588,134.171,0.0
4589,137.714,0.0
4590,145.702,0.0
4591,145.671,0.0
4592,145.158,0.0
4593,138.817,0.0
4594,144.127,0.0
4595,148.169,0.0
4596,141.413,0.0
4597,139.044,0.0
4598,141.817,0.0
4599,142.313,0.0
4600,152.971,0.0
4601,142.375,0.0
4602,141.324,0.0
4603,141.222,0.0
4604,144.722,0.0
4605,146.423,0.0
4606,145.622,0.0
4607,147.276,0.0
4608,143.752,0.0
4609,140.657,0.0
4610,157.991,0.0
4611,150.455,0.0
4612,153.044,0.0
4613,142.918,0.0
4614,144.221,0.0
4615,147.607,0.0
4616,146.838,0.0
4617,141.358,0.0
4618,140.836,0.0
4619,143.912,0.0
4620,147.737,0.0
4621,142.737,0.0
4622,143.019,0.0
4623,142.377,0.0
4624,143.273,0.0
4625,148.746,0.0
4626,149.37,0.0
4627,146.723,0.0
4628,149.307,0.0
4629,147.619,0.0
4630,150.943,0.0
4631,151.787,0.0
4632,149.016,0.0
4633,149.216,0.0
4634,150.71,0.0
4635,150.924,0.0
4636,147.218,0.0
4637,145.825,0.0
4638,144.906,0.0
4639,147.269,0.0
4640,166.931,0.0
4641,154.3,0.0
4642,149.997,0.0
4643,146.976,0.0
4644,150.487,0.0
4645,151.254,0.0
4646,153.261,0.0
4647,150.154,0.0
4648,151.236,0.0
4649,149.377,0.0
4650,156.645,0.0
4651,156.654,0.0
4652,157.975,0.0
4653,154.146,0.0
4654,154.228,0.0
4655,166.353,0.0
4656,157.886,0.0
4657,154.959,0.0
4658,158.929,0.0
4659,161.122,0.0
4660,162.086,0.0
4661,157.795,0.0
4662,158.577,0.0
4663,165.162,0.0
4664,158.409,0.0
4665,161.586,0.0
4666,153.506,0.0
4667,152.576,0.0
4668,156.104,0.0
4669,156.295,0.0
4670,171.98,0.0
4671,160.522,0.0
4672,159.088,0.0
4673,161.805,0.0
4674,160.683,0.0
4675,158.403,0.0
4676,154.078,0.0
4677,162.233,0.0
4678,165.819,0.0
4679,159.046,0.0
4680,162.238,0.0
4681,161.484,0.0
4682,158.791,0.0
4683,159.58,0.0
4684,158.32,0.0
4685,169.385,0.0
4686,158.872,0.0
4687,157.199,0.0
4688,158.95,0.0
4689,159.523,0.0
4690,166.017,0.0
4691,160.956,0.0
4692,160.592,0.0
4693,156.819,0.0
4694,162.033,0.0
4695,165.882,0.0
4696,166.295,0.0
4697,160.408,0.0
4698,163.478,0.0
4699,164.137,0.0
4700,179.834,0.0
4701,163.569,0.0
4702,167.231,0.0
4703,169.211,0.0
4704,164.158,0.0
4705,169.926,0.0
4706,161.918,0.0
4707,164.346,0.0
4708,158.553,0.0
4709,166.392,0.0
4710,170.701,0.0
4711,166.246,0.0
4712,168.345,0.0
4713,166.148,0.0
4714,168.007,0.0
4715,175.328,0.0
4716,169.725,0.0
4717,166.067,0.0
4718,175.929,0.0
4719,169.318,0.0
4720,174.3,0.0
4721,168.955,0.0
4722,169.953,0.0
4723,170.439,0.0
4724,172.066,0.0
4725,171.439,0.0
4726,171.952,0.0
4727,174.982,0.0
4728,173.926,0.0
4729,167.208,0.0
4730,204.032,0.0
4731,201.864,0.0
4732,189.687,0.0
4733,181.364,0.0
4734,184.452,0.0
4735,198.21,0.0
4736,173.461,0.0
4737,181.388,0.0
4738,178.53,0.0
4739,177.187,0.0
4740,177.269,0.0
4741,177.419,0.0
4742,180.146,0.0
4743,167.649,0.0
4744,173.395,0.0
4745,179.427,0.0
4746,169.44,0.0
4747,169.301,0.0
4748,173.159,0.0
4749,171.885,0.0
4750,184.198,0.0
4751,175.124,0.0
4752,174.029,0.0
4753,170.673,0.0
4754,170.453,0.0
4755,174.219,0.0
4756,169.924,0.0
4757,167.552,0.0
4758,166.047,0.0
4759,169.154,0.0
4760,194.154,0.0
4761,182.161,0.0
4762,178.144,0.0
4763,170.807,0.0
4764,171.159,0.0
4765,172.805,0.0
4766,169.093,0.0
4767,176.883,0.0
4768,172.248,0.0
4769,177.594,0.0
4770,177.819,0.0
4771,176.175,0.0
4772,184.4,0.0
4773,176.453,0.0
4774,173.434,0.0
4775,188.679,0.0
4776,170.295,0.0
4777,170.843,0.0
4778,172.761,0.0
4779,169.007,0.0
4780,175.693,0.0
4781,177.082,0.0
4782,178.488,0.0
4783,165.26,0.0
4784,174.501,0.0
4785,169.549,0.0
4786,182.42,0.0
4787,176.199,0.0
4788,166.365,0.0
4789,167.007,0.0
4790,190.182,0.0
4791,179.813,0.0
4792,174.201,0.0
4793,178.881,0.0
4794,177.975,0.0
4795,174.869,0.0
4796,161.541,0.0
4797,158.005,0.0
4798,164.601,0.0
4799,158.578,0.0
4800,165.297,0.0
4801,166.72,0.0
4802,181.413,0.0
4803,185.332,0.0
4804,187.356,0.0
4805,195.361,0.0
4806,183.613,0.0
4807,178.007,0.0
4808,176.306,0.0
4809,174.549,0.0
4810,187.412,0.0
4811,191.874,0.0
4812,172.993,0.0
4813,171.635,0.0
4814,175.014,0.0
4815,175.473,0.0
4816,171.666,0.0
4817,167.516,0.0
4818,163.801,0.0
4819,160.534,0.0
4820,187.716,0.0
4821,173.464,0.0
4822,165.441,0.0
4823,172.755,0.0
4824,167.846,0.0
4825,171.533,0.0
4826,169.801,0.0
4827,162.213,0.0
4828,166.636,0.0
4829,159.301,0.0
4830,170.217,0.0
4831,169.581,0.0
4832,174.109,0.0
4833,165.027,0.0
4834,162.989,0.0
4835,168.946,0.0
4836,161.885,0.0
4837,166.717,0.0
4838,160.718,0.0
4839,167.125,0.0
4840,174.362,0.0
4841,166.097,0.0
4842,163.994,0.0
4843,158.632,0.0
4844,159.358,0.0
4845,167.561,0.0
4846,160.594,0.0
4847,157.339,0.0
4848,159.183,0.0
4849,154.211,0.0
4850,178.586,0.0
4851,162.248,0.0
4852,155.497,0.0
4853,149.792,0.0
4854,151.285,0.0
4855,162.488,0.0
4856,152.167,0.0
4857,150.271,0.0
4858,152.756,0.0
4859,147.23,0.0
4860,159.35,0.0
4861,149.961,0.0
4862,161.192,0.0
4863,155.105,0.0
4864,150.798,0.0
4865,168.807,0.0
4866,150.632,0.0
4867,149.09,0.0
4868,147.656,0.0
4869,147.585,0.0
4870,153.124,0.0
4871,151.502,0.0
4872,149.159,0.0
4873,142.584,0.0
4874,138.231,0.0
4875,144.056,0.0
4876,146.551,0.0
4877,133.209,0.0
4878,136.248,0.0
4879,130.829,0.0
4880,166.246,0.0
4881,150.923,0.0
4882,146.293,0.0
4883,146.899,0.0
4884,139.859,0.0
4885,144.032,0.0
4886,143.15,0.0
4887,137.887,0.0
4888,140.737,0.0
4889,135.22,0.0
4890,153.279,0.0
4891,139.356,0.0
4892,146.068,0.0
4893,143.622,0.0
4894,133.899,0.0
4895,153.274,0.0
4896,142.184,0.0
4897,139.635,0.0
4898,136.914,0.0
4899,137.568,0.0
4900,150.209,0.0
4901,152.115,0.0
4902,147.691,0.0
4903,140.47,0.0
4904,139.728,0.0
4905,141.937,0.0
4906,129.382,0.0
4907,126.947,0.0
4908,122.915,0.0
4909,125.766,0.0
4910,142.89,0.0
4911,136.41,0.0
4912,124.468,0.0
4913,120.983,0.0
4914,125.009,0.0
4915,132.111,0.0
4916,140.7,0.0
4917,127.915,0.0
4918,130.948,0.0
4919,128.201,0.0
4920,131.426,0.0
4921,125.567,0.0
4922,134.709,0.0
4923,125.523,0.0
4924,125.948,0.0
4925,141.902,0.0
4926,126.602,0.0
4927,129.105,0.0
4928,120.464,0.0
4929,120.55,0.0
4930,129.647,0.0
4931,130.931,0.0
4932,122.458,0.0
4933,118.386,0.0
4934,118.252,0.0
4935,120.341,0.0
4936,118.932,0.0
4937,116.944,0.0
4938,118.052,0.0
4939,116.364,0.0
4940,135.897,0.0
4941,125.935,0.0
4942,135.475,0.0
4943,125.74,0.0
4944,119.745,0.0
4945,127.943,0.0
4946,119.818,0.0
4947,120.51,0.0
4948,114.86,0.0
4949,120.584,0.0
4950,133.371,0.0
4951,121.228,0.0
4952,128.877,0.0
4953,119.107,0.0
4954,120.499,0.0
4955,129.281,0.0
4956,133.383,0.0
4957,130.358,0.0
4958,115.665,0.0
4959,118.639,0.0
4960,118.147,0.0
4961,116.375,0.0
4962,115.636,0.0
4963,110.881,0.0
4964,111.344,0.0
4965,116.592,0.0
4966,115.601,0.0
4967,109.307,0.0
4968,109.213,0.0
4969,108.947,0.0
4970,126.541,0.0
4971,118.364,0.0
4972,110.32,0.0
4973,105.802,0.0
4974,108.962,0.0
4975,113.445,0.0
4976,106.715,0.0
4977,108.912,0.0
4978,104.741,0.0
4979,105.88,0.0
4980,113.924,0.0
4981,102.988,0.0
4982,110.611,0.0
4983,102.993,0.0
4984,102.244,0.0
4985,130.208,0.0
4986,118.995,0.0
4987,116.3,0.0
4988,110.896,0.0
4989,106.51,0.0
4990,117.266,0.0
4991,111.587,0.0
4992,114.058,0.0
4993,103.273,0.0
4994,103.521,0.0
4995,104.399,0.0
4996,100.964,0.0
4997,96.4695,0.0
4998,102.905,0.0
4999,99.2771,0.0
5000,121.281,0.0
5001,115.354,0.0
5002,112.974,0.0
5003,103.515,0.0
5004,105.102,0.0
5005,123.473,0.0
5006,118.159,0.0
5007,109.052,0.0
5008,107.954,0.0
5009,101.358,0.0
5010,115.853,0.0
5011,112.237,0.0
5012,108.721,0.0
5013,101.545,0.0
5014,102.297,0.0
5015,119.553,0.0
5016,110.029,0.0
5017,109.545,0.0
5018,105.074,0.0
5019,94.3625,0.0
5020,109.617,0.0
5021,104.137,0.0
5022,103.24,0.0
5023,102.018,0.0
5024,98.9504,0.0
5025,101.387,0.0
5026,101.726,0.0
5027,99.7322,0.0
5028,100.94,0.0
5029,94.4982,0.0
5030,116.227,0.0
5031,100.915,0.0
5032,100.569,0.0
5033,93.1638,0.0
5034,97.5198,0.0
5035,99.085,0.0
5036,100.502,0.0
5037,97.6737,0.0
5038,99.7217,0.0
5039,95.333,0.0
5040,109.182,0.0
5041,96.8415,0.0
5042,108.036,0.0
5043,96.4503,0.0
5044,91.0329,0.0
5045,105.91,0.0
5046,96.2924,0.0
5047,92.5075,0.0
5048,100.174,0.0
5049,92.9942,0.0
5050,96.3229,0.0
5051,102.388,0.0
5052,93.6452,0.0
5053,89.2633,0.0
5054,91.3684,0.0
5055,89.2881,0.0
5056,86.5512,0.0
5057,87.7489,0.0
5058,91.7998,0.0
5059,85.8466,0.0
5060,110.589,0.0
5061,95.1852,0.0
5062,101.56,0.0
5063,97.9942,0.0
5064,91.6856,0.0
5065,95.512,0.0
5066,88.1438,0.0
5067,97.0658,0.0
5068,96.3695,0.0
5069,87.2993,0.0
5070,109.87,0.0
5071,105.674,0.0
5072,97.0164,0.0
5073,103.587,0.0
5074,90.8947,0.0
5075,105.474,0.0
5076,91.1842,0.0
5077,88.5641,0.0
5078,90.2215,0.0
5079,82.243,0.0
5080,94.178,0.0
5081,85.6016,0.0
5082,91.2636,0.0
5083,85.5579,0.0
5084,87.7595,0.0
5085,87.5227,0.0
5086,88.8929,0.0
5087,82.8642,0.0
5088,85.0018,0.0
5089,86.2556,0.0
5090,102.829,0.0
5091,88.2423,0.0
5092,85.1446,0.0
5093,82.1046,0.0
5094,83.2314,0.0
5095,90.497,0.0
5096,86.6904,0.0
5097,83.9782,0.0
5098,82.2609,0.0
5099,85.9874,0.0
5100,93.6342,0.0
5101,89.5774,0.0
5102,90.2516,0.0
5103,83.2672,0.0
5104,80.2772,0.0
5105,92.0014,0.0
5106,85.5863,0.0
5107,82.8178,0.0
5108,83.817,0.0
5109,81.4708,0.0
5110,88.8509,0.0
5111,87.442,0.0
5112,92.0453,0.0
5113,83.0199,0.0
5114,87.6256,0.0
5115,85.7207,0.0
5116,84.8316,0.0
5117,84.7131,0.0
5118,86.5141,0.0
5119,84.8837,0.0
5120,108.151,0.0
5121,95.6172,0.0
5122,94.1572,0.0
5123,94.7475,0.0
5124,94.7727,0.0
5125,103.058,0.0
5126,101.137,0.0
5127,93.4973,0.0
5128,94.0971,0.0
5129,91.909,0.0
5130,108.474,0.0
5131,99.0272,0.0
5132,93.9437,0.0
5133,91.4332,0.0
5134,93.3577,0.0
5135,110.547,0.0
5136,97.4577,0.0
5137,96.1463,0.0
5138,95.4188,0.0
5139,85.9841,0.0
5140,94.298,0.0
5141,96.5274,0.0
5142,102.395,0.0
5143,89.8228,0.0
5144,95.1092,0.0
5145,95.6492,0.0
5146,94.0384,0.0
5147,94.7177,0.0
5148,94.0328,0.0
5149,89.5818,0.0
5150,110.428,0.0
5151,98.7303,0.0
5152,94.8346,0.0
5153,87.964,0.0
5154,90.7179,0.0
5155,91.8049,0.0
5156,89.305,0.0
5157,93.986,0.0
5158,97.5443,0.0
5159,100.442,0.0
5160,113.837,0.0
5161,103.189,0.0
5162,109.312,0.0
5163,104.775,0.0
5164,105.388,0.0
5165,121.015,0.0
5166,105.576,0.0
5167,93.833,0.0
5168,92.6927,0.0
5169,86.8051,0.0
5170,98.1571,0.0
5171,89.9226,0.0
5172,88.2372,0.0
5173,90.9098,0.0
5174,89.3964,0.0
5175,91.5735,0.0
5176,92.0426,0.0
5177,87.1721,0.0
5178,87.6617,0.0
5179,89.242,0.0
5180,112.039,0.0
5181,107.487,0.0
5182,99.6465,0.0
5183,102.285,0.0
5184,103.182,0.0
5185,104.784,0.0
5186,98.2916,0.0
5187,100.561,0.0
5188,93.5052,0.0
5189,94.9343,0.0
5190,98.6085,0.0
5191,95.1415,0.0
5192,100.561,0.0
5193,102.052,0.0
5194,97.401,0.0
5195,123.207,0.0
5196,111.422,0.0
5197,104.831,0.0
5198,104.287,0.0
5199,105.446,0.0
5200,113.311,0.0
5201,110.775,0.0
5202,116.449,0.0
5203,117.132,0.0
5204,118.529,0.0
5205,115.114,0.0
5206,120.004,0.0
5207,118.052,0.0
5208,114.247,0.0
5209,118.122,0.0
5210,139.665,0.0
5211,133.898,0.0
5212,118.147,0.0
5213,116.663,0.0
5214,123.134,0.0
5215,125.163,0.0
5216,125.163,0.0
5217,131.314,0.0
5218,136.575,0.0
5219,131.547,0.0
5220,132.48,0.0
5221,135.261,0.0
5222,147.37,0.0
5223,148.174,0.0
5224,129.572,0.0
5225,137.275,0.0
5226,139.755,0.0
5227,131.521,0.0
5228,130.279,0.0
5229,125.706,0.0
5230,139.284,0.0
5231,131.264,0.0
5232,127.133,0.0
5233,125.488,0.0
5234,123.494,0.0
5235,129.279,0.0
5236,129.078,0.0
5237,135.028,0.0
5238,128.803,0.0
5239,128.121,0.0
5240,153.37,0.0
5241,144.616,0.0
5242,145.695,0.0
5243,147.652,0.0
5244,134.1,0.0
5245,145.458,0.0
5246,134.569,0.0
5247,122.447,0.0
5248,125.616,0.0
5249,125.862,0.0
5250,139.814,0.0
5251,134.012,0.0
5252,135.518,0.0
5253,132.592,0.0
5254,120.663,0.0
5255,131.968,0.0
5256,119.398,0.0
5257,115.713,0.0
5258,118.452,0.0
5259,112.75,0.0
5260,128.065,0.0
5261,118.962,0.0
5262,112.858,0.0
5263,102.009,0.0
5264,108.127,0.0
5265,112.557,0.0
5266,106.506,0.0
5267,102.505,0.0
5268,110.545,0.0
5269,102.85,0.0
5270,135.368,0.0
5271,114.324,0.0
5272,110.217,0.0
5273,107.171,0.0
5274,107.538,0.0
5275,115.57,0.0
5276,111.182,0.0
5277,108.623,0.0
5278,108.042,0.0
5279,106.482,0.0
5280,117.462,0.0
5281,112.225,0.0
5282,118.05,0.0
5283,111.253,0.0
5284,107.887,0.0
5285,120.821,0.0
5286,112.112,0.0
5287,109.754,0.0
5288,107.676,0.0
5289,105.129,0.0
5290,116.068,0.0
5291,113.24,0.0
5292,114.704,0.0
5293,109.248,0.0
5294,107.545,0.0
5295,108.127,0.0
5296,104.886,0.0
5297,102.348,0.0
5298,100.871,0.0
5299,101.804,0.0
5300,127.086,0.0
5301,117.499,0.0
5302,119.107,0.0
5303,113.578,0.0
5304,105.963,0.0
5305,109.425,0.0
5306,109.085,0.0
5307,106.17,0.0
5308,112.06,0.0
5309,108.048,0.0
5310,120.294,0.0
5311,121.136,0.0
5312,119.493,0.0
5313,111.169,0.0
5314,110.14,0.0
5315,127.026,0.0
5316,113.995,0.0
5317,109.2,0.0
5318,107.915,0.0
5319,105.791,0.0
5320,115.553,0.0
5321,108.784,0.0
5322,102.844,0.0
5323,104.286,0.0
5324,110.62,0.0
5325,118.488,0.0
5326,111.521,0.0
5327,105.798,0.0
5328,106.238,0.0
5329,99.014,0.0
5330,122.009,0.0
5331,114.533,0.0
5332,106.567,0.0
5333,103.971,0.0
5334,100.281,0.0
5335,108.134,0.0
5336,106.518,0.0
5337,111.133,0.0
5338,103.356,0.0
5339,99.7183,0.0
5340,113.195,0.0
5341,104.911,0.0
5342,110.122,0.0
5343,102.645,0.0
5344,104.607,0.0
5345,116.648,0.0
5346,107.645,0.0
5347,112.478,0.0
5348,106.75,0.0
5349,101.404,0.0
5350,113.372,0.0
5351,116.641,0.0
5352,102.393,0.0
5353,103.247,0.0
5354,103.174,0.0
5355,101.308,0.0
5356,101.427,0.0
5357,96.6828,0.0
5358,101.338,0.0
5359,98.7199,0.0
5360,124.139,0.0
5361,111.825,0.0
5362,109.52,0.0
5363,107.985,0.0
5364,101.386,0.0
5365,112.635,0.0
5366,108.581,0.0
5367,107.129,0.0
5368,105.778,0.0
5369,106.651,0.0
5370,115.937,0.0
5371,115.565,0.0
5372,118.608,0.0
5373,109.588,0.0
5374,104.63,0.0
5375,127.618,0.0
5376,115.805,0.0
5377,107.583,0.0
5378,111.779,0.0
5379,101.401,0.0
5380,117.717,0.0
5381,116.788,0.0
5382,111.75,0.0
5383,103.612,0.0
5384,103.973,0.0
5385,99.8155,0.0
5386,108.78,0.0
5387,105.669,0.0
5388,104.484,0.0
5389,106.319,0.0
5390,127.708,0.0
5391,112.687,0.0
5392,110.976,0.0
5393,109.304,0.0
5394,106.764,0.0
5395,108.625,0.0
5396,109.854,0.0
5397,108.247,0.0
5398,102.182,0.0
5399,104.103,0.0
5400,112.204,0.0
5401,107.553,0.0
5402,113.054,0.0
5403,106.051,0.0
5404,107.538,0.0
5405,119.672,0.0
5406,110.567,0.0
5407,102.917,0.0
5408,105.054,0.0
5409,102.693,0.0
5410,115.148,0.0
5411,115.814,0.0
5412,110.555,0.0
5413,107.986,0.0
5414,103.854,0.0
5415,107.14,0.0
5416,104.432,0.0
5417,98.3453,0.0
5418,96.7956,0.0
5419,101.777,0.0
5420,123.568,0.0
5421,111.212,0.0
5422,115.625,0.0
5423,110.485,0.0
5424,107.778,0.0
5425,115.09,0.0
5426,111.389,0.0
5427,107.88,0.0
5428,107.41,0.0
5429,107.79,0.0
5430,122.271,0.0
5431,113.468,0.0
5432,117.15,0.0
5433,113.265,0.0
5434,109.856,0.0
5435,125.046,0.0
5436,120.988,0.0
5437,109.657,0.0
5438,106.239,0.0
5439,107.811,0.0
5440,111.071,0.0
5441,114.071,0.0
5442,113.08,0.0
5443,111.154,0.0
5444,107.569,0.0
5445,112.053,0.0
5446,111.485,0.0
5447,102.958,0.0
5448,107.152,0.0
5449,102.411,0.0
5450,127.205,0.0
5451,109.36,0.0
5452,107.523,0.0
5453,104.978,0.0
5454,111.113,0.0
5455,117.294,0.0
5456,113.75,0.0
5457,109.047,0.0
5458,108.887,0.0
5459,109.145,0.0
5460,118.457,0.0
5461,110.92,0.0
5462,111.104,0.0
5463,110.618,0.0
5464,108.621,0.0
5465,115.266,0.0
5466,112.408,0.0
5467,107.189,0.0
5468,109.761,0.0
5469,107.389,0.0
5470,117.473,0.0
5471,113.678,0.0
5472,111.225,0.0
5473,105.539,0.0
5474,105.958,0.0
5475,108.052,0.0
5476,105.563,0.0
5477,104.076,0.0
5478,107.998,0.0
5479,103.735,0.0
5480,123.898,0.0
5481,113.554,0.0
5482,112.333,0.0
5483,112.175,0.0
5484,107.104,0.0
5485,111.681,0.0
5486,109.967,0.0
5487,106.299,0.0
5488,109.947,0.0
5489,108.381,0.0
5490,120.629,0.0
5491,121.242,0.0
5492,118.659,0.0
5493,113.752,0.0
5494,111.125,0.0
5495,132.995,0.0
5496,118.321,0.0
5497,117.623,0.0
5498,115.069,0.0
5499,110.559,0.0
5500,116.299,0.0
5501,118.051,0.0
5502,118.567,0.0
5503,117.673,0.0
5504,113.643,0.0
5505,114.106,0.0
5506,111.931,0.0
5507,112.378,0.0
5508,111.554,0.0
5509,117.592,0.0
5510,136.516,0.0
5511,126.447,0.0
5512,124.309,0.0
5513,115.794,0.0
5514,114.515,0.0
5515,122.47,0.0
5516,117.559,0.0
5517,113.975,0.0
5518,117.156,0.0
5519,114.136,0.0
5520,120.598,0.0
5521,116.919,0.0
5522,119.937,0.0
5523,113.319,0.0
5524,115.071,0.0
5525,127.749,0.0
5526,121.007,0.0
5527,117.264,0.0
5528,119.72,0.0
5529,113.035,0.0
5530,125.684,0.0
5531,123.146,0.0
5532,119.489,0.0
5533,112.597,0.0
5534,113.644,0.0
5535,112.06,0.0
5536,112.005,0.0
5537,110.56,0.0
5538,115.088,0.0
5539,111.132,0.0
5540,130.232,0.0
5541,122.355,0.0
5542,122.245,0.0
5543,120.982,0.0
5544,112.999,0.0
5545,126.021,0.0
5546,118.593,0.0
5547,112.531,0.0
5548,116.357,0.0
5549,123.558,0.0
5550,127.326,0.0
5551,128.35,0.0
5552,128.1,0.0
5553,122.24,0.0
5554,118.697,0.0
5555,125.581,0.0
5556,123.093,0.0
5557,126.437,0.0
5558,122.449,0.0
5559,118.738,0.0
5560,126.871,0.0
5561,122.764,0.0
5562,120.68,0.0
5563,119.806,0.0
5564,122.518,0.0
5565,128.384,0.0
5566,120.975,0.0
5567,115.47,0.0
5568,118.188,0.0
5569,114.276,0.0
5570,141.617,0.0
5571,131.91,0.0
5572,124.612,0.0
5573,116.9,0.0
5574,125.823,0.0
5575,126.821,0.0
5576,128.33,0.0
5577,123.977,0.0
5578,114.15,0.0
5579,121.63,0.0
5580,129.755,0.0
5581,121.915,0.0
5582,121.032,0.0
5583,124.077,0.0
5584,120.801,0.0
5585,130.902,0.0
5586,121.927,0.0
5587,124.04,0.0
5588,121.571,0.0
5589,116.006,0.0
5590,131.913,0.0
5591,130.328,0.0
5592,120.044,0.0
5593,118.451,0.0
5594,119.028,0.0
5595,117.909,0.0
5596,115.275,0.0
5597,115.937,0.0
5598,114.181,0.0
5599,111.631,0.0
5600,135.274,0.0
5601,121.229,0.0
5602,127.518,0.0
5603,114.795,0.0
5604,112.247,0.0
5605,116.487,0.0
5606,117.174,0.0
5607,117.64,0.0
5608,114.882,0.0
5609,117.54,0.0
5610,122.395,0.0
5611,122.163,0.0
5612,126.88,0.0
5613,106.877,0.0
5614,111.114,0.0
5615,124.514,0.0
5616,116.807,0.0
5617,110.616,0.0
5618,105.961,0.0
5619,109.355,0.0
5620,114.265,0.0
5621,121.024,0.0
5622,113.064,0.0
5623,105.501,0.0
5624,110.384,0.0
5625,112.005,0.0
5626,111.528,0.0
5627,112.131,0.0
5628,106.177,0.0
5629,107.082,0.0
5630,123.989,0.0
5631,109.388,0.0
5632,107.125,0.0
5633,104.084,0.0
5634,104.832,0.0
5635,113.588,0.0
5636,107.434,0.0
5637,98.2812,0.0
5638,99.4629,0.0
5639,101.819,0.0
5640,108.868,0.0
5641,103.004,0.0
5642,108.87,0.0
5643,106.727,0.0
5644,108.134,0.0
5645,113.35,0.0
5646,106.768,0.0
5647,100.645,0.0
5648,105.468,0.0
5649,100.881,0.0
5650,115.922,0.0
5651,105.536,0.0
5652,105.738,0.0
5653,101.944,0.0
5654,102.413,0.0
5655,101.558,0.0
5656,101.85,0.0
5657,100.416,0.0
5658,96.252,0.0
5659,97.8541,0.0
5660,111.539,0.0
5661,99.9181,0.0
5662,96.6355,0.0
5663,104.519,0.0
5664,94.622,0.0
5665,99.1383,0.0
5666,97.263,0.0
5667,96.1687,0.0
5668,97.9243,0.0
5669,95.8086,0.0
5670,102.915,0.0
5671,97.0685,0.0
5672,98.3704,0.0
5673,95.7915,0.0
5674,97.5402,0.0
5675,103.892,0.0
5676,100.699,0.0
5677,101.383,0.0
5678,98.4453,0.0
5679,97.6596,0.0
5680,102.072,0.0
5681,99.8037,0.0
5682,96.8669,0.0
5683,98.319,0.0
5684,94.4431,0.0
5685,96.7007,0.0
5686,96.6283,0.0
5687,94.4699,0.0
5688,93.7511,0.0
5689,94.6822,0.0
5690,104.675,0.0
5691,95.9211,0.0
5692,96.2198,0.0
5693,95.659,0.0
5694,95.3982,0.0
5695,96.0499,0.0
5696,96.5529,0.0
5697,92.9848,0.0
5698,91.6118,0.0
5699,91.8641,0.0
5700,96.8786,0.0
5701,94.0452,0.0
5702,91.7633,0.0
5703,93.2244,0.0
5704,96.4786,0.0
5705,102.106,0.0
5706,96.7029,0.0
5707,97.4702,0.0
5708,95.0396,0.0
5709,98.0577,0.0
5710,99.2007,0.0
5711,96.9627,0.0
5712,93.451,0.0
5713,95.4531,0.0
5714,94.3647,0.0
5715,94.8498,0.0
5716,91.3718,0.0
5717,94.5641,0.0
5718,90.2366,0.0
5719,92.0409,0.0
5720,111.335,0.0
5721,97.7274,0.0
5722,94.6185,0.0
5723,95.9985,0.0
5724,93.5894,0.0
5725,98.5387,0.0
5726,95.7362,0.0
5727,95.9039,0.0
5728,93.7502,0.0
5729,94.6827,0.0
5730,106.414,0.0
5731,93.9767,0.0
5732,94.0646,0.0
5733,95.217,0.0
5734,93.5123,0.0
5735,103.216,0.0
5736,96.7491,0.0
5737,97.5995,0.0
5738,95.6381,0.0
5739,97.5638,0.0
5740,101.256,0.0
5741,94.2089,0.0
5742,100.802,0.0
5743,93.2208,0.0
5744,92.3137,0.0
5745,92.1084,0.0
5746,91.8407,0.0
5747,91.3749,0.0
5748,90.0769,0.0
5749,90.212,0.0
5750,105.028,0.0
5751,91.7,0.0
5752,88.017,0.0
5753,88.395,0.0
5754,89.6906,0.0
5755,92.7617,0.0
5756,93.71,0.0
5757,91.6802,0.0
5758,88.7979,0.0
5759,89.2934,0.0
5760,93.0346,0.0
5761,90.0255,0.0
5762,89.7216,0.0
5763,89.2771,0.0
5764,90.3543,0.0
5765,96.4877,0.0
5766,89.1761,0.0
5767,88.2759,0.0
5768,88.4869,0.0
5769,88.5151,0.0
5770,96.1799,0.0
5771,93.202,0.0
5772,91.1895,0.0
5773,91.9635,0.0
5774,89.5758,0.0
5775,91.0303,0.0
5776,86.6187,0.0
5777,86.9553,0.0
5778,88.4601,0.0
5779,87.4574,0.0
5780,104.151,0.0
5781,91.8022,0.0
5782,90.1911,0.0
5783,89.354,0.0
5784,89.8633,0.0
5785,96.281,0.0
5786,95.7161,0.0
5787,92.9863,0.0
5788,93.7236,0.0
5789,93.5143,0.0
5790,95.6152,0.0
5791,96.4728,0.0
5792,99.4878,0.0
5793,92.0849,0.0
5794,92.814,0.0
5795,99.744,0.0
5796,95.4598,0.0
5797,94.8825,0.0
5798,96.5195,0.0
5799,95.6565,0.0
5800,102.719,0.0
5801,98.0524,0.0
5802,98.5324,0.0
5803,99.4385,0.0
5804,100.619,0.0
5805,97.469,0.0
5806,96.1925,0.0
5807,93.8673,0.0
5808,92.8131,0.0
5809,95.2375,0.0
5810,111.027,0.0
5811,99.3207,0.0
5812,96.9001,0.0
5813,96.1605,0.0
5814,96.2102,0.0
5815,98.4452,0.0
5816,94.9934,0.0
5817,96.2423,0.0
5818,93.8354,0.0
5819,96.6971,0.0
5820,100.116,0.0
5821,94.1372,0.0
5822,94.5974,0.0
5823,96.5449,0.0
5824,97.487,0.0
5825,101.646,0.0
5826,94.8201,0.0
5827,98.3398,0.0
5828,94.0111,0.0
5829,96.4796,0.0
5830,101.462,0.0
5831,99.6885,0.0
5832,99.2256,0.0
5833,96.8685,0.0
5834,94.861,0.0
5835,97.2474,0.0
5836,94.8086,0.0
5837,93.3654,0.0
5838,93.0934,0.0
5839,93.5294,0.0
5840,107.873,0.0
5841,97.0053,0.0
5842,95.8457,0.0
5843,97.3144,0.0
5844,97.9602,0.0
5845,99.7181,0.0
5846,97.7279,0.0
5847,95.288,0.0
5848,94.6922,0.0
5849,96.4581,0.0
5850,102.236,0.0
5851,95.9675,0.0
5852,102.076,0.0
5853,95.8489,0.0
5854,97.9707,0.0
5855,108.792,0.0
5856,100.785,0.0
5857,100.488,0.0
5858,101.427,0.0
5859,98.3181,0.0
5860,104.092,0.0
5861,102.342,0.0
5862,101.258,0.0
5863,99.5958,0.0
5864,99.5908,0.0
5865,100.343,0.0
5866,99.5338,0.0
5867,99.9078,0.0
5868,101.548,0.0
5869,101.714,0.0
5870,115.127,0.0
5871,103.135,0.0
5872,98.5402,0.0
5873,101.995,0.0
5874,100.967,0.0
5875,103.068,0.0
5876,100.46,0.0
5877,101.359,0.0
5878,97.1178,0.0
5879,100.307,0.0
5880,103.758,0.0
5881,99.5237,0.0
5882,101.236,0.0
5883,101.441,0.0
5884,98.3905,0.0
5885,107.375,0.0
5886,100.755,0.0
5887,101.724,0.0
5888,100.443,0.0
5889,101.71,0.0
5890,106.233,0.0
5891,100.963,0.0
5892,105.025,0.0
5893,103.937,0.0
5894,105.551,0.0
5895,107.208,0.0
5896,103.406,0.0
5897,103.174,0.0
5898,102.25,0.0
5899,102.155,0.0
5900,117.437,0.0
5901,106.647,0.0
5902,106.727,0.0
5903,103.13,0.0
5904,103.041,0.0
5905,112.637,0.0
5906,103.229,0.0
5907,102.846,0.0
5908,102.782,0.0
5909,105.237,0.0
5910,107.375,0.0
5911,103.932,0.0
5912,107.245,0.0
5913,105.295,0.0
5914,107.083,0.0
5915,113.383,0.0
5916,107.615,0.0
5917,111.227,0.0
5918,109.274,0.0
5919,111.043,0.0
5920,115.343,0.0
5921,112.84,0.0
5922,107.473,0.0
5923,109.295,0.0
5924,108.489,0.0
5925,108.06,0.0
5926,106.792,0.0
5927,108.315,0.0
5928,108.294,0.0
5929,106.501,0.0
5930,124.125,0.0
5931,115.377,0.0
5932,110.241,0.0
5933,110.45,0.0
5934,114.634,0.0
5935,114.184,0.0
5936,112.826,0.0
5937,111.534,0.0
5938,111.548,0.0
5939,116.136,0.0
5940,114.336,0.0
5941,108.375,0.0
5942,113.605,0.0
5943,114.576,0.0
5944,116.891,0.0
5945,121.935,0.0
5946,112.423,0.0
5947,111.695,0.0
5948,113.389,0.0
5949,111.94,0.0
5950,119.37,0.0
5951,115.209,0.0
5952,122.389,0.0
5953,115.767,0.0
5954,115.892,0.0
5955,117.221,0.0
5956,113.41,0.0
5957,115.153,0.0
5958,113.856,0.0
5959,115.702,0.0
5960,133.266,0.0
5961,121.46,0.0
5962,117.584,0.0
5963,115.768,0.0
5964,112.588,0.0
5965,115.849,0.0
5966,113.928,0.0
5967,116.001,0.0
5968,114.966,0.0
5969,119.084,0.0
5970,126.343,0.0
5971,123.158,0.0
5972,123.881,0.0
5973,115.071,0.0
5974,120.032,0.0
5975,127.645,0.0
5976,116.75,0.0
5977,121.129,0.0
5978,120.225,0.0
5979,125.141,0.0
5980,131.364,0.0
5981,127.764,0.0
5982,124.631,0.0
5983,122.958,0.0
5984,119.872,0.0
5985,128.635,0.0
5986,119.15,0.0
5987,116.41,0.0
5988,115.473,0.0
5989,115.55,0.0
5990,133.2,0.0
5991,126.818,0.0
5992,129.667,0.0
5993,122.017,0.0
5994,120.474,0.0
5995,124.37,0.0
5996,124.54,0.0
5997,121.421,0.0
5998,123.199,0.0
5999,120.65,0.0
6000,123.44,0.0
6001,123.098,0.0
6002,127.061,0.0
6003,131.199,0.0
6004,129.96,0.0
6005,133.246,0.0
6006,126.98,0.0
6007,123.906,0.0
6008,131.161,0.0
6009,128.661,0.0
6010,132.472,0.0
6011,127.814,0.0
6012,125.626,0.0
6013,126.153,0.0
6014,125.805,0.0
6015,125.343,0.0
6016,129.887,0.0
6017,123.203,0.0
6018,121.149,0.0
6019,126.977,0.0
6020,145.763,0.0
6021,133.438,0.0
6022,131.102,0.0
6023,126.879,0.0
6024,123.584,0.0
6025,127.548,0.0
6026,130.205,0.0
6027,128.456,0.0
6028,137.895,0.0
6029,133.671,0.0
6030,138.724,0.0
6031,129.057,0.0
6032,130.919,0.0
6033,128.623,0.0
6034,132.653,0.0
6035,147.869,0.0
6036,134.568,0.0
6037,133.399,0.0
6038,135.673,0.0
6039,133.127,0.0
6040,138.095,0.0
6041,136.354,0.0
6042,139.177,0.0
6043,132.948,0.0
6044,132.509,0.0
6045,130.018,0.0
6046,128.649,0.0
6047,125.919,0.0
6048,127.779,0.0
6049,129.773,0.0
6050,148.997,0.0
6051,139.309,0.0
6052,133.457,0.0
6053,136.992,0.0
6054,140.174,0.0
6055,140.26,0.0
6056,144.219,0.0
6057,137.014,0.0
6058,141.909,0.0
6059,134.308,0.0
6060,140.55,0.0
6061,143.548,0.0
6062,143.327,0.0
6063,145.718,0.0
6064,141.404,0.0
6065,151.406,0.0
6066,145.655,0.0
6067,141.675,0.0
6068,140.827,0.0
6069,145.55,0.0
6070,153.202,0.0
6071,152.516,0.0
6072,150.929,0.0
6073,144.714,0.0
6074,148.981,0.0
6075,148.1,0.0
6076,147.832,0.0
6077,142.975,0.0
6078,145.048,0.0
6079,143.931,0.0
6080,163.176,0.0
6081,149.739,0.0
6082,151.805,0.0
6083,148.873,0.0
6084,140.609,0.0
6085,151.561,0.0
6086,146.851,0.0
6087,147.461,0.0
6088,142.981,0.0
6089,142.922,0.0
6090,145.222,0.0
6091,141.393,0.0
6092,148.397,0.0
6093,147.938,0.0
6094,148.666,0.0
6095,154.818,0.0
6096,148.264,0.0
6097,154.272,0.0
6098,153.244,0.0
6099,148.211,0.0
6100,157.05,0.0
6101,155.14,0.0
6102,149.643,0.0
6103,148.984,0.0
6104,155.277,0.0
6105,153.026,0.0
6106,150.964,0.0
6107,147.798,0.0
6108,142.437,0.0
6109,144.415,0.0
6110,163.911,0.0
6111,151.399,0.0
6112,150.518,0.0
6113,150.681,0.0
6114,151.916,0.0
6115,156.088,0.0
6116,157.35,0.0
6117,146.503,0.0
6118,151.073,0.0
6119,150.921,0.0
6120,157.53,0.0
6121,150.363,0.0
6122,155.179,0.0
6123,154.637,0.0
6124,153.891,0.0
6125,162.448,0.0
6126,155.293,0.0
6127,157.359,0.0
6128,154.858,0.0
6129,157.243,0.0
6130,164.644,0.0
6131,160.484,0.0
6132,162.078,0.0
6133,158.627,0.0
6134,162.615,0.0
6135,161.003,0.0
6136,160.468,0.0
6137,155.42,0.0
6138,156.899,0.0
6139,156.827,0.0
6140,183.135,0.0
6141,165.454,0.0
6142,165.529,0.0
6143,159.748,0.0
6144,162.933,0.0
6145,168.172,0.0
6146,166.524,0.0
6147,161.398,0.0
6148,157.785,0.0
6149,161.143,0.0
6150,164.627,0.0
6151,161.64,0.0
6152,172.741,0.0
6153,165.271,0.0
6154,161.994,0.0
6155,173.671,0.0
6156,160.02,0.0
6157,164.052,0.0
6158,162.533,0.0
6159,162.814,0.0
6160,170.492,0.0
6161,169.243,0.0
6162,167.35,0.0
6163,163.242,0.0
6164,161.92,0.0
6165,165.401,0.0
6166,172.057,0.0
6167,165.496,0.0
6168,162.43,0.0
6169,160.718,0.0
6170,179.168,0.0
6171,171.183,0.0
6172,168.174,0.0
6173,165.359,0.0
6174,161.075,0.0
6175,165.371,0.0
6176,162.532,0.0
6177,160.601,0.0
6178,162.763,0.0
6179,162.726,0.0
6180,170.448,0.0
6181,167.776,0.0
6182,172.46,0.0
6183,167.659,0.0
6184,166.867,0.0
6185,179.213,0.0
6186,164.963,0.0
6187,163.532,0.0
6188,166.308,0.0
6189,164.952,0.0
6190,168.188,0.0
6191,168.18,0.0
6192,164.422,0.0
6193,162.812,0.0
6194,165.252,0.0
6195,171.356,0.0
6196,166.422,0.0
6197,163.837,0.0
6198,163.532,0.0
6199,166.187,0.0
6200,187.215,0.0
6201,172.472,0.0
6202,170.816,0.0
6203,169.153,0.0
6204,169.482,0.0
6205,176.184,0.0
6206,170.108,0.0
6207,164.03,0.0
6208,163.107,0.0
6209,164.908,0.0
6210,168.301,0.0
6211,163.295,0.0
6212,169.935,0.0
6213,161.142,0.0
6214,165.885,0.0
6215,172.757,0.0
6216,173.976,0.0
6217,170.127,0.0
6218,164.65,0.0
6219,165.422,0.0
6220,175.897,0.0
6221,171.93,0.0
6222,169.086,0.0
6223,171.717,0.0
6224,174.757,0.0
6225,172.907,0.0
6226,167.953,0.0
6227,172.192,0.0
6228,168.65,0.0
6229,164.006,0.0
6230,189.413,0.0
6231,178.379,0.0
6232,172.692,0.0
6233,171.269,0.0
6234,165.514,0.0
6235,169.707,0.0
6236,167.813,0.0
6237,160.704,0.0
6238,162.893,0.0
6239,164.034,0.0
6240,170.669,0.0
6241,163.45,0.0
6242,170.341,0.0
6243,165.636,0.0
6244,161.301,0.0
6245,178.424,0.0
6246,162.168,0.0
6247,164.114,0.0
6248,165.366,0.0
6249,157.775,0.0
6250,170.022,0.0
6251,176.687,0.0
6252,162.41,0.0
6253,161.106,0.0
6254,168.987,0.0
6255,162.319,0.0
6256,161.181,0.0
6257,160.459,0.0
6258,159.283,0.0
6259,159.37,0.0
6260,180.745,0.0
6261,172.199,0.0
6262,173.051,0.0
6263,173.001,0.0
6264,157.278,0.0
6265,174.182,0.0
6266,169.184,0.0
6267,158.136,0.0
6268,161.749,0.0
6269,162.197,0.0
6270,169.812,0.0
6271,162.771,0.0
6272,170.09,0.0
6273,166.595,0.0
6274,152.645,0.0
6275,177.049,0.0
6276,165.3,0.0
6277,159.229,0.0
6278,156.908,0.0
6279,158.467,0.0
6280,161.4,0.0
6281,155.933,0.0
6282,151.615,0.0
6283,142.293,0.0
6284,156.76,0.0
6285,158.164,0.0
6286,150.919,0.0
6287,149.119,0.0
6288,145.895,0.0
6289,142.734,0.0
6290,172.346,0.0
6291,156.634,0.0
6292,151.22,0.0
6293,140.251,0.0
6294,142.25,0.0
6295,155.929,0.0
6296,146.543,0.0
6297,147.237,0.0
6298,144.156,0.0
6299,144.911,0.0
6300,152.487,0.0
6301,144.472,0.0
6302,147.543,0.0
6303,143.674,0.0
6304,137.758,0.0
6305,154.789,0.0
6306,142.745,0.0
6307,144.757,0.0
6308,138.618,0.0
6309,140.377,0.0
6310,153.361,0.0
6311,148.433,0.0
6312,141.207,0.0
6313,134.722,0.0
6314,134.82,0.0
6315,137.706,0.0
6316,134.22,0.0
6317,134.838,0.0
6318,133.298,0.0
6319,140.418,0.0
6320,160.395,0.0
6321,148.534,0.0
6322,147.08,0.0
6323,142.069,0.0
6324,138.225,0.0
6325,152.777,0.0
6326,148.847,0.0
6327,143.157,0.0
6328,149.666,0.0
6329,140.793,0.0
6330,151.915,0.0
6331,150.367,0.0
6332,153.807,0.0
6333,144.59,0.0
6334,135.261,0.0
6335,145.508,0.0
6336,143.559,0.0
6337,138.399,0.0
6338,139.434,0.0
6339,131.501,0.0
6340,147.021,0.0
6341,144.149,0.0
6342,140.498,0.0
6343,126.697,0.0
6344,131.619,0.0
6345,130.222,0.0
6346,128.622,0.0
6347,120.514,0.0
6348,134.517,0.0
6349,126.721,0.0
6350,152.956,0.0
6351,136.004,0.0
6352,134.589,0.0
6353,122.49,0.0
6354,121.752,0.0
6355,126.806,0.0
6356,123.697,0.0
6357,117.334,0.0
6358,121.061,0.0
6359,116.924,0.0
6360,129.097,0.0
6361,119.566,0.0
6362,137.694,0.0
6363,132.896,0.0
6364,122.548,0.0
6365,136.876,0.0
6366,125.126,0.0
6367,122.008,0.0
6368,127.935,0.0
6369,123.612,0.0
6370,138.159,0.0
6371,130.939,0.0
6372,122.351,0.0
6373,120.327,0.0
6374,121.12,0.0
6375,122.707,0.0
6376,118.378,0.0
6377,112.427,0.0
6378,115.065,0.0
6379,116.45,0.0
6380,139.185,0.0
6381,126.701,0.0
6382,117.226,0.0
6383,124.121,0.0
6384,113.753,0.0
6385,128.967,0.0
6386,112.289,0.0
6387,119.1,0.0
6388,117.345,0.0
6389,118.646,0.0
6390,133.677,0.0
6391,131.227,1.0
6392,136.31,1.0
6393,128.147,1.0
6394,122.747,1.0
6395,127.789,1.0
6396,129.868,1.0
6397,129.308,1.0
6398,124.564,1.0
6399,120.51,1.0
6400,140.926,1.0
6401,129.744,1.0
6402,126.078,1.0
6403,120.238,1.0
6404,124.11,1.0
6405,123.968,1.0
6406,124.237,1.0
6407,115.731,1.0
6408,114.6,1.0
6409,113.394,1.0
6410,137.049,1.0
6411,134.8,1.0
6412,122.406,1.0
6413,113.672,1.0
6414,100.682,1.0
6415,95.8589,1.0
6416,95.7083,1.0
6417,91.0618,1.0
6418,95.9218,1.0
6419,72.0985,1.0
6420,79.1242,1.0
6421,72.3928,1.0
6422,77.0147,1.0
6423,61.9894,1.0
6424,48.589,1.0
6425,52.7478,1.0
6426,50.9668,1.0
6427,49.6582,1.0
6428,51.3551,1.0
6429,35.6067,1.0
6430,32.5045,1.0
6431,30.0555,1.0
6432,31.2614,1.0
6433,30.2551,1.0
6434,27.386,1.0
6435,28.9807,1.0
6436,29.0844,1.0
6437,26.9185,1.0
6438,26.4621,1.0
6439,27.218,1.0
6440,40.4268,1.0
6441,28.8811,1.0
6442,27.1294,1.0
6443,26.9913,1.0
6444,26.7741,1.0
6445,30.6972,1.0
6446,27.6085,1.0
6447,25.2841,1.0
6448,25.2264,1.0
6449,25.1927,1.0
6450,27.6501,1.0
6451,24.8858,1.0
6452,24.8099,1.0
6453,24.295,1.0
6454,24.5221,1.0
6455,26.7354,1.0
6456,24.7589,1.0
6457,25.63,1.0
6458,24.6949,1.0
6459,23.6518,1.0
6460,27.6977,1.0
6461,25.8687,1.0
6462,24.6654,1.0
6463,24.6694,1.0
6464,24.4351,1.0
6465,25.7723,1.0
6466,24.2502,1.0
6467,25.0965,1.0
6468,23.9362,1.0
6469,24.4127,1.0
6470,32.8182,1.0
6471,27.4586,1.0
6472,26.3163,1.0
6473,30.3965,1.0
6474,26.9516,1.0
6475,26.8908,1.0
6476,28.9461,1.0
6477,28.9742,1.0
6478,30.0406,1.0
6479,28.8507,1.0
6480,32.7811,1.0
6481,27.7468,1.0
6482,30.8174,1.0
6483,28.5658,1.0
6484,27.6677,1.0
6485,31.0409,1.0
6486,42.3687,1.0
6487,48.337,1.0
6488,47.0822,1.0
6489,45.234,1.0
6490,54.7834,1.0
6491,66.976,1.0
6492,65.1062,1.0
6493,65.4835,1.0
6494,64.2602,1.0
6495,79.9957,1.0
6496,83.7718,1.0
6497,86.2702,1.0
6498,94.9688,1.0
6499,102.511,1.0
6500,123.432,1.0
6501,112.065,1.0
6502,113.125,1.0
6503,109.186,1.0
6504,100.249,1.0
6505,110.295,1.0
6506,104.231,1.0
6507,96.9767,1.0
6508,106.858,1.0
6509,101.169,1.0
6510,113.991,1.0
6511,114.283,1.0
6512,117.719,1.0
6513,107.738,1.0
6514,97.8598,1.0
6515,105.538,1.0
6516,99.7499,1.0
6517,101.126,1.0
6518,103.112,1.0
6519,99.2972,1.0
6520,112.482,1.0
6521,99.3852,1.0
6522,98.3029,1.0
6523,98.4448,1.0
6524,97.6923,1.0
6525,105.71,1.0
6526,98.5454,1.0
6527,93.2877,1.0
6528,101.755,1.0
6529,98.0553,1.0
6530,130.459,1.0
6531,104.251,1.0
6532,115.085,1.0
6533,95.269,1.0
6534,101.532,1.0
6535,109.431,1.0
6536,93.3864,1.0
6537,94.4553,1.0
6538,95.4128,1.0
6539,91.7461,1.0
6540,106.417,1.0
6541,96.8187,1.0
6542,102.753,1.0
6543,93.546,1.0
6544,96.5112,1.0
6545,109.288,1.0
6546,94.8979,1.0
6547,118.27,1.0
6548,97.1973,1.0
6549,91.3234,1.0
6550,105.277,1.0
6551,95.9526,1.0
6552,93.0463,1.0
6553,87.1108,1.0
6554,88.2654,1.0
6555,93.015,1.0
6556,94.7344,1.0
6557,95.7193,1.0
6558,86.3216,1.0
6559,87.1946,1.0
6560,108.975,1.0
6561,95.7174,1.0
6562,108.002,1.0
6563,104.886,1.0
6564,94.837,1.0
6565,101.004,1.0
6566,98.8867,1.0
6567,98.306,1.0
6568,94.517,1.0
6569,96.1784,1.0
6570,110.262,1.0
6571,103.727,1.0
6572,109.68,1.0
6573,109.58,1.0
6574,127.933,1.0
6575,154.775,1.0
6576,148.862,1.0
6577,142.214,1.0
6578,138.171,1.0
6579,129.121,1.0
6580,147.028,1.0
6581,143.874,1.0
6582,165.787,1.0
6583,167.585,1.0
6584,170.349,1.0
6585,180.899,1.0
6586,170.513,1.0
6587,174.678,1.0
6588,164.735,1.0
6589,178.822,1.0
6590,198.326,1.0
6591,203.901,1.0
6592,200.309,1.0
6593,178.491,1.0
6594,167.748,1.0
6595,183.018,1.0
6596,176.769,1.0
6597,186.823,1.0
6598,183.66,1.0
6599,179.276,1.0
6600,197.283,1.0
6601,191.097,1.0
6602,194.67,1.0
6603,177.325,1.0
6604,173.758,1.0
6605,200.816,1.0
6606,186.235,1.0
6607,185.421,1.0
6608,178.958,1.0
6609,171.75,0.0
6610,203.231,0.0
6611,181.354,0.0
6612,186.778,0.0
6613,175.582,0.0
6614,176.125,0.0
6615,181.514,0.0
6616,175.261,0.0
6617,164.719,0.0
6618,136.325,0.0
6619,132.139,0.0
6620,170.736,0.0
6621,151.549,0.0
6622,149.412,0.0
6623,150.554,0.0
6624,137.062,0.0
6625,149.541,0.0
6626,113.333,0.0
6627,96.2534,0.0
6628,97.3134,0.0
6629,94.4967,0.0
6630,118.135,0.0
6631,104.451,0.0
6632,110.056,0.0
6633,105.469,0.0
6634,100.84,0.0
6635,114.216,0.0
6636,101.479,0.0
6637,106.333,0.0
6638,102.384,0.0
6639,96.8245,0.0
6640,117.129,0.0
6641,114.081,0.0
6642,103.979,0.0
6643,106.358,0.0
6644,101.868,0.0
6645,109.082,0.0
6646,101.389,0.0
6647,97.3075,0.0
6648,97.8839,0.0
6649,98.267,0.0
6650,122.2,0.0
6651,113.424,0.0
6652,105.054,0.0
6653,101.579,0.0
6654,102.633,0.0
6655,111.718,0.0
6656,101.918,0.0
6657,100.011,0.0
6658,100.448,0.0
6659,96.2766,0.0
6660,101.891,0.0
6661,104.214,0.0
6662,112.155,0.0
6663,101.605,0.0
6664,98.5311,0.0
6665,111.277,0.0
6666,108.397,0.0
6667,107.47,0.0
6668,110.365,0.0
6669,103.607,0.0
6670,111.285,0.0
6671,111.083,0.0
6672,105.417,0.0
6673,104.902,0.0
6674,103.467,0.0
6675,101.975,0.0
6676,105.814,0.0
6677,100.81,0.0
6678,99.045,0.0
6679,98.0779,0.0
6680,119.044,0.0
6681,114.281,0.0
6682,119.109,0.0
6683,113.922,0.0
6684,107.499,0.0
6685,114.535,0.0
6686,111.265,0.0
6687,106.741,0.0
6688,105.78,0.0
6689,109.243,0.0
6690,125.087,0.0
6691,115.472,0.0
6692,112.303,0.0
6693,111.164,0.0
6694,108.471,0.0
6695,132.396,0.0
6696,110.737,0.0
6697,113.863,0.0
6698,112.087,0.0
6699,108.542,0.0
6700,115.98,0.0
6701,117.399,0.0
6702,111.383,0.0
6703,106.906,0.0
6704,111.064,0.0
6705,112.414,0.0
6706,115.607,0.0
6707,105.966,0.0
6708,105.716,0.0
6709,108.603,0.0
6710,133.434,0.0
6711,126.063,0.0
6712,119.138,0.0
6713,108.133,0.0
6714,109.072,0.0
6715,117.56,0.0
6716,111.274,0.0
6717,116.722,0.0
6718,108.672,0.0
6719,107.245,0.0
6720,116.125,0.0
6721,109.844,0.0
6722,119.888,0.0
6723,113.837,0.0
6724,108.788,0.0
6725,126.954,0.0
6726,112.845,0.0
6727,115.175,0.0
6728,111.331,0.0
6729,108.407,0.0
6730,123.149,0.0
6731,117.117,0.0
6732,111.992,0.0
6733,109.952,0.0
6734,109.244,0.0
6735,113.176,0.0
6736,108.72,0.0
6737,109.073,0.0
6738,106.088,0.0
6739,107.378,0.0
6740,130.419,0.0
6741,122.041,0.0
6742,122.737,0.0
6743,115.799,0.0
6744,108.201,0.0
6745,121.014,0.0
6746,117.809,0.0
6747,109.15,0.0
6748,112.664,0.0
6749,108.974,0.0
6750,120.96,0.0
6751,124.875,0.0
6752,122.16,0.0
6753,113.272,0.0
6754,108.001,0.0
6755,125.374,0.0
6756,117.33,0.0
6757,110.408,0.0
6758,106.31,0.0
6759,102.492,0.0
6760,121.7,0.0
6761,117.578,0.0
6762,117.085,0.0
6763,108.514,0.0
6764,109.443,0.0
6765,117.509,0.0
6766,108.318,0.0
6767,108.115,0.0
6768,100.763,0.0
6769,108.116,0.0
6770,129.03,0.0
6771,116.847,0.0
6772,110.621,0.0
6773,105.609,0.0
6774,107.61,0.0
6775,112.269,0.0
6776,103.725,0.0
6777,109.24,0.0
6778,110.745,0.0
6779,112.549,0.0
6780,119.079,0.0
6781,110.635,0.0
6782,106.642,0.0
6783,108.633,0.0
6784,107.797,0.0
6785,119.651,0.0
6786,107.981,0.0
6787,104.735,0.0
6788,104.724,0.0
6789,102.991,0.0
6790,110.964,0.0
6791,108.794,0.0
6792,105.2,0.0
6793,99.6914,0.0
6794,99.5066,0.0
6795,100.422,0.0
6796,98.1739,0.0
6797,95.852,0.0
6798,98.59,0.0
6799,102.624,0.0
6800,124.701,0.0
6801,111.921,0.0
6802,112.713,0.0
6803,114.092,0.0
6804,98.3331,0.0
6805,108.266,0.0
6806,102.082,0.0
6807,103.703,0.0
6808,101.139,0.0
6809,98.1855,0.0
6810,117.239,0.0
6811,115.834,0.0
6812,115.554,0.0
6813,102.063,0.0
6814,99.8251,0.0
6815,120.499,0.0
6816,105.27,0.0
6817,105.573,0.0
6818,108.113,0.0
6819,103.129,0.0
6820,114.019,0.0
6821,112.684,0.0
6822,107.35,0.0
6823,101.308,0.0
6824,109.106,0.0
6825,106.818,0.0
6826,102.822,0.0
6827,97.1782,0.0
6828,94.294,0.0
6829,97.6616,0.0
6830,128.921,0.0
6831,114.003,0.0
6832,101.403,0.0
6833,103.578,0.0
6834,95.4332,0.0
6835,112.846,0.0
6836,101.399,0.0
6837,106.473,0.0
6838,106.093,0.0
6839,98.7441,0.0
6840,106.519,0.0
6841,107.213,0.0
6842,115.218,0.0
6843,103.652,0.0
6844,102.478,0.0
6845,115.294,0.0
6846,107.626,0.0
6847,109.649,0.0
6848,109.921,0.0
6849,106.574,0.0
6850,114.574,0.0
6851,111.899,0.0
6852,106.156,0.0
6853,103.109,0.0
6854,100.411,0.0
6855,99.11,0.0
6856,99.0908,0.0
6857,97.8079,0.0
6858,95.2675,0.0
6859,96.5529,0.0
6860,120.171,0.0
6861,112.214,0.0
6862,116.585,0.0
6863,113.014,0.0
6864,107.458,0.0
6865,109.784,0.0
6866,105.86,0.0
6867,103.318,0.0
6868,101.901,0.0
6869,108.116,0.0
6870,115.955,0.0
6871,111.369,0.0
6872,123.736,0.0
6873,110.51,0.0
6874,108.714,0.0
6875,128.144,0.0
6876,114.881,0.0
6877,112.591,0.0
6878,113.919,0.0
6879,109.848,0.0
6880,115.123,0.0
6881,111.172,0.0
6882,113.878,0.0
6883,109.804,0.0
6884,108.487,0.0
6885,110.895,0.0
6886,107.652,0.0
6887,109.887,0.0
6888,104.619,0.0
6889,101.292,0.0
6890,121.138,0.0
6891,124.582,0.0
6892,111.683,0.0
6893,107.651,0.0
6894,109.404,0.0
6895,111.967,0.0
6896,110.712,0.0
6897,113.992,0.0
6898,106.132,0.0
6899,103.719,0.0
6900,112.07,0.0
6901,108.11,0.0
6902,114.838,0.0
6903,103.5,0.0
6904,106.947,0.0
6905,116.42,0.0
6906,108.968,0.0
6907,110.337,0.0
6908,108.757,0.0
6909,104.402,0.0
6910,118.37,0.0
6911,114.333,0.0
6912,112.468,0.0
6913,113.483,0.0
6914,105.163,0.0
6915,106.592,0.0
6916,105.145,0.0
6917,103.692,0.0
6918,101.993,0.0
6919,100.781,0.0
6920,124.706,0.0
6921,116.307,0.0
6922,114.279,0.0
6923,109.73,0.0
6924,106.507,0.0
6925,108.461,0.0
6926,103.998,0.0
6927,111.657,0.0
6928,111.961,0.0
6929,112.064,0.0
6930,114.538,0.0
6931,117.639,0.0
6932,126.143,0.0
6933,113.1,0.0
6934,110.194,0.0
6935,125.004,0.0
6936,117.628,0.0
6937,112.023,0.0
6938,111.298,0.0
6939,106.019,0.0
6940,118.984,0.0
6941,110.321,0.0
6942,113.26,0.0
6943,112.621,0.0
6944,112.537,0.0
6945,113.262,0.0
6946,116.857,0.0
6947,114.089,0.0
6948,110.324,0.0
6949,105.249,0.0
6950,130.696,0.0
6951,129.435,0.0
6952,115.872,0.0
6953,107.74,0.0
6954,113.649,0.0
6955,120.723,0.0
6956,109.274,0.0
6957,110.522,0.0
6958,109.556,0.0
6959,111.465,0.0
6960,117.361,0.0
6961,119.071,0.0
6962,128.237,0.0
6963,113.769,0.0
6964,115.789,0.0
6965,127.471,0.0
6966,116.861,0.0
6967,115.02,0.0
6968,108.77,0.0
6969,111.569,0.0
6970,121.143,0.0
6971,117.995,0.0
6972,111.757,0.0
6973,115.195,0.0
6974,113.032,0.0
6975,109.994,0.0
6976,108.185,0.0
6977,111.11,0.0
6978,111.748,0.0
6979,110.698,0.0
6980,127.358,0.0
6981,121.548,0.0
6982,128.895,0.0
6983,124.193,0.0
6984,118.856,0.0
6985,120.656,0.0
6986,120.405,0.0
6987,114.552,0.0
6988,114.968,0.0
6989,115.68,0.0
6990,121.954,0.0
6991,126.372,0.0
6992,127.246,0.0
6993,113.665,0.0
6994,123.857,0.0
6995,134.476,0.0
6996,123.915,0.0
6997,126.405,0.0
6998,122.046,0.0
6999,117.914,0.0
7000,128.172,0.0
7001,128.078,0.0
7002,122.774,0.0
7003,124.504,0.0
7004,117.437,0.0
7005,124.621,0.0
7006,119.987,0.0
7007,116.384,0.0
7008,112.558,0.0
7009,114.128,0.0
7010,135.316,0.0
7011,131.517,0.0
7012,117.078,0.0
7013,119.141,0.0
7014,118.932,0.0
7015,119.399,0.0
7016,120.271,0.0
7017,113.139,0.0
7018,113.18,0.0
7019,116.986,0.0
7020,118.78,0.0
7021,124.205,0.0
7022,130.466,0.0
7023,123.621,0.0
7024,129.359,0.0
7025,133.604,0.0
7026,122.966,0.0
7027,124.25,0.0
7028,119.645,0.0
7029,121.128,0.0
7030,134.725,0.0
7031,126.642,0.0
7032,123.679,0.0
7033,118.81,0.0
7034,117.729,0.0
7035,121.064,0.0
7036,117.749,0.0
7037,112.408,0.0
7038,111.125,0.0
7039,113.793,0.0
7040,127.266,0.0
7041,124.149,0.0
7042,124.651,0.0
7043,118.718,0.0
7044,114.628,0.0
7045,119.643,0.0
7046,114.205,0.0
7047,112.798,0.0
7048,115.167,0.0
7049,116.891,0.0
7050,124.297,0.0
7051,120.712,0.0
7052,120.912,0.0
7053,114.276,0.0
7054,113.997,0.0
7055,127.149,0.0
7056,119.319,0.0
7057,113.211,0.0
7058,119.083,0.0
7059,112.636,0.0
7060,119.677,0.0
7061,115.576,0.0
7062,110.307,0.0
7063,111.088,0.0
7064,109.544,0.0
7065,115.241,0.0
7066,106.088,0.0
7067,106.564,0.0
7068,99.0893,0.0
7069,102.58,0.0
7070,127.947,0.0
7071,110.405,0.0
7072,114.087,0.0
7073,102.845,0.0
7074,106.145,0.0
7075,111.04,0.0
7076,103.308,0.0
7077,101.513,0.0
7078,104.143,0.0
7079,104.448,0.0
7080,110.159,0.0
7081,105.912,0.0
7082,116.259,0.0
7083,109.955,0.0
7084,103.504,0.0
7085,108.118,0.0
7086,103.587,0.0
7087,103.169,0.0
7088,100.837,0.0
7089,106.917,0.0
7090,123.871,0.0
7091,112.987,0.0
7092,107.241,0.0
7093,107.166,0.0
7094,110.89,0.0
7095,112.219,0.0
7096,106.335,0.0
7097,104.233,0.0
7098,101.08,0.0
7099,101.818,0.0
7100,116.085,0.0
7101,108.074,0.0
7102,103.089,0.0
7103,104.029,0.0
7104,100.656,0.0
7105,103.669,0.0
7106,102.386,0.0
7107,98.0765,0.0
7108,96.3375,0.0
7109,94.2461,0.0
7110,103.119,0.0
7111,97.0503,0.0
7112,99.4302,0.0
7113,97.5322,0.0
7114,96.9129,0.0
7115,110.697,0.0
7116,96.7537,0.0
7117,99.7283,0.0
7118,101.311,0.0
7119,102.373,0.0
7120,102.142,0.0
7121,101.189,0.0
7122,99.5462,0.0
7123,97.5859,0.0
7124,96.9026,0.0
7125,92.6339,0.0
7126,94.5104,0.0
7127,94.2579,0.0
7128,92.1125,0.0
7129,95.3123,0.0
7130,105.91,0.0
7131,99.91,0.0
7132,102.458,0.0
7133,95.721,0.0
7134,93.9449,0.0
7135,95.8312,0.0
7136,94.4413,0.0
7137,88.5594,0.0
7138,92.4572,0.0
7139,94.5216,0.0
7140,96.4678,0.0
7141,95.9112,0.0
7142,90.7646,0.0
7143,92.2925,0.0
7144,90.6208,0.0
7145,99.3884,0.0
7146,94.0048,0.0
7147,91.9495,0.0
7148,94.7667,0.0
7149,90.5543,0.0
7150,99.6409,0.0
7151,96.5195,0.0
7152,95.4971,0.0
7153,93.9284,0.0
7154,92.4576,0.0
7155,89.0134,0.0
7156,89.4451,0.0
7157,89.4854,0.0
7158,87.6581,0.0
7159,90.6331,0.0
7160,107.058,0.0
7161,95.3836,0.0
7162,95.8648,0.0
7163,92.906,0.0
7164,93.8296,0.0
7165,94.7022,0.0
7166,93.2156,0.0
7167,93.4046,0.0
7168,94.336,0.0
7169,92.179,0.0
7170,95.8098,0.0
7171,93.4036,0.0
7172,93.0143,0.0
7173,91.5803,0.0
7174,89.7428,0.0
7175,101.915,0.0
7176,93.1832,0.0
7177,99.7568,0.0
7178,98.1682,0.0
7179,94.1554,0.0
7180,101.078,0.0
7181,94.3758,0.0
7182,92.2993,0.0
7183,93.9437,0.0
7184,90.3156,0.0
7185,92.5805,0.0
7186,91.6546,0.0
7187,90.2337,0.0
7188,87.5272,0.0
7189,89.3368,0.0
7190,104.448,0.0
7191,95.3137,0.0
7192,89.817,0.0
7193,90.184,0.0
7194,90.0836,0.0
7195,89.8825,0.0
7196,91.1224,0.0
7197,86.6701,0.0
7198,88.7979,0.0
7199,89.5087,0.0
7200,93.1784,0.0
7201,89.6945,0.0
7202,90.8093,0.0
7203,92.44,0.0
7204,89.1304,0.0
7205,97.4414,0.0
7206,93.914,0.0
7207,94.284,0.0
7208,99.3486,0.0
7209,96.2082,0.0
7210,99.482,0.0
7211,94.6105,0.0
7212,92.038,0.0
7213,89.6165,0.0
7214,94.1063,0.0
7215,92.217,0.0
7216,88.9448,0.0
7217,92.0648,0.0
7218,88.7389,0.0
7219,89.6874,0.0
7220,108.742,0.0
7221,96.0698,0.0
7222,96.8355,0.0
7223,91.5262,0.0
7224,92.5647,0.0
7225,94.6773,0.0
7226,93.7418,0.0
7227,92.6104,0.0
7228,92.539,0.0
7229,89.9683,0.0
7230,97.2215,0.0
7231,94.9441,0.0
7232,98.2011,0.0
7233,93.783,0.0
7234,94.8788,0.0
7235,103.023,0.0
7236,96.8846,0.0
7237,96.3516,0.0
7238,97.2476,0.0
7239,94.5024,0.0
7240,102.938,0.0
7241,95.1771,0.0
7242,94.2321,0.0
7243,100.364,0.0
7244,103.987,0.0
7245,103.725,0.0
7246,107.223,0.0
7247,98.8583,0.0
7248,95.9365,0.0
7249,94.9218,0.0
7250,107.954,0.0
7251,104.657,0.0
7252,98.8444,0.0
7253,97.0752,0.0
7254,96.6046,0.0
7255,97.3846,0.0
7256,96.2044,0.0
7257,95.1369,0.0
7258,91.5459,0.0
7259,97.6187,0.0
7260,98.9162,0.0
7261,94.6602,0.0
7262,96.9562,0.0
7263,96.5972,0.0
7264,95.786,0.0
7265,103.776,0.0
7266,94.2853,0.0
7267,100.307,0.0
7268,97.1043,0.0
7269,99.5077,0.0
7270,102.659,0.0
7271,95.8315,0.0
7272,98.4177,0.0
7273,99.5361,0.0
7274,96.7279,0.0
7275,96.7145,0.0
7276,98.6716,0.0
7277,95.8059,0.0
7278,96.6825,0.0
7279,98.1134,0.0
7280,112.588,0.0
7281,100.734,0.0
7282,99.8025,0.0
7283,100.655,0.0
7284,96.5975,0.0
7285,101.229,0.0
7286,99.1964,0.0
7287,97.3342,0.0
7288,97.1795,0.0
7289,98.9973,0.0
7290,98.3218,0.0
7291,98.5675,0.0
7292,102.56,0.0
7293,97.8536,0.0
7294,96.3359,0.0
7295,110.631,0.0
7296,101.503,0.0
7297,101.048,0.0
7298,101.146,0.0
7299,101.919,0.0
7300,106.455,0.0
7301,105.013,0.0
7302,105.677,0.0
7303,104.987,0.0
7304,103.177,0.0
7305,101.449,0.0
7306,100.509,0.0
7307,98.3913,0.0
7308,99.9578,0.0
7309,98.7716,0.0
7310,112.08,0.0
7311,101.973,0.0
7312,99.2045,0.0
7313,98.2893,0.0
7314,101.059,0.0
7315,102.355,0.0
7316,100.904,0.0
7317,99.3343,0.0
7318,97.9074,0.0
7319,100.807,0.0
7320,104.836,0.0
7321,101.597,0.0
7322,103.58,0.0
7323,104.888,0.0
7324,100.374,0.0
7325,107.436,0.0
7326,103.05,0.0
7327,104.593,0.0
7328,103.382,0.0
7329,104.208,0.0
7330,112.58,0.0
7331,107.928,0.0
7332,103.506,0.0
7333,99.9701,0.0
7334,102.695,0.0
7335,99.2939,0.0
7336,101.374,0.0
7337,100.682,0.0
7338,100.202,0.0
7339,101.279,0.0
7340,120.06,0.0
7341,108.75,0.0
7342,106.654,0.0
7343,109.16,0.0
7344,103.933,0.0
7345,106.432,0.0
7346,104.954,0.0
7347,105.908,0.0
7348,102.651,0.0
7349,105.712,0.0
7350,109.569,0.0
7351,105.757,0.0
7352,109.185,0.0
7353,106.822,0.0
7354,105.777,0.0
7355,117.711,0.0
7356,108.288,0.0
7357,110.622,0.0
7358,108.459,0.0
7359,112.841,0.0
7360,114.743,0.0
7361,108.93,0.0
7362,110.374,0.0
7363,110.475,0.0
7364,112.097,0.0
7365,114.25,0.0
7366,108.069,0.0
7367,108.804,0.0
7368,109.169,0.0
7369,109.736,0.0
7370,119.347,0.0
7371,112.705,0.0
7372,109.995,0.0
7373,111.101,0.0
7374,109.337,0.0
7375,113.682,0.0
7376,112.686,0.0
7377,112.632,0.0
7378,111.919,0.0
7379,111.974,0.0
7380,117.47,0.0
7381,111.22,0.0
7382,111.126,0.0
7383,110.981,0.0
7384,114.017,0.0
7385,121.365,0.0
7386,111.802,0.0
7387,116.648,0.0
7388,114.852,0.0
7389,118.643,0.0
7390,123.188,0.0
7391,122.82,0.0
7392,118.186,0.0
7393,117.437,0.0
7394,117.02,0.0
7395,121.459,0.0
7396,114.45,0.0
7397,116.241,0.0
7398,113.262,0.0
7399,116.688,0.0
7400,136.298,0.0
7401,122.079,0.0
7402,118.916,0.0
7403,115.198,0.0
7404,115.091,0.0
7405,121.458,0.0
7406,114.777,0.0
7407,111.459,0.0
7408,111.377,0.0
7409,114.924,0.0
7410,120.533,0.0
7411,114.744,0.0
7412,119.722,0.0
7413,114.843,0.0
7414,122.641,0.0
7415,128.953,0.0
7416,119.807,0.0
7417,124.947,0.0
7418,123.22,0.0
7419,119.63,0.0
7420,127.657,0.0
7421,120.554,0.0
7422,118.14,0.0
7423,120.374,0.0
7424,123.541,0.0
7425,124.956,0.0
7426,117.138,0.0
7427,118.34,0.0
7428,114.554,0.0
7429,118.789,0.0
7430,132.657,0.0
7431,125.046,0.0
7432,117.817,0.0
7433,118.169,0.0
7434,123.024,0.0
7435,121.639,0.0
7436,119.158,0.0
7437,118.219,0.0
7438,122.799,0.0
7439,120.388,0.0
7440,124.88,0.0
7441,124.505,0.0
7442,124.051,0.0
7443,124.251,0.0
7444,119.702,0.0
7445,129.374,0.0
7446,122.892,0.0
7447,127.145,0.0
7448,127.606,0.0
7449,129.213,0.0
7450,133.945,0.0
7451,133.194,0.0
7452,130.009,0.0
7453,126.879,0.0
7454,123.994,0.0
7455,125.359,0.0
7456,126.393,0.0
7457,129.955,0.0
7458,126.223,0.0
7459,125.612,0.0
7460,144.16,0.0
7461,130.221,0.0
7462,132.397,0.0
7463,132.112,0.0
7464,131.179,0.0
7465,133.961,0.0
7466,128.657,0.0
7467,128.419,0.0
7468,130.251,0.0
7469,128.881,0.0
7470,133.2,0.0
7471,138.51,0.0
7472,140.558,0.0
7473,134.091,0.0
7474,132.559,0.0
7475,149.779,0.0
7476,139.822,0.0
7477,138.661,0.0
7478,136.587,0.0
7479,134.503,0.0
7480,141.911,0.0
7481,137.049,0.0
7482,136.017,0.0
7483,137.021,0.0
7484,135.884,0.0
7485,140.447,0.0
7486,137.848,0.0
7487,137.533,0.0
7488,136.407,0.0
7489,136.951,0.0
7490,150.255,0.0
7491,144.32,0.0
7492,140.663,0.0
7493,140.015,0.0
7494,138.524,0.0
7495,140.24,0.0
7496,136.209,0.0
7497,137.971,0.0
7498,136.404,0.0
7499,139.314,0.0
7500,144.693,0.0
7501,142.226,0.0
7502,138.602,0.0
7503,144.37,0.0
7504,141.346,0.0
7505,144.394,0.0
7506,144.703,0.0
7507,143.167,0.0
7508,142.837,0.0
7509,146.289,0.0
7510,153.4,0.0
7511,142.955,0.0
7512,145.14,0.0
7513,148.693,0.0
7514,150.375,0.0
7515,155.199,0.0
7516,147.091,0.0
7517,146.739,0.0
7518,144.513,0.0
7519,141.536,0.0
7520,168.244,0.0
7521,152.023,0.0
7522,149.414,0.0
7523,150.103,0.0
7524,147.804,0.0
7525,151.467,0.0
7526,148.669,0.0
7527,150.896,0.0
7528,149.059,0.0
7529,154.878,0.0
7530,161.724,0.0
7531,147.501,0.0
7532,153.354,0.0
7533,147.446,0.0
7534,148.722,0.0
7535,167.043,0.0
7536,157.03,0.0
7537,153.992,0.0
7538,150.955,0.0
7539,150.738,0.0
7540,154.295,0.0
7541,152.983,0.0
7542,153.261,0.0
7543,149.903,0.0
7544,151.08,0.0
7545,152.88,0.0
7546,153.455,0.0
7547,149.971,0.0
7548,151.392,0.0
7549,150.769,0.0
7550,162.55,0.0
7551,156.323,0.0
7552,149.068,0.0
7553,147.523,0.0
7554,152.013,0.0
7555,159.659,0.0
7556,150.245,0.0
7557,150.88,0.0
7558,149.907,0.0
7559,150.877,0.0
7560,155.214,0.0
7561,155.318,0.0
7562,153.005,0.0
7563,153.715,0.0
7564,150.228,0.0
7565,161.35,0.0
7566,152.631,0.0
7567,159.666,0.0
7568,156.165,0.0
7569,160.261,0.0
7570,163.295,0.0
7571,153.998,0.0
7572,157.531,0.0
7573,157.734,0.0
7574,152.956,0.0
7575,157.607,0.0
7576,154.855,0.0
7577,157.331,0.0
7578,158.694,0.0
7579,156.398,0.0
7580,184.305,0.0
7581,159.321,0.0
7582,164.408,0.0
7583,165.165,0.0
7584,159.161,0.0
7585,163.968,0.0
7586,156.468,0.0
7587,161.1,0.0
7588,158.461,0.0
7589,161.442,0.0
7590,165.518,0.0
7591,161.067,0.0
7592,168.544,0.0
7593,159.738,0.0
7594,158.265,0.0
7595,173.961,0.0
7596,165.197,0.0
7597,160.867,0.0
7598,158.045,0.0
7599,160.84,0.0
7600,172.59,0.0
7601,163.742,0.0
7602,161.838,0.0
7603,168.919,0.0
7604,171.722,0.0
7605,170.033,0.0
7606,166.245,0.0
7607,164.729,0.0
7608,157.218,0.0
7609,154.708,0.0
7610,176.793,0.0
7611,171.921,0.0
7612,168.931,0.0
7613,164.811,0.0
7614,168.301,0.0
7615,168.464,0.0
7616,165.252,0.0
7617,166.806,0.0
7618,165.143,0.0
7619,174.176,0.0
7620,172.691,0.0
7621,171.137,0.0
7622,168.701,0.0
7623,163.771,0.0
7624,163.194,0.0
7625,169.908,0.0
7626,166.029,0.0
7627,172.59,0.0
7628,172.364,0.0
7629,168.071,0.0
7630,179.716,0.0
7631,173.296,0.0
7632,166.995,0.0
7633,168.461,0.0
7634,167.293,0.0
7635,167.123,0.0
7636,161.527,0.0
7637,165.591,0.0
7638,163.512,0.0
7639,166.375,0.0
7640,190.565,0.0
7641,176.005,0.0
7642,176.671,0.0
7643,166.577,0.0
7644,173.463,0.0
7645,179.091,0.0
7646,174.521,0.0
7647,180.517,0.0
7648,179.436,0.0
7649,172.783,0.0
7650,183.461,0.0
7651,178.703,0.0
7652,178.965,0.0
7653,171.767,0.0
7654,166.527,0.0
7655,186.141,0.0
7656,176.492,0.0
7657,170.586,0.0
7658,174.224,0.0
7659,169.03,0.0
7660,176.856,0.0
7661,172.359,0.0
7662,174.933,0.0
7663,163.934,0.0
7664,169.007,0.0
7665,174.83,0.0
7666,170.6,0.0
7667,159.254,0.0
7668,158.747,0.0
7669,158.929,0.0
7670,188.912,0.0
7671,184.583,0.0
7672,164.171,0.0
7673,162.951,0.0
7674,167.706,0.0
7675,173.756,0.0
7676,162.129,0.0
7677,162.218,0.0
7678,162.156,0.0
7679,161.124,0.0
7680,168.939,0.0
7681,165.681,0.0
7682,173.671,0.0
7683,160.015,0.0
7684,158.284,0.0
7685,172.22,0.0
7686,165.394,0.0
7687,165.2,0.0
7688,164.181,0.0
7689,160.805,0.0
7690,173.407,0.0
7691,172.702,0.0
7692,159.95,0.0
7693,156.62,0.0
7694,154.511,0.0
7695,156.21,0.0
7696,156.353,0.0
7697,154.483,0.0
7698,161.053,0.0
7699,159.405,0.0
7700,189.952,0.0
7701,181.584,0.0
7702,178.182,0.0
7703,172.056,0.0
7704,169.254,0.0
7705,185.852,0.0
7706,184.891,0.0
7707,186.532,0.0
7708,188.455,0.0
7709,188.562,0.0
7710,194.048,0.0
7711,192.586,0.0
7712,200.985,0.0
7713,187.521,0.0
7714,189.45,0.0
7715,199.8,0.0
7716,196.807,0.0
7717,193.794,0.0
7718,187.834,0.0
7719,180.724,0.0
7720,193.739,0.0
7721,187.824,0.0
7722,185.699,0.0
7723,176.475,0.0
7724,183.121,0.0
7725,184.543,0.0
7726,183.738,0.0
7727,178.017,0.0
7728,177.91,0.0
7729,176.078,0.0
7730,202.13,0.0
7731,196.37,0.0
7732,182.768,0.0
7733,182.382,0.0
7734,182.413,0.0
7735,186.68,0.0
7736,181.377,0.0
7737,176.388,0.0
7738,180.587,0.0
7739,179.69,0.0
7740,183.434,0.0
7741,184.99,0.0
7742,184.013,0.0
7743,175.379,0.0
7744,171.622,0.0
7745,196.799,0.0
7746,178.515,0.0
7747,177.297,0.0
7748,174.653,0.0
7749,174.771,0.0
7750,191.932,0.0
7751,190.837,0.0
7752,174.1,0.0
7753,176.116,0.0
7754,178.072,0.0
7755,168.72,0.0
7756,165.446,0.0
7757,167.444,0.0
7758,160.861,0.0
7759,166.053,0.0
7760,193.973,0.0
7761,188.091,0.0
7762,184.829,0.0
7763,179.169,0.0
7764,164.285,0.0
7765,180.098,0.0
7766,177.839,0.0
7767,166.7,0.0
7768,168.745,0.0
7769,165.246,0.0
7770,179.152,0.0
7771,172.067,0.0
7772,174.343,0.0
7773,167.196,0.0
7774,157.404,0.0
7775,184.17,0.0
7776,177.707,0.0
7777,160.779,0.0
7778,162.936,0.0
7779,162.049,0.0
7780,171.916,0.0
7781,169.608,0.0
7782,168.938,0.0
7783,165.733,0.0
7784,163.502,0.0
7785,174.447,0.0
7786,162.432,0.0
7787,152.98,0.0
7788,158.933,0.0
7789,158.834,0.0
7790,182.925,0.0
7791,172.684,0.0
7792,159.515,0.0
7793,154.966,0.0
7794,155.527,0.0
7795,163.375,0.0
7796,157.26,0.0
7797,151.663,0.0
7798,152.448,0.0
7799,151.13,0.0
7800,161.621,0.0
7801,154.887,0.0
7802,162.636,0.0
7803,152.056,0.0
7804,149.729,0.0
7805,160.336,0.0
7806,149.28,0.0
7807,148.999,0.0
7808,149.352,0.0
7809,147.656,0.0
7810,169.439,0.0
7811,160.829,0.0
7812,147.431,0.0
7813,148.925,0.0
7814,149.554,0.0
7815,150.513,0.0
7816,140.153,0.0
7817,148.581,0.0
7818,146.773,0.0
7819,145.385,0.0
7820,170.769,0.0
7821,156.979,0.0
7822,151.272,0.0
7823,149.479,0.0
7824,147.02,0.0
7825,151.589,0.0
7826,149.202,0.0
7827,148.559,0.0
7828,142.884,0.0
7829,145.944,0.0
7830,153.714,0.0
7831,149.591,0.0
7832,146.568,0.0
7833,144.962,0.0
7834,143.099,0.0
7835,155.901,0.0
7836,145.723,0.0
7837,145.81,0.0
7838,154.461,0.0
7839,146.4,0.0
7840,153.255,0.0
7841,142.309,0.0
7842,148.086,0.0
7843,141.727,0.0
7844,143.781,0.0
7845,144.502,0.0
7846,143.616,0.0
7847,133.589,0.0
7848,131.546,0.0
7849,130.596,0.0
7850,153.123,0.0
7851,140.774,0.0
7852,143.226,0.0
7853,127.06,0.0
7854,119.191,0.0
7855,118.873,0.0
7856,112.754,0.0
7857,108.451,0.0
7858,107.087,0.0
7859,100.705,0.0
7860,114.209,0.0
7861,104.211,0.0
7862,110.601,0.0
7863,104.489,0.0
7864,99.9399,0.0
7865,109.608,0.0
7866,99.2277,0.0
7867,95.4543,0.0
7868,88.5382,0.0
7869,87.3721,0.0
7870,101.527,0.0
7871,97.8411,0.0
7872,93.4902,0.0
7873,89.6373,0.0
7874,91.2598,0.0
7875,94.9389,0.0
7876,89.9266,0.0
7877,87.1137,0.0
7878,89.9118,0.0
7879,90.2585,0.0
7880,114.349,0.0
7881,103.511,0.0
7882,106.126,0.0
7883,98.0456,0.0
7884,88.8299,0.0
7885,99.0933,0.0
7886,90.7856,0.0
7887,86.0969,0.0
7888,86.4963,0.0
7889,93.0053,0.0
7890,100.976,0.0
7891,95.1362,0.0
7892,96.7614,0.0
7893,92.0534,0.0
7894,95.7886,0.0
7895,107.673,0.0
7896,98.6273,0.0
7897,99.7532,0.0
7898,89.3341,0.0
7899,85.0261,0.0
7900,94.7631,0.0
7901,98.4043,0.0
7902,92.8998,0.0
7903,85.1825,0.0
7904,93.7922,0.0
7905,93.5473,0.0
7906,91.6445,0.0
7907,88.0453,0.0
7908,80.7518,0.0
7909,83.3618,0.0
7910,107.977,0.0
7911,95.8795,0.0
7912,92.3145,0.0
7913,86.2268,0.0
7914,87.49,0.0
7915,89.2843,0.0
7916,88.8142,0.0
7917,84.7795,0.0
7918,85.2887,0.0
7919,82.4297,0.0
7920,92.8621,0.0
7921,90.1895,0.0
7922,98.7605,0.0
7923,89.744,0.0
7924,80.7663,0.0
7925,91.6497,0.0
7926,84.1355,0.0
7927,89.44,0.0
7928,85.6788,0.0
7929,90.3288,0.0
7930,99.1625,0.0
7931,98.5892,0.0
7932,88.6189,0.0
7933,81.1107,0.0
7934,82.3545,0.0
7935,83.7703,0.0
7936,80.6675,0.0
7937,83.6682,0.0
7938,79.2128,0.0
7939,83.373,0.0
7940,114.081,0.0
7941,98.8137,0.0
7942,100.315,0.0
7943,82.448,0.0
7944,82.8382,0.0
7945,95.1027,0.0
7946,90.5073,0.0
7947,82.9137,0.0
7948,84.9183,0.0
7949,87.9093,0.0
7950,95.104,0.0
7951,94.8195,0.0
7952,93.3795,0.0
7953,95.3538,0.0
7954,92.5722,0.0
7955,91.2362,0.0
7956,94.0421,0.0
7957,92.4175,0.0
7958,91.094,0.0
7959,84.8732,0.0
7960,96.7688,0.0
7961,96.8271,0.0
7962,87.5448,0.0
7963,86.2401,0.0
7964,90.0568,0.0
7965,89.0147,0.0
7966,89.0644,0.0
7967,86.7847,0.0
7968,83.3836,0.0
7969,88.9334,0.0
7970,105.455,0.0
7971,96.1175,0.0
7972,86.486,0.0
7973,87.7718,0.0
7974,83.1812,0.0
7975,88.0708,0.0
7976,87.7131,0.0
7977,83.9025,0.0
7978,84.4478,0.0
7979,80.647,0.0
7980,98.0135,0.0
7981,88.7859,0.0
7982,89.5619,0.0
7983,85.6077,0.0
7984,81.4989,0.0
7985,91.3702,0.0
7986,83.3343,0.0
7987,81.4586,0.0
7988,82.4025,0.0
7989,78.8452,0.0
7990,93.2383,0.0
7991,96.9951,0.0
7992,90.0135,0.0
7993,88.7494,0.0
7994,90.9088,0.0
7995,105.093,0.0
7996,97.4769,0.0
7997,98.0147,0.0
7998,93.6372,0.0
7999,90.3627,0.0
8000,114.661,0.0
8001,100.062,0.0
8002,107.265,0.0
8003,91.0828,0.0
8004,96.8487,0.0
8005,106.264,0.0
8006,97.5597,0.0
8007,87.7395,0.0
8008,95.3071,0.0
8009,92.1687,0.0
8010,103.8,0.0
8011,97.6972,0.0
8012,99.9111,0.0
8013,95.4156,0.0
8014,95.2052,0.0
8015,105.979,0.0
8016,103.238,0.0
8017,96.5687,0.0
8018,96.5212,0.0
8019,97.2166,0.0
8020,102.172,0.0
8021,97.7313,0.0
8022,94.9001,0.0
8023,92.0443,0.0
8024,89.88,0.0
8025,96.3315,0.0
8026,92.7309,0.0
8027,89.4164,0.0
8028,84.4841,0.0
8029,88.297,0.0
8030,111.64,0.0
8031,105.261,0.0
8032,97.1936,0.0
8033,95.8582,0.0
8034,90.3772,0.0
8035,93.0928,0.0
8036,93.165,0.0
8037,89.3855,0.0
8038,95.4958,0.0
8039,91.2593,0.0
8040,97.7694,0.0
8041,92.1751,0.0
8042,97.6354,0.0
8043,89.1562,0.0
8044,89.9413,0.0
8045,98.9206,0.0
8046,94.1993,0.0
8047,89.0545,0.0
8048,85.4038,0.0
8049,86.0061,0.0
8050,98.0431,0.0
8051,86.7968,0.0
8052,79.7772,0.0
8053,87.0197,0.0
8054,83.4437,0.0
8055,89.2159,0.0
8056,79.8776,0.0
8057,82.4219,0.0
8058,84.6214,0.0
8059,83.0985,0.0
8060,101.609,0.0
8061,95.7894,0.0
8062,92.6328,0.0
8063,91.1376,0.0
8064,89.7788,0.0
8065,93.826,0.0
8066,91.2936,0.0
8067,88.3722,0.0
8068,87.4579,0.0
8069,87.9608,0.0
8070,92.2537,0.0
8071,94.8146,0.0
8072,96.7989,0.0
8073,93.3763,0.0
8074,97.0567,0.0
8075,102.421,0.0
8076,106.321,0.0
8077,100.826,0.0
8078,89.1989,0.0
8079,88.5783,0.0
8080,94.6778,0.0
8081,99.3642,0.0
8082,97.0469,0.0
8083,93.2166,0.0
8084,86.6804,0.0
8085,96.5194,0.0
8086,90.1893,0.0
8087,93.2162,0.0
8088,96.4188,0.0
8089,93.9917,0.0
8090,111.959,0.0
8091,105.207,0.0
8092,93.1991,0.0
8093,92.2052,0.0
8094,94.3294,0.0
8095,98.9141,0.0
8096,94.7553,0.0
8097,88.401,0.0
8098,94.6211,0.0
8099,93.9102,0.0
8100,104.609,0.0
8101,91.8096,0.0
8102,103.996,0.0
8103,95.2353,0.0
8104,91.0522,0.0
8105,104.411,0.0
8106,98.6787,0.0
8107,105.388,0.0
8108,98.6361,0.0
8109,93.5766,0.0
8110,108.925,0.0
8111,103.253,0.0
8112,95.936,0.0
8113,96.3631,0.0
8114,97.8698,0.0
8115,102.297,0.0
8116,98.6176,0.0
8117,100.18,0.0
8118,97.8509,0.0
8119,95.4457,0.0
8120,128.027,0.0
8121,120.099,0.0
8122,115.971,0.0
8123,108.058,0.0
8124,105.38,0.0
8125,114.364,0.0
8126,108.172,0.0
8127,102.985,0.0
8128,112.966,0.0
8129,112.628,0.0
8130,122.54,0.0
8131,123.338,0.0
8132,120.574,0.0
8133,107.942,0.0
8134,108.52,0.0
8135,122.838,0.0
8136,119.794,0.0
8137,112.138,0.0
8138,114.461,0.0
8139,108.441,0.0
8140,120.862,0.0
8141,116.895,0.0
8142,111.406,0.0
8143,111.184,0.0
8144,111.201,0.0
8145,118.782,0.0
8146,108.353,0.0
8147,113.181,0.0
8148,102.95,0.0
8149,106.61,0.0
8150,132.961,0.0
8151,123.82,0.0
8152,107.601,0.0
8153,107.627,0.0
8154,107.707,0.0
8155,112.255,0.0
8156,111.495,0.0
8157,112.547,0.0
8158,112.526,0.0
8159,104.719,0.0
8160,110.797,0.0
8161,100.427,0.0
8162,107.958,0.0
8163,103.128,0.0
8164,102.263,0.0
8165,107.724,0.0
8166,110.548,0.0
8167,110.932,0.0
8168,106.913,0.0
8169,98.6527,0.0
8170,110.148,0.0
8171,110.583,0.0
8172,105.222,0.0
8173,106.024,0.0
8174,100.507,0.0
8175,104.93,0.0
8176,106.034,0.0
8177,106.38,0.0
8178,106.418,0.0
8179,108.523,0.0
8180,124.327,0.0
8181,120.102,0.0
8182,114.072,0.0
8183,113.045,0.0
8184,111.365,0.0
8185,122.633,0.0
8186,119.427,0.0
8187,115.538,0.0
8188,112.743,0.0
8189,114.848,0.0
8190,117.295,0.0
8191,116.588,0.0
8192,120.098,0.0
8193,117.686,0.0
8194,127.119,0.0
8195,131.965,0.0
8196,132.163,0.0
8197,125.542,0.0
8198,120.565,0.0
8199,119.417,0.0
8200,132.488,0.0
8201,135.213,0.0
8202,121.251,0.0
8203,122.17,0.0
8204,122.41,0.0
8205,123.967,0.0
8206,119.71,0.0
8207,115.631,0.0
8208,117.677,0.0
8209,118.168,0.0
8210,135.295,0.0
8211,123.381,0.0
8212,118.509,0.0
8213,119.019,0.0
8214,118.246,0.0
8215,119.822,0.0
8216,119.09,0.0
8217,120.863,0.0
8218,115.656,0.0
8219,119.276,0.0
8220,123.087,0.0
8221,118.409,0.0
8222,124.217,0.0
8223,116.214,0.0
8224,119.632,0.0
8225,124.949,0.0
8226,115.797,0.0
8227,117.071,0.0
8228,115.218,0.0
8229,118.302,0.0
8230,124.379,0.0
8231,118.554,0.0
8232,114.775,0.0
8233,116.44,0.0
8234,112.988,0.0
8235,114.267,0.0
8236,114.415,0.0
8237,115.277,0.0
8238,111.602,0.0
8239,110.85,0.0
8240,130.512,0.0
8241,121.762,0.0
8242,118.556,0.0
8243,121.482,0.0
8244,112.868,0.0
8245,118.466,0.0
8246,117.329,0.0
8247,111.853,0.0
8248,112.568,0.0
8249,116.131,0.0
8250,119.718,0.0
8251,121.454,0.0
8252,119.946,0.0
8253,117.325,0.0
8254,112.695,0.0
8255,122.0,0.0
8256,120.631,0.0
8257,122.449,0.0
8258,113.99,0.0
8259,111.981,0.0
8260,120.123,0.0
8261,113.89,0.0
8262,115.989,0.0
8263,115.791,0.0
8264,115.245,0.0
8265,112.2,0.0
8266,115.179,0.0
8267,111.275,0.0
8268,110.244,0.0
8269,110.335,0.0
8270,129.847,0.0
8271,122.931,0.0
8272,115.109,0.0
8273,115.155,0.0
8274,111.591,0.0
8275,115.06,0.0
8276,112.002,0.0
8277,117.455,0.0
8278,113.324,0.0
8279,113.674,0.0
8280,113.324,0.0
8281,110.255,0.0
8282,109.86,0.0
8283,104.872,0.0
8284,104.586,0.0
8285,114.226,0.0
8286,104.072,0.0
8287,100.934,0.0
8288,98.6614,0.0
8289,98.2002,0.0
8290,106.116,0.0
8291,105.896,0.0
8292,98.9804,0.0
8293,96.1732,0.0
8294,97.2454,0.0
8295,102.372,0.0
8296,100.599,0.0
8297,96.3636,0.0
8298,96.7577,0.0
8299,96.6269,0.0
8300,114.548,0.0
8301,107.468,0.0
8302,106.859,0.0
8303,102.374,0.0
8304,100.889,0.0
8305,107.11,0.0
8306,105.652,0.0
8307,102.841,0.0
8308,103.366,0.0
8309,100.177,0.0
8310,106.963,0.0
8311,111.248,0.0
8312,111.088,0.0
8313,105.687,0.0
8314,102.861,0.0
8315,118.775,0.0
8316,113.217,0.0
8317,104.969,0.0
8318,105.672,0.0
8319,106.136,0.0
8320,111.419,0.0
8321,109.306,0.0
8322,107.75,0.0
8323,102.188,0.0
8324,107.897,0.0
8325,104.339,0.0
8326,102.8,0.0
8327,103.508,0.0
8328,98.6865,0.0
8329,93.8701,0.0
8330,106.369,0.0
8331,108.487,0.0
8332,96.308,0.0
8333,99.0133,0.0
8334,92.6914,0.0
8335,103.481,0.0
8336,96.2517,0.0
8337,95.8952,0.0
8338,92.2673,0.0
8339,95.7169,0.0
8340,104.553,0.0
8341,101.476,0.0
8342,97.3195,0.0
8343,96.6743,0.0
8344,94.5905,0.0
8345,104.627,0.0
8346,97.3578,0.0
8347,101.511,0.0
8348,98.2904,0.0
8349,97.3828,0.0
8350,101.558,0.0
8351,106.431,0.0
8352,97.013,0.0
8353,94.4017,0.0
8354,98.323,0.0
8355,96.0942,0.0
8356,80.1437,0.0
8357,81.1324,0.0
8358,85.6071,0.0
8359,121.384,0.0
8360,110.039,0.0
8361,99.0792,0.0
8362,100.448,0.0
8363,97.635,0.0
8364,96.3643,0.0
8365,97.9373,0.0
8366,92.4929,0.0
8367,91.2731,0.0
8368,92.8906,0.0
8369,95.6257,0.0
8370,104.625,0.0
8371,100.31,0.0
8372,101.73,0.0
8373,97.6104,0.0
8374,96.8975,0.0
8375,109.179,0.0
8376,102.349,0.0
8377,100.718,0.0
8378,95.5623,0.0
8379,95.6112,0.0
8380,102.452,0.0
8381,99.2898,0.0
8382,98.8617,0.0
8383,93.6582,0.0
8384,94.8253,0.0
8385,100.305,0.0
8386,94.7856,0.0
8387,95.0037,0.0
8388,97.054,0.0
8389,93.5894,0.0
8390,110.217,0.0
8391,100.983,0.0
8392,96.5803,0.0
8393,100.617,0.0
8394,98.752,0.0
8395,103.525,0.0
8396,95.0892,0.0
8397,100.304,0.0
8398,95.7897,0.0
8399,97.2132,0.0
8400,101.33,0.0
8401,99.3805,0.0
8402,102.038,0.0
8403,99.2315,0.0
8404,93.224,0.0
8405,103.999,0.0
8406,100.031,0.0
8407,102.056,0.0
8408,96.7469,0.0
8409,100.289,0.0
8410,102.944,0.0
8411,103.723,0.0
8412,99.4182,0.0
8413,96.3719,0.0
8414,96.8792,0.0
8415,97.6274,0.0
8416,93.6263,0.0
8417,93.0156,0.0
8418,93.4947,0.0
8419,93.9017,0.0
8420,109.368,0.0
8421,102.617,0.0
8422,100.914,0.0
8423,101.379,0.0
8424,100.289,0.0
8425,105.943,0.0
8426,101.275,0.0
8427,98.2545,0.0
8428,100.694,0.0
8429,96.2468,0.0
8430,107.71,0.0
8431,108.708,0.0
8432,105.284,0.0
8433,98.7189,0.0
8434,100.113,0.0
8435,106.313,0.0
8436,103.329,0.0
8437,104.211,0.0
8438,105.422,0.0
8439,104.191,0.0
8440,109.75,0.0
8441,107.482,0.0
8442,106.942,0.0
8443,103.617,0.0
8444,105.714,0.0
8445,106.887,0.0
8446,103.343,0.0
8447,102.08,0.0
8448,98.3569,0.0
8449,98.163,0.0
8450,116.134,0.0
8451,115.198,0.0
8452,106.001,0.0
8453,105.352,0.0
8454,103.646,0.0
8455,110.378,0.0
8456,106.063,0.0
8457,105.017,0.0
8458,105.025,0.0
8459,100.152,0.0
8460,106.942,0.0
8461,105.366,0.0
8462,107.635,0.0
8463,104.571,0.0
8464,105.237,0.0
8465,105.6,0.0
8466,105.766,0.0
8467,108.457,0.0
8468,108.234,0.0
8469,105.999,0.0
8470,111.219,0.0
8471,111.661,0.0
8472,104.637,0.0
8473,102.987,0.0
8474,103.66,0.0
8475,103.828,0.0
8476,100.178,0.0
8477,99.017,0.0
8478,97.9445,0.0
8479,87.8371,0.0
8480,90.8554,0.0
8481,90.3422,0.0
8482,112.32,0.0
8483,123.792,0.0
8484,97.6165,0.0
8485,99.8255,0.0
8486,99.7405,0.0
8487,99.1534,0.0
8488,100.727,0.0
8489,98.8464,0.0
8490,104.626,0.0
8491,100.039,0.0
8492,99.9722,0.0
8493,93.4596,0.0
8494,93.2094,0.0
8495,99.8301,0.0
8496,100.875,0.0
8497,96.802,0.0
8498,96.26,0.0
8499,94.1278,0.0
8500,100.528,0.0
8501,96.2275,0.0
8502,93.5916,0.0
8503,90.0101,0.0
8504,90.8044,0.0
8505,90.4822,0.0
8506,88.6335,0.0
8507,90.8885,0.0
8508,87.2672,0.0
8509,83.8636,0.0
8510,95.5116,0.0
8511,97.7656,0.0
8512,90.4465,0.0
8513,88.4406,0.0
8514,88.6634,0.0
8515,89.1862,0.0
8516,86.6604,0.0
8517,85.5982,0.0
8518,83.8577,0.0
8519,85.4682,0.0
8520,87.4491,0.0
8521,86.2973,0.0
8522,88.2614,0.0
8523,84.3912,0.0
8524,81.0721,0.0
8525,88.8103,0.0
8526,84.1633,0.0
8527,84.0873,0.0
8528,85.2186,0.0
8529,82.3302,0.0
8530,89.8985,0.0
8531,90.6741,0.0
8532,87.4191,0.0
8533,80.7327,0.0
8534,80.8651,0.0
8535,80.2118,0.0
8536,80.7861,0.0
8537,78.5005,0.0
8538,80.3384,0.0
8539,77.5385,0.0
8540,91.2967,0.0
8541,84.7509,0.0
8542,82.5264,0.0
8543,83.0071,0.0
8544,82.0652,0.0
8545,83.413,0.0
8546,81.7447,0.0
8547,80.9158,0.0
8548,81.8923,0.0
8549,80.4595,0.0
8550,90.8778,0.0
8551,82.0624,0.0
8552,84.9211,0.0
8553,80.0388,0.0
8554,79.4042,0.0
8555,89.2821,0.0
8556,83.7444,0.0
8557,82.574,0.0
8558,84.3742,0.0
8559,83.9202,0.0
8560,84.7643,0.0
8561,84.9755,0.0
8562,82.0265,0.0
8563,81.596,0.0
8564,81.3154,0.0
8565,82.6663,0.0
8566,79.7684,0.0
8567,78.6665,0.0
8568,78.0487,0.0
8569,76.1255,0.0
8570,89.1284,0.0
8571,85.9637,0.0
8572,80.987,0.0
8573,80.0664,0.0
8574,80.2254,0.0
8575,80.2178,0.0
8576,78.4411,0.0
8577,79.9736,0.0
8578,79.5037,0.0
8579,79.9867,0.0
8580,80.3136,0.0
8581,79.2121,0.0
8582,77.727,0.0
8583,77.4388,0.0
8584,77.4267,0.0
8585,80.5648,0.0
8586,79.5209,0.0
8587,79.496,0.0
8588,79.0788,0.0
8589,80.0302,0.0
8590,83.7355,0.0
8591,86.2496,0.0
8592,81.9846,0.0
8593,79.6277,0.0
8594,80.3673,0.0
8595,76.6608,0.0
8596,77.6355,0.0
8597,75.9739,0.0
8598,75.6827,0.0
8599,76.4877,0.0
8600,89.0839,0.0
8601,80.4335,0.0
8602,80.1108,0.0
8603,79.0798,0.0
8604,78.1292,0.0
8605,81.7505,0.0
8606,81.1222,0.0
8607,78.5656,0.0
8608,79.0424,0.0
8609,78.6939,0.0
8610,81.0435,0.0
8611,77.2883,0.0
8612,81.1493,0.0
8613,78.3851,0.0
8614,75.7413,0.0
8615,83.4891,0.0
8616,80.9822,0.0
8617,79.1189,0.0
8618,77.9367,0.0
8619,79.2309,0.0
8620,82.2513,0.0
8621,80.719,0.0
8622,81.138,0.0
8623,80.7156,0.0
8624,78.6404,0.0
8625,80.6239,0.0
8626,77.1783,0.0
8627,75.712,0.0
8628,76.6451,0.0
8629,75.122,0.0
8630,87.372,0.0
8631,82.269,0.0
8632,80.7768,0.0
8633,78.3278,0.0
8634,80.3442,0.0
8635,81.4008,0.0
8636,78.3319,0.0
8637,76.9733,0.0
8638,78.3821,0.0
8639,79.7732,0.0
8640,81.0428,0.0
8641,77.8596,0.0
8642,77.5004,0.0
8643,77.5559,0.0
8644,77.2616,0.0
8645,81.9485,0.0
8646,77.2923,0.0
8647,79.1671,0.0
8648,79.0591,0.0
8649,84.2579,0.0
8650,90.7397,0.0
8651,89.2615,0.0
8652,87.4011,0.0
8653,86.2763,0.0
8654,88.7326,0.0
8655,87.6165,0.0
8656,87.1956,0.0
8657,85.0202,0.0
8658,81.7828,0.0
8659,83.4692,0.0
8660,98.5542,0.0
8661,88.5392,0.0
8662,91.4091,0.0
8663,89.4362,0.0
8664,88.4714,0.0
8665,90.4469,0.0
8666,87.7677,0.0
8667,91.8434,0.0
8668,89.5449,0.0
8669,89.7029,0.0
8670,93.6868,0.0
8671,89.2549,0.0
8672,95.4114,0.0
8673,89.9957,0.0
8674,87.391,0.0
8675,100.983,0.0
8676,90.1704,0.0
8677,91.8868,0.0
8678,94.2888,0.0
8679,91.9231,0.0
8680,99.5386,0.0
8681,95.8072,0.0
8682,93.9595,0.0
8683,92.8499,0.0
8684,90.3266,0.0
8685,94.1651,0.0
8686,85.487,0.0
8687,87.9161,0.0
8688,88.5178,0.0
8689,87.7298,0.0
8690,102.701,0.0
8691,92.2532,0.0
8692,94.8546,0.0
8693,91.1325,0.0
8694,89.5675,0.0
8695,93.9198,0.0
8696,88.4498,0.0
8697,87.2075,0.0
8698,87.5514,0.0
8699,86.4998,0.0
8700,92.3145,0.0
8701,88.6291,0.0
8702,89.5181,0.0
8703,91.445,0.0
8704,92.0708,0.0
8705,99.2795,0.0
8706,89.0948,0.0
8707,91.9095,0.0
8708,90.8909,0.0
8709,93.4009,0.0
8710,98.2491,0.0
8711,95.2832,0.0
8712,90.3474,0.0
8713,90.1433,0.0
8714,91.0771,0.0
8715,95.3834,0.0
8716,81.1064,0.0
8717,74.886,0.0
8718,78.8242,0.0
8719,82.7041,0.0
8720,89.6806,0.0
8721,85.6605,0.0
8722,92.1561,0.0
8723,111.166,0.0
8724,127.44,0.0
8725,97.5134,0.0
8726,91.8802,0.0
8727,90.6106,0.0
8728,90.8513,0.0
8729,91.8946,0.0
8730,95.7335,0.0
8731,88.7211,0.0
8732,90.0996,0.0
8733,92.2397,0.0
8734,89.3063,0.0
8735,104.394,0.0
8736,91.8557,0.0
8737,94.2634,0.0
8738,90.941,0.0
8739,93.3174,0.0
8740,99.2786,0.0
8741,95.4962,0.0
8742,94.5031,0.0
8743,95.0641,0.0
8744,97.6683,0.0
8745,95.4127,0.0
8746,94.7634,0.0
8747,93.464,0.0
8748,95.1016,0.0
8749,95.7828,0.0
8750,109.088,0.0
8751,98.0692,0.0
8752,93.7509,0.0
8753,97.074,0.0
8754,94.4112,0.0
8755,100.324,0.0
8756,94.4651,0.0
8757,93.2685,0.0
8758,95.2241,0.0
8759,94.0934,0.0
8760,97.6949,0.0
8761,94.4043,0.0
8762,93.0289,0.0
8763,92.688,0.0
8764,95.7597,0.0
8765,102.946,0.0
8766,94.3512,0.0
8767,99.1788,0.0
8768,100.368,0.0
8769,98.6117,0.0
8770,108.792,0.0
8771,98.2022,0.0
8772,96.39,0.0
8773,93.8403,0.0
8774,94.0779,0.0
8775,91.2021,0.0
8776,89.9769,0.0
8777,93.5011,0.0
8778,92.5221,0.0
8779,94.6404,0.0
8780,111.626,0.0
8781,100.854,0.0
8782,98.139,0.0
8783,102.651,0.0
8784,95.3381,0.0
8785,99.987,0.0
8786,99.6278,0.0
8787,93.7718,0.0
8788,96.9953,0.0
8789,98.9212,0.0
8790,105.893,0.0
8791,96.5468,0.0
8792,103.402,0.0
8793,97.4438,0.0
8794,100.625,0.0
8795,112.023,0.0
8796,99.3366,0.0
8797,97.1637,0.0
8798,99.9361,0.0
8799,102.192,0.0
8800,107.003,0.0
8801,101.112,0.0
8802,105.444,0.0
8803,97.7972,0.0
8804,99.2891,0.0
8805,102.669,0.0
8806,102.043,0.0
8807,101.08,0.0
8808,99.4939,0.0
8809,96.1841,0.0
8810,117.024,0.0
8811,107.176,0.0
8812,105.012,0.0
8813,100.399,0.0
8814,100.996,0.0
8815,105.114,0.0
8816,102.343,0.0
8817,105.136,0.0
8818,100.357,0.0
8819,99.7846,0.0
8820,105.74,0.0
8821,101.701,0.0
8822,105.72,0.0
8823,102.421,0.0
8824,105.777,0.0
8825,108.796,0.0
8826,104.304,0.0
8827,106.979,0.0
8828,105.064,0.0
8829,106.459,0.0
8830,115.796,0.0
8831,104.984,0.0
8832,109.475,0.0
8833,106.824,0.0
8834,105.144,0.0
8835,107.479,0.0
8836,109.66,0.0
8837,106.514,0.0
8838,102.259,0.0
8839,104.565,0.0
8840,124.285,0.0
8841,109.815,0.0
8842,108.696,0.0
8843,111.555,0.0
8844,105.367,0.0
8845,114.209,0.0
8846,107.54,0.0
8847,107.579,0.0
8848,111.245,0.0
8849,110.002,0.0
8850,113.458,0.0
8851,113.156,0.0
8852,108.441,0.0
8853,107.759,0.0
8854,108.437,0.0
8855,120.401,0.0
8856,112.501,0.0
8857,114.626,0.0
8858,118.144,0.0
8859,114.052,0.0
8860,120.42,0.0
8861,113.424,0.0
8862,109.871,0.0
8863,106.948,0.0
8864,110.197,0.0
8865,108.474,0.0
8866,108.047,0.0
8867,112.05,0.0
8868,109.922,0.0
8869,105.679,0.0
8870,127.866,0.0
8871,115.464,0.0
8872,111.911,0.0
8873,118.486,0.0
8874,114.525,0.0
8875,114.249,0.0
8876,110.062,0.0
8877,112.843,0.0
8878,108.951,0.0
8879,118.098,0.0
8880,121.577,0.0
8881,115.561,0.0
8882,118.389,0.0
8883,115.284,0.0
8884,120.091,0.0
8885,123.97,0.0
8886,112.209,0.0
8887,119.723,0.0
8888,121.519,0.0
8889,118.538,0.0
8890,124.242,0.0
8891,121.806,0.0
8892,118.876,0.0
8893,117.807,0.0
8894,118.2,0.0
8895,117.254,0.0
8896,113.172,0.0
8897,113.568,0.0
8898,117.391,0.0
8899,114.414,0.0
8900,136.029,0.0
8901,120.096,0.0
8902,116.138,0.0
8903,117.415,0.0
8904,117.053,0.0
8905,122.233,0.0
8906,117.669,0.0
8907,121.686,0.0
8908,121.376,0.0
8909,124.325,0.0
8910,129.691,0.0
8911,126.939,0.0
8912,131.03,0.0
8913,130.425,0.0
8914,125.656,0.0
8915,131.509,0.0
8916,128.335,0.0
8917,129.772,0.0
8918,132.506,0.0
8919,129.754,0.0
8920,133.94,0.0
8921,132.92,0.0
8922,129.504,0.0
8923,129.644,0.0
8924,127.528,0.0
8925,126.435,0.0
8926,120.435,0.0
8927,127.096,0.0
8928,123.436,0.0
8929,123.158,0.0
8930,138.702,0.0
8931,129.245,0.0
8932,126.637,0.0
8933,128.742,0.0
8934,127.83,0.0
8935,126.056,0.0
8936,127.002,0.0
8937,122.025,0.0
8938,124.077,0.0
8939,125.739,0.0
8940,131.092,0.0
8941,126.112,0.0
8942,127.11,0.0
8943,124.664,0.0
8944,123.023,0.0
8945,134.508,0.0
8946,127.333,0.0
8947,131.456,0.0
8948,130.717,0.0
8949,131.85,0.0
8950,138.41,0.0
8951,134.976,0.0
8952,130.674,0.0
8953,135.183,0.0
8954,130.58,0.0
8955,133.426,0.0
8956,128.299,0.0
8957,129.485,0.0
8958,130.684,0.0
8959,136.085,0.0
8960,151.976,0.0
8961,138.449,0.0
8962,134.807,0.0
8963,135.568,0.0
8964,132.492,0.0
8965,137.228,0.0
8966,134.231,0.0
8967,137.66,0.0
8968,136.751,0.0
8969,136.528,0.0
8970,139.552,0.0
8971,136.456,0.0
8972,140.219,0.0
8973,140.895,0.0
8974,134.585,0.0
8975,147.111,0.0
8976,133.778,0.0
8977,141.284,0.0
8978,145.345,0.0
8979,138.147,0.0
8980,147.048,0.0
8981,142.961,0.0
8982,139.508,0.0
8983,139.113,0.0
8984,142.23,0.0
8985,144.081,0.0
8986,139.831,0.0
8987,134.278,0.0
8988,136.336,0.0
8989,135.494,0.0
8990,152.913,0.0
8991,140.104,0.0
8992,138.307,0.0
8993,135.471,0.0
8994,137.355,0.0
8995,141.358,0.0
8996,140.168,0.0
8997,136.828,0.0
8998,134.755,0.0
8999,134.839,0.0
9000,142.858,0.0
9001,138.197,0.0
9002,140.451,0.0
9003,140.072,0.0
9004,155.876,0.0
9005,181.217,0.0
9006,172.227,0.0
9007,168.747,0.0
9008,140.845,0.0
9009,139.579,0.0
9010,146.528,0.0
9011,141.083,0.0
9012,142.059,0.0
9013,140.032,0.0
9014,147.048,0.0
9015,143.271,0.0
9016,144.553,0.0
9017,138.478,0.0
9018,139.922,0.0
9019,139.269,0.0
9020,165.119,0.0
9021,149.978,0.0
9022,150.145,0.0
9023,147.413,0.0
9024,144.844,0.0
9025,148.312,0.0
9026,141.794,0.0
9027,148.453,0.0
9028,145.193,0.0
9029,145.416,0.0
9030,151.782,0.0
9031,146.157,0.0
9032,147.365,0.0
9033,145.056,0.0
9034,144.589,0.0
9035,157.05,0.0
9036,148.928,0.0
9037,146.625,0.0
9038,148.138,0.0
9039,146.763,0.0
9040,156.118,0.0
9041,150.76,0.0
9042,152.037,0.0
9043,151.931,0.0
9044,153.705,0.0
9045,153.656,0.0
9046,146.801,0.0
9047,144.331,0.0
9048,148.317,0.0
9049,151.846,0.0
9050,167.922,0.0
9051,150.263,0.0
9052,148.788,0.0
9053,149.705,0.0
9054,148.461,0.0
9055,153.677,0.0
9056,150.482,0.0
9057,151.296,0.0
9058,149.203,0.0
9059,149.899,0.0
9060,153.933,0.0
9061,148.673,0.0
9062,150.887,0.0
9063,145.434,0.0
9064,150.646,0.0
9065,154.3,0.0
9066,144.104,0.0
9067,152.874,0.0
9068,152.647,0.0
9069,157.394,0.0
9070,161.256,0.0
9071,151.856,0.0
9072,146.753,0.0
9073,149.719,0.0
9074,150.004,0.0
9075,152.813,0.0
9076,155.347,0.0
9077,148.617,0.0
9078,147.03,0.0
9079,149.203,0.0
9080,172.882,0.0
9081,162.779,0.0
9082,162.908,0.0
9083,158.552,0.0
9084,153.497,0.0
9085,166.757,0.0
9086,161.145,0.0
9087,157.665,0.0
9088,153.627,0.0
9089,156.895,0.0
9090,157.204,0.0
9091,147.399,0.0
9092,150.683,0.0
9093,159.096,0.0
9094,151.936,0.0
9095,160.696,0.0
9096,157.78,0.0
9097,159.827,0.0
9098,162.565,0.0
9099,155.614,0.0
9100,157.272,0.0
9101,143.992,0.0
9102,153.963,0.0
9103,156.002,0.0
9104,156.146,0.0
9105,148.467,0.0
9106,143.511,0.0
9107,146.168,0.0
9108,149.062,0.0
9109,143.816,0.0
9110,166.048,0.0
9111,154.551,0.0
9112,145.139,0.0
9113,143.412,0.0
9114,147.333,0.0
9115,150.606,0.0
9116,148.086,0.0
9117,145.57,0.0
9118,142.912,0.0
9119,142.648,0.0
9120,156.053,0.0
9121,153.699,0.0
9122,149.539,0.0
9123,146.814,0.0
9124,150.105,0.0
9125,154.891,0.0
9126,152.798,0.0
9127,147.553,0.0
9128,144.784,0.0
9129,145.958,0.0
9130,158.648,0.0
9131,150.641,0.0
9132,145.145,0.0
9133,137.564,0.0
9134,139.371,0.0
9135,143.709,0.0
9136,135.344,0.0
9137,134.072,0.0
9138,139.599,0.0
9139,138.019,0.0
9140,165.53,0.0
9141,150.485,0.0
9142,147.248,0.0
9143,147.48,0.0
9144,139.704,0.0
9145,154.085,0.0
9146,148.126,0.0
9147,140.549,0.0
9148,138.872,0.0
9149,141.03,0.0
9150,142.944,0.0
9151,139.901,0.0
9152,147.594,0.0
9153,138.261,0.0
9154,146.021,0.0
9155,147.79,0.0
9156,140.954,0.0
9157,141.875,0.0
9158,138.613,0.0
9159,141.415,0.0
9160,143.293,0.0
9161,142.765,0.0
9162,139.649,0.0
9163,136.477,0.0
9164,139.457,0.0
9165,144.502,0.0
9166,139.091,0.0
9167,138.59,0.0
9168,135.312,0.0
9169,129.435,0.0
9170,148.433,0.0
9171,155.437,0.0
9172,139.772,0.0
9173,134.911,0.0
9174,132.242,0.0
9175,141.383,0.0
9176,133.345,0.0
9177,133.601,0.0
9178,136.23,0.0
9179,128.846,0.0
9180,138.249,0.0
9181,136.088,0.0
9182,142.857,0.0
9183,130.605,0.0
9184,128.566,0.0
9185,141.964,0.0
9186,126.468,0.0
9187,131.648,0.0
9188,135.596,0.0
9189,137.315,0.0
9190,142.1,0.0
9191,140.962,0.0
9192,126.747,0.0
9193,127.31,0.0
9194,127.841,0.0
9195,131.662,0.0
9196,125.791,0.0
9197,120.592,0.0
9198,116.049,0.0
9199,117.061,0.0
9200,148.065,0.0
9201,131.5,0.0
9202,132.898,0.0
9203,134.786,0.0
9204,120.575,0.0
9205,135.086,0.0
9206,129.56,0.0
9207,120.755,0.0
9208,115.794,0.0
9209,124.084,0.0
9210,139.482,0.0
9211,139.143,0.0
9212,132.215,0.0
9213,123.629,0.0
9214,119.514,0.0
9215,111.914,0.0
9216,94.8014,0.0
9217,93.9896,0.0
9218,92.0068,0.0
9219,91.0712,0.0
9220,90.3287,0.0
9221,87.9705,0.0
9222,86.7562,0.0
9223,83.2947,0.0
9224,83.0514,0.0
9225,87.7342,0.0
9226,83.2045,0.0
9227,87.0957,0.0
9228,94.1127,0.0
9229,107.066,0.0
9230,112.978,0.0
9231,129.379,0.0
9232,139.236,0.0
9233,146.211,0.0
9234,150.039,0.0
9235,148.212,0.0
9236,144.43,0.0
9237,145.53,0.0
9238,154.329,0.0
9239,146.841,0.0
9240,147.548,0.0
9241,143.179,0.0
9242,147.44,0.0
9243,147.663,0.0
9244,147.311,0.0
9245,146.456,0.0
9246,135.53,0.0
9247,117.964,0.0
9248,112.639,0.0
9249,113.854,0.0
9250,122.201,0.0
9251,120.853,0.0
9252,122.778,0.0
9253,104.753,0.0
9254,107.751,0.0
9255,107.199,0.0
9256,103.459,0.0
9257,102.544,0.0
9258,102.509,0.0
9259,106.404,0.0
9260,133.577,0.0
9261,119.34,0.0
9262,120.164,0.0
9263,113.953,0.0
9264,108.978,0.0
9265,111.417,0.0
9266,113.021,0.0
9267,106.726,0.0
9268,104.991,0.0
9269,104.919,0.0
9270,114.079,0.0
9271,117.117,0.0
9272,111.593,0.0
9273,101.773,0.0
9274,101.095,0.0
9275,114.593,0.0
9276,110.675,0.0
9277,105.013,0.0
9278,104.948,0.0
9279,106.433,0.0
9280,108.906,0.0
9281,102.195,0.0
9282,105.047,0.0
9283,102.251,0.0
9284,100.185,0.0
9285,99.1836,0.0
9286,95.5769,0.0
9287,94.7399,0.0
9288,93.1303,0.0
9289,93.2748,0.0
9290,120.364,0.0
9291,109.545,0.0
9292,100.803,0.0
9293,102.02,0.0
9294,102.146,0.0
9295,105.177,0.0
9296,96.1583,0.0
9297,98.8588,0.0
9298,94.8615,0.0
9299,90.1137,0.0
9300,100.072,0.0
9301,100.598,0.0
9302,102.446,0.0
9303,91.9534,0.0
9304,96.8015,0.0
9305,102.131,0.0
9306,96.2842,0.0
9307,97.8164,0.0
9308,94.4949,0.0
9309,96.6525,0.0
9310,102.91,0.0
9311,97.6843,0.0
9312,96.0421,0.0
9313,88.9694,0.0
9314,91.5037,0.0
9315,93.1907,0.0
9316,87.6815,0.0
9317,89.2567,0.0
9318,86.5668,0.0
9319,86.35,0.0
9320,107.803,0.0
9321,94.2833,0.0
9322,92.9918,0.0
9323,95.5481,0.0
9324,93.5257,0.0
9325,102.726,0.0
9326,95.2959,0.0
9327,88.2554,0.0
9328,104.033,0.0
9329,96.0718,0.0
9330,103.028,0.0
9331,96.1034,0.0
9332,98.7642,0.0
9333,95.4884,0.0
9334,97.0555,0.0
9335,110.965,0.0
9336,109.463,0.0
9337,101.609,0.0
9338,97.7357,0.0
9339,94.9461,0.0
9340,104.52,0.0
9341,101.823,0.0
9342,103.822,0.0
9343,95.5761,0.0
9344,86.1553,0.0
9345,97.6466,0.0
9346,86.5995,0.0
9347,92.3405,0.0
9348,86.0033,0.0
9349,83.7886,0.0
9350,104.329,0.0
9351,102.245,0.0
9352,87.5171,0.0
9353,89.8073,0.0
9354,84.1062,0.0
9355,89.8638,0.0
9356,90.5935,0.0
9357,85.6676,0.0
9358,87.4767,0.0
9359,82.6237,0.0
9360,90.9109,0.0
9361,87.6158,0.0
9362,96.8104,0.0
9363,81.7461,0.0
9364,79.3154,0.0
9365,90.7175,0.0
9366,85.5328,0.0
9367,86.9882,0.0
9368,83.7582,0.0
9369,84.1472,0.0
9370,81.6209,0.0
9371,89.4467,0.0
9372,88.1828,0.0
9373,81.8845,0.0
9374,83.4944,0.0
9375,85.9496,0.0
9376,81.969,0.0
9377,79.9962,0.0
9378,80.4423,0.0
9379,85.6811,0.0
9380,109.063,0.0
9381,95.4472,0.0
9382,93.287,0.0
9383,89.4882,0.0
9384,82.4137,0.0
9385,91.9683,0.0
9386,82.8657,0.0
9387,86.5373,0.0
9388,79.9346,0.0
9389,80.6799,0.0
9390,89.8394,0.0
9391,91.6795,0.0
9392,95.8955,0.0
9393,82.8458,0.0
9394,79.6127,0.0
9395,99.2663,0.0
9396,91.1918,0.0
9397,91.2461,0.0
9398,81.7373,0.0
9399,90.779,0.0
9400,86.7708,0.0
9401,86.4374,0.0
9402,87.5155,0.0
9403,85.3275,0.0
9404,84.8136,0.0
9405,83.4748,0.0
9406,83.9937,0.0
9407,82.0365,0.0
9408,81.2242,0.0
9409,79.0373,0.0
9410,99.7195,0.0
9411,89.0488,0.0
9412,79.8132,0.0
9413,77.1621,0.0
9414,80.198,0.0
9415,88.2115,0.0
9416,84.619,0.0
9417,82.1075,0.0
9418,79.8326,0.0
9419,78.5459,0.0
9420,85.2938,0.0
9421,80.3522,0.0
9422,87.9193,0.0
9423,77.4163,0.0
9424,79.2541,0.0
9425,87.8764,0.0
9426,81.0037,0.0
9427,84.9863,0.0
9428,82.5661,0.0
9429,81.6875,0.0
9430,90.5839,0.0
9431,89.4437,0.0
9432,85.4409,0.0
9433,78.5065,0.0
9434,83.0672,0.0
9435,84.4456,0.0
9436,78.7939,0.0
9437,74.0781,0.0
9438,77.1016,0.0
9439,75.1465,0.0
9440,105.041,0.0
9441,90.4318,0.0
9442,93.8082,0.0
9443,87.8434,0.0
9444,86.492,0.0
9445,94.5787,0.0
9446,84.1712,0.0
9447,88.3805,0.0
9448,84.1016,0.0
9449,78.5335,0.0
9450,94.4723,0.0
9451,91.9891,0.0
9452,91.6714,0.0
9453,84.577,0.0
9454,77.7731,0.0
9455,99.1211,0.0
9456,91.9931,0.0
9457,82.927,0.0
9458,84.6526,0.0
9459,84.4899,0.0
9460,90.4399,0.0
9461,93.7221,0.0
9462,92.665,0.0
9463,89.5794,0.0
9464,87.0321,0.0
9465,83.6935,0.0
9466,85.0027,0.0
9467,81.975,0.0
9468,79.3835,0.0
9469,84.0038,0.0
9470,109.935,0.0
9471,92.7453,0.0
9472,83.2428,0.0
9473,80.072,0.0
9474,81.3624,0.0
9475,91.4377,0.0
9476,82.646,0.0
9477,79.6725,0.0
9478,81.4169,0.0
9479,82.5615,0.0
9480,90.0597,0.0
9481,90.098,0.0
9482,88.0498,0.0
9483,84.5806,0.0
9484,83.1859,0.0
9485,92.6227,0.0
9486,78.7166,0.0
9487,82.9972,0.0
9488,84.3649,0.0
9489,84.1539,0.0
9490,88.4372,0.0
9491,97.5044,0.0
9492,83.9935,0.0
9493,80.8171,0.0
9494,78.9094,0.0
9495,85.8885,0.0
9496,80.4763,0.0
9497,81.5455,0.0
9498,82.0738,0.0
9499,79.2071,0.0
9500,102.792,0.0
9501,91.9824,0.0
9502,91.5279,0.0
9503,84.699,0.0
9504,90.2251,0.0
9505,88.7214,0.0
9506,87.7855,0.0
9507,90.2313,0.0
9508,95.7471,0.0
9509,83.4741,0.0
9510,106.741,0.0
9511,85.5994,0.0
9512,82.297,0.0
9513,78.3467,0.0
9514,78.8144,0.0
9515,87.3382,0.0
9516,79.6723,0.0
9517,81.7412,0.0
9518,80.0588,0.0
9519,86.3221,0.0
9520,87.6131,0.0
9521,84.6576,0.0
9522,84.174,0.0
9523,82.2002,0.0
9524,81.8448,0.0
9525,83.4041,0.0
9526,90.7084,0.0
9527,86.6392,0.0
9528,88.3767,0.0
9529,87.1958,0.0
9530,108.203,0.0
9531,95.8626,0.0
9532,83.3097,0.0
9533,78.0254,0.0
9534,76.184,0.0
9535,82.4892,0.0
9536,81.4229,0.0
9537,80.7028,0.0
9538,80.2098,0.0
9539,81.9756,0.0
9540,85.6663,0.0
9541,82.1844,0.0
9542,80.1915,0.0
9543,80.6205,0.0
9544,79.5853,0.0
9545,86.9649,0.0
9546,84.1868,0.0
9547,89.8928,0.0
9548,86.643,0.0
9549,82.8298,0.0
9550,88.9686,0.0
9551,88.1014,0.0
9552,89.9234,0.0
9553,81.852,0.0
9554,83.6106,0.0
9555,87.1106,0.0
9556,84.2442,0.0
9557,84.8494,0.0
9558,87.0555,0.0
9559,86.9496,0.0
9560,105.313,0.0
9561,95.6077,0.0
9562,94.9741,0.0
9563,92.7271,0.0
9564,90.6878,0.0
9565,94.2126,0.0
9566,93.0145,0.0
9567,94.2628,0.0
9568,91.7353,0.0
9569,94.4909,0.0
9570,107.379,0.0
9571,100.852,0.0
9572,95.6123,0.0
9573,89.6478,0.0
9574,91.0883,0.0
9575,100.84,0.0
9576,100.323,0.0
9577,98.2886,0.0
9578,90.8593,0.0
9579,93.2325,0.0
9580,99.4831,0.0
9581,100.694,0.0
9582,101.219,0.0
9583,93.5355,0.0
9584,94.2129,0.0
9585,94.6595,0.0
9586,93.6495,0.0
9587,93.9079,0.0
9588,90.2363,0.0
9589,92.7028,0.0
9590,109.757,0.0
9591,99.3001,0.0
9592,98.1662,0.0
9593,96.1804,0.0
9594,97.0534,0.0
9595,96.972,0.0
9596,99.5081,0.0
9597,98.7959,0.0
9598,95.2572,0.0
9599,91.9597,0.0
9600,100.14,0.0
9601,94.1327,0.0
9602,98.1982,0.0
9603,98.7033,0.0
9604,98.1132,0.0
9605,101.799,0.0
9606,95.8328,0.0
9607,96.0944,0.0
9608,97.349,0.0
9609,98.7353,0.0
9610,103.53,0.0
9611,100.697,0.0
9612,98.9876,0.0
9613,97.732,0.0
9614,95.3422,0.0
9615,99.6674,0.0
9616,95.0765,0.0
9617,94.3281,0.0
9618,93.3253,0.0
9619,92.0571,0.0
9620,110.058,0.0
9621,100.385,0.0
9622,103.772,0.0
9623,100.979,0.0
9624,94.2344,0.0
9625,99.4851,0.0
9626,94.4255,0.0
9627,95.3045,0.0
9628,93.0055,0.0
9629,94.0753,0.0
9630,106.507,0.0
9631,104.175,0.0
9632,105.493,0.0
9633,101.155,0.0
9634,96.0834,0.0
9635,100.86,0.0
9636,100.515,0.0
9637,99.2171,0.0
9638,94.521,0.0
9639,188.2908,0.0
9640,97.1012,0.0
9641,96.1709,0.0
9642,97.8219,0.0
9643,93.8747,0.0
9644,96.2078,0.0
9645,93.4844,0.0
9646,91.3403,0.0
9647,93.7568,0.0
9648,93.2745,0.0
9649,89.6495,0.0
9650,104.503,0.0
9651,100.007,0.0
9652,93.7538,0.0
9653,87.7859,0.0
9654,88.9761,0.0
9655,96.9368,0.0
9656,90.328,0.0
9657,88.4694,0.0
9658,89.9544,0.0
9659,87.2983,0.0
9660,97.9038,0.0
9661,88.305,0.0
9662,82.252,0.0
9663,88.1168,0.0
9664,85.4219,0.0
9665,92.454,0.0
9666,89.4267,0.0
9667,87.1017,0.0
9668,87.4912,0.0
9669,86.8607,0.0
9670,94.7918,0.0
9671,91.2918,0.0
9672,89.618,0.0
9673,84.54,0.0
9674,86.0071,0.0
9675,89.8052,0.0
9676,90.1485,0.0
9677,84.8642,0.0
9678,84.6929,0.0
9679,86.5478,0.0
9680,102.913,0.0
9681,93.512,0.0
9682,94.0815,0.0
9683,92.2487,0.0
9684,88.4379,0.0
9685,94.2531,0.0
9686,91.3892,0.0
9687,92.7681,0.0
9688,92.8516,0.0
9689,90.0419,0.0
9690,93.165,0.0
9691,96.9781,0.0
9692,94.0747,0.0
9693,88.5162,0.0
9694,85.7221,0.0
9695,101.803,0.0
9696,99.2218,0.0
9697,93.7515,0.0
9698,88.8765,0.0
9699,87.4261,0.0
9700,96.7126,0.0
9701,94.5315,0.0
9702,92.6547,0.0
9703,87.3448,0.0
9704,85.2869,0.0
9705,87.6722,0.0
9706,87.5915,0.0
9707,87.9252,0.0
9708,84.2901,0.0
9709,86.0406,0.0
9710,103.483,0.0
9711,96.5706,0.0
9712,89.7894,0.0
9713,91.6084,0.0
9714,90.2033,0.0
9715,92.4266,0.0
9716,100.789,0.0
9717,93.9998,0.0
9718,88.2682,0.0
9719,88.6421,0.0
9720,96.6462,0.0
9721,90.1537,0.0
9722,93.8788,0.0
9723,89.4276,0.0
9724,88.6347,0.0
9725,98.3214,0.0
9726,93.4117,0.0
9727,91.6985,0.0
9728,89.2293,0.0
9729,90.1156,0.0
9730,97.516,0.0
9731,89.8718,0.0
9732,91.0089,0.0
9733,91.499,0.0
9734,89.3946,0.0
9735,93.5205,0.0
9736,90.6121,0.0
9737,87.324,0.0
9738,89.8681,0.0
9739,87.2672,0.0
9740,104.849,0.0
9741,98.0361,0.0
9742,97.4679,0.0
9743,95.0004,0.0
9744,94.2071,0.0
9745,93.8642,0.0
9746,96.9081,0.0
9747,94.1968,0.0
9748,90.573,0.0
9749,92.1685,0.0
9750,99.2347,0.0
9751,98.0276,0.0
9752,98.8546,0.0
9753,93.6325,0.0
9754,93.79,0.0
9755,103.599,0.0
9756,108.373,0.0
9757,107.557,0.0
9758,107.985,0.0
9759,103.022,0.0
9760,107.254,0.0
9761,104.556,0.0
9762,100.783,0.0
9763,95.0109,0.0
9764,99.8232,0.0
9765,106.374,0.0
9766,105.059,0.0
9767,99.6916,0.0
9768,100.083,0.0
9769,97.6816,0.0
9770,109.276,0.0
9771,109.048,0.0
9772,114.143,0.0
9773,109.617,0.0
9774,108.595,0.0
9775,118.475,0.0
9776,111.115,0.0
9777,113.824,0.0
9778,110.712,0.0
9779,107.361,0.0
9780,108.25,0.0
9781,105.335,0.0
9782,108.742,0.0
9783,100.195,0.0
9784,101.6,0.0
9785,106.637,0.0
9786,100.906,0.0
9787,99.1477,0.0
9788,100.777,0.0
9789,98.2785,0.0
9790,102.975,0.0
9791,100.664,0.0
9792,97.0534,0.0
9793,98.9837,0.0
9794,95.6945,0.0
9795,96.8914,0.0
9796,94.2109,0.0
9797,93.7866,0.0
9798,94.91,0.0
9799,92.8208,0.0
9800,106.467,0.0
9801,103.656,0.0
9802,100.509,0.0
9803,97.7401,0.0
9804,96.9598,0.0
9805,99.8902,0.0
9806,96.7798,0.0
9807,99.3359,0.0
9808,98.3837,0.0
9809,97.6863,0.0
9810,105.161,0.0
9811,105.545,0.0
9812,106.359,0.0
9813,99.0179,0.0
9814,98.4965,0.0
9815,109.375,0.0
9816,101.999,0.0
9817,101.995,0.0
9818,98.2062,0.0
9819,99.98,0.0
9820,104.254,0.0
9821,101.737,0.0
9822,101.255,0.0
9823,94.711,0.0
9824,100.174,0.0
9825,98.6927,0.0
9826,99.5882,0.0
9827,100.194,0.0
9828,93.7511,0.0
9829,94.2132,0.0
9830,111.397,0.0
9831,106.242,0.0
9832,99.4709,0.0
9833,102.504,0.0
9834,98.337,0.0
9835,104.475,0.0
9836,102.751,0.0
9837,101.375,0.0
9838,99.1883,0.0
9839,100.645,0.0
9840,104.663,0.0
9841,99.4845,0.0
9842,101.243,0.0
9843,100.406,0.0
9844,97.2906,0.0
9845,104.686,0.0
9846,104.133,0.0
9847,100.641,0.0
9848,99.8864,0.0
9849,101.57,0.0
9850,110.675,0.0
9851,105.836,0.0
9852,101.992,0.0
9853,100.633,0.0
9854,100.007,0.0
9855,99.522,0.0
9856,97.0264,0.0
9857,98.0246,0.0
9858,95.5782,0.0
9859,95.321,0.0
9860,109.855,0.0
9861,105.572,0.0
9862,107.472,0.0
9863,104.533,0.0
9864,99.6383,0.0
9865,105.087,0.0
9866,106.044,0.0
9867,104.763,0.0
9868,100.671,0.0
9869,104.702,0.0
9870,106.21,0.0
9871,107.31,0.0
9872,106.594,0.0
9873,104.297,0.0
9874,102.375,0.0
9875,110.793,0.0
9876,108.062,0.0
9877,107.403,0.0
9878,107.473,0.0
9879,105.582,0.0
9880,105.963,0.0
9881,112.91,0.0
9882,108.518,0.0
9883,104.914,0.0
9884,105.703,0.0
9885,102.873,0.0
9886,105.019,0.0
9887,106.67,0.0
9888,98.8639,0.0
9889,98.9276,0.0
9890,117.363,0.0
9891,107.123,0.0
9892,107.48,0.0
9893,106.09,0.0
9894,104.118,0.0
9895,108.706,0.0
9896,106.491,0.0
9897,103.979,0.0
9898,101.904,0.0
9899,100.892,0.0
9900,108.679,0.0
9901,106.312,0.0
9902,105.068,0.0
9903,103.07,0.0
9904,109.747,0.0
9905,110.45,0.0
9906,106.202,0.0
9907,104.373,0.0
9908,105.332,0.0
9909,107.407,0.0
9910,114.56,0.0
9911,105.329,0.0
9912,103.935,0.0
9913,100.649,0.0
9914,99.5897,0.0
9915,102.376,0.0
9916,101.809,0.0
9917,99.4719,0.0
9918,99.9542,0.0
9919,96.9209,0.0
9920,110.918,0.0
9921,109.501,0.0
9922,110.817,0.0
9923,105.381,0.0
9924,103.011,0.0
9925,115.002,0.0
9926,104.243,0.0
9927,101.196,0.0
9928,105.199,0.0
9929,100.356,0.0
9930,107.288,0.0
9931,109.66,0.0
9932,105.802,0.0
9933,102.538,0.0
9934,99.8272,0.0
9935,107.187,0.0
9936,105.371,0.0
9937,95.6271,0.0
9938,82.9942,0.0
9939,99.0419,0.0
9940,128.549,0.0
9941,103.92,0.0
9942,95.626,0.0
9943,90.0791,0.0
9944,90.52,0.0
9945,90.4906,0.0
9946,85.4979,0.0
9947,84.8347,0.0
9948,88.1801,0.0
9949,84.5513,0.0
9950,98.155,0.0
9951,90.3208,0.0
9952,87.2281,0.0
9953,85.8987,0.0
9954,87.3831,0.0
9955,94.7429,0.0
9956,89.9619,0.0
9957,85.7312,0.0
9958,89.4583,0.0
9959,84.7503,0.0
9960,90.0226,0.0
9961,89.0358,0.0
9962,89.1326,0.0
9963,82.2558,0.0
9964,81.6957,0.0
9965,86.6215,0.0
9966,83.8393,0.0
9967,81.8616,0.0
9968,83.2549,0.0
9969,86.1548,0.0
9970,91.1706,0.0
9971,84.1072,0.0
9972,83.9189,0.0
9973,78.9087,0.0
9974,81.068,0.0
9975,79.9355,0.0
9976,77.5467,0.0
9977,78.0944,0.0
9978,86.6559,0.0
9979,86.9566,0.0
9980,95.9247,0.0
9981,87.3874,0.0
9982,85.1259,0.0
9983,81.7826,0.0
9984,81.1493,0.0
9985,81.0612,0.0
9986,79.8821,0.0
9987,79.7433,0.0
9988,77.066,0.0
9989,77.5459,0.0
9990,80.9962,0.0
9991,76.6603,0.0
9992,78.2332,0.0
9993,80.1621,0.0
9994,78.7717,0.0
9995,83.4424,0.0
9996,83.2634,0.0
9997,80.2218,0.0
9998,80.3901,0.0
9999,77.9818,0.0
10000,81.9745,0.0
10001,79.3314,0.0
10002,86.7536,0.0
10003,80.7769,0.0
10004,75.9963,0.0
10005,77.3628,0.0
10006,78.4151,0.0
10007,79.8041,0.0
10008,77.3786,0.0
10009,76.7982,0.0
10010,86.7673,0.0
10011,79.6391,0.0
10012,77.4442,0.0
10013,76.6486,0.0
10014,80.3959,0.0
10015,76.7243,0.0
10016,76.9963,0.0
10017,76.1962,0.0
10018,75.9323,0.0
10019,73.0165,0.0
10020,76.9463,0.0
10021,76.6026,0.0
10022,76.591,0.0
10023,74.2412,0.0
10024,79.8133,0.0
10025,88.5954,0.0
10026,79.7998,0.0
10027,80.4773,0.0
10028,80.093,0.0
10029,79.1061,0.0
10030,82.7273,0.0
10031,78.2412,0.0
10032,79.9088,0.0
10033,76.8943,0.0
10034,77.7444,0.0
10035,76.9848,0.0
10036,74.7076,0.0
10037,74.6729,0.0
10038,73.8651,0.0
10039,72.9097,0.0
10040,93.3654,0.0
10041,82.8915,0.0
10042,80.5812,0.0
10043,78.3485,0.0
10044,77.2141,0.0
10045,78.7454,0.0
10046,76.3884,0.0
10047,76.4446,0.0
10048,74.7712,0.0
10049,77.4931,0.0
10050,85.0331,0.0
10051,78.3226,0.0
10052,79.0056,0.0
10053,77.9642,0.0
10054,76.5429,0.0
10055,80.8909,0.0
10056,75.5909,0.0
10057,78.0337,0.0
10058,80.233,0.0
10059,81.06,0.0
10060,87.0695,0.0
10061,82.1214,0.0
10062,84.0125,0.0
10063,80.1348,0.0
10064,81.939,0.0
10065,81.2703,0.0
10066,79.0442,0.0
10067,76.0558,0.0
10068,74.7406,0.0
10069,75.7937,0.0
10070,90.8429,0.0
10071,83.6586,0.0
10072,79.7002,0.0
10073,77.0932,0.0
10074,77.7354,0.0
10075,75.3337,0.0
10076,76.631,0.0
10077,76.5229,0.0
10078,74.5158,0.0
10079,71.4418,0.0
10080,77.3039,0.0
10081,80.8116,0.0
10082,77.5117,0.0
10083,79.148,0.0
10084,74.3365,0.0
10085,77.9244,0.0
10086,75.3116,0.0
10087,73.4775,0.0
10088,75.1359,0.0
10089,74.8218,0.0
10090,79.8798,0.0
10091,77.1895,0.0
10092,76.3407,0.0
10093,74.1518,0.0
10094,73.1511,0.0
10095,74.2322,0.0
10096,80.0143,0.0
10097,79.4133,0.0
10098,76.4686,0.0
10099,76.0417,0.0
10100,89.4497,0.0
10101,79.0897,0.0
10102,79.0923,0.0
10103,77.7281,0.0
10104,76.6407,0.0
10105,80.959,0.0
10106,76.2905,0.0
10107,80.7383,0.0
10108,82.6182,0.0
10109,81.2789,0.0
10110,80.9774,0.0
10111,77.3569,0.0
10112,78.7147,0.0
10113,84.2461,0.0
10114,86.4597,0.0
10115,88.3965,0.0
10116,82.9392,0.0
10117,80.9721,0.0
10118,82.8553,0.0
10119,82.7888,0.0
10120,84.3396,0.0
10121,79.2504,0.0
10122,80.3196,0.0
10123,78.7612,0.0
10124,79.5566,0.0
10125,83.7936,0.0
10126,82.0973,0.0
10127,79.8155,0.0
10128,78.229,0.0
10129,79.2591,0.0
10130,91.1302,0.0
10131,81.8171,0.0
10132,78.6274,0.0
10133,79.4724,0.0
10134,78.6489,0.0
10135,80.5693,0.0
10136,78.0099,0.0
10137,79.4158,0.0
10138,78.6995,0.0
10139,78.7905,0.0
10140,80.8186,0.0
10141,79.5305,0.0
10142,77.5042,0.0
10143,79.6519,0.0
10144,82.9132,0.0
10145,85.5023,0.0
10146,85.9546,0.0
10147,84.967,0.0
10148,83.1298,0.0
10149,85.5639,0.0
10150,83.5394,0.0
10151,81.9563,0.0
10152,80.751,0.0
10153,81.2784,0.0
10154,80.9144,0.0
10155,81.4718,0.0
10156,77.7819,0.0
10157,77.3784,0.0
10158,76.5712,0.0
10159,78.5989,0.0
10160,91.7403,0.0
10161,83.3378,0.0
10162,80.3785,0.0
10163,79.9742,0.0
10164,83.9285,0.0
10165,89.0963,0.0
10166,80.0147,0.0
10167,78.7275,0.0
10168,81.8087,0.0
10169,80.8365,0.0
10170,82.4888,0.0
10171,78.5489,0.0
10172,82.4578,0.0
10173,79.2235,0.0
10174,80.1719,0.0
10175,88.1189,0.0
10176,81.9065,0.0
10177,83.1037,0.0
10178,84.1563,0.0
10179,83.4829,0.0
10180,87.6483,0.0
10181,82.9529,0.0
10182,81.7991,0.0
10183,82.8015,0.0
10184,80.8777,0.0
10185,81.389,0.0
10186,79.3874,0.0
10187,78.274,0.0
10188,78.4007,0.0
10189,78.2982,0.0
10190,90.2839,0.0
10191,82.5157,0.0
10192,80.1009,0.0
10193,82.6081,0.0
10194,81.4301,0.0
10195,80.2656,0.0
10196,79.3312,0.0
10197,85.6194,0.0
10198,86.3507,0.0
10199,83.2167,0.0
10200,85.0692,0.0
10201,82.8245,0.0
10202,82.4464,0.0
10203,81.499,0.0
10204,80.1016,0.0
10205,84.7218,0.0
10206,81.7739,0.0
10207,81.6252,0.0
10208,83.7609,0.0
10209,84.9037,0.0
10210,89.8054,0.0
10211,83.8789,0.0
10212,83.2915,0.0
10213,81.1078,0.0
10214,81.6206,0.0
10215,84.0109,0.0
10216,80.4586,0.0
10217,79.8264,0.0
10218,79.211,0.0
10219,78.3528,0.0
10220,92.9177,0.0
10221,84.1972,0.0
10222,81.7092,0.0
10223,82.8403,0.0
10224,82.3533,0.0
10225,85.5944,0.0
10226,81.6268,0.0
10227,81.6186,0.0
10228,83.0658,0.0
10229,83.4921,0.0
10230,86.6602,0.0
10231,84.1231,0.0
10232,84.1356,0.0
10233,85.6058,0.0
10234,83.4012,0.0
10235,89.4923,0.0
10236,85.2392,0.0
10237,86.2906,0.0
10238,86.6037,0.0
10239,87.775,0.0
10240,92.6051,0.0
10241,88.1951,0.0
10242,88.4611,0.0
10243,87.6957,0.0
10244,88.0255,0.0
10245,90.5761,0.0
10246,87.2608,0.0
10247,85.9911,0.0
10248,87.375,0.0
10249,88.2641,0.0
10250,97.1002,0.0
10251,91.4598,0.0
10252,88.135,0.0
10253,89.1156,0.0
10254,88.8865,0.0
10255,90.5166,0.0
10256,90.5821,0.0
10257,89.4452,0.0
10258,90.2301,0.0
10259,91.3557,0.0
10260,93.5806,0.0
10261,91.3687,0.0
10262,91.9373,0.0
10263,90.9811,0.0
10264,88.8355,0.0
10265,94.072,0.0
10266,92.6546,0.0
10267,93.1715,0.0
10268,92.704,0.0
10269,92.29,0.0
10270,84.0147,0.0
10271,83.3219,0.0
10272,90.7013,0.0
10273,89.4249,0.0
10274,87.9099,0.0
10275,85.6717,0.0
10276,86.6781,0.0
10277,85.9751,0.0
10278,88.3595,0.0
10279,86.3691,0.0
10280,91.2892,0.0
10281,87.034,0.0
10282,87.3696,0.0
10283,86.7155,0.0
10284,87.1751,0.0
10285,85.9313,0.0
10286,84.7529,0.0
10287,85.4784,0.0
10288,86.1205,0.0
10289,92.1025,0.0
10290,90.3148,0.0
10291,90.3176,0.0
10292,103.054,0.0
10293,115.19,0.0
10294,122.993,0.0
10295,123.182,0.0
10296,125.599,0.0
10297,124.39,0.0
10298,122.81,0.0
10299,100.732,0.0
10300,102.285,0.0
10301,102.478,0.0
10302,99.1316,0.0
10303,99.4664,0.0
10304,102.561,0.0
10305,102.899,0.0
10306,99.6944,0.0
10307,100.397,0.0
10308,97.4036,0.0
10309,95.2115,0.0
10310,107.127,0.0
10311,102.747,0.0
10312,100.078,0.0
10313,98.8703,0.0
10314,98.1464,0.0
10315,95.1157,0.0
10316,94.7199,0.0
10317,97.6096,0.0
10318,103.627,0.0
10319,99.5085,0.0
10320,100.086,0.0
10321,99.073,0.0
10322,98.2135,0.0
10323,98.0507,0.0
10324,96.4043,0.0
10325,100.133,0.0
10326,99.8858,0.0
10327,97.6714,0.0
10328,99.1656,0.0
10329,101.575,0.0
10330,104.554,0.0
10331,102.668,0.0
10332,100.925,0.0
10333,99.5495,0.0
10334,101.688,0.0
10335,102.387,0.0
10336,99.6825,0.0
10337,97.2514,0.0
10338,99.3078,0.0
10339,97.365,0.0
10340,115.184,0.0
10341,104.708,0.0
10342,101.543,0.0
10343,100.313,0.0
10344,102.084,0.0
10345,100.545,0.0
10346,102.288,0.0
10347,100.031,0.0
10348,99.2769,0.0
10349,100.782,0.0
10350,105.186,0.0
10351,100.013,0.0
10352,103.898,0.0
10353,105.045,0.0
10354,104.324,0.0
10355,106.764,0.0
10356,103.017,0.0
10357,102.22,0.0
10358,101.833,0.0
10359,105.308,0.0
10360,110.453,0.0
10361,107.202,0.0
10362,107.258,0.0
10363,105.768,0.0
10364,106.327,0.0
10365,105.709,0.0
10366,103.636,0.0
10367,102.554,0.0
10368,103.802,0.0
10369,105.35,0.0
10370,117.2,0.0
10371,104.913,0.0
10372,104.611,0.0
10373,107.21,0.0
10374,105.384,0.0
10375,108.387,0.0
10376,108.148,0.0
10377,107.672,0.0
10378,107.395,0.0
10379,106.739,0.0
10380,111.975,0.0
10381,107.211,0.0
10382,105.505,0.0
10383,104.755,0.0
10384,108.377,0.0
10385,111.631,0.0
10386,109.953,0.0
10387,109.079,0.0
10388,109.968,0.0
10389,111.323,0.0
10390,114.275,0.0
10391,113.249,0.0
10392,109.404,0.0
10393,106.923,0.0
10394,108.56,0.0
10395,109.829,0.0
10396,107.832,0.0
10397,112.139,0.0
10398,109.64,0.0
10399,113.059,0.0
10400,124.576,0.0
10401,113.452,0.0
10402,113.749,0.0
10403,108.543,0.0
10404,112.655,0.0
10405,112.716,0.0
10406,113.153,0.0
10407,113.443,0.0
10408,111.303,0.0
10409,112.406,0.0
10410,117.218,0.0
10411,111.713,0.0
10412,111.507,0.0
10413,112.106,0.0
10414,109.287,0.0
10415,115.617,0.0
10416,114.852,0.0
10417,118.008,0.0
10418,113.18,0.0
10419,113.054,0.0
10420,116.967,0.0
10421,112.716,0.0
10422,116.011,0.0
10423,115.677,0.0
10424,114.924,0.0
10425,117.341,0.0
10426,115.685,0.0
10427,111.974,0.0
10428,114.205,0.0
10429,114.371,0.0
10430,127.596,0.0
10431,121.313,0.0
10432,117.048,0.0
10433,118.074,0.0
10434,116.732,0.0
10435,118.398,0.0
10436,120.118,0.0
10437,118.95,0.0
10438,120.533,0.0
10439,120.551,0.0
10440,122.139,0.0
10441,118.825,0.0
10442,114.826,0.0
10443,118.616,0.0
10444,115.462,0.0
10445,124.741,0.0
10446,121.032,0.0
10447,106.208,0.0
10448,105.408,0.0
10449,105.439,0.0
10450,116.454,0.0
10451,116.088,0.0
10452,106.708,0.0
10453,106.742,0.0
10454,108.578,0.0
10455,111.207,0.0
10456,111.102,0.0
10457,122.874,0.0
10458,135.227,0.0
10459,140.744,0.0
10460,150.097,0.0
10461,153.179,0.0
10462,154.529,0.0
10463,131.519,0.0
10464,127.277,0.0
10465,127.975,0.0
10466,121.337,0.0
10467,121.389,0.0
10468,125.234,0.0
10469,125.904,0.0
10470,128.335,0.0
10471,127.04,0.0
10472,130.002,0.0
10473,124.81,0.0
10474,120.843,0.0
10475,128.676,0.0
10476,125.997,0.0
10477,132.045,0.0
10478,129.897,0.0
10479,127.573,0.0
10480,132.236,0.0
10481,128.05,0.0
10482,128.163,0.0
10483,131.219,0.0
10484,130.429,0.0
10485,135.456,0.0
10486,131.33,0.0
10487,125.73,0.0
10488,124.766,0.0
10489,127.908,0.0
10490,139.542,0.0
10491,133.762,0.0
10492,133.421,0.0
10493,132.35,0.0
10494,130.891,0.0
10495,132.309,0.0
10496,129.82,0.0
10497,129.097,0.0
10498,130.635,0.0
10499,129.34,0.0
10500,136.804,0.0
10501,132.453,0.0
10502,129.5,0.0
10503,127.053,0.0
10504,125.786,0.0
10505,132.524,0.0
10506,126.036,0.0
10507,124.836,0.0
10508,126.128,0.0
10509,126.464,0.0
10510,132.865,0.0
10511,133.624,0.0
10512,134.8,0.0
10513,133.162,0.0
10514,136.524,0.0
10515,136.099,0.0
10516,132.722,0.0
10517,133.176,0.0
10518,133.53,0.0
10519,130.488,0.0
10520,149.827,0.0
10521,136.874,0.0
10522,134.676,0.0
10523,130.589,0.0
10524,131.966,0.0
10525,138.114,0.0
10526,133.81,0.0
10527,131.642,0.0
10528,130.031,0.0
10529,137.168,0.0
10530,138.958,0.0
10531,134.89,0.0
10532,135.865,0.0
10533,130.561,0.0
10534,130.641,0.0
10535,143.114,0.0
10536,136.051,0.0
10537,132.073,0.0
10538,133.419,0.0
10539,133.524,0.0
10540,137.389,0.0
10541,135.347,0.0
10542,133.883,0.0
10543,131.934,0.0
10544,128.307,0.0
10545,130.537,0.0
10546,131.434,0.0
10547,127.994,0.0
10548,137.451,0.0
10549,129.075,0.0
10550,143.385,0.0
10551,134.527,0.0
10552,133.339,0.0
10553,127.353,0.0
10554,126.593,0.0
10555,129.928,0.0
10556,124.435,0.0
10557,123.379,0.0
10558,126.031,0.0
10559,121.987,0.0
10560,124.019,0.0
10561,121.69,0.0
10562,123.576,0.0
10563,123.457,0.0
10564,122.894,0.0
10565,123.195,0.0
10566,119.189,0.0
10567,123.005,0.0
10568,121.676,0.0
10569,121.555,0.0
10570,126.323,0.0
10571,124.809,0.0
10572,121.441,0.0
10573,121.189,0.0
10574,122.119,0.0
10575,122.999,0.0
10576,120.292,0.0
10577,119.715,0.0
10578,118.727,0.0
10579,121.378,0.0
10580,138.528,0.0
10581,136.326,0.0
10582,130.806,0.0
10583,124.987,0.0
10584,123.032,0.0
10585,126.964,0.0
10586,119.622,0.0
10587,119.801,0.0
10588,115.801,0.0
10589,118.967,0.0
10590,121.358,0.0
10591,117.947,0.0
10592,121.056,0.0
10593,118.272,0.0
10594,115.445,0.0
10595,121.465,0.0
10596,116.463,0.0
10597,121.817,0.0
10598,122.051,0.0
10599,123.837,0.0
10600,126.479,0.0
10601,125.019,0.0
10602,124.783,0.0
10603,121.58,0.0
10604,122.322,0.0
10605,118.961,0.0
10606,117.127,0.0
10607,114.892,0.0
10608,114.03,0.0
10609,115.321,0.0
10610,132.407,0.0
10611,124.899,0.0
10612,123.893,0.0
10613,126.916,0.0
10614,125.55,0.0
10615,123.856,0.0
10616,123.129,0.0
10617,125.997,0.0
10618,119.775,0.0
10619,115.71,0.0
10620,119.877,0.0
10621,117.793,0.0
10622,117.426,0.0
10623,118.943,0.0
10624,115.609,0.0
10625,123.934,0.0
10626,116.765,0.0
10627,114.989,0.0
10628,115.029,0.0
10629,112.827,0.0
10630,119.261,0.0
10631,116.325,0.0
10632,111.284,0.0
10633,108.709,0.0
10634,109.321,0.0
10635,111.146,0.0
10636,105.424,0.0
10637,108.034,0.0
10638,105.653,0.0
10639,107.056,0.0
10640,127.309,0.0
10641,116.547,0.0
10642,109.082,0.0
10643,111.88,0.0
10644,108.36,0.0
10645,110.093,0.0
10646,110.216,0.0
10647,108.774,0.0
10648,107.11,0.0
10649,105.245,0.0
10650,112.864,0.0
10651,108.23,0.0
10652,112.046,0.0
10653,106.729,0.0
10654,104.236,0.0
10655,99.6212,0.0
10656,90.514,0.0
10657,94.9088,0.0
10658,123.372,0.0
10659,143.153,0.0
10660,121.389,0.0
10661,112.537,0.0
10662,105.939,0.0
10663,103.473,0.0
10664,101.767,0.0
10665,102.991,0.0
10666,104.896,0.0
10667,98.9259,0.0
10668,107.725,0.0
10669,105.196,0.0
10670,93.0723,0.0
10671,88.0565,0.0
10672,103.111,0.0
10673,130.041,0.0
10674,100.514,0.0
10675,105.771,0.0
10676,99.5971,0.0
10677,99.1672,0.0
10678,97.1153,0.0
10679,94.5092,0.0
10680,101.573,0.0
10681,97.7778,0.0
10682,100.283,0.0
10683,96.4923,0.0
10684,93.6794,0.0
10685,92.2968,0.0
10686,84.0129,0.0
10687,79.2146,0.0
10688,99.1068,0.0
10689,124.318,0.0
10690,98.8231,0.0
10691,94.2182,0.0
10692,94.8747,0.0
10693,90.2053,0.0
10694,89.0523,0.0
10695,92.7916,0.0
10696,94.6108,0.0
10697,88.2495,0.0
10698,88.2142,0.0
10699,87.0642,0.0
10700,99.8447,0.0
10701,100.442,0.0
10702,90.4265,0.0
10703,92.2989,0.0
10704,85.3329,0.0
10705,83.2616,0.0
10706,94.7213,0.0
10707,102.5,0.0
10708,90.7464,0.0
10709,89.2113,0.0
10710,94.9611,0.0
10711,94.5345,0.0
10712,93.8574,0.0
10713,87.6745,0.0
10714,87.5284,0.0
10715,99.5515,0.0
10716,93.4971,0.0
10717,89.5314,0.0
10718,90.3394,0.0
10719,91.5202,0.0
10720,92.9157,0.0
10721,94.717,0.0
10722,90.4484,0.0
10723,87.3235,0.0
10724,91.3395,0.0
10725,88.0984,0.0
10726,86.4029,0.0
10727,80.8493,0.0
10728,74.0151,0.0
10729,72.2046,0.0
10730,84.5438,0.0
10731,119.208,0.0
10732,87.8811,0.0
10733,82.2769,0.0
10734,80.8392,0.0
10735,84.0419,0.0
10736,82.8665,0.0
10737,79.8096,0.0
10738,80.847,0.0
10739,79.7259,0.0
10740,88.5278,0.0
10741,82.7874,0.0
10742,81.8913,0.0
10743,81.8523,0.0
10744,77.1908,0.0
10745,73.6137,0.0
10746,72.8863,0.0
10747,83.2279,0.0
10748,80.2114,0.0
10749,79.6889,0.0
10750,84.8682,0.0
10751,86.5695,0.0
10752,77.9835,0.0
10753,65.7012,0.0
10754,65.3571,0.0
10755,70.9405,0.0
10756,102.624,0.0
10757,81.6436,0.0
10758,71.7166,0.0
10759,75.04,0.0
10760,96.5273,0.0
10761,82.7252,0.0
10762,79.6588,0.0
10763,80.6611,0.0
10764,84.2655,0.0
10765,87.6583,0.0
10766,84.4688,0.0
10767,83.2872,0.0
10768,81.4722,0.0
10769,81.2548,0.0
10770,84.5865,0.0
10771,78.8505,0.0
10772,78.2985,0.0
10773,76.3286,0.0
10774,84.5268,0.0
10775,78.8895,0.0
10776,85.6687,0.0
10777,86.3831,0.0
10778,74.0233,0.0
10779,79.3678,0.0
10780,86.0152,0.0
10781,80.7035,0.0
10782,81.132,0.0
10783,80.4097,0.0
10784,75.2667,0.0
10785,80.0921,0.0
10786,82.4884,0.0
10787,74.4852,0.0
10788,65.9158,0.0
10789,63.4207,0.0
10790,67.102,0.0
10791,93.7315,0.0
10792,114.196,0.0
10793,87.2482,0.0
10794,71.2658,0.0
10795,73.0185,0.0
10796,71.8696,0.0
10797,71.8891,0.0
10798,69.9486,0.0
10799,71.1094,0.0
10800,76.0955,0.0
10801,69.3706,0.0
10802,73.3192,0.0
10803,71.7907,0.0
10804,68.3334,0.0
10805,78.002,0.0
10806,71.8321,0.0
10807,74.9627,0.0
10808,73.4209,0.0
10809,66.1728,0.0
10810,75.532,0.0
10811,73.1689,0.0
10812,74.4546,0.0
10813,71.5648,0.0
10814,76.3649,0.0
10815,70.9927,0.0
10816,67.6924,0.0
10817,68.9674,0.0
10818,66.073,0.0
10819,65.6556,0.0
10820,83.4538,0.0
10821,74.1098,0.0
10822,77.9546,0.0
10823,73.99,0.0
10824,67.1934,0.0
10825,71.0645,0.0
10826,71.9964,0.0
10827,68.1266,0.0
10828,67.2792,0.0
10829,67.7609,0.0
10830,76.3886,0.0
10831,73.286,0.0
10832,77.8884,0.0
10833,69.9032,0.0
10834,67.3716,0.0
10835,81.6356,0.0
10836,74.6367,0.0
10837,75.6379,0.0
10838,69.3496,0.0
10839,68.2434,0.0
10840,74.1898,0.0
10841,73.07,0.0
10842,67.1737,0.0
10843,69.1455,0.0
10844,71.1642,0.0
10845,69.085,0.0
10846,74.1623,0.0
10847,66.6861,0.0
10848,68.7948,0.0
10849,65.88,0.0
10850,84.1473,0.0
10851,74.2117,0.0
10852,65.6633,0.0
10853,64.8685,0.0
10854,66.2069,0.0
10855,71.1014,0.0
10856,65.5646,0.0
10857,67.4803,0.0
10858,70.6231,0.0
10859,67.6834,0.0
10860,76.3391,0.0
10861,70.9924,0.0
10862,74.1693,0.0
10863,71.3143,0.0
10864,66.3842,0.0
10865,77.4713,0.0
10866,69.2592,0.0
10867,69.4254,0.0
10868,70.7128,0.0
10869,67.0888,0.0
10870,73.5911,0.0
10871,69.5644,0.0
10872,67.6977,0.0
10873,66.8697,0.0
10874,65.9309,0.0
10875,68.2198,0.0
10876,63.5545,0.0
10877,68.4213,0.0
10878,67.348,0.0
10879,67.2483,0.0
10880,82.3695,0.0
10881,71.8219,0.0
10882,72.7355,0.0
10883,68.8049,0.0
10884,65.7729,0.0
10885,73.5079,0.0
10886,71.7893,0.0
10887,68.6432,0.0
10888,66.3195,0.0
10889,64.8025,0.0
10890,72.3312,0.0
10891,76.2413,0.0
10892,73.6021,0.0
10893,68.3495,0.0
10894,70.7938,0.0
10895,82.1136,0.0
10896,79.4493,0.0
10897,76.7505,0.0
10898,71.0732,0.0
10899,68.919,0.0
10900,74.3207,0.0
10901,71.364,0.0
10902,69.1543,0.0
10903,71.1747,0.0
10904,69.2166,0.0
10905,70.3668,0.0
10906,69.1937,0.0
10907,70.2874,0.0
10908,67.9857,0.0
10909,67.9178,0.0
10910,84.2133,0.0
10911,73.6238,0.0
10912,69.6074,0.0
10913,68.9832,0.0
10914,68.6393,0.0
10915,71.6151,0.0
10916,70.776,0.0
10917,71.7081,0.0
10918,69.3856,0.0
10919,72.595,0.0
10920,74.991,0.0
10921,70.2265,0.0
10922,72.9901,0.0
10923,67.7352,0.0
10924,65.705,0.0
10925,72.212,0.0
10926,70.0037,0.0
10927,68.1491,0.0
10928,70.1213,0.0
10929,67.6755,0.0
10930,72.2736,0.0
10931,74.1159,0.0
10932,69.4774,0.0
10933,68.7332,0.0
10934,69.1162,0.0
10935,69.1755,0.0
10936,63.7217,0.0
10937,65.4641,0.0
10938,65.5375,0.0
10939,66.0075,0.0
10940,81.8761,0.0
10941,78.4809,0.0
10942,77.2018,0.0
10943,73.0302,0.0
10944,69.3959,0.0
10945,74.886,0.0
10946,74.3998,0.0
10947,72.7529,0.0
10948,73.5667,0.0
10949,70.9133,0.0
10950,76.9457,0.0
10951,75.0162,0.0
10952,71.5626,0.0
10953,76.5361,0.0
10954,70.8287,0.0
10955,76.0161,0.0
10956,75.301,0.0
10957,76.1202,0.0
10958,72.9341,0.0
10959,70.7485,0.0
10960,75.9851,0.0
10961,73.5229,0.0
10962,80.1692,0.0
10963,77.6415,0.0
10964,72.9036,0.0
10965,75.0126,0.0
10966,73.6865,0.0
10967,71.1168,0.0
10968,67.7613,0.0
10969,66.5063,0.0
10970,84.9788,0.0
10971,75.9708,0.0
10972,73.8401,0.0
10973,71.0639,0.0
10974,72.4401,0.0
10975,76.051,0.0
10976,72.7728,0.0
10977,71.8118,0.0
10978,69.7059,0.0
10979,69.5948,0.0
10980,81.6698,0.0
10981,74.3649,0.0
10982,78.5402,0.0
10983,72.9644,0.0
10984,72.6424,0.0
10985,77.9134,0.0
10986,75.1716,0.0
10987,71.2376,0.0
10988,71.7593,0.0
10989,72.5835,0.0
10990,79.6969,0.0
10991,79.2168,0.0
10992,76.8298,0.0
10993,72.0825,0.0
10994,71.1616,0.0
10995,73.4773,0.0
10996,72.3655,0.0
10997,70.0953,0.0
10998,69.9405,0.0
10999,72.9505,0.0
11000,91.9203,0.0
11001,84.9807,0.0
11002,80.8405,0.0
11003,81.8933,0.0
11004,75.3757,0.0
11005,77.2229,0.0
11006,82.4033,0.0
11007,79.353,0.0
11008,76.1747,0.0
11009,74.1154,0.0
11010,82.7733,0.0
11011,83.8809,0.0
11012,82.1977,0.0
11013,79.4146,0.0
11014,74.9427,0.0
11015,89.5833,0.0
11016,87.7892,0.0
11017,83.7792,0.0
11018,76.6659,0.0
11019,77.9313,0.0
11020,84.373,0.0
11021,78.9808,0.0
11022,80.131,0.0
11023,81.5781,0.0
11024,74.873,0.0
11025,81.3726,0.0
11026,79.8034,0.0
11027,80.9003,0.0
11028,74.4396,0.0
11029,76.6585,0.0
11030,97.4071,0.0
11031,86.2007,0.0
11032,78.1014,0.0
11033,75.242,0.0
11034,76.3498,0.0
11035,80.9932,0.0
11036,77.1561,0.0
11037,77.3443,0.0
11038,79.7858,0.0
11039,77.3606,0.0
11040,83.3499,0.0
11041,83.2054,0.0
11042,80.2163,0.0
11043,80.3318,0.0
11044,80.9874,0.0
11045,87.3146,0.0
11046,79.5659,0.0
11047,80.8294,0.0
11048,80.3736,0.0
11049,76.5829,0.0
11050,85.1107,0.0
11051,82.2553,0.0
11052,84.2255,0.0
11053,77.6363,0.0
11054,78.0966,0.0
11055,82.1044,0.0
11056,75.5373,0.0
11057,76.7562,0.0
11058,85.7723,0.0
11059,79.223,0.0
11060,94.4557,0.0
11061,85.3324,0.0
11062,86.3041,0.0
11063,87.2074,0.0
11064,84.4368,0.0
11065,87.1044,0.0
11066,87.4311,0.0
11067,82.0508,0.0
11068,81.9149,0.0
11069,79.0718,0.0
11070,87.7771,0.0
11071,89.8863,0.0
11072,86.4688,0.0
11073,79.5582,0.0
11074,82.859,0.0
11075,93.302,0.0
11076,87.5651,0.0
11077,85.4864,0.0
11078,85.6037,0.0
11079,81.0451,0.0
11080,87.138,0.0
11081,86.9141,0.0
11082,83.6604,0.0
11083,81.8243,0.0
11084,81.2322,0.0
11085,82.8007,0.0
11086,86.9433,0.0
11087,79.707,0.0
11088,77.0475,0.0
11089,77.265,0.0
11090,96.2859,0.0
11091,85.3893,0.0
11092,87.2216,0.0
11093,82.1271,0.0
11094,79.1001,0.0
11095,80.0412,0.0
11096,78.9245,0.0
11097,77.3633,0.0
11098,77.7678,0.0
11099,75.362,0.0
11100,82.3772,0.0
11101,78.498,0.0
11102,82.3024,0.0
11103,74.8301,0.0
11104,72.9914,0.0
11105,80.49,0.0
11106,78.9538,0.0
11107,76.8453,0.0
11108,77.6775,0.0
11109,74.411,0.0
11110,86.4602,0.0
11111,86.8824,0.0
11112,91.4839,0.0
11113,83.5278,0.0
11114,86.978,0.0
11115,79.7453,0.0
11116,75.1391,0.0
11117,77.2006,0.0
11118,73.2133,0.0
11119,73.6789,0.0
11120,92.1934,0.0
11121,84.5755,0.0
11122,71.5448,0.0
11123,80.1797,0.0
11124,89.6499,0.0
11125,82.2797,0.0
11126,82.2589,0.0
11127,79.3011,0.0
11128,81.2563,0.0
11129,79.9874,0.0
11130,88.4571,0.0
11131,85.2464,0.0
11132,84.5658,0.0
11133,80.8703,0.0
11134,80.5333,0.0
11135,91.4345,0.0
11136,90.3992,0.0
11137,85.1168,0.0
11138,79.501,0.0
11139,79.2577,0.0
11140,85.5991,0.0
11141,82.6845,0.0
11142,86.2553,0.0
11143,80.4,0.0
11144,78.1125,0.0
11145,79.7974,0.0
11146,78.9203,0.0
11147,80.6126,0.0
11148,75.3125,0.0
11149,77.3125,0.0
11150,92.2119,0.0
11151,87.5797,0.0
11152,85.8978,0.0
11153,78.5323,0.0
11154,77.3032,0.0
11155,83.0859,0.0
11156,78.8854,0.0
11157,82.6031,0.0
11158,83.2143,0.0
11159,82.5702,0.0
11160,86.2175,0.0
11161,82.4427,0.0
11162,85.2391,0.0
11163,81.0889,0.0
11164,79.7915,0.0
11165,88.5828,0.0
11166,82.8179,0.0
11167,83.3681,0.0
11168,83.5754,0.0
11169,80.816,0.0
11170,91.6009,0.0
11171,90.2314,0.0
11172,83.4564,0.0
11173,80.92,0.0
11174,82.5662,0.0
11175,84.5173,0.0
11176,84.4044,0.0
11177,84.8929,0.0
11178,83.4169,0.0
11179,82.9196,0.0
11180,98.9039,0.0
11181,94.684,0.0
11182,88.0485,0.0
11183,91.8212,0.0
11184,88.3016,0.0
11185,87.9491,0.0
11186,91.2137,0.0
11187,86.3133,0.0
11188,88.3473,0.0
11189,86.978,0.0
11190,91.8923,0.0
11191,94.0887,0.0
11192,93.4748,0.0
11193,83.252,0.0
11194,86.2124,0.0
11195,96.3814,0.0
11196,93.6623,0.0
11197,92.5101,0.0
11198,92.6866,0.0
11199,86.7635,0.0
11200,91.9815,0.0
11201,87.8637,0.0
11202,86.0137,0.0
11203,87.4748,0.0
11204,86.6956,0.0
11205,86.6889,0.0
11206,88.9001,0.0
11207,83.5389,0.0
11208,81.8056,0.0
11209,83.5414,0.0
11210,98.3116,0.0
11211,96.4875,0.0
11212,88.5952,0.0
11213,83.8323,0.0
11214,85.7885,0.0
11215,89.7439,0.0
11216,90.103,0.0
11217,90.7357,0.0
11218,88.9736,0.0
11219,87.5969,0.0
11220,94.9156,0.0
11221,89.4785,0.0
11222,93.5956,0.0
11223,87.7548,0.0
11224,89.3805,0.0
11225,95.0354,0.0
11226,92.0447,0.0
11227,89.4397,0.0
11228,93.5223,0.0
11229,89.6886,0.0
11230,97.4055,0.0
11231,96.2487,0.0
11232,93.9536,0.0
11233,90.4592,0.0
11234,88.4186,0.0
11235,90.9947,0.0
11236,88.0046,0.0
11237,85.8422,0.0
11238,85.1009,0.0
11239,83.7012,0.0
11240,102.663,0.0
11241,92.0262,0.0
11242,93.2367,0.0
11243,94.777,0.0
11244,91.5198,0.0
11245,96.5294,0.0
11246,92.3769,0.0
11247,92.1714,0.0
11248,91.3147,0.0
11249,91.9143,0.0
11250,104.833,0.0
11251,99.5109,0.0
11252,97.7308,0.0
11253,97.5237,0.0
11254,95.2338,0.0
11255,110.006,0.0
11256,105.005,0.0
11257,99.5481,0.0
11258,98.0478,0.0
11259,96.8976,0.0
11260,105.258,0.0
11261,106.612,0.0
11262,98.9183,0.0
11263,96.4365,0.0
11264,97.4145,0.0
11265,104.657,0.0
11266,99.8788,0.0
11267,101.324,0.0
11268,96.5069,0.0
11269,96.0088,0.0
11270,114.417,0.0
11271,105.371,0.0
11272,102.264,0.0
11273,102.619,0.0
11274,98.9577,0.0
11275,104.767,0.0
11276,105.068,0.0
11277,105.231,0.0
11278,104.189,0.0
11279,104.276,0.0
11280,107.556,0.0
11281,107.394,0.0
11282,105.262,0.0
11283,99.7507,0.0
11284,95.8553,0.0
11285,93.8851,0.0
11286,92.4578,0.0
11287,91.6363,0.0
11288,92.2665,0.0
11289,90.7367,0.0
11290,91.9333,0.0
11291,90.6958,0.0
11292,89.4963,0.0
11293,89.3211,0.0
11294,89.8189,0.0
11295,90.9726,0.0
11296,89.8244,0.0
11297,89.7138,0.0
11298,90.207,0.0
11299,87.6817,0.0
11300,91.6549,0.0
11301,89.9376,0.0
11302,85.513,0.0
11303,84.3322,0.0
11304,84.8169,0.0
11305,84.8113,0.0
11306,84.2172,0.0
11307,84.3022,0.0
11308,82.3311,0.0
11309,82.4032,0.0
11310,83.1129,0.0
11311,84.0865,0.0
11312,83.6779,0.0
11313,82.7624,0.0
11314,84.0687,0.0
11315,88.1762,0.0
11316,90.2948,0.0
11317,94.4023,0.0
11318,97.6294,0.0
11319,96.1127,0.0
11320,99.7581,0.0
11321,96.9456,0.0
11322,99.5001,0.0
11323,100.597,0.0
11324,112.731,0.0
11325,120.43,0.0
11326,129.359,0.0
11327,132.495,0.0
11328,133.709,0.0
11329,132.19,0.0
11330,133.99,0.0
11331,136.519,0.0
11332,134.781,0.0
11333,133.472,0.0
11334,136.039,0.0
11335,129.129,0.0
11336,106.199,0.0
11337,97.7476,0.0
11338,98.1117,0.0
11339,99.2988,0.0
11340,105.724,0.0
11341,100.592,0.0
11342,103.727,0.0
11343,95.667,0.0
11344,99.504,0.0
11345,101.12,0.0
11346,101.194,0.0
11347,101.679,0.0
11348,101.215,0.0
11349,98.195,0.0
11350,111.325,0.0
11351,111.395,0.0
11352,109.827,0.0
11353,103.958,0.0
11354,106.082,0.0
11355,106.161,0.0
11356,103.624,0.0
11357,104.046,0.0
11358,101.661,0.0
11359,100.907,0.0
11360,120.357,0.0
11361,116.517,0.0
11362,113.729,0.0
11363,112.725,0.0
11364,110.64,0.0
11365,113.096,0.0
11366,109.733,0.0
11367,108.417,0.0
11368,106.934,0.0
11369,103.7,0.0
11370,113.546,0.0
11371,114.044,0.0
11372,108.09,0.0
11373,106.046,0.0
11374,105.075,0.0
11375,116.461,0.0
11376,113.52,0.0
11377,110.343,0.0
11378,107.335,0.0
11379,106.157,0.0
11380,113.054,0.0
11381,117.656,0.0
11382,103.931,0.0
11383,101.219,0.0
11384,100.986,0.0
11385,104.247,0.0
11386,97.9873,0.0
11387,104.063,0.0
11388,99.5164,0.0
11389,100.198,0.0
11390,110.929,0.0
11391,107.416,0.0
11392,103.913,0.0
11393,103.554,0.0
11394,101.74,0.0
11395,105.251,0.0
11396,101.884,0.0
11397,102.423,0.0
11398,98.9294,0.0
11399,98.557,0.0
11400,103.774,0.0
11401,108.777,0.0
11402,108.586,0.0
11403,106.629,0.0
11404,103.309,0.0
11405,105.383,0.0
11406,104.382,0.0
11407,102.001,0.0
11408,109.503,0.0
11409,106.344,0.0
11410,109.9,0.0
11411,106.692,0.0
11412,103.414,0.0
11413,103.297,0.0
11414,104.75,0.0
11415,101.189,0.0
11416,96.6118,0.0
11417,102.548,0.0
11418,98.8497,0.0
11419,97.5464,0.0
11420,108.915,0.0
11421,102.136,0.0
11422,99.2566,0.0
11423,95.9536,0.0
11424,95.0385,0.0
11425,97.4207,0.0
11426,96.203,0.0
11427,99.7612,0.0
11428,100.351,0.0
11429,100.563,0.0
11430,106.903,0.0
11431,105.645,0.0
11432,109.179,0.0
11433,108.096,0.0
11434,108.248,0.0
11435,110.971,0.0
11436,106.835,0.0
11437,108.303,0.0
11438,105.686,0.0
11439,103.4,0.0
11440,105.98,0.0
11441,109.881,0.0
11442,109.663,0.0
11443,110.181,0.0
11444,110.342,0.0
11445,112.209,0.0
11446,109.726,0.0
11447,105.428,0.0
11448,106.355,0.0
11449,105.427,0.0
11450,114.544,0.0
11451,108.361,0.0
11452,103.526,0.0
11453,99.649,0.0
11454,99.8434,0.0
11455,97.4192,0.0
11456,95.9078,0.0
11457,96.3298,0.0
11458,96.2208,0.0
11459,92.6509,0.0
11460,96.2997,0.0
11461,92.3818,0.0
11462,92.6233,0.0
11463,93.1937,0.0
11464,90.7892,0.0
11465,94.8821,0.0
11466,90.8756,0.0
11467,91.8663,0.0
11468,92.4563,0.0
11469,90.937,0.0
11470,94.2616,0.0
11471,90.7106,0.0
11472,90.4255,0.0
11473,89.9936,0.0
11474,90.603,0.0
11475,92.1822,0.0
11476,89.9283,0.0
11477,89.4794,0.0
11478,89.4443,0.0
11479,89.6253,0.0
11480,100.108,0.0
11481,92.9754,0.0
11482,92.8262,0.0
11483,90.9076,0.0
11484,90.8919,0.0
11485,92.7002,0.0
11486,91.378,0.0
11487,90.2402,0.0
11488,91.7916,0.0
11489,87.1733,0.0
11490,91.8855,0.0
11491,88.0919,0.0
11492,89.86,0.0
11493,87.5213,0.0
11494,87.7696,0.0
11495,94.88,0.0
11496,89.487,0.0
11497,90.1412,0.0
11498,91.3773,0.0
11499,86.8302,0.0
11500,96.663,0.0
11501,89.8258,0.0
11502,90.2529,0.0
11503,88.2283,0.0
11504,90.2058,0.0
11505,90.7504,0.0
11506,86.0753,0.0
11507,85.5611,0.0
11508,85.7841,0.0
11509,85.2129,0.0
11510,95.6178,0.0
11511,87.7181,0.0
11512,93.8376,0.0
11513,88.45,0.0
11514,87.8478,0.0
11515,86.9792,0.0
11516,86.3367,0.0
11517,86.0941,0.0
11518,86.0021,0.0
11519,88.2797,0.0
11520,89.706,0.0
11521,86.9204,0.0
11522,86.5294,0.0
11523,85.2504,0.0
11524,84.4278,0.0
11525,89.4037,0.0
11526,86.1225,0.0
11527,85.8763,0.0
11528,86.5087,0.0
11529,84.1509,0.0
11530,88.8825,0.0
11531,87.9531,0.0
11532,87.0777,0.0
11533,87.305,0.0
11534,87.3251,0.0
11535,90.1179,0.0
11536,85.5086,0.0
11537,88.1638,0.0
11538,86.6635,0.0
11539,83.3591,0.0
11540,98.342,0.0
11541,88.9748,0.0
11542,88.157,0.0
11543,88.5152,0.0
11544,87.2976,0.0
11545,90.5008,0.0
11546,86.3051,0.0
11547,85.3688,0.0
11548,87.3824,0.0
11549,86.5207,0.0
11550,89.6891,0.0
11551,87.642,0.0
11552,90.3813,0.0
11553,85.6033,0.0
11554,88.4712,0.0
11555,93.0459,0.0
11556,87.8034,0.0
11557,87.5011,0.0
11558,89.9734,0.0
11559,89.1062,0.0
11560,92.3303,0.0
11561,91.6603,0.0
11562,91.3859,0.0
11563,94.6584,0.0
11564,93.1568,0.0
11565,92.5754,0.0
11566,88.55,0.0
11567,86.4605,0.0
11568,87.7187,0.0
11569,85.1108,0.0
11570,93.9316,0.0
11571,90.3125,0.0
11572,87.1108,0.0
11573,85.5234,0.0
11574,85.7468,0.0
11575,89.8614,0.0
11576,89.112,0.0
11577,87.8566,0.0
11578,85.3871,0.0
11579,86.5957,0.0
11580,89.6791,0.0
11581,86.2266,0.0
11582,89.961,0.0
11583,87.1756,0.0
11584,87.4597,0.0
11585,91.5809,0.0
11586,86.924,0.0
11587,87.9765,0.0
11588,86.1774,0.0
11589,88.2597,0.0
11590,92.4446,0.0
11591,88.626,0.0
11592,89.7383,0.0
11593,87.2126,0.0
11594,87.7126,0.0
11595,91.5697,0.0
11596,87.7925,0.0
11597,88.4296,0.0
11598,86.0105,0.0
11599,84.5941,0.0
11600,99.6849,0.0
11601,89.9394,0.0
11602,89.278,0.0
11603,88.3114,0.0
11604,90.1395,0.0
11605,90.6756,0.0
11606,88.4933,0.0
11607,88.4997,0.0
11608,88.3172,0.0
11609,87.0549,0.0
11610,89.6135,0.0
11611,86.5883,0.0
11612,90.2013,0.0
11613,88.4429,0.0
11614,88.7837,0.0
11615,94.8427,0.0
11616,93.74,0.0
11617,90.8212,0.0
11618,92.0756,0.0
11619,90.931,0.0
11620,96.0309,0.0
11621,90.1575,0.0
11622,91.1226,0.0
11623,90.1404,0.0
11624,89.9625,0.0
11625,91.7557,0.0
11626,89.6764,0.0
11627,88.1556,0.0
11628,87.6382,0.0
11629,88.2131,0.0
11630,99.1824,0.0
11631,91.7394,0.0
11632,88.1956,0.0
11633,89.0901,0.0
11634,89.5455,0.0
11635,87.9475,0.0
11636,89.4972,0.0
11637,88.8459,0.0
11638,87.7471,0.0
11639,88.9641,0.0
11640,90.7919,0.0
11641,87.921,0.0
11642,87.8119,0.0
11643,87.2277,0.0
11644,87.7486,0.0
11645,92.8759,0.0
11646,89.2774,0.0
11647,88.3615,0.0
11648,86.9144,0.0
11649,88.2492,0.0
11650,91.9844,0.0
11651,89.8314,0.0
11652,89.9389,0.0
11653,89.0416,0.0
11654,91.3672,0.0
11655,95.5196,0.0
11656,89.8331,0.0
11657,91.5018,0.0
11658,90.8079,0.0
11659,89.7647,0.0
11660,103.263,0.0
11661,92.9154,0.0
11662,91.713,0.0
11663,92.5215,0.0
11664,91.3576,0.0
11665,94.1074,0.0
11666,90.5239,0.0
11667,92.7714,0.0
11668,90.5369,0.0
11669,89.1048,0.0
11670,92.4174,0.0
11671,91.0861,0.0
11672,96.0525,0.0
11673,91.7073,0.0
11674,91.8926,0.0
11675,98.6778,0.0
11676,96.7395,0.0
11677,93.8475,0.0
11678,93.8571,0.0
11679,92.0359,0.0
11680,98.1682,0.0
11681,91.1526,0.0
11682,92.7713,0.0
11683,93.3243,0.0
11684,94.8665,0.0
11685,97.811,0.0
11686,95.0375,0.0
11687,93.1058,0.0
11688,93.0856,0.0
11689,92.9696,0.0
11690,101.123,0.0
11691,94.288,0.0
11692,91.3926,0.0
11693,90.7258,0.0
11694,91.1191,0.0
11695,90.5663,0.0
11696,89.9108,0.0
11697,90.9022,0.0
11698,90.1688,0.0
11699,92.4813,0.0
11700,97.3972,0.0
11701,91.4305,0.0
11702,93.8459,0.0
11703,90.1783,0.0
11704,90.5757,0.0
11705,100.183,0.0
11706,95.9339,0.0
11707,94.8701,0.0
11708,94.1244,0.0
11709,94.0493,0.0
11710,96.3,0.0
11711,94.7725,0.0
11712,94.8737,0.0
11713,98.2452,0.0
11714,97.5801,0.0
11715,96.0975,0.0
11716,92.5753,0.0
11717,92.4449,0.0
11718,89.441,0.0
11719,90.4256,0.0
11720,108.178,0.0
11721,94.3853,0.0
11722,92.5133,0.0
11723,94.3894,0.0
11724,93.88,0.0
11725,95.4889,0.0
11726,90.9824,0.0
11727,90.2082,0.0
11728,93.738,0.0
11729,93.2745,0.0
11730,96.0175,0.0
11731,92.2735,0.0
11732,94.9087,0.0
11733,92.9429,0.0
11734,97.9994,0.0
11735,105.544,0.0
11736,98.3603,0.0
11737,96.2353,0.0
11738,94.7866,0.0
11739,94.7358,0.0
11740,98.6628,0.0
11741,95.929,0.0
11742,96.6371,0.0
11743,96.1339,0.0
11744,95.9573,0.0
11745,95.9178,0.0
11746,97.1724,0.0
11747,100.349,0.0
11748,95.4662,0.0
11749,94.475,0.0
11750,105.603,0.0
11751,97.8905,0.0
11752,97.4903,0.0
11753,100.306,0.0
11754,100.819,0.0
11755,100.739,0.0
11756,96.9962,0.0
11757,95.5561,0.0
11758,95.657,0.0
11759,96.258,0.0
11760,97.6775,0.0
11761,94.7929,0.0
11762,94.8467,0.0
11763,95.3291,0.0
11764,94.242,0.0
11765,103.659,0.0
11766,96.9908,0.0
11767,95.0604,0.0
11768,98.6351,0.0
11769,96.6991,0.0
11770,101.633,0.0
11771,102.651,0.0
11772,102.47,0.0
11773,98.3698,0.0
11774,99.7993,0.0
11775,98.8699,0.0
11776,97.0874,0.0
11777,96.787,0.0
11778,96.2917,0.0
11779,95.6968,0.0
11780,118.698,0.0
11781,100.773,0.0
11782,100.844,0.0
11783,105.636,0.0
11784,103.364,0.0
11785,101.225,0.0
11786,99.2625,0.0
11787,101.148,0.0
11788,96.535,0.0
11789,101.268,0.0
11790,105.233,0.0
11791,105.867,0.0
11792,105.234,0.0
11793,106.072,0.0
11794,102.928,0.0
11795,109.13,0.0
11796,102.717,0.0
11797,104.288,0.0
11798,103.584,0.0
11799,103.138,0.0
11800,115.809,0.0
11801,111.624,0.0
11802,109.202,0.0
11803,104.461,0.0
11804,105.465,0.0
11805,110.55,0.0
11806,103.499,0.0
11807,102.517,0.0
11808,103.751,0.0
11809,103.881,0.0
11810,117.772,0.0
11811,107.108,0.0
11812,107.067,0.0
11813,107.294,0.0
11814,113.189,0.0
11815,106.991,0.0
11816,105.818,0.0
11817,105.782,0.0
11818,105.708,0.0
11819,105.82,0.0
11820,110.163,0.0
11821,114.07,0.0
11822,107.543,0.0
11823,100.354,0.0
11824,101.86,0.0
11825,111.106,0.0
11826,105.837,0.0
11827,110.887,0.0
11828,113.223,0.0
11829,107.668,0.0
11830,112.062,0.0
11831,108.509,0.0
11832,111.574,0.0
11833,116.829,0.0
11834,116.44,0.0
11835,113.641,0.0
11836,113.189,0.0
11837,114.667,0.0
11838,112.642,0.0
11839,111.63,0.0
11840,129.012,0.0
11841,115.251,0.0
11842,112.983,0.0
11843,112.415,0.0
11844,113.37,0.0
11845,112.257,0.0
11846,112.218,0.0
11847,114.903,0.0
11848,113.485,0.0
11849,114.878,0.0
11850,115.793,0.0
11851,112.638,0.0
11852,115.669,0.0
11853,112.544,0.0
11854,112.055,0.0
11855,120.334,0.0
11856,112.601,0.0
11857,113.505,0.0
11858,113.924,0.0
11859,116.397,0.0
11860,121.96,0.0
11861,114.771,0.0
11862,118.202,0.0
11863,117.312,0.0
11864,119.023,0.0
11865,119.946,0.0
11866,115.813,0.0
11867,117.799,0.0
11868,118.778,0.0
11869,113.443,0.0
11870,125.633,0.0
11871,119.917,0.0
11872,114.162,0.0
11873,115.926,0.0
11874,116.8,0.0
11875,119.499,0.0
11876,119.989,0.0
11877,119.046,0.0
11878,114.853,0.0
11879,115.975,0.0
11880,119.405,0.0
11881,120.082,0.0
11882,117.355,0.0
11883,117.327,0.0
11884,116.452,0.0
11885,122.062,0.0
11886,119.218,0.0
11887,123.307,0.0
11888,121.774,0.0
11889,122.665,0.0
11890,122.973,0.0
11891,123.605,0.0
11892,123.534,0.0
11893,122.278,0.0
11894,124.063,0.0
11895,121.663,0.0
11896,122.081,0.0
11897,121.782,0.0
11898,122.861,0.0
11899,119.102,0.0
11900,139.281,0.0
11901,126.544,0.0
11902,127.002,0.0
11903,122.325,0.0
11904,123.431,0.0
11905,127.476,0.0
11906,124.654,0.0
11907,122.271,0.0
11908,121.918,0.0
11909,122.3,0.0
11910,131.363,0.0
11911,127.242,0.0
11912,129.493,0.0
11913,125.055,0.0
11914,124.426,0.0
11915,130.952,0.0
11916,128.04,0.0
11917,125.696,0.0
11918,123.752,0.0
11919,126.57,0.0
11920,129.899,0.0
11921,128.318,0.0
11922,126.599,0.0
11923,131.23,0.0
11924,132.057,0.0
11925,131.946,0.0
11926,128.207,0.0
11927,125.194,0.0
11928,126.148,0.0
11929,125.615,0.0
11930,137.106,0.0
11931,133.592,0.0
11932,131.085,0.0
11933,129.24,0.0
11934,126.719,0.0
11935,127.026,0.0
11936,128.968,0.0
11937,130.472,0.0
11938,131.074,0.0
11939,129.177,0.0
11940,134.012,0.0
11941,133.529,0.0
11942,134.177,0.0
11943,130.072,0.0
11944,130.253,0.0
11945,136.324,0.0
11946,130.808,0.0
11947,129.299,0.0
11948,127.313,0.0
11949,128.967,0.0
11950,135.295,0.0
11951,134.722,0.0
11952,138.949,0.0
11953,131.999,0.0
11954,134.325,0.0
11955,133.059,0.0
11956,135.634,0.0
11957,132.067,0.0
11958,131.323,0.0
11959,127.94,0.0
11960,149.617,0.0
11961,139.326,0.0
11962,140.016,0.0
11963,140.577,0.0
11964,140.189,0.0
11965,153.413,0.0
11966,145.645,0.0
11967,141.435,0.0
11968,138.025,0.0
11969,139.635,0.0
11970,147.227,0.0
11971,148.807,0.0
11972,143.756,0.0
11973,141.34,0.0
11974,139.149,0.0
11975,154.669,0.0
11976,151.182,0.0
11977,145.442,0.0
11978,139.821,0.0
11979,140.761,0.0
11980,155.964,0.0
11981,146.53,0.0
11982,141.101,0.0
11983,142.937,0.0
11984,144.467,0.0
11985,140.132,0.0
11986,140.193,0.0
11987,139.208,0.0
11988,136.543,0.0
11989,136.919,0.0
11990,149.768,0.0
11991,146.118,0.0
11992,147.014,0.0
11993,138.89,0.0
11994,133.665,0.0
11995,138.085,0.0
11996,132.965,0.0
11997,136.073,0.0
11998,131.969,0.0
11999,136.549,0.0
12000,141.403,0.0
12001,135.278,0.0
12002,138.709,0.0
12003,135.014,0.0
12004,128.838,0.0
12005,138.666,0.0
12006,134.797,0.0
12007,136.222,0.0
12008,141.929,0.0
12009,140.607,0.0
12010,142.122,0.0
12011,143.175,0.0
12012,137.62,0.0
12013,132.314,0.0
12014,132.374,0.0
12015,135.038,0.0
12016,132.39,0.0
12017,133.047,0.0
12018,133.921,0.0
12019,130.456,0.0
12020,150.449,0.0
12021,147.396,0.0
12022,144.979,0.0
12023,139.272,0.0
12024,131.71,0.0
12025,137.157,0.0
12026,140.312,0.0
12027,133.132,0.0
12028,131.828,0.0
12029,129.664,0.0
12030,142.409,0.0
12031,139.281,0.0
12032,139.364,0.0
12033,132.859,0.0
12034,133.262,0.0
12035,138.427,0.0
12036,140.362,0.0
12037,133.29,0.0
12038,132.954,0.0
12039,131.809,0.0
12040,135.166,0.0
12041,134.177,0.0
12042,129.548,0.0
12043,128.173,0.0
12044,132.738,0.0
12045,127.495,0.0
12046,126.455,0.0
12047,130.599,0.0
12048,126.821,0.0
12049,122.89,0.0
12050,141.116,0.0
12051,132.532,0.0
12052,130.672,0.0
12053,124.108,0.0
12054,125.778,0.0
12055,128.838,0.0
12056,123.544,0.0
12057,124.045,0.0
12058,122.85,0.0
12059,121.802,0.0
12060,129.72,0.0
12061,127.9,0.0
12062,128.147,0.0
12063,120.346,0.0
12064,123.246,0.0
12065,127.257,0.0
12066,121.536,0.0
12067,122.459,0.0
12068,121.717,0.0
12069,119.002,0.0
12070,129.424,0.0
12071,126.951,0.0
12072,124.23,0.0
12073,122.961,0.0
12074,120.91,0.0
12075,119.529,0.0
12076,115.407,0.0
12077,123.662,0.0
12078,115.571,0.0
12079,115.227,0.0
12080,135.396,0.0
12081,125.154,0.0
12082,122.261,0.0
12083,118.886,0.0
12084,116.301,0.0
12085,119.358,0.0
12086,117.197,0.0
12087,117.078,0.0
12088,117.72,0.0
12089,116.674,0.0
12090,123.337,0.0
12091,121.55,0.0
12092,130.436,0.0
12093,120.171,0.0
12094,120.946,0.0
12095,120.726,0.0
12096,122.28,0.0
12097,118.527,0.0
12098,116.725,0.0
12099,115.602,0.0
12100,121.898,0.0
12101,115.2,0.0
12102,117.272,0.0
12103,112.384,0.0
12104,114.36,0.0
12105,113.923,0.0
12106,111.473,0.0
12107,109.323,0.0
12108,106.783,0.0
12109,110.801,0.0
12110,119.858,0.0
12111,113.351,0.0
12112,113.738,0.0
12113,109.698,0.0
12114,109.73,0.0
12115,116.426,0.0
12116,107.356,0.0
12117,110.315,0.0
12118,105.692,0.0
12119,112.117,0.0
12120,110.288,0.0
12121,106.596,0.0
12122,103.445,0.0
12123,102.973,0.0
12124,102.12,0.0
12125,109.52,0.0
12126,109.053,0.0
12127,106.612,0.0
12128,104.037,0.0
12129,98.3251,0.0
12130,105.244,0.0
12131,105.167,0.0
12132,100.544,0.0
12133,104.678,0.0
12134,99.1368,0.0
12135,103.326,0.0
12136,97.5293,0.0
12137,96.2871,0.0
12138,102.447,0.0
12139,100.15,0.0
12140,113.518,0.0
12141,107.224,0.0
12142,104.295,0.0
12143,98.5181,0.0
12144,97.4784,0.0
12145,101.84,0.0
12146,96.1306,0.0
12147,98.5043,0.0
12148,96.1429,0.0
12149,92.7169,0.0
12150,104.885,0.0
12151,104.77,0.0
12152,103.22,0.0
12153,98.1963,0.0
12154,94.1459,0.0
12155,103.009,0.0
12156,99.1041,0.0
12157,98.361,0.0
12158,94.0784,0.0
12159,93.9662,0.0
12160,100.22,0.0
12161,97.0873,0.0
12162,94.2617,0.0
12163,95.5543,0.0
12164,98.3567,0.0
12165,93.1103,0.0
12166,91.1724,0.0
12167,89.5772,0.0
12168,88.6476,0.0
12169,89.0598,0.0
12170,104.67,0.0
12171,93.2223,0.0
12172,91.9511,0.0
12173,91.9068,0.0
12174,92.0634,0.0
12175,101.727,0.0
12176,92.2139,0.0
12177,92.2242,0.0
12178,90.1202,0.0
12179,92.9292,0.0
12180,96.4497,0.0
12181,87.2617,0.0
12182,93.0723,0.0
12183,83.592,0.0
12184,83.8072,0.0
12185,91.1243,0.0
12186,86.0088,0.0
12187,84.0804,0.0
12188,85.4629,0.0
12189,82.3487,0.0
12190,89.1072,0.0
12191,89.3877,0.0
12192,87.5097,0.0
12193,86.5165,0.0
12194,84.18,0.0
12195,86.1432,0.0
12196,81.9052,0.0
12197,81.4327,0.0
12198,79.0778,0.0
12199,80.8449,0.0
12200,99.9477,0.0
12201,93.2659,0.0
12202,96.0248,0.0
12203,93.3512,0.0
12204,85.4096,0.0
12205,91.0913,0.0
12206,85.2335,0.0
12207,86.8835,0.0
12208,86.6116,0.0
12209,84.394,0.0
12210,93.322,0.0
12211,92.1503,0.0
12212,92.0652,0.0
12213,84.7319,0.0
12214,84.8821,0.0
12215,92.0037,0.0
12216,91.3775,0.0
12217,86.843,0.0
12218,82.9837,0.0
12219,80.3444,0.0
12220,84.3509,0.0
12221,81.7422,0.0
12222,83.921,0.0
12223,83.7899,0.0
12224,85.3443,0.0
12225,89.3019,0.0
12226,81.948,0.0
12227,82.7229,0.0
12228,75.4233,0.0
12229,77.1006,0.0
12230,97.854,0.0
12231,83.1468,0.0
12232,78.768,0.0
12233,79.5791,0.0
12234,75.3446,0.0
12235,82.0113,0.0
12236,77.3175,0.0
12237,76.4134,0.0
12238,71.3512,0.0
12239,73.7124,0.0
12240,81.0807,0.0
12241,75.3988,0.0
12242,78.1971,0.0
12243,70.3357,0.0
12244,70.7042,0.0
12245,75.9431,0.0
12246,75.2626,0.0
12247,72.3687,0.0
12248,75.1615,0.0
12249,74.0151,0.0
12250,74.8011,0.0
12251,77.8922,0.0
12252,77.9241,0.0
12253,72.7769,0.0
12254,71.8172,0.0
12255,73.6234,0.0
12256,71.9866,0.0
12257,70.1492,0.0
12258,78.8312,0.0
12259,69.2999,0.0
12260,86.7441,0.0
12261,76.4403,0.0
12262,80.7024,0.0
12263,76.9648,0.0
12264,71.5153,0.0
12265,73.1625,0.0
12266,74.7139,0.0
12267,75.1249,0.0
12268,71.2439,0.0
12269,69.5601,0.0
12270,79.0173,0.0
12271,74.8953,0.0
12272,76.6225,0.0
12273,71.1986,0.0
12274,69.7955,0.0
12275,82.6631,0.0
12276,77.44,0.0
12277,71.56,0.0
12278,70.0376,0.0
12279,70.4896,0.0
12280,75.2522,0.0
12281,70.8296,0.0
12282,71.6954,0.0
12283,68.5717,0.0
12284,73.0753,0.0
12285,76.7294,0.0
12286,80.4606,0.0
12287,71.2117,0.0
12288,68.5063,0.0
12289,68.9782,0.0
12290,84.3865,0.0
12291,81.9507,0.0
12292,74.7994,0.0
12293,74.1175,0.0
12294,69.2787,0.0
12295,70.7355,0.0
12296,68.6408,0.0
12297,69.0014,0.0
12298,70.1002,0.0
12299,70.2762,0.0
12300,71.6813,0.0
12301,67.1749,0.0
12302,71.633,0.0
12303,65.5588,0.0
12304,67.4625,0.0
12305,72.3073,0.0
12306,66.6086,0.0
12307,69.5625,0.0
12308,69.8938,0.0
12309,70.1248,0.0
12310,74.4102,0.0
12311,71.8933,0.0
12312,69.7469,0.0
12313,69.8942,0.0
12314,69.7171,0.0
12315,68.8643,0.0
12316,63.1429,0.0
12317,65.0346,0.0
12318,64.7233,0.0
12319,66.4347,0.0
12320,84.0021,0.0
12321,73.8351,0.0
12322,74.7237,0.0
12323,74.3657,0.0
12324,69.5659,0.0
12325,76.8128,0.0
12326,71.0383,0.0
12327,70.2162,0.0
12328,69.759,0.0
12329,68.2167,0.0
12330,77.1574,0.0
12331,73.6246,0.0
12332,78.0094,0.0
12333,69.6647,0.0
12334,65.5805,0.0
12335,74.321,0.0
12336,74.4185,0.0
12337,71.0965,0.0
12338,66.0844,0.0
12339,65.9125,0.0
12340,72.9725,0.0
12341,76.2005,0.0
12342,68.0439,0.0
12343,72.6758,0.0
12344,69.7096,0.0
12345,69.4716,0.0
12346,70.9187,0.0
12347,66.7651,0.0
12348,65.8292,0.0
12349,63.3638,0.0
12350,81.8467,0.0
12351,73.8846,0.0
12352,68.1088,0.0
12353,66.4251,0.0
12354,66.9472,0.0
12355,68.4212,0.0
12356,70.0719,0.0
12357,67.1357,0.0
12358,67.1197,0.0
12359,67.0329,0.0
12360,72.2322,0.0
12361,65.5462,0.0
12362,70.0873,0.0
12363,64.1839,0.0
12364,63.3694,0.0
12365,70.3932,0.0
12366,69.2745,0.0
12367,69.0069,0.0
12368,64.1652,0.0
12369,66.0298,0.0
12370,71.6873,0.0
12371,67.7088,0.0
12372,64.3944,0.0
12373,64.6799,0.0
12374,65.3884,0.0
12375,65.9838,0.0
12376,64.2583,0.0
12377,65.0188,0.0
12378,64.7601,0.0
12379,61.6863,0.0
12380,77.6813,0.0
12381,73.7448,0.0
12382,74.0797,0.0
12383,74.9759,0.0
12384,66.6545,0.0
12385,72.2665,0.0
12386,68.5433,0.0
12387,66.1369,0.0
12388,69.3826,0.0
12389,68.6506,0.0
12390,73.8227,0.0
12391,75.2003,0.0
12392,75.1718,0.0
12393,71.2806,0.0
12394,67.6098,0.0
12395,78.2047,0.0
12396,77.092,0.0
12397,78.0234,0.0
12398,69.8167,0.0
12399,71.3029,0.0
